replica,eps_ate,pehe,co2_kg
0,0.007387,0.70073,
1,0.093542,0.89674,
2,0.229073,1.046754,
3,0.208624,1.083231,
4,0.135974,1.111219,
5,0.105337,0.768488,
