trial_id,replica,eps_ate,pehe
trial_0,1,2.401160,2.575106
trial_0,2,0.293440,1.152105
trial_0,3,0.097957,0.650522
trial_0,4,0.676481,1.947600
trial_0,5,0.368954,3.016834
trial_0,6,0.055830,0.455884
trial_0,7,0.116878,0.413881
trial_0,8,0.119438,0.813251
trial_0,9,6.972983,24.363510
trial_0,10,0.972126,6.447155
trial_0,11,0.149067,0.963479
trial_0,12,0.670901,1.282821
trial_0,13,8.203993,27.121261
trial_0,14,0.025369,0.327618
trial_0,15,0.125018,1.052566
trial_0,16,0.060812,1.260432
trial_0,17,0.265245,1.591384
trial_0,18,0.247727,1.126998
trial_0,19,0.037682,0.915795
trial_0,20,0.081587,0.622091
trial_0,21,0.229300,3.889247
trial_0,22,0.010267,0.558290
trial_0,23,0.170885,1.202088
trial_0,24,0.042802,2.473092
trial_0,25,0.000201,1.194646
trial_0,26,1.074172,3.083947
trial_0,27,0.030823,0.691772
trial_0,28,3.766034,16.547077
trial_0,29,0.105239,1.239535
trial_0,30,0.148161,1.075692
trial_0,31,0.034813,1.054358
trial_0,32,0.182184,0.668180
trial_0,33,0.081564,0.800495
trial_0,34,6.041121,30.821180
trial_0,35,0.467142,1.433802
trial_0,36,0.211773,5.185959
trial_0,37,0.520282,7.908185
trial_0,38,0.115084,0.666912
trial_0,39,0.340549,1.937568
trial_0,40,0.052317,0.910942
trial_0,41,0.021711,0.542041
trial_0,42,0.293099,0.520055
trial_0,43,0.035521,0.816851
trial_0,44,0.060806,1.313082
trial_0,45,0.263657,1.704629
trial_0,46,0.100567,0.810355
trial_0,47,0.163399,0.856207
trial_0,48,0.191287,1.153287
trial_0,49,0.269598,2.217758
trial_0,50,0.278599,0.817701
trial_0,51,0.014664,0.535474
trial_0,52,0.263347,0.821185
trial_0,53,0.046222,3.082419
trial_0,54,0.148976,1.467161
trial_0,55,0.130688,0.481634
trial_0,56,0.018028,0.280946
trial_0,57,0.139644,0.378499
trial_0,58,0.298083,1.378975
trial_0,59,0.073664,0.483852
trial_0,60,0.789716,5.619481
trial_0,61,0.026322,0.394708
trial_0,62,0.280578,0.567836
trial_0,63,0.034862,0.522240
trial_0,64,0.054075,0.994350
trial_0,65,0.307386,1.372979
trial_0,66,0.124597,0.531113
trial_0,67,0.156841,0.443911
trial_0,68,4.291474,8.621330
trial_0,69,0.005440,0.431503
trial_0,70,0.227245,0.416915
trial_0,71,0.309713,1.931299
trial_0,72,0.033633,0.277898
trial_0,73,0.092162,0.480947
trial_0,74,0.100492,0.472194
trial_0,75,0.042284,0.291492
trial_0,76,0.299593,1.609713
trial_0,77,0.025391,0.559956
trial_0,78,0.091344,0.440186
trial_0,79,0.132467,0.518272
trial_0,80,0.062215,0.350780
trial_0,81,2.035781,9.683643
trial_0,82,0.172631,5.537810
trial_0,83,0.371099,1.919302
trial_0,84,0.294449,8.392814
trial_0,85,0.058494,8.480327
trial_0,86,1.113107,4.654771
trial_0,87,0.048629,0.646476
trial_0,88,0.297015,0.560831
trial_0,89,0.157101,0.729606
trial_0,90,0.066146,1.254062
trial_0,91,0.071046,0.743623
trial_0,92,0.139285,1.062611
trial_0,93,0.143441,3.296860
trial_0,94,0.270928,0.927346
trial_0,95,0.002352,0.684145
trial_0,96,0.129503,0.739098
trial_0,97,0.303848,1.052829
trial_0,98,0.075878,4.395830
trial_0,99,0.089433,0.691404
trial_0,100,0.048554,1.375918
trial_0,101,0.048477,0.771189
trial_0,102,0.088376,0.872779
trial_0,103,0.007393,0.638488
trial_0,104,0.127212,1.464842
trial_0,105,0.038928,0.895812
trial_0,106,0.176278,0.724001
trial_0,107,0.091468,0.566705
trial_0,108,3.188835,15.092105
trial_0,109,0.082125,1.089871
trial_0,110,0.236819,2.884209
trial_0,111,0.830023,1.960301
trial_0,112,0.422879,2.075129
trial_0,113,0.129286,2.119731
trial_0,114,0.346357,0.854225
trial_0,115,0.185728,1.991571
trial_0,116,0.505790,0.663793
trial_0,117,0.024514,0.939878
trial_0,118,0.060936,1.036735
trial_0,119,0.169410,3.398986
trial_0,120,0.204292,2.375782
trial_0,121,0.474966,1.142256
trial_0,122,0.177126,0.671679
trial_0,123,0.063634,0.644642
trial_0,124,0.107956,1.653856
trial_0,125,0.252467,0.728805
trial_0,126,0.024494,6.241657
trial_0,127,0.203155,1.126416
trial_0,128,0.251750,0.601710
trial_0,129,0.425760,1.509063
trial_0,130,0.543818,8.599535
trial_0,131,0.262246,0.719513
trial_0,132,0.331460,2.014410
trial_0,133,0.232752,11.039837
trial_0,134,0.160363,1.898011
trial_0,135,0.037215,0.929196
trial_0,136,0.062591,0.935827
trial_0,137,0.125611,2.036042
trial_0,138,0.284219,0.804658
trial_0,139,0.073699,0.758895
trial_0,140,0.175700,0.622340
trial_0,141,0.181920,1.205847
trial_0,142,0.175605,1.060833
trial_0,143,0.027924,7.749129
trial_0,144,0.107183,0.774051
trial_0,145,0.127376,0.579709
trial_0,146,0.215678,1.324852
trial_0,147,1.356952,4.061916
trial_0,148,0.037740,1.026686
trial_0,149,0.366724,5.941673
trial_0,150,0.234884,0.815435
trial_0,151,0.034872,1.005419
trial_0,152,0.196354,1.306669
trial_0,153,0.184260,1.192480
trial_0,154,0.066535,0.824097
trial_0,155,0.284884,0.995083
trial_0,156,0.329948,0.738492
trial_0,157,0.416346,3.039253
trial_0,158,0.375339,4.455447
trial_0,159,0.061196,0.672936
trial_0,160,0.156442,1.529886
trial_0,161,0.095296,0.831216
trial_0,162,0.190602,0.671050
trial_0,163,0.049225,1.130132
trial_0,164,0.270822,0.657011
trial_0,165,0.074294,0.883573
trial_0,166,0.085641,1.427286
trial_0,167,0.043588,0.537973
trial_0,168,0.100623,0.733188
trial_0,169,0.026623,0.598187
trial_0,170,0.079759,1.080303
trial_0,171,0.050051,1.745833
trial_0,172,0.287524,0.709174
trial_0,173,0.047853,0.463151
trial_0,174,0.032662,0.719541
trial_0,175,0.094668,0.584129
trial_0,176,0.042110,0.610359
trial_0,177,0.233043,1.597997
trial_0,178,0.288183,0.671357
trial_0,179,0.121848,0.503539
trial_0,180,0.619743,4.642255
trial_0,181,0.597669,4.905886
trial_0,182,0.333239,0.620537
trial_0,183,0.150222,0.697936
trial_0,184,0.174357,2.407260
trial_0,185,0.343083,0.880124
trial_0,186,0.185090,0.688451
trial_0,187,0.203215,1.665987
trial_0,188,0.173280,0.747000
trial_0,189,0.245921,0.997722
trial_0,190,0.186819,0.697136
trial_0,191,0.039535,0.688388
trial_0,192,0.171472,0.704336
trial_0,193,0.162768,0.728172
trial_0,194,0.165669,0.616367
trial_0,195,0.117370,0.640472
trial_0,196,0.069724,0.819995
trial_0,197,0.001835,0.615762
trial_0,198,0.236107,0.750591
trial_0,199,0.786304,2.030561
trial_0,200,0.441673,0.868070
trial_0,201,0.140308,0.781514
trial_0,202,0.110560,0.431152
trial_0,203,0.025066,0.413118
trial_0,204,0.258426,1.003425
trial_0,205,0.126135,1.253693
trial_0,206,0.177640,0.498923
trial_0,207,0.049009,0.475679
trial_0,208,0.136883,0.543804
trial_0,209,0.149258,5.570805
trial_0,210,2.851420,6.623642
trial_0,211,0.037962,2.668413
trial_0,212,0.016348,0.454726
trial_0,213,0.219840,0.703435
trial_0,214,0.057180,0.588742
trial_0,215,0.070968,0.653460
trial_0,216,0.066642,0.620582
trial_0,217,0.114038,0.788151
trial_0,218,0.083343,3.455719
trial_0,219,3.911846,40.077546
trial_0,220,0.675900,4.032404
trial_0,221,0.307667,0.760328
trial_0,222,0.180829,0.539328
trial_0,223,0.089130,0.638056
trial_0,224,0.078197,0.518222
trial_0,225,0.320024,1.771921
trial_0,226,0.824691,1.973500
trial_0,227,0.055490,0.570163
trial_0,228,0.064060,0.777190
trial_0,229,0.249097,2.388284
trial_0,230,0.215375,1.216883
trial_0,231,0.431278,2.636666
trial_0,232,0.073018,1.050709
trial_0,233,0.185806,1.198697
trial_0,234,0.008135,0.581646
trial_0,235,0.404784,2.495773
trial_0,236,0.105260,0.601035
trial_0,237,0.202964,1.629174
trial_0,238,0.234866,0.895292
trial_0,239,0.032994,0.694730
trial_0,240,0.147231,1.486169
trial_0,241,0.305726,0.764868
trial_0,242,0.036546,0.608756
trial_0,243,0.094126,1.438469
trial_0,244,0.133524,2.285194
trial_0,245,0.081368,7.561674
trial_0,246,0.028945,1.459744
trial_0,247,0.061448,0.711074
trial_0,248,0.147095,0.770249
trial_0,249,0.279388,1.098000
trial_0,250,0.258668,1.137109
trial_0,251,0.169854,0.786634
trial_0,252,0.067537,0.717140
trial_0,253,0.102587,0.822200
trial_0,254,0.282362,7.206425
trial_0,255,3.022078,21.537470
trial_0,256,0.033007,0.924048
trial_0,257,0.444386,4.270217
trial_0,258,0.134761,0.910452
trial_0,259,0.171160,0.831732
trial_0,260,0.081934,0.666546
trial_0,261,0.274062,1.281512
trial_0,262,0.524796,1.772558
trial_0,263,0.122787,0.674292
trial_0,264,0.146233,1.139989
trial_0,265,0.153957,0.991080
trial_0,266,0.251707,0.802825
trial_0,267,0.073915,2.739024
trial_0,268,0.030499,0.800635
trial_0,269,0.000271,0.965803
trial_0,270,0.108705,0.663695
trial_0,271,0.053733,0.857965
trial_0,272,0.290273,0.605434
trial_0,273,0.083562,0.880907
trial_0,274,0.178144,0.621433
trial_0,275,0.150043,0.745720
trial_0,276,0.959440,6.082280
trial_0,277,0.057309,1.097176
trial_0,278,0.113953,0.828510
trial_0,279,0.256966,0.644710
trial_0,280,0.178217,1.746050
trial_0,281,0.322744,4.306806
trial_0,282,2.022797,6.822070
trial_0,283,0.251932,1.737489
trial_0,284,0.212585,0.973017
trial_0,285,0.142112,0.743761
trial_0,286,0.204367,1.492523
trial_0,287,0.015697,1.011991
trial_0,288,0.191220,2.205883
trial_0,289,0.135593,0.769001
trial_0,290,0.110852,0.855257
trial_0,291,0.044875,0.787459
trial_0,292,0.463023,2.478517
trial_0,293,0.111098,1.365004
trial_0,294,0.161966,0.694587
trial_0,295,0.135786,0.746432
trial_0,296,0.472454,2.477412
trial_0,297,0.216847,0.596416
trial_0,298,0.131257,0.870148
trial_0,299,0.240322,0.590271
trial_0,300,0.250032,0.720703
trial_0,301,0.082131,0.665564
trial_0,302,0.040316,1.478955
trial_0,303,0.070712,1.377107
trial_0,304,0.170153,0.565559
trial_0,305,0.189543,0.854731
trial_0,306,0.045322,0.587078
trial_0,307,0.029745,1.103439
trial_0,308,0.620110,4.311113
trial_0,309,0.333847,1.088790
trial_0,310,0.525215,4.922741
trial_0,311,0.235125,3.269521
trial_0,312,0.589880,6.161702
trial_0,313,0.346515,1.251812
trial_0,314,0.764781,1.786748
trial_0,315,0.445967,1.954875
trial_0,316,0.082372,1.234586
trial_0,317,0.023201,0.885320
trial_0,318,0.272697,0.850706
trial_0,319,0.281540,1.875902
trial_0,320,0.731692,9.647821
trial_0,321,0.321577,2.720662
trial_0,322,0.049742,0.957323
trial_0,323,0.153302,3.052306
trial_0,324,0.560591,1.117079
trial_0,325,0.152636,0.683746
trial_0,326,0.058729,0.849222
trial_0,327,0.014811,1.315633
trial_0,328,0.422001,1.272889
trial_0,329,0.489055,8.116417
trial_0,330,0.870281,3.030520
trial_0,331,0.010390,1.253702
trial_0,332,0.288393,1.045785
trial_0,333,0.127243,2.188043
trial_0,334,0.235372,0.908391
trial_0,335,0.112916,1.127979
trial_0,336,0.186190,0.802863
trial_0,337,0.302572,1.565266
trial_0,338,0.121977,4.369581
trial_0,339,0.150247,0.870317
trial_0,340,0.041357,0.595538
trial_0,341,0.523332,12.461288
trial_0,342,0.224793,0.804798
trial_0,343,0.288230,1.401011
trial_0,344,0.349404,4.197430
trial_0,345,4.188519,20.446578
trial_0,346,0.956560,6.885379
trial_0,347,0.210518,1.466734
trial_0,348,0.483882,3.763755
trial_0,349,0.058209,0.867415
trial_0,350,0.311729,1.773832
trial_0,351,0.527768,3.997001
trial_0,352,0.159689,1.567621
trial_0,353,0.195508,1.281007
trial_0,354,0.118434,2.666160
trial_0,355,0.091126,0.572245
trial_0,356,0.255133,0.658645
trial_0,357,0.092816,3.204662
trial_0,358,0.180923,0.941170
trial_0,359,0.042140,0.723816
trial_0,360,0.049819,0.703683
trial_0,361,0.122555,3.505042
trial_0,362,0.510533,6.958454
trial_0,363,0.207516,1.058654
trial_0,364,0.182188,0.818614
trial_0,365,0.083029,0.719168
trial_0,366,0.028504,1.129577
trial_0,367,0.081036,0.671448
trial_0,368,0.013322,0.765610
trial_0,369,0.060777,0.674176
trial_0,370,0.047996,2.670323
trial_0,371,0.054026,0.862565
trial_0,372,0.261772,0.868474
trial_0,373,0.227797,1.561845
trial_0,374,0.088048,5.498994
trial_0,375,0.112951,0.755035
trial_0,376,0.392726,0.891956
trial_0,377,0.175838,0.841851
trial_0,378,0.133797,0.674893
trial_0,379,0.124689,0.612318
trial_0,380,0.153293,1.014926
trial_0,381,0.054200,0.643702
trial_0,382,0.210950,0.632835
trial_0,383,0.624824,3.165742
trial_0,384,0.132276,0.514633
trial_0,385,0.479886,1.968721
trial_0,386,0.209403,5.222421
trial_0,387,2.075475,13.920752
trial_0,388,0.344933,0.955544
trial_0,389,0.272146,0.794179
trial_0,390,0.210392,1.512517
trial_0,391,0.312859,1.540284
trial_0,392,0.328260,1.395390
trial_0,393,0.270556,1.681876
trial_0,394,0.033460,1.537341
trial_0,395,0.234695,0.985206
trial_0,396,0.132828,0.739506
trial_0,397,0.032377,0.671298
trial_0,398,0.004367,0.851855
trial_0,399,0.160536,0.929218
trial_0,400,0.255401,1.039532
trial_0,401,0.365465,1.435878
trial_0,402,0.697761,4.942454
trial_0,403,0.025976,0.695150
trial_0,404,0.216027,0.735161
trial_0,405,0.106693,0.597044
trial_0,406,0.024492,0.528594
trial_0,407,0.261575,0.632991
trial_0,408,0.207751,0.690274
trial_0,409,0.005855,0.966350
trial_0,410,0.325680,1.061059
trial_0,411,1.057884,2.660953
trial_0,412,0.203538,0.884854
trial_0,413,0.240082,2.201196
trial_0,414,0.349919,0.708414
trial_0,415,0.012228,1.060538
trial_0,416,0.831464,17.652830
trial_0,417,0.086574,0.686353
trial_0,418,0.375825,0.866392
trial_0,419,0.027870,2.572606
trial_0,420,0.055029,1.083519
trial_0,421,0.043684,0.530916
trial_0,422,0.153471,1.250096
trial_0,423,0.094374,0.711313
trial_0,424,0.030038,0.683079
trial_0,425,0.044317,0.619815
trial_0,426,0.027528,0.539910
trial_0,427,0.018743,1.144673
trial_0,428,0.386719,1.706642
trial_0,429,0.104785,0.827613
trial_0,430,0.007581,0.646395
trial_0,431,0.059632,1.694310
trial_0,432,0.521965,1.541707
trial_0,433,0.203981,0.891913
trial_0,434,0.207539,1.723241
trial_0,435,3.549098,16.414979
trial_0,436,0.078303,0.686837
trial_0,437,0.294976,1.632065
trial_0,438,0.969800,2.889434
trial_0,439,0.232981,2.367769
trial_0,440,0.427334,3.162132
trial_0,441,0.771339,3.751711
trial_0,442,0.056509,1.008441
trial_0,443,0.018959,0.879347
trial_0,444,0.104188,0.702037
trial_0,445,0.284457,1.262123
trial_0,446,0.081554,1.251492
trial_0,447,0.016442,1.573667
trial_0,448,0.224180,0.819471
trial_0,449,0.098239,1.546553
trial_0,450,0.176512,2.298791
trial_0,451,0.013271,1.119658
trial_0,452,0.471050,1.146298
trial_0,453,0.019518,3.071511
trial_0,454,0.057907,0.815940
trial_0,455,0.130389,0.953241
trial_0,456,0.182686,1.346741
trial_0,457,0.039292,0.719197
trial_0,458,0.001835,0.879110
trial_0,459,0.073501,1.303845
trial_0,460,0.193790,0.804844
trial_0,461,0.038151,0.734123
trial_0,462,0.353391,1.523795
trial_0,463,0.016666,0.861386
trial_0,464,0.076817,0.702479
trial_0,465,0.240275,1.004415
trial_0,466,0.128947,0.709311
trial_0,467,0.045510,1.056770
trial_0,468,0.048167,0.623502
trial_0,469,0.365925,6.891456
trial_0,470,0.262967,0.953862
trial_0,471,0.261819,0.917159
trial_0,472,0.448671,1.438350
trial_0,473,0.049163,1.082644
trial_0,474,1.293163,6.579823
trial_0,475,1.166614,9.772924
trial_0,476,2.337608,10.860195
trial_0,477,0.114793,0.783230
trial_0,478,0.179182,0.826399
trial_0,479,0.062832,0.788591
trial_0,480,0.468225,0.935711
trial_0,481,0.280919,7.568583
trial_0,482,0.094630,1.553419
trial_0,483,0.065973,3.159124
trial_0,484,0.187349,3.490164
trial_0,485,0.038713,0.839730
trial_0,486,0.086004,1.051017
trial_0,487,0.189522,1.143408
trial_0,488,0.122243,1.027001
trial_0,489,0.096577,0.868312
trial_0,490,0.113988,1.246307
trial_0,491,0.181015,0.656378
trial_0,492,0.073832,0.899494
trial_0,493,0.073979,1.070739
trial_0,494,0.159101,0.914244
trial_0,495,0.011293,0.820537
trial_0,496,0.062145,0.639716
trial_0,497,0.350334,1.123322
trial_0,498,0.149701,0.665965
trial_0,499,0.329364,2.005120
trial_0,500,0.251404,2.942929
trial_0,501,0.014440,1.021876
trial_0,502,0.416151,0.834370
trial_0,503,0.168617,0.802346
trial_0,504,0.093437,0.624638
trial_0,505,0.183941,1.138445
trial_0,506,0.096956,0.770962
trial_0,507,0.962177,3.521935
trial_0,508,0.026234,1.033759
trial_0,509,0.567782,2.208428
trial_0,510,0.117978,1.308257
trial_0,511,0.239685,0.893607
trial_0,512,1.054656,8.997991
trial_0,513,0.006387,1.455052
trial_0,514,0.412443,2.096084
trial_0,515,1.678629,23.735901
trial_0,516,0.210666,1.091785
trial_0,517,1.088913,8.535978
trial_0,518,0.036531,0.994017
trial_0,519,0.006994,1.844341
trial_0,520,0.116363,0.998221
trial_0,521,0.102718,0.667041
trial_0,522,0.046633,0.696064
trial_0,523,0.060028,3.241032
trial_0,524,0.002742,1.065713
trial_0,525,0.354496,3.694861
trial_0,526,0.092389,1.089371
trial_0,527,0.251953,0.819606
trial_0,528,0.296657,1.286787
trial_0,529,0.044584,0.937773
trial_0,530,0.168053,0.827177
trial_0,531,0.062427,1.259271
trial_0,532,0.012699,0.768822
trial_0,533,0.227891,0.759131
trial_0,534,0.110665,0.699477
trial_0,535,0.150945,1.272990
trial_0,536,0.169033,2.208922
trial_0,537,0.746655,3.239438
trial_0,538,0.065386,0.685316
trial_0,539,0.350149,1.692855
trial_0,540,0.131695,0.775268
trial_0,541,0.167474,0.712915
trial_0,542,0.034159,5.997758
trial_0,543,0.109772,1.034746
trial_0,544,0.244180,0.847538
trial_0,545,0.244274,1.264968
trial_0,546,0.053872,1.242208
trial_0,547,0.263312,1.060504
trial_0,548,0.048875,0.808663
trial_0,549,0.025906,0.751469
trial_0,550,0.127920,0.933572
trial_0,551,0.162293,0.772401
trial_0,552,0.275278,1.744402
trial_0,553,0.062301,0.880920
trial_0,554,0.367667,4.783467
trial_0,555,0.111662,0.677407
trial_0,556,0.243991,0.684889
trial_0,557,0.325285,1.462163
trial_0,558,0.335130,0.825813
trial_0,559,0.055441,0.699262
trial_0,560,0.126671,1.019758
trial_0,561,0.364166,2.006004
trial_0,562,0.575253,1.916053
trial_0,563,0.049597,0.980835
trial_0,564,0.284841,1.031263
trial_0,565,0.195640,1.909435
trial_0,566,0.021225,1.022026
trial_0,567,0.055017,1.973221
trial_0,568,0.213055,1.042033
trial_0,569,0.131037,0.714720
trial_0,570,0.091405,1.902495
trial_0,571,0.208116,0.945623
trial_0,572,0.125132,0.780413
trial_0,573,0.208856,0.736871
trial_0,574,0.109703,0.590731
trial_0,575,0.202927,4.686389
trial_0,576,1.023955,8.559748
trial_0,577,0.099275,0.812124
trial_0,578,0.018810,2.974223
trial_0,579,0.101390,0.714853
trial_0,580,0.150056,0.787202
trial_0,581,0.062430,1.079628
trial_0,582,0.010287,0.830888
trial_0,583,0.190779,2.906532
trial_0,584,0.087332,0.784490
trial_0,585,0.071291,0.764082
trial_0,586,0.011100,0.672870
trial_0,587,0.163465,0.825058
trial_0,588,0.063257,0.650788
trial_0,589,7.035710,38.092773
trial_0,590,0.155099,1.550486
trial_0,591,0.102302,1.177841
trial_0,592,0.279480,1.935127
trial_0,593,0.146528,1.080808
trial_0,594,0.051123,0.784802
trial_0,595,0.617121,4.061637
trial_0,596,0.101821,0.789595
trial_0,597,0.140038,1.135920
trial_0,598,0.077480,0.851927
trial_0,599,0.006231,0.876214
trial_0,600,0.023329,0.825693
trial_0,601,1.032921,4.178310
trial_0,602,0.263930,1.034409
trial_0,603,0.201545,1.308333
trial_0,604,0.018279,1.122743
trial_0,605,0.066731,1.047230
trial_0,606,0.180964,0.978357
trial_0,607,0.148519,0.883127
trial_0,608,0.193760,0.986429
trial_0,609,0.213755,1.629342
trial_0,610,0.369139,1.033750
trial_0,611,0.037380,0.593968
trial_0,612,0.084543,0.587957
trial_0,613,0.140216,1.218026
trial_0,614,0.359515,2.545883
trial_0,615,0.077247,0.673621
trial_0,616,0.135036,0.927696
trial_0,617,0.123829,0.915505
trial_0,618,0.030529,0.574794
trial_0,619,3.141374,17.941101
trial_0,620,0.212070,0.855678
trial_0,621,0.034980,0.669566
trial_0,622,0.407167,6.157442
trial_0,623,0.178740,0.691682
trial_0,624,0.992423,3.099232
trial_0,625,0.409291,1.242822
trial_0,626,0.078008,1.065806
trial_0,627,0.508988,3.740024
trial_0,628,0.095589,2.077293
trial_0,629,0.043613,0.836455
trial_0,630,0.136571,0.949016
trial_0,631,0.034951,1.941506
trial_0,632,0.613686,1.592043
trial_0,633,0.143957,1.028079
trial_0,634,0.885396,4.074175
trial_0,635,0.099363,3.374056
trial_0,636,0.225614,1.480127
trial_0,637,0.609200,3.306426
trial_0,638,0.233404,0.980144
trial_0,639,0.060803,0.989687
trial_0,640,0.292538,0.952113
trial_0,641,0.392865,0.989970
trial_0,642,0.011096,1.017412
trial_0,643,0.174629,3.046399
trial_0,644,0.514034,2.286979
trial_0,645,0.203723,1.568151
trial_0,646,0.478214,4.916178
trial_0,647,0.326870,5.981605
trial_0,648,0.355188,16.063661
trial_0,649,0.308048,1.308118
trial_0,650,0.928477,4.237811
trial_0,651,0.416378,2.501354
trial_0,652,2.141423,10.658555
trial_0,653,0.069226,0.939499
trial_0,654,0.159279,1.023891
trial_0,655,0.156023,0.859055
trial_0,656,0.266784,3.159807
trial_0,657,0.395387,6.531844
trial_0,658,0.575352,2.317724
trial_0,659,0.067429,1.948593
trial_0,660,0.014137,1.362024
trial_0,661,0.102275,2.883795
trial_0,662,0.220250,1.058185
trial_0,663,0.222765,1.233048
trial_0,664,0.218553,1.100442
trial_0,665,0.251956,1.812076
trial_0,666,0.523718,4.885600
trial_0,667,0.006773,1.004329
trial_0,668,0.398908,1.094878
trial_0,669,0.111069,0.732738
trial_0,670,0.054683,0.815543
trial_0,671,0.068374,1.202767
trial_0,672,0.314534,0.949945
trial_0,673,4.520604,20.905175
trial_0,674,0.120496,0.787324
trial_0,675,0.152962,1.009284
trial_0,676,0.262773,3.657636
trial_0,677,0.090166,0.848665
trial_0,678,0.229039,0.876806
trial_0,679,0.984693,4.909180
trial_0,680,0.181508,0.877026
trial_0,681,0.125299,0.777812
trial_0,682,0.273396,2.664149
trial_0,683,0.248469,1.040348
trial_0,684,1.929152,12.347928
trial_0,685,2.444469,7.361037
trial_0,686,0.141730,1.313340
trial_0,687,0.092427,0.853707
trial_0,688,0.153006,0.851062
trial_0,689,0.210500,1.315571
trial_0,690,0.088327,1.356908
trial_0,691,0.220848,1.011575
trial_0,692,0.134990,0.730689
trial_0,693,0.175399,1.026277
trial_0,694,0.505552,1.103784
trial_0,695,0.097160,0.728214
trial_0,696,0.244754,3.010700
trial_0,697,0.428211,3.742837
trial_0,698,0.184936,0.898870
trial_0,699,0.007823,0.765552
trial_0,700,0.220656,1.065856
trial_0,701,0.084652,1.653738
trial_0,702,0.071601,0.956954
trial_0,703,0.284973,4.064937
trial_0,704,0.130092,0.887045
trial_0,705,0.002054,0.731556
trial_0,706,0.144563,1.429443
trial_0,707,0.047950,0.973116
trial_0,708,0.078935,0.819415
trial_0,709,0.378633,5.695582
trial_0,710,0.375521,2.517971
trial_0,711,0.314657,1.171514
trial_0,712,0.347601,1.157258
trial_0,713,0.020969,7.830704
trial_0,714,0.206742,1.023486
trial_0,715,0.060971,0.820024
trial_0,716,0.055395,3.087447
trial_0,717,0.044156,0.789686
trial_0,718,0.132349,1.136716
trial_0,719,0.145046,0.773576
trial_0,720,0.904000,3.436068
trial_0,721,0.347793,1.069924
trial_0,722,0.412786,0.951518
trial_0,723,0.191695,0.784899
trial_0,724,0.228521,11.431547
trial_0,725,0.336613,4.148093
trial_0,726,0.036167,3.988188
trial_0,727,0.094232,1.549366
trial_0,728,0.308143,1.277583
trial_0,729,0.332020,0.843006
trial_0,730,0.148922,0.846503
trial_0,731,0.096624,1.048809
trial_0,732,0.027319,0.879228
trial_0,733,0.129022,1.003879
trial_0,734,0.246757,0.696189
trial_0,735,0.130733,1.562521
trial_0,736,0.291638,1.321635
trial_0,737,0.382301,1.173358
trial_0,738,0.095382,2.844180
trial_0,739,0.276327,1.100040
trial_0,740,0.042204,0.723072
trial_0,741,0.046398,1.032428
trial_0,742,0.113797,0.890877
trial_0,743,1.067943,8.550143
trial_0,744,0.387658,1.133793
trial_0,745,0.075362,1.100228
trial_0,746,0.079332,0.854330
trial_0,747,0.233670,0.793638
trial_0,748,0.004452,0.980673
trial_0,749,0.149345,1.319488
trial_0,750,0.030463,0.738633
trial_0,751,0.317303,2.003893
trial_0,752,0.393696,1.010629
trial_0,753,0.794861,2.759394
trial_0,754,0.065920,0.664767
trial_0,755,0.033609,0.808583
trial_0,756,0.172158,0.703904
trial_0,757,0.058507,1.061230
trial_0,758,0.513923,1.715772
trial_0,759,0.077693,2.642589
trial_0,760,0.571216,1.964048
trial_0,761,0.625179,1.935766
trial_0,762,0.007662,1.390583
trial_0,763,0.205750,0.959706
trial_0,764,0.301276,2.153532
trial_0,765,0.031954,1.403248
trial_0,766,0.185805,2.269945
trial_0,767,0.046025,1.697122
trial_0,768,0.286900,0.895475
trial_0,769,0.232633,0.884248
trial_0,770,0.519180,13.790119
trial_0,771,0.086033,0.948974
trial_0,772,1.506108,57.864354
trial_0,773,0.047265,1.217025
trial_0,774,0.031473,2.234419
trial_0,775,0.018793,1.585776
trial_0,776,0.038230,3.441342
trial_0,777,0.389616,1.589420
trial_0,778,0.141027,1.351439
trial_0,779,0.236013,1.180318
trial_0,780,0.298302,0.866996
trial_0,781,0.483192,1.243476
trial_0,782,0.051282,1.274192
trial_0,783,0.032213,1.395061
trial_0,784,0.162018,0.892334
trial_0,785,0.210755,0.887808
trial_0,786,0.568513,2.575716
trial_0,787,0.504820,1.053357
trial_0,788,0.918502,7.588091
trial_0,789,0.148413,0.905578
trial_0,790,0.073182,1.054563
trial_0,791,0.594344,1.377812
trial_0,792,0.105254,0.608135
trial_0,793,0.518998,1.301402
trial_0,794,0.810339,3.155163
trial_0,795,0.226865,4.916161
trial_0,796,0.145476,1.269851
trial_0,797,0.032784,0.917856
trial_0,798,0.070177,0.849314
trial_0,799,0.058165,0.866936
trial_0,800,0.241811,1.195143
trial_0,801,0.027748,1.374103
trial_0,802,0.048556,1.077775
trial_0,803,0.069514,1.075629
trial_0,804,0.137375,1.113512
trial_0,805,0.055711,1.306607
trial_0,806,0.557590,4.803341
trial_0,807,0.259168,1.460075
trial_0,808,0.360978,0.916021
trial_0,809,0.193059,1.157047
trial_0,810,0.246031,0.975969
trial_0,811,0.043369,1.086787
trial_0,812,0.004349,3.162354
trial_0,813,0.716230,7.924687
trial_0,814,0.824287,9.535762
trial_0,815,0.188924,0.972905
trial_0,816,0.163438,1.048564
trial_0,817,0.467968,1.179137
trial_0,818,0.746083,3.230759
trial_0,819,0.275574,5.061434
trial_0,820,2.522938,15.467367
trial_0,821,0.164732,1.316326
trial_0,822,0.163986,1.490277
trial_0,823,0.059990,1.582936
trial_0,824,0.301526,1.100564
trial_0,825,0.183746,2.004304
trial_0,826,0.321284,10.083346
trial_0,827,0.359158,3.494836
trial_0,828,0.015289,1.239301
trial_0,829,0.253797,1.433459
trial_0,830,0.020344,0.891812
trial_0,831,0.450678,3.466150
trial_0,832,0.037934,1.274218
trial_0,833,0.049632,1.862858
trial_0,834,0.328335,1.503552
trial_0,835,0.187234,1.450345
trial_0,836,0.198769,0.919217
trial_0,837,0.613513,3.725046
trial_0,838,0.303792,1.302793
trial_0,839,0.268193,1.148431
trial_0,840,0.170929,1.849031
trial_0,841,0.815502,5.128847
trial_0,842,0.013008,1.054398
trial_0,843,0.597085,2.213191
trial_0,844,0.097206,0.961632
trial_0,845,0.039396,1.102614
trial_0,846,0.223287,1.242262
trial_0,847,0.041154,1.304212
trial_0,848,0.222015,2.817882
trial_0,849,0.305600,1.004807
trial_0,850,0.067971,1.453211
trial_0,851,0.306723,1.274875
trial_0,852,0.207348,2.736139
trial_0,853,0.346825,1.056895
trial_0,854,0.101370,0.883827
trial_0,855,0.020182,0.950453
trial_0,856,0.249741,2.926948
trial_0,857,0.572905,2.323628
trial_0,858,0.002503,0.918421
trial_0,859,0.008110,1.044586
trial_0,860,0.261836,0.872689
trial_0,861,0.114188,0.681469
trial_0,862,0.302403,1.172963
trial_0,863,0.103595,0.823325
trial_0,864,0.220852,0.923973
trial_0,865,0.015397,0.938248
trial_0,866,0.248814,2.082377
trial_0,867,0.041211,1.220000
trial_0,868,0.022237,1.843655
trial_0,869,0.347785,4.925298
trial_0,870,0.265958,0.906092
trial_0,871,0.414428,2.290776
trial_0,872,0.029069,3.577391
trial_0,873,0.131264,1.144535
trial_0,874,0.235576,0.890467
trial_0,875,0.024418,1.218496
trial_0,876,0.142986,1.087418
trial_0,877,0.301666,1.066725
trial_0,878,0.035813,0.763651
trial_0,879,0.422975,0.956776
trial_0,880,0.392320,2.955709
trial_0,881,0.248223,1.001767
trial_0,882,0.500616,1.113775
trial_0,883,0.370229,0.847302
trial_0,884,0.185934,2.850754
trial_0,885,0.060409,0.684057
trial_0,886,0.130096,0.741987
trial_0,887,0.438673,9.800703
trial_0,888,0.051936,1.372705
trial_0,889,0.015698,1.118747
trial_0,890,0.286339,1.844973
trial_0,891,0.412346,1.190288
trial_0,892,0.176228,1.176943
trial_0,893,0.480313,3.156867
trial_0,894,0.653614,2.619790
trial_0,895,0.553369,1.277042
trial_0,896,0.116420,1.559021
trial_0,897,0.028779,1.057791
trial_0,898,0.188518,1.733064
trial_0,899,0.005906,1.159959
trial_0,900,0.115106,1.338273
trial_0,901,0.058123,0.666751
trial_0,902,0.178868,2.306330
trial_0,903,0.281658,0.966202
trial_0,904,0.072916,0.841733
trial_0,905,0.382685,1.367090
trial_0,906,0.141889,1.055714
trial_0,907,0.208442,1.125319
trial_0,908,0.084445,1.006917
trial_0,909,0.290873,4.228800
trial_0,910,0.089098,0.722004
trial_0,911,0.246460,0.872824
trial_0,912,0.206615,1.071355
trial_0,913,0.432167,1.788938
trial_0,914,0.169164,0.973073
trial_0,915,0.117155,1.062779
trial_0,916,0.207712,0.996512
trial_0,917,0.088115,1.002682
trial_0,918,0.209206,1.175015
trial_0,919,0.741928,3.946667
trial_0,920,0.044142,1.170625
trial_0,921,0.158502,1.052642
trial_0,922,0.102089,1.182681
trial_0,923,0.046665,1.559479
trial_0,924,0.430100,7.293041
trial_0,925,0.973893,6.891896
trial_0,926,0.228536,1.620958
trial_0,927,0.133940,1.197880
trial_0,928,0.310981,2.446237
trial_0,929,0.035821,1.175489
trial_0,930,0.306081,1.353230
trial_0,931,0.251788,9.451995
trial_0,932,0.040117,0.871821
trial_0,933,0.632364,3.774115
trial_0,934,0.593491,2.421197
trial_0,935,0.237080,1.268262
trial_0,936,0.936337,4.341111
trial_0,937,0.039220,1.539722
trial_0,938,0.165622,0.885008
trial_0,939,0.175816,1.494817
trial_0,940,0.288974,1.241909
trial_0,941,0.062942,0.817718
trial_0,942,0.214256,0.962860
trial_0,943,0.109398,1.402558
trial_0,944,0.222005,1.382784
trial_0,945,0.117714,0.819805
trial_0,946,0.154572,0.880820
trial_0,947,0.032217,0.947101
trial_0,948,0.252937,2.576408
trial_0,949,0.025694,5.601012
trial_0,950,0.210578,1.091240
trial_0,951,0.126966,0.837537
trial_0,952,0.163178,1.091702
trial_0,953,0.183822,1.153078
trial_0,954,0.156339,1.160522
trial_0,955,0.187982,1.326272
trial_0,956,0.098285,1.422069
trial_0,957,1.449569,8.131273
trial_0,958,0.081163,2.086573
trial_0,959,1.152044,3.355202
trial_0,960,0.280433,3.975348
trial_0,961,0.192036,2.426320
trial_0,962,2.097003,19.895321
trial_0,963,0.185274,2.470756
trial_0,964,0.252492,1.142214
trial_0,965,0.135804,1.088561
trial_0,966,0.195017,1.871454
trial_0,967,0.288426,4.133954
trial_0,968,0.026503,1.122373
trial_0,969,0.010617,1.241522
trial_0,970,0.228286,1.194608
trial_0,971,0.270083,1.407681
trial_0,972,1.279491,3.853271
trial_0,973,0.012417,0.999064
trial_0,974,0.468120,3.346228
trial_0,975,0.038955,2.606042
trial_0,976,0.018079,1.604325
trial_0,977,0.233125,1.180109
trial_0,978,0.358246,1.010052
trial_0,979,0.085800,1.261311
trial_0,980,0.081948,1.021695
trial_0,981,0.123085,1.730505
trial_0,982,0.203564,2.107410
trial_0,983,0.339964,1.133110
trial_0,984,0.055769,1.236960
trial_0,985,0.336809,1.523764
trial_0,986,0.132169,1.568056
trial_0,987,0.085630,0.895310
trial_0,988,1.121434,8.544144
trial_0,989,0.020072,1.482972
trial_0,990,0.280319,1.991597
trial_0,991,0.189782,1.473848
trial_0,992,0.271286,2.325937
trial_0,993,0.002473,1.577132
trial_0,994,0.001818,1.774129
trial_0,995,0.062224,1.082804
trial_0,996,0.025360,1.006194
trial_0,997,1.687142,10.424489
trial_0,998,0.428787,1.126125
trial_0,999,0.235297,0.860400
trial_0,1000,0.128785,1.589834
trial_1,1,0.402124,1.221120
trial_1,2,0.022123,0.795964
trial_1,3,0.172392,1.327954
trial_1,4,0.050645,1.111994
trial_1,5,0.314851,1.269180
trial_1,6,0.001765,1.300961
trial_1,7,0.308526,0.902976
trial_1,8,0.131828,1.360679
trial_1,9,0.363759,5.903216
trial_1,10,0.564993,2.367585
trial_1,11,0.266168,1.472507
trial_1,12,0.081513,0.952211
trial_1,13,2.404543,11.099832
trial_1,14,0.262043,1.297255
trial_1,15,0.184615,1.148686
trial_1,16,0.382681,0.868174
trial_1,17,0.149558,1.701216
trial_1,18,0.216821,1.066648
trial_1,19,0.117720,1.047915
trial_1,20,0.036654,1.132285
trial_1,21,0.217011,3.161563
trial_1,22,0.077802,1.383063
trial_1,23,0.392642,1.532780
trial_1,24,0.017476,2.016616
trial_1,25,0.113526,1.081157
trial_1,26,0.536662,4.140400
trial_1,27,0.241553,1.349920
trial_1,28,1.063126,12.518610
trial_1,29,0.000025,0.983928
trial_1,30,0.179757,1.208457
trial_1,31,0.199844,0.952110
trial_1,32,0.058341,0.723321
trial_1,33,0.105133,1.212909
trial_1,34,0.206834,16.817429
trial_1,35,0.517034,2.021779
trial_1,36,0.365783,1.822966
trial_1,37,0.072868,2.751005
trial_1,38,0.104373,1.114420
trial_1,39,0.115037,1.768154
trial_1,40,0.088211,1.871819
trial_1,41,0.062223,0.776876
trial_1,42,0.075267,1.096749
trial_1,43,0.215074,1.070133
trial_1,44,0.248001,1.017579
trial_1,45,0.067533,1.318740
trial_1,46,0.202058,1.312866
trial_1,47,0.140275,1.392560
trial_1,48,0.092050,1.082736
trial_1,49,0.163862,1.161746
trial_1,50,0.302479,1.084360
trial_1,51,0.188635,1.164201
trial_1,52,0.307664,0.997782
trial_1,53,0.624282,3.628127
trial_1,54,0.436642,1.944378
trial_1,55,0.201939,1.095765
trial_1,56,0.306118,1.368143
trial_1,57,0.174325,0.722867
trial_1,58,0.039957,1.159826
trial_1,59,0.040851,0.816231
trial_1,60,0.963944,5.597100
trial_1,61,0.094244,1.042443
trial_1,62,0.125459,1.132158
trial_1,63,0.029949,1.238029
trial_1,64,0.225001,1.042510
trial_1,65,0.077487,1.911587
trial_1,66,0.083964,0.999910
trial_1,67,0.045131,1.013297
trial_1,68,2.312747,6.430087
trial_1,69,0.222968,1.102146
trial_1,70,0.128244,1.221379
trial_1,71,0.138323,2.353955
trial_1,72,0.040827,1.415388
trial_1,73,0.080890,1.205551
trial_1,74,0.111562,1.011851
trial_1,75,0.046595,0.996749
trial_1,76,0.192541,1.548838
trial_1,77,0.034185,0.765351
trial_1,78,0.042017,0.789270
trial_1,79,0.383372,1.173220
trial_1,80,0.183932,1.063294
trial_1,81,0.470940,5.850276
trial_1,82,0.337239,4.789434
trial_1,83,0.345986,1.016681
trial_1,84,0.285466,8.891599
trial_1,85,0.308912,8.730373
trial_1,86,0.500169,5.387846
trial_1,87,0.171665,1.290209
trial_1,88,0.249977,1.224265
trial_1,89,0.002983,1.288707
trial_1,90,0.052664,1.018363
trial_1,91,0.192585,1.150666
trial_1,92,0.337880,1.450621
trial_1,93,0.173134,4.731715
trial_1,94,0.184283,1.098075
trial_1,95,0.114395,0.997482
trial_1,96,0.166641,1.081175
trial_1,97,0.231212,1.049062
trial_1,98,0.048730,3.599029
trial_1,99,0.366257,1.547411
trial_1,100,0.130004,0.914724
trial_1,101,0.285754,1.247937
trial_1,102,0.211150,1.318984
trial_1,103,0.049423,1.191353
trial_1,104,0.074607,0.820344
trial_1,105,0.068090,1.031959
trial_1,106,0.031882,1.259352
trial_1,107,0.077091,1.015682
trial_1,108,0.476227,9.985978
trial_1,109,0.442878,1.908896
trial_1,110,0.040849,2.079721
trial_1,111,0.173473,1.470043
trial_1,112,0.032391,1.714832
trial_1,113,0.396720,3.069340
trial_1,114,0.045695,1.230360
trial_1,115,0.186079,2.700504
trial_1,116,0.236232,0.891359
trial_1,117,0.204009,1.310207
trial_1,118,0.108890,0.942438
trial_1,119,0.057752,2.730586
trial_1,120,0.349447,2.312494
trial_1,121,0.225235,1.223021
trial_1,122,0.083889,1.019888
trial_1,123,0.097124,1.013609
trial_1,124,0.499149,2.232607
trial_1,125,0.393888,1.300818
trial_1,126,0.272202,4.083772
trial_1,127,0.079864,1.373313
trial_1,128,0.380984,1.022109
trial_1,129,0.167908,1.935198
trial_1,130,1.779958,7.303540
trial_1,131,0.172393,1.373734
trial_1,132,0.027440,1.674718
trial_1,133,0.711680,7.495154
trial_1,134,0.210612,1.527546
trial_1,135,0.034436,1.305923
trial_1,136,0.168842,1.301041
trial_1,137,0.479251,2.982491
trial_1,138,0.254474,1.231211
trial_1,139,0.054593,1.055689
trial_1,140,0.017246,1.008849
trial_1,141,0.187551,1.689086
trial_1,142,0.257973,1.476353
trial_1,143,0.199600,7.502024
trial_1,144,0.235866,1.399440
trial_1,145,0.235140,1.055599
trial_1,146,0.363895,1.728004
trial_1,147,2.161370,4.897351
trial_1,148,0.006436,1.570992
trial_1,149,0.327637,8.259104
trial_1,150,0.078368,1.124214
trial_1,151,0.014001,1.192022
trial_1,152,0.308663,1.495831
trial_1,153,0.311188,1.486446
trial_1,154,0.178202,1.491055
trial_1,155,0.046114,1.190304
trial_1,156,0.377755,1.088184
trial_1,157,0.030729,2.810238
trial_1,158,0.242259,2.286636
trial_1,159,0.139346,1.452719
trial_1,160,0.498445,1.409138
trial_1,161,0.369191,1.270967
trial_1,162,0.274697,1.096930
trial_1,163,0.080899,1.497989
trial_1,164,0.079185,1.374046
trial_1,165,0.086024,1.229856
trial_1,166,0.256655,2.060057
trial_1,167,0.280617,1.268389
trial_1,168,0.166765,1.103101
trial_1,169,0.106400,0.765563
trial_1,170,0.134062,1.378307
trial_1,171,0.326685,1.671712
trial_1,172,0.047042,0.858188
trial_1,173,0.058227,0.723495
trial_1,174,0.108437,1.068955
trial_1,175,0.290681,1.141681
trial_1,176,0.178573,1.426715
trial_1,177,0.085818,1.640183
trial_1,178,0.245416,0.963919
trial_1,179,0.218256,1.006992
trial_1,180,0.219068,3.702855
trial_1,181,0.333554,3.683530
trial_1,182,0.415067,1.067802
trial_1,183,0.008619,0.960871
trial_1,184,0.174826,2.349593
trial_1,185,0.054647,1.225123
trial_1,186,0.168160,1.150562
trial_1,187,0.192753,1.710703
trial_1,188,0.379896,1.013705
trial_1,189,0.052006,1.600886
trial_1,190,0.025462,1.214659
trial_1,191,0.211240,1.195734
trial_1,192,0.268584,0.974592
trial_1,193,0.059984,1.152528
trial_1,194,0.287799,1.274992
trial_1,195,0.281191,1.062609
trial_1,196,0.238599,1.259906
trial_1,197,0.235699,1.103336
trial_1,198,0.083819,1.154579
trial_1,199,0.611650,1.886088
trial_1,200,0.219781,0.928477
trial_1,201,0.053675,1.012601
trial_1,202,0.079273,0.971688
trial_1,203,0.077543,0.866495
trial_1,204,0.342968,1.105231
trial_1,205,0.000466,1.442609
trial_1,206,0.138096,1.052748
trial_1,207,0.153398,0.750073
trial_1,208,0.234537,0.972104
trial_1,209,0.108645,5.145226
trial_1,210,2.627891,7.468617
trial_1,211,0.089258,1.838369
trial_1,212,0.053271,1.004774
trial_1,213,0.302992,1.062405
trial_1,214,0.184035,0.814692
trial_1,215,0.180512,1.113381
trial_1,216,0.275414,1.088336
trial_1,217,0.041058,1.034013
trial_1,218,0.226919,2.561531
trial_1,219,5.168724,27.626396
trial_1,220,0.105297,3.611578
trial_1,221,0.212506,1.106631
trial_1,222,0.353743,1.168427
trial_1,223,0.328768,1.041807
trial_1,224,0.319323,0.925861
trial_1,225,0.183911,1.539326
trial_1,226,0.440750,1.684386
trial_1,227,0.050768,0.820120
trial_1,228,0.081470,1.263326
trial_1,229,0.370107,2.372996
trial_1,230,0.302782,1.339598
trial_1,231,0.214559,2.647803
trial_1,232,0.048453,1.054327
trial_1,233,0.197094,1.620769
trial_1,234,0.120855,1.334029
trial_1,235,0.145782,2.205578
trial_1,236,0.084168,1.054593
trial_1,237,0.622827,1.744982
trial_1,238,0.307702,1.126591
trial_1,239,0.072478,1.078963
trial_1,240,0.007409,1.543417
trial_1,241,0.424413,0.891989
trial_1,242,0.359797,1.050905
trial_1,243,0.476779,1.370869
trial_1,244,0.224607,2.296871
trial_1,245,0.064758,6.449147
trial_1,246,0.035485,1.124338
trial_1,247,0.083840,1.196727
trial_1,248,0.207237,1.081493
trial_1,249,0.124274,1.528123
trial_1,250,0.048191,1.210799
trial_1,251,0.006755,1.009907
trial_1,252,0.062890,1.055953
trial_1,253,0.079994,1.125221
trial_1,254,0.233389,7.105592
trial_1,255,4.579446,17.350850
trial_1,256,0.271872,1.275591
trial_1,257,0.003356,3.633265
trial_1,258,0.184249,1.344502
trial_1,259,0.288597,1.116957
trial_1,260,0.001655,0.738501
trial_1,261,0.525250,1.692671
trial_1,262,0.153130,1.616153
trial_1,263,0.208741,1.361302
trial_1,264,0.230225,1.116901
trial_1,265,0.234241,1.569999
trial_1,266,0.396470,1.175876
trial_1,267,0.070460,2.422643
trial_1,268,0.219976,1.178481
trial_1,269,0.215790,1.304706
trial_1,270,0.374637,1.031005
trial_1,271,0.022389,1.087195
trial_1,272,0.562709,1.365390
trial_1,273,0.169349,1.239110
trial_1,274,0.010877,1.114748
trial_1,275,0.155534,1.158308
trial_1,276,0.917784,5.308652
trial_1,277,0.436462,1.786828
trial_1,278,0.080451,1.334812
trial_1,279,0.330943,0.982113
trial_1,280,0.579863,2.141968
trial_1,281,0.287727,3.654801
trial_1,282,1.642507,5.808476
trial_1,283,0.377693,1.997026
trial_1,284,0.099104,1.214665
trial_1,285,0.336409,1.039036
trial_1,286,0.178803,1.600762
trial_1,287,0.033839,1.340964
trial_1,288,0.088582,2.276432
trial_1,289,0.201819,1.266983
trial_1,290,0.028536,1.392681
trial_1,291,0.065845,1.252830
trial_1,292,0.069139,2.658077
trial_1,293,0.369067,1.666172
trial_1,294,0.275926,1.318598
trial_1,295,0.104643,1.625894
trial_1,296,0.451337,2.609075
trial_1,297,0.346879,0.948485
trial_1,298,0.079144,1.234996
trial_1,299,0.347325,1.002646
trial_1,300,0.506306,1.391092
trial_1,301,0.297758,1.182012
trial_1,302,0.012055,1.547383
trial_1,303,0.222145,1.567028
trial_1,304,0.148015,0.838119
trial_1,305,0.084602,1.231675
trial_1,306,0.147728,1.168645
trial_1,307,0.013399,1.619521
trial_1,308,0.637488,3.925006
trial_1,309,0.050091,1.736820
trial_1,310,0.142233,4.313028
trial_1,311,0.040182,3.490401
trial_1,312,0.824012,6.517254
trial_1,313,0.340481,1.321392
trial_1,314,0.571442,1.975166
trial_1,315,0.492599,2.513477
trial_1,316,0.041137,1.557332
trial_1,317,0.016977,1.187496
trial_1,318,0.213955,1.133159
trial_1,319,0.362947,1.770261
trial_1,320,0.429544,7.410451
trial_1,321,0.456102,3.196531
trial_1,322,0.035463,1.424770
trial_1,323,0.345209,3.350637
trial_1,324,0.433075,1.429830
trial_1,325,0.043782,1.181074
trial_1,326,0.203419,1.244024
trial_1,327,0.065463,1.284418
trial_1,328,0.562479,1.931458
trial_1,329,1.092914,8.615644
trial_1,330,1.156267,3.740657
trial_1,331,0.053882,1.478392
trial_1,332,0.236511,1.412472
trial_1,333,0.314928,2.495726
trial_1,334,0.479462,1.578763
trial_1,335,0.104894,1.222612
trial_1,336,0.080884,1.617388
trial_1,337,0.049329,2.322065
trial_1,338,0.086048,5.523851
trial_1,339,0.420514,1.435504
trial_1,340,0.210713,1.364454
trial_1,341,0.505633,11.199897
trial_1,342,0.059479,1.107451
trial_1,343,0.136198,1.426877
trial_1,344,0.449936,5.736327
trial_1,345,3.459155,22.025070
trial_1,346,0.591964,7.896051
trial_1,347,0.531795,1.468832
trial_1,348,0.699454,4.755051
trial_1,349,0.122572,1.049321
trial_1,350,0.082675,2.522870
trial_1,351,1.138875,5.499424
trial_1,352,0.163382,2.161915
trial_1,353,0.229614,1.618476
trial_1,354,0.401407,2.806684
trial_1,355,0.278250,0.898327
trial_1,356,0.307370,1.211019
trial_1,357,0.131889,3.820035
trial_1,358,0.180119,1.865764
trial_1,359,0.035109,0.931893
trial_1,360,0.128451,1.096456
trial_1,361,0.164387,3.830866
trial_1,362,0.141793,6.722713
trial_1,363,0.289892,1.717245
trial_1,364,0.179948,1.131249
trial_1,365,0.021068,1.175031
trial_1,366,0.148640,1.435318
trial_1,367,0.009509,0.718704
trial_1,368,0.276193,1.098356
trial_1,369,0.014607,1.336433
trial_1,370,0.118249,2.271703
trial_1,371,0.058245,1.101197
trial_1,372,0.091454,1.184631
trial_1,373,0.606955,1.945759
trial_1,374,0.272562,6.789551
trial_1,375,0.429417,1.412056
trial_1,376,0.404822,1.209311
trial_1,377,0.033000,1.393075
trial_1,378,0.215835,1.407829
trial_1,379,0.017274,1.196846
trial_1,380,0.126179,1.350439
trial_1,381,0.296211,0.876819
trial_1,382,0.228389,1.224769
trial_1,383,0.706582,3.262506
trial_1,384,0.015750,1.053538
trial_1,385,0.293683,1.899823
trial_1,386,0.521984,6.220584
trial_1,387,0.919259,8.908588
trial_1,388,0.271973,1.220997
trial_1,389,0.273475,1.115362
trial_1,390,0.167419,1.777092
trial_1,391,0.115106,1.905571
trial_1,392,0.110186,1.448286
trial_1,393,0.298860,2.150492
trial_1,394,0.102524,1.689082
trial_1,395,0.342264,1.249960
trial_1,396,0.382038,1.449352
trial_1,397,0.074778,1.020676
trial_1,398,0.061544,1.044206
trial_1,399,0.088982,1.544497
trial_1,400,0.048741,1.080639
trial_1,401,0.552900,1.908084
trial_1,402,0.836404,4.432691
trial_1,403,0.007976,1.450350
trial_1,404,0.019861,0.836232
trial_1,405,0.121897,1.050317
trial_1,406,0.109395,0.892275
trial_1,407,0.097481,0.663393
trial_1,408,0.065043,1.191438
trial_1,409,0.100536,1.386851
trial_1,410,0.298321,1.568900
trial_1,411,0.856578,2.333968
trial_1,412,0.163647,1.415955
trial_1,413,0.092855,2.209105
trial_1,414,0.480994,1.399158
trial_1,415,0.196230,0.979703
trial_1,416,1.192094,19.296039
trial_1,417,0.369283,1.191864
trial_1,418,0.476399,1.569495
trial_1,419,0.179467,2.434992
trial_1,420,0.180965,1.466262
trial_1,421,0.066386,0.686993
trial_1,422,0.205618,1.624906
trial_1,423,0.134114,0.966569
trial_1,424,0.041136,0.884754
trial_1,425,0.054876,1.184486
trial_1,426,0.129054,1.082249
trial_1,427,0.147636,1.337644
trial_1,428,0.140911,1.816487
trial_1,429,0.013909,1.412865
trial_1,430,0.133173,1.352168
trial_1,431,0.039322,1.699228
trial_1,432,0.700767,1.554376
trial_1,433,0.123179,1.384831
trial_1,434,0.236012,2.046864
trial_1,435,2.971442,15.009209
trial_1,436,0.145518,1.496916
trial_1,437,0.180730,1.749340
trial_1,438,0.786465,2.679968
trial_1,439,0.027651,2.357859
trial_1,440,0.463002,2.976449
trial_1,441,0.796753,3.624747
trial_1,442,0.041152,1.341804
trial_1,443,0.014652,1.214293
trial_1,444,0.034190,1.138339
trial_1,445,0.559805,1.824198
trial_1,446,0.232214,1.456233
trial_1,447,0.173722,1.600370
trial_1,448,0.059655,1.200563
trial_1,449,0.211556,1.741200
trial_1,450,0.101653,2.625390
trial_1,451,0.051391,1.645069
trial_1,452,0.207251,1.547202
trial_1,453,0.354525,2.896950
trial_1,454,0.236120,1.354136
trial_1,455,0.066671,1.155858
trial_1,456,0.288856,1.796028
trial_1,457,0.097695,1.183715
trial_1,458,0.133825,1.177631
trial_1,459,0.107051,1.462504
trial_1,460,0.030667,1.126862
trial_1,461,0.034625,1.022088
trial_1,462,0.197252,1.658997
trial_1,463,0.210315,1.367805
trial_1,464,0.028463,1.018222
trial_1,465,0.144385,1.348620
trial_1,466,0.195680,1.476292
trial_1,467,0.079718,1.435547
trial_1,468,0.022447,0.968644
trial_1,469,0.490901,5.755964
trial_1,470,0.107538,1.365558
trial_1,471,0.542973,1.348301
trial_1,472,0.175876,1.535701
trial_1,473,0.056260,1.428103
trial_1,474,0.770193,7.190765
trial_1,475,1.132574,10.321329
trial_1,476,0.889515,8.381051
trial_1,477,0.006169,1.134358
trial_1,478,0.497177,1.555776
trial_1,479,0.189466,1.472078
trial_1,480,0.309282,1.100165
trial_1,481,0.453762,4.546147
trial_1,482,0.103350,1.750984
trial_1,483,0.054635,3.280275
trial_1,484,0.254398,3.331745
trial_1,485,0.038719,1.491746
trial_1,486,0.050110,1.474941
trial_1,487,0.271119,1.808067
trial_1,488,0.313330,1.356266
trial_1,489,0.271908,1.311147
trial_1,490,0.045341,1.220876
trial_1,491,0.039264,0.895637
trial_1,492,0.392829,1.382436
trial_1,493,0.405076,1.708323
trial_1,494,0.271012,1.149932
trial_1,495,0.011320,1.137159
trial_1,496,0.048242,1.592719
trial_1,497,0.255511,1.284258
trial_1,498,0.076451,0.935328
trial_1,499,0.248846,1.847913
trial_1,500,0.232446,2.917247
trial_1,501,0.010024,1.791053
trial_1,502,0.744134,1.307148
trial_1,503,0.347063,1.342060
trial_1,504,0.033614,1.033528
trial_1,505,0.252887,1.635800
trial_1,506,0.531202,1.460744
trial_1,507,1.017671,3.636122
trial_1,508,0.159227,1.040776
trial_1,509,0.068648,1.958056
trial_1,510,0.187828,1.520680
trial_1,511,0.126061,1.230583
trial_1,512,0.287011,7.082834
trial_1,513,0.087409,1.953905
trial_1,514,0.124396,2.022986
trial_1,515,1.821088,20.216748
trial_1,516,0.150393,1.655137
trial_1,517,1.342904,8.721015
trial_1,518,0.180228,1.616775
trial_1,519,0.608803,2.325042
trial_1,520,0.296430,1.695081
trial_1,521,0.106159,0.865245
trial_1,522,0.263498,1.711037
trial_1,523,0.187910,3.143584
trial_1,524,0.079234,1.364155
trial_1,525,0.296129,3.177605
trial_1,526,0.269109,1.330387
trial_1,527,0.106830,1.191037
trial_1,528,0.064919,1.921568
trial_1,529,0.082252,1.288320
trial_1,530,0.126914,1.427161
trial_1,531,0.098895,1.477345
trial_1,532,0.005165,1.387259
trial_1,533,0.424529,1.586506
trial_1,534,0.052324,1.182632
trial_1,535,0.035840,1.584886
trial_1,536,0.243126,2.268804
trial_1,537,0.679163,2.724972
trial_1,538,0.074545,1.313283
trial_1,539,0.328885,1.853317
trial_1,540,0.064437,1.442107
trial_1,541,0.142173,1.169546
trial_1,542,0.127549,5.275478
trial_1,543,0.036525,1.512744
trial_1,544,0.287711,1.047503
trial_1,545,0.013497,1.783467
trial_1,546,0.112421,1.385533
trial_1,547,0.259313,1.159045
trial_1,548,0.096745,1.209922
trial_1,549,0.012601,1.599071
trial_1,550,0.378144,1.894051
trial_1,551,0.275359,1.183039
trial_1,552,0.297781,2.003967
trial_1,553,0.461603,1.614356
trial_1,554,0.784417,4.261450
trial_1,555,0.011657,1.243327
trial_1,556,0.244437,1.092944
trial_1,557,0.413163,1.394309
trial_1,558,0.302554,1.011623
trial_1,559,0.273981,1.021798
trial_1,560,0.227320,1.642172
trial_1,561,0.345869,2.141667
trial_1,562,0.465666,1.992148
trial_1,563,0.007814,1.369909
trial_1,564,0.227810,1.229728
trial_1,565,0.327623,1.670155
trial_1,566,0.035355,1.188590
trial_1,567,0.043621,2.272375
trial_1,568,0.392224,1.355235
trial_1,569,0.049540,1.291168
trial_1,570,0.061902,2.015074
trial_1,571,0.534379,1.609386
trial_1,572,0.003172,1.036174
trial_1,573,0.388776,1.334608
trial_1,574,0.019695,1.447017
trial_1,575,0.414511,3.710508
trial_1,576,0.776677,7.893353
trial_1,577,0.101996,0.890486
trial_1,578,0.098427,3.098087
trial_1,579,0.145315,1.281928
trial_1,580,0.067342,1.322647
trial_1,581,0.272661,1.289989
trial_1,582,0.047766,1.321652
trial_1,583,0.159298,2.922264
trial_1,584,0.023244,1.213004
trial_1,585,0.354071,1.121319
trial_1,586,0.133705,1.403670
trial_1,587,0.129512,1.394960
trial_1,588,0.068444,1.201745
trial_1,589,6.921331,35.775831
trial_1,590,0.019100,1.965253
trial_1,591,0.378533,1.649410
trial_1,592,0.197910,1.890684
trial_1,593,0.219780,2.110496
trial_1,594,0.097095,1.432507
trial_1,595,0.555618,3.654853
trial_1,596,0.029067,1.112951
trial_1,597,0.052309,1.723586
trial_1,598,0.118522,1.111928
trial_1,599,0.163751,1.651754
trial_1,600,0.010657,1.860310
trial_1,601,1.132280,3.728820
trial_1,602,0.043531,1.578454
trial_1,603,0.161661,1.663736
trial_1,604,0.280013,1.642694
trial_1,605,0.178563,1.553088
trial_1,606,0.246229,0.972532
trial_1,607,0.215323,1.602080
trial_1,608,0.282892,1.254841
trial_1,609,0.022883,1.759632
trial_1,610,0.142404,1.562187
trial_1,611,0.188455,1.093755
trial_1,612,0.343844,0.865282
trial_1,613,0.264234,1.590598
trial_1,614,0.233919,2.839109
trial_1,615,0.230327,1.180997
trial_1,616,0.330464,1.767198
trial_1,617,0.055549,1.257704
trial_1,618,0.080289,1.104384
trial_1,619,2.812279,15.364832
trial_1,620,0.378448,1.625690
trial_1,621,0.126675,1.044804
trial_1,622,0.829430,5.965948
trial_1,623,0.281791,1.254037
trial_1,624,0.811184,2.871030
trial_1,625,0.650002,1.602847
trial_1,626,0.207687,1.548136
trial_1,627,0.565963,3.511996
trial_1,628,0.001392,2.357893
trial_1,629,0.406844,1.646903
trial_1,630,0.328469,1.357408
trial_1,631,0.092540,2.121985
trial_1,632,0.217944,1.432901
trial_1,633,0.216727,1.901832
trial_1,634,0.296148,3.387858
trial_1,635,0.427928,3.118788
trial_1,636,0.560583,2.330907
trial_1,637,0.430428,3.192399
trial_1,638,0.069909,1.327821
trial_1,639,0.203626,1.383321
trial_1,640,0.198546,1.357613
trial_1,641,0.477424,1.486003
trial_1,642,0.083645,1.848720
trial_1,643,0.089691,2.655548
trial_1,644,0.463937,2.739226
trial_1,645,0.174675,1.548775
trial_1,646,0.471009,4.511609
trial_1,647,0.289573,5.506886
trial_1,648,0.202586,15.584766
trial_1,649,0.195221,1.904388
trial_1,650,0.338851,3.099872
trial_1,651,0.507625,2.706462
trial_1,652,2.236066,9.178045
trial_1,653,0.049674,1.286163
trial_1,654,0.459824,1.805626
trial_1,655,0.206265,1.172955
trial_1,656,0.008129,2.851279
trial_1,657,0.512805,6.072655
trial_1,658,0.419677,2.197241
trial_1,659,0.080033,2.001990
trial_1,660,0.026331,1.853019
trial_1,661,0.417798,2.687068
trial_1,662,0.266529,1.484551
trial_1,663,0.448636,1.915925
trial_1,664,0.551857,1.646824
trial_1,665,0.229446,1.722504
trial_1,666,0.312974,3.452644
trial_1,667,0.061944,1.702609
trial_1,668,0.616507,1.793466
trial_1,669,0.188149,1.341801
trial_1,670,0.208289,1.646716
trial_1,671,0.193809,1.432254
trial_1,672,0.147912,1.050173
trial_1,673,3.468633,15.330379
trial_1,674,0.075716,1.434699
trial_1,675,0.031660,1.380157
trial_1,676,0.433114,3.016068
trial_1,677,0.037505,1.013135
trial_1,678,0.493605,1.377379
trial_1,679,0.751785,4.524080
trial_1,680,0.154394,1.535593
trial_1,681,0.088716,1.160547
trial_1,682,0.306293,2.633428
trial_1,683,0.097828,1.116083
trial_1,684,2.094064,11.451539
trial_1,685,1.083863,4.679766
trial_1,686,0.183146,2.037687
trial_1,687,0.286152,1.393149
trial_1,688,0.132111,1.314730
trial_1,689,0.283404,1.649676
trial_1,690,0.071999,1.719788
trial_1,691,0.016104,1.639459
trial_1,692,0.052606,1.249721
trial_1,693,0.054943,1.421654
trial_1,694,0.282040,1.506821
trial_1,695,0.093146,1.651691
trial_1,696,0.108233,3.161596
trial_1,697,0.337118,3.619273
trial_1,698,0.086242,1.079982
trial_1,699,0.053658,1.316315
trial_1,700,0.220042,1.497295
trial_1,701,0.058460,1.781079
trial_1,702,0.147316,1.462409
trial_1,703,0.377404,3.764796
trial_1,704,0.304651,1.357893
trial_1,705,0.122370,1.166428
trial_1,706,0.089510,1.496307
trial_1,707,0.216340,1.318219
trial_1,708,0.100814,1.004542
trial_1,709,0.247475,5.747316
trial_1,710,0.495747,2.794599
trial_1,711,0.314760,1.320054
trial_1,712,0.245737,1.513306
trial_1,713,0.225111,7.812209
trial_1,714,0.091476,1.206090
trial_1,715,0.055359,1.393789
trial_1,716,0.032884,3.173851
trial_1,717,0.193272,1.108672
trial_1,718,0.065297,1.648452
trial_1,719,0.029378,1.034592
trial_1,720,0.546109,2.729291
trial_1,721,0.122360,1.198930
trial_1,722,0.257138,1.400698
trial_1,723,0.170018,1.036449
trial_1,724,0.714283,10.244725
trial_1,725,0.253179,3.561228
trial_1,726,0.108955,3.515980
trial_1,727,0.183244,1.312235
trial_1,728,0.291432,1.771015
trial_1,729,0.444214,1.335931
trial_1,730,0.264981,1.374955
trial_1,731,0.040162,1.184427
trial_1,732,0.075365,1.247220
trial_1,733,0.028884,1.457069
trial_1,734,0.155618,1.053572
trial_1,735,0.374774,1.820922
trial_1,736,0.038869,1.900620
trial_1,737,0.191683,1.507083
trial_1,738,0.132193,2.749769
trial_1,739,0.090453,1.776280
trial_1,740,0.254074,1.146906
trial_1,741,0.170989,1.862206
trial_1,742,0.104544,1.320866
trial_1,743,0.300100,8.956404
trial_1,744,0.359283,1.604687
trial_1,745,0.218651,1.935141
trial_1,746,0.051753,1.209070
trial_1,747,0.531744,1.418982
trial_1,748,0.153886,1.207866
trial_1,749,0.170236,1.452873
trial_1,750,0.161415,1.144573
trial_1,751,0.198156,1.910410
trial_1,752,0.403085,1.039484
trial_1,753,0.483201,2.314854
trial_1,754,0.165832,0.921451
trial_1,755,0.059701,1.233454
trial_1,756,0.017850,1.253661
trial_1,757,0.143709,1.464955
trial_1,758,0.572546,2.005816
trial_1,759,0.068038,2.453279
trial_1,760,0.413367,2.035007
trial_1,761,0.441367,2.226098
trial_1,762,0.197064,2.143785
trial_1,763,0.439472,1.397001
trial_1,764,0.137694,1.938064
trial_1,765,0.224134,1.887563
trial_1,766,0.342603,2.618763
trial_1,767,0.049794,1.965874
trial_1,768,0.021845,1.399347
trial_1,769,0.012685,1.071718
trial_1,770,1.242104,12.273080
trial_1,771,0.097341,1.338424
trial_1,772,2.602036,41.846235
trial_1,773,0.506799,2.236513
trial_1,774,0.307126,2.451311
trial_1,775,0.006091,2.473407
trial_1,776,0.131452,3.282795
trial_1,777,0.606412,1.936052
trial_1,778,0.036036,1.733142
trial_1,779,0.031426,1.513981
trial_1,780,0.101308,1.375601
trial_1,781,0.213396,1.897754
trial_1,782,0.213305,1.499149
trial_1,783,0.255670,1.349041
trial_1,784,0.104691,1.251146
trial_1,785,0.321713,1.188932
trial_1,786,0.447020,2.345127
trial_1,787,0.487548,1.738115
trial_1,788,0.504717,6.587493
trial_1,789,0.259071,1.273284
trial_1,790,0.274507,2.144765
trial_1,791,0.487781,2.233054
trial_1,792,0.001364,1.505873
trial_1,793,0.381046,1.460991
trial_1,794,0.496404,2.429340
trial_1,795,0.171689,3.860935
trial_1,796,0.413141,1.845591
trial_1,797,0.001313,1.478099
trial_1,798,0.214060,1.525320
trial_1,799,0.447330,1.580219
trial_1,800,0.339422,1.856870
trial_1,801,0.115447,2.050293
trial_1,802,0.106308,1.403947
trial_1,803,0.128457,1.612521
trial_1,804,0.074797,1.844136
trial_1,805,0.045339,1.250579
trial_1,806,0.550328,4.598674
trial_1,807,0.061115,1.797036
trial_1,808,0.019608,1.334327
trial_1,809,0.112149,1.492071
trial_1,810,0.061638,1.200712
trial_1,811,0.183017,1.543286
trial_1,812,0.286000,3.198171
trial_1,813,0.125903,7.563207
trial_1,814,0.038488,8.758909
trial_1,815,0.029939,1.334766
trial_1,816,0.037071,1.774545
trial_1,817,0.305762,1.565944
trial_1,818,0.673812,2.926463
trial_1,819,0.466430,5.042856
trial_1,820,2.810397,13.478191
trial_1,821,0.203922,2.084414
trial_1,822,0.121132,2.094038
trial_1,823,0.139452,1.661885
trial_1,824,0.292038,1.521536
trial_1,825,0.189042,2.311410
trial_1,826,0.335864,10.021395
trial_1,827,0.092406,3.159760
trial_1,828,0.038564,1.958743
trial_1,829,0.386235,1.802368
trial_1,830,0.414841,1.268978
trial_1,831,0.662296,3.133869
trial_1,832,0.089384,1.849742
trial_1,833,0.148299,2.188050
trial_1,834,0.568609,1.672075
trial_1,835,0.132840,1.907000
trial_1,836,0.137810,1.539912
trial_1,837,0.031383,3.519706
trial_1,838,0.153466,1.676992
trial_1,839,0.070505,1.677697
trial_1,840,0.145483,1.787616
trial_1,841,0.679033,5.151818
trial_1,842,0.032947,1.295662
trial_1,843,0.515627,2.581572
trial_1,844,0.046559,1.636370
trial_1,845,0.098535,1.787938
trial_1,846,0.074276,1.697189
trial_1,847,0.024399,2.246861
trial_1,848,0.033129,2.945649
trial_1,849,0.226314,1.446669
trial_1,850,0.260903,1.576614
trial_1,851,0.196682,1.686543
trial_1,852,0.541818,2.981636
trial_1,853,0.391118,1.467720
trial_1,854,0.116740,1.432942
trial_1,855,0.117527,1.617861
trial_1,856,0.034057,3.110401
trial_1,857,0.224602,2.373344
trial_1,858,0.016323,1.391320
trial_1,859,0.080002,1.252668
trial_1,860,0.152987,1.503978
trial_1,861,0.015080,1.121994
trial_1,862,0.535032,1.665689
trial_1,863,0.362530,1.250608
trial_1,864,0.245823,1.261423
trial_1,865,0.110529,1.069320
trial_1,866,0.090937,2.075341
trial_1,867,0.006829,2.005190
trial_1,868,0.167366,2.046964
trial_1,869,0.624652,4.982737
trial_1,870,0.096240,1.656361
trial_1,871,0.297243,2.444553
trial_1,872,0.282101,3.488058
trial_1,873,0.578304,1.669911
trial_1,874,0.208213,1.218409
trial_1,875,0.026397,1.385361
trial_1,876,0.054043,1.408300
trial_1,877,0.358333,1.351781
trial_1,878,0.023615,1.126335
trial_1,879,0.292253,1.087611
trial_1,880,0.444163,2.978589
trial_1,881,0.286843,1.609146
trial_1,882,0.638461,1.606556
trial_1,883,0.189629,1.640489
trial_1,884,0.044538,3.443753
trial_1,885,0.085438,1.344329
trial_1,886,0.157370,0.999438
trial_1,887,0.557147,8.301684
trial_1,888,0.138267,1.798312
trial_1,889,0.255904,1.874252
trial_1,890,0.239976,1.850717
trial_1,891,0.271403,1.582458
trial_1,892,0.377807,1.721892
trial_1,893,0.450124,2.495032
trial_1,894,0.834927,2.730612
trial_1,895,0.548780,1.844567
trial_1,896,0.036635,1.582563
trial_1,897,0.244680,1.172193
trial_1,898,0.032376,2.013208
trial_1,899,0.158218,1.408291
trial_1,900,0.034788,1.929301
trial_1,901,0.225002,1.114041
trial_1,902,0.061204,2.406835
trial_1,903,0.221373,1.436298
trial_1,904,0.264654,1.022784
trial_1,905,0.482321,2.044293
trial_1,906,0.368106,1.796195
trial_1,907,0.223239,1.885837
trial_1,908,0.008167,1.432578
trial_1,909,0.642084,4.199814
trial_1,910,0.074004,1.352697
trial_1,911,0.320321,1.230698
trial_1,912,0.102847,1.885147
trial_1,913,0.470699,2.204000
trial_1,914,0.337443,1.169312
trial_1,915,0.097752,1.394700
trial_1,916,0.302529,1.486995
trial_1,917,0.005568,1.317453
trial_1,918,0.296392,1.348556
trial_1,919,0.849190,3.911761
trial_1,920,0.085857,1.544482
trial_1,921,0.207178,1.751595
trial_1,922,0.044376,1.809566
trial_1,923,0.168243,1.846841
trial_1,924,0.445503,6.631667
trial_1,925,0.885798,6.105629
trial_1,926,0.211239,2.020534
trial_1,927,0.205046,1.294436
trial_1,928,0.530213,2.272049
trial_1,929,0.113134,1.828839
trial_1,930,0.083513,1.698977
trial_1,931,0.375940,7.937069
trial_1,932,0.097700,1.406525
trial_1,933,0.516158,3.648221
trial_1,934,0.312003,2.481252
trial_1,935,0.385294,1.935752
trial_1,936,0.481510,3.904631
trial_1,937,0.094455,1.659799
trial_1,938,0.194187,1.145409
trial_1,939,0.130682,1.904082
trial_1,940,0.416892,1.764892
trial_1,941,0.427440,1.507365
trial_1,942,0.105841,1.333666
trial_1,943,0.113348,1.677771
trial_1,944,0.060703,2.297953
trial_1,945,0.032629,1.245317
trial_1,946,0.083732,1.134294
trial_1,947,0.363279,1.589202
trial_1,948,0.265025,2.545124
trial_1,949,0.080142,5.537058
trial_1,950,0.239971,1.357492
trial_1,951,0.111086,1.442301
trial_1,952,0.368583,1.358427
trial_1,953,0.110038,1.437948
trial_1,954,0.243741,1.780819
trial_1,955,0.009311,1.602651
trial_1,956,0.059353,1.610170
trial_1,957,1.574795,7.371936
trial_1,958,0.144820,2.274539
trial_1,959,0.531417,2.817354
trial_1,960,0.654138,4.229409
trial_1,961,0.336292,2.297154
trial_1,962,2.504481,18.038356
trial_1,963,0.110090,2.561015
trial_1,964,0.541783,1.775627
trial_1,965,0.196423,1.374611
trial_1,966,0.280573,2.235856
trial_1,967,0.087505,3.784347
trial_1,968,0.222589,1.687972
trial_1,969,0.013018,1.820124
trial_1,970,0.302000,2.100784
trial_1,971,0.355522,2.049639
trial_1,972,0.380471,3.264053
trial_1,973,0.078465,0.976035
trial_1,974,0.510762,3.037142
trial_1,975,0.465236,2.685025
trial_1,976,0.102072,1.759053
trial_1,977,0.139679,1.653394
trial_1,978,0.371926,1.603815
trial_1,979,0.196922,1.537272
trial_1,980,0.009484,1.795080
trial_1,981,0.165957,1.781547
trial_1,982,0.226730,2.310099
trial_1,983,0.571810,1.676379
trial_1,984,0.050116,1.828531
trial_1,985,0.356991,1.479412
trial_1,986,0.151643,1.601678
trial_1,987,0.071466,1.220651
trial_1,988,0.867931,8.235204
trial_1,989,0.107355,1.995931
trial_1,990,0.324482,2.588654
trial_1,991,0.049597,1.952955
trial_1,992,0.115458,2.589734
trial_1,993,0.399492,1.960344
trial_1,994,0.149766,2.193843
trial_1,995,0.118410,1.424137
trial_1,996,0.092165,1.611857
trial_1,997,1.547463,10.565894
trial_1,998,0.681026,1.609168
trial_1,999,0.259145,1.420768
trial_1,1000,0.001097,1.705468
trial_2,1,0.374586,1.877257
trial_2,2,0.162766,1.289794
trial_2,3,0.041527,2.123714
trial_2,4,0.053471,1.421214
trial_2,5,0.082029,1.959192
trial_2,6,0.072772,1.879654
trial_2,7,0.057208,1.858478
trial_2,8,0.343406,2.136024
trial_2,9,0.845416,6.267918
trial_2,10,0.549248,2.573607
trial_2,11,0.285495,1.877993
trial_2,12,0.160379,1.323178
trial_2,13,1.832820,8.445245
trial_2,14,0.124865,1.505886
trial_2,15,0.080391,1.813167
trial_2,16,0.437371,1.455354
trial_2,17,0.023660,2.274633
trial_2,18,0.502000,1.857503
trial_2,19,0.062601,1.658615
trial_2,20,0.064603,1.471742
trial_2,21,0.034832,3.027368
trial_2,22,0.319541,1.793853
trial_2,23,0.326429,1.916686
trial_2,24,0.242235,2.404836
trial_2,25,0.023836,1.632522
trial_2,26,0.404156,4.170086
trial_2,27,0.020984,2.043683
trial_2,28,0.586890,11.129415
trial_2,29,0.251516,1.532126
trial_2,30,0.019225,1.572850
trial_2,31,0.291382,1.775986
trial_2,32,0.177299,1.422602
trial_2,33,0.000407,2.133059
trial_2,34,2.106862,17.184564
trial_2,35,0.549478,2.262490
trial_2,36,0.390392,2.039786
trial_2,37,0.304372,3.003265
trial_2,38,0.083628,1.563346
trial_2,39,0.298967,2.217079
trial_2,40,0.150967,2.568355
trial_2,41,0.212841,1.054302
trial_2,42,0.115037,1.729821
trial_2,43,0.078660,1.440404
trial_2,44,0.258000,1.724422
trial_2,45,0.096648,1.421818
trial_2,46,0.105175,1.769869
trial_2,47,0.048696,1.644985
trial_2,48,0.012940,1.579017
trial_2,49,0.051363,2.025143
trial_2,50,0.282258,1.362664
trial_2,51,0.148605,1.534059
trial_2,52,0.182227,1.061297
trial_2,53,0.702293,3.915824
trial_2,54,0.264329,2.455712
trial_2,55,0.261676,1.704143
trial_2,56,0.212427,2.058721
trial_2,57,0.175251,1.567528
trial_2,58,0.128935,1.697153
trial_2,59,0.028477,1.340303
trial_2,60,0.016772,6.039975
trial_2,61,0.124285,1.527575
trial_2,62,0.427193,1.443767
trial_2,63,0.057547,1.729938
trial_2,64,0.293787,1.335872
trial_2,65,0.197389,2.206429
trial_2,66,0.312972,1.640387
trial_2,67,0.305895,1.759161
trial_2,68,2.695215,7.196472
trial_2,69,0.115591,1.530122
trial_2,70,0.206801,1.892586
trial_2,71,0.193889,2.476028
trial_2,72,0.234348,2.285621
trial_2,73,0.066074,1.876471
trial_2,74,0.508347,1.760768
trial_2,75,0.092074,1.326883
trial_2,76,0.102785,1.800333
trial_2,77,0.153932,1.165314
trial_2,78,0.006885,0.957392
trial_2,79,0.187694,1.776802
trial_2,80,0.160496,1.735453
trial_2,81,1.070760,6.726088
trial_2,82,0.077692,5.242331
trial_2,83,0.178559,1.141622
trial_2,84,0.975055,9.087264
trial_2,85,0.452034,8.298097
trial_2,86,0.750391,4.500034
trial_2,87,0.513725,2.272967
trial_2,88,0.126150,2.135005
trial_2,89,0.101727,1.964468
trial_2,90,0.323742,1.728279
trial_2,91,0.248364,1.560274
trial_2,92,0.233770,2.532477
trial_2,93,0.014608,4.840433
trial_2,94,0.090507,1.662473
trial_2,95,0.039106,1.386691
trial_2,96,0.085822,1.063615
trial_2,97,0.329653,1.614241
trial_2,98,0.171429,4.060086
trial_2,99,0.322622,2.310645
trial_2,100,0.143159,1.402987
trial_2,101,0.185474,1.548088
trial_2,102,0.274270,1.748956
trial_2,103,0.167129,1.998407
trial_2,104,0.188935,1.006811
trial_2,105,0.012590,1.423950
trial_2,106,0.083911,1.697516
trial_2,107,0.006959,1.687345
trial_2,108,0.463507,9.100308
trial_2,109,0.216166,2.515672
trial_2,110,0.247867,2.381722
trial_2,111,0.095686,1.885405
trial_2,112,0.461651,2.199288
trial_2,113,0.341489,3.375066
trial_2,114,0.360839,1.963376
trial_2,115,0.105943,2.926230
trial_2,116,0.315049,1.256774
trial_2,117,0.135903,1.973305
trial_2,118,0.211312,1.244131
trial_2,119,0.392746,2.392500
trial_2,120,0.305964,2.294968
trial_2,121,0.024288,1.422487
trial_2,122,0.166436,1.727150
trial_2,123,0.119027,1.573644
trial_2,124,0.330147,2.345987
trial_2,125,0.097305,1.772643
trial_2,126,0.183129,4.162707
trial_2,127,0.439674,1.785371
trial_2,128,0.187011,1.460949
trial_2,129,0.272398,2.241643
trial_2,130,1.706852,7.173119
trial_2,131,0.111770,1.966808
trial_2,132,0.146243,2.064019
trial_2,133,0.817827,8.066656
trial_2,134,0.462032,1.735075
trial_2,135,0.108721,1.640028
trial_2,136,0.056573,1.425260
trial_2,137,0.043132,3.211983
trial_2,138,0.050727,1.543462
trial_2,139,0.036091,1.602766
trial_2,140,0.148825,1.340476
trial_2,141,0.066835,1.956469
trial_2,142,0.448135,1.976622
trial_2,143,0.741917,7.335176
trial_2,144,0.009655,2.108043
trial_2,145,0.312225,1.551507
trial_2,146,0.475365,2.059620
trial_2,147,1.072237,4.387399
trial_2,148,0.279464,1.579116
trial_2,149,0.591183,8.159008
trial_2,150,0.139329,1.711764
trial_2,151,0.109750,1.671095
trial_2,152,0.483929,1.976158
trial_2,153,0.043099,2.088689
trial_2,154,0.177751,1.846694
trial_2,155,0.200688,1.793018
trial_2,156,0.053106,1.263967
trial_2,157,0.302859,2.592522
trial_2,158,0.129197,2.373268
trial_2,159,0.251570,1.798921
trial_2,160,0.201444,1.864281
trial_2,161,0.018277,1.336623
trial_2,162,0.094945,1.613663
trial_2,163,0.113693,1.814674
trial_2,164,0.188564,1.778008
trial_2,165,0.142192,1.621669
trial_2,166,0.099769,1.986181
trial_2,167,0.139386,1.746803
trial_2,168,0.064742,1.686952
trial_2,169,0.373454,1.288459
trial_2,170,0.064383,1.605977
trial_2,171,0.618253,2.567068
trial_2,172,0.101741,1.045160
trial_2,173,0.089782,0.947294
trial_2,174,0.049101,1.358125
trial_2,175,0.261191,1.575697
trial_2,176,0.100173,2.004389
trial_2,177,0.065065,2.182094
trial_2,178,0.381083,1.684182
trial_2,179,0.272366,1.254952
trial_2,180,0.176964,3.613589
trial_2,181,0.455976,3.116632
trial_2,182,0.221283,1.239351
trial_2,183,0.134250,1.672510
trial_2,184,0.173782,2.673581
trial_2,185,0.182155,1.659961
trial_2,186,0.062022,1.555704
trial_2,187,0.119899,1.908210
trial_2,188,0.088837,1.119173
trial_2,189,0.145902,2.273302
trial_2,190,0.363907,1.638123
trial_2,191,0.010844,1.706109
trial_2,192,0.277299,1.371189
trial_2,193,0.334282,1.911919
trial_2,194,0.171663,1.685736
trial_2,195,0.339439,1.656096
trial_2,196,0.218016,1.462547
trial_2,197,0.065593,1.678782
trial_2,198,0.107988,1.710826
trial_2,199,0.346886,2.153412
trial_2,200,0.072790,1.318080
trial_2,201,0.220582,1.439741
trial_2,202,0.109848,1.328375
trial_2,203,0.088641,1.433263
trial_2,204,0.317440,1.258846
trial_2,205,0.255081,1.975819
trial_2,206,0.169818,1.561509
trial_2,207,0.126056,1.249852
trial_2,208,0.132969,1.513431
trial_2,209,0.385210,5.467572
trial_2,210,1.133034,5.867925
trial_2,211,0.271968,2.219343
trial_2,212,0.181122,1.205498
trial_2,213,0.134871,1.434979
trial_2,214,0.222986,1.541145
trial_2,215,0.495241,1.772873
trial_2,216,0.139699,1.645603
trial_2,217,0.177801,1.671933
trial_2,218,0.484431,2.862496
trial_2,219,4.377465,26.702478
trial_2,220,0.236999,3.494337
trial_2,221,0.127152,1.633904
trial_2,222,0.493731,1.670730
trial_2,223,0.426685,1.390266
trial_2,224,0.424544,1.298316
trial_2,225,0.162836,1.868110
trial_2,226,0.077434,1.885463
trial_2,227,0.060935,1.091987
trial_2,228,0.368432,1.704608
trial_2,229,0.316387,2.177555
trial_2,230,0.084094,1.909399
trial_2,231,0.496539,2.578583
trial_2,232,0.123483,1.435049
trial_2,233,0.282539,2.250406
trial_2,234,0.050248,1.737251
trial_2,235,0.649389,2.184253
trial_2,236,0.136244,1.554873
trial_2,237,0.282361,1.681554
trial_2,238,0.062867,1.106960
trial_2,239,0.131538,1.451174
trial_2,240,0.031865,1.947135
trial_2,241,0.259966,1.146978
trial_2,242,0.083000,1.349838
trial_2,243,0.698158,2.072999
trial_2,244,0.221594,2.243352
trial_2,245,0.108857,6.327652
trial_2,246,0.136147,1.312753
trial_2,247,0.016999,1.429462
trial_2,248,0.164306,1.414690
trial_2,249,0.249108,2.023419
trial_2,250,0.147121,1.504495
trial_2,251,0.278436,1.174452
trial_2,252,0.060899,1.386590
trial_2,253,0.006474,1.431244
trial_2,254,0.380144,7.440576
trial_2,255,2.483035,16.660674
trial_2,256,0.002973,1.442449
trial_2,257,0.320070,4.059433
trial_2,258,0.064918,1.499093
trial_2,259,0.166740,1.497346
trial_2,260,0.069929,1.344301
trial_2,261,0.106913,2.068259
trial_2,262,0.570783,2.122182
trial_2,263,0.129882,1.571640
trial_2,264,0.240310,1.701627
trial_2,265,0.086608,1.861868
trial_2,266,0.415266,1.483879
trial_2,267,0.181205,2.386999
trial_2,268,0.365791,1.732863
trial_2,269,0.086059,1.601302
trial_2,270,0.009865,1.172296
trial_2,271,0.117936,1.610222
trial_2,272,0.116658,1.890308
trial_2,273,0.270003,1.449414
trial_2,274,0.005828,1.485010
trial_2,275,0.156071,1.326111
trial_2,276,1.044618,5.195506
trial_2,277,0.568124,1.932458
trial_2,278,0.164848,1.724682
trial_2,279,0.055549,1.808194
trial_2,280,0.601270,2.923526
trial_2,281,0.406606,3.833487
trial_2,282,1.478809,5.239630
trial_2,283,0.362288,2.609225
trial_2,284,0.071823,1.701031
trial_2,285,0.485656,1.435455
trial_2,286,0.001384,2.040888
trial_2,287,0.098926,1.674424
trial_2,288,0.123003,2.616510
trial_2,289,0.014191,1.993983
trial_2,290,0.168285,2.152050
trial_2,291,0.045011,2.260546
trial_2,292,0.126718,3.092143
trial_2,293,0.378741,2.132094
trial_2,294,0.356178,1.955059
trial_2,295,0.341585,2.472099
trial_2,296,0.462711,2.747105
trial_2,297,0.151663,1.625970
trial_2,298,0.077882,1.804567
trial_2,299,0.507658,1.581354
trial_2,300,0.150929,1.852682
trial_2,301,0.116924,1.924618
trial_2,302,0.130313,2.033814
trial_2,303,0.065446,1.883300
trial_2,304,0.068034,1.031017
trial_2,305,0.301714,2.251472
trial_2,306,0.053125,1.742792
trial_2,307,0.574307,2.116976
trial_2,308,0.488394,3.728432
trial_2,309,0.184649,1.652090
trial_2,310,0.047851,4.449903
trial_2,311,0.047355,3.539101
trial_2,312,0.682302,6.109511
trial_2,313,0.666005,1.747090
trial_2,314,0.581169,2.237740
trial_2,315,0.493967,2.654916
trial_2,316,0.172019,1.910959
trial_2,317,0.097892,1.371551
trial_2,318,0.498326,1.598571
trial_2,319,0.467576,2.187845
trial_2,320,0.374588,6.744994
trial_2,321,0.870410,3.492253
trial_2,322,0.148326,1.826294
trial_2,323,0.216937,2.877996
trial_2,324,0.213103,1.968620
trial_2,325,0.342569,1.759228
trial_2,326,0.038045,1.638737
trial_2,327,0.219553,1.593710
trial_2,328,0.631333,2.263958
trial_2,329,1.042196,8.545044
trial_2,330,0.902919,3.838549
trial_2,331,0.401758,2.018880
trial_2,332,0.004691,1.261421
trial_2,333,0.005948,2.968964
trial_2,334,0.286676,2.093701
trial_2,335,0.322123,1.566283
trial_2,336,0.514261,2.206444
trial_2,337,0.162142,2.741011
trial_2,338,0.059138,5.518727
trial_2,339,0.676266,1.836070
trial_2,340,0.107647,1.970106
trial_2,341,0.126497,12.218715
trial_2,342,0.154716,1.375171
trial_2,343,0.409158,2.064490
trial_2,344,0.411512,5.840643
trial_2,345,4.320136,21.654209
trial_2,346,0.727989,8.516126
trial_2,347,0.466446,1.723537
trial_2,348,0.454805,5.570607
trial_2,349,0.584338,1.616362
trial_2,350,0.016373,2.613034
trial_2,351,0.986938,4.889375
trial_2,352,0.281424,2.326364
trial_2,353,0.001436,2.173260
trial_2,354,0.691712,3.410640
trial_2,355,0.023870,1.373489
trial_2,356,0.763071,2.029131
trial_2,357,0.404875,4.031863
trial_2,358,0.088112,2.319219
trial_2,359,0.029700,1.718871
trial_2,360,0.031207,1.717721
trial_2,361,0.282521,4.583257
trial_2,362,0.024845,6.513858
trial_2,363,0.013321,1.701159
trial_2,364,0.312717,1.788289
trial_2,365,0.266169,1.692993
trial_2,366,0.074136,1.572151
trial_2,367,0.417014,1.176038
trial_2,368,0.005523,1.621095
trial_2,369,0.011414,1.549055
trial_2,370,0.024025,2.232481
trial_2,371,0.078708,1.546233
trial_2,372,0.042251,1.508828
trial_2,373,0.746898,2.475936
trial_2,374,0.403342,7.410114
trial_2,375,0.382636,1.758918
trial_2,376,0.070543,1.848221
trial_2,377,0.070499,2.057753
trial_2,378,0.187728,1.653617
trial_2,379,0.071630,1.915466
trial_2,380,0.346778,1.958729
trial_2,381,0.161634,1.114011
trial_2,382,0.142744,1.624926
trial_2,383,0.792719,3.018651
trial_2,384,0.087868,1.750018
trial_2,385,0.540948,2.009038
trial_2,386,0.529862,6.457255
trial_2,387,1.210997,9.040710
trial_2,388,0.259922,1.588933
trial_2,389,0.221922,1.374827
trial_2,390,0.185000,2.132336
trial_2,391,0.101867,1.808285
trial_2,392,0.115003,1.853401
trial_2,393,0.491002,2.141671
trial_2,394,0.117564,1.918252
trial_2,395,0.242770,1.717067
trial_2,396,0.522119,2.220828
trial_2,397,0.203996,1.392922
trial_2,398,0.085470,1.315241
trial_2,399,0.011333,1.902640
trial_2,400,0.086530,1.292618
trial_2,401,0.253568,2.417597
trial_2,402,0.800647,4.283473
trial_2,403,0.219527,1.949295
trial_2,404,0.076460,1.060721
trial_2,405,0.176038,1.718175
trial_2,406,0.135960,1.205583
trial_2,407,0.094823,0.890969
trial_2,408,0.070315,1.980016
trial_2,409,0.201165,1.968513
trial_2,410,0.316083,2.030196
trial_2,411,0.670146,2.399965
trial_2,412,0.173676,1.600444
trial_2,413,0.044073,1.929027
trial_2,414,0.508730,2.160270
trial_2,415,0.194643,1.501420
trial_2,416,1.123666,19.857440
trial_2,417,0.344997,1.895219
trial_2,418,0.579293,1.772841
trial_2,419,0.650851,2.514374
trial_2,420,0.293473,1.718628
trial_2,421,0.129575,1.011834
trial_2,422,0.014969,1.893994
trial_2,423,0.115921,1.335613
trial_2,424,0.198179,1.754794
trial_2,425,0.112531,1.773035
trial_2,426,0.205159,1.665740
trial_2,427,0.004360,1.726191
trial_2,428,0.043159,2.684305
trial_2,429,0.107302,2.011673
trial_2,430,0.054026,1.430417
trial_2,431,0.069334,1.821620
trial_2,432,0.608331,1.970191
trial_2,433,0.205404,1.648977
trial_2,434,0.474495,2.494244
trial_2,435,1.311282,14.743764
trial_2,436,0.296732,1.665693
trial_2,437,0.491534,1.983025
trial_2,438,0.250224,2.586489
trial_2,439,0.047258,2.720039
trial_2,440,0.269127,3.634974
trial_2,441,1.015047,3.842131
trial_2,442,0.330271,1.542111
trial_2,443,0.104881,1.441626
trial_2,444,0.014450,1.565092
trial_2,445,0.634668,2.535069
trial_2,446,0.290949,1.451838
trial_2,447,0.319107,1.968446
trial_2,448,0.489951,1.730511
trial_2,449,0.116796,1.878639
trial_2,450,0.044103,2.457344
trial_2,451,0.430267,2.492185
trial_2,452,0.199485,1.809873
trial_2,453,0.233617,2.859970
trial_2,454,0.075677,1.725997
trial_2,455,0.357997,1.465637
trial_2,456,0.405121,2.127346
trial_2,457,0.162808,1.670787
trial_2,458,0.165089,1.654597
trial_2,459,0.004379,1.972616
trial_2,460,0.310259,1.692749
trial_2,461,0.141287,1.195241
trial_2,462,0.183819,1.976563
trial_2,463,0.070387,1.623133
trial_2,464,0.092390,1.335427
trial_2,465,0.150524,1.962314
trial_2,466,0.012838,1.952140
trial_2,467,0.206744,1.717573
trial_2,468,0.113537,1.274080
trial_2,469,0.515791,5.956438
trial_2,470,0.032392,2.019986
trial_2,471,0.337868,1.405950
trial_2,472,0.230890,1.908116
trial_2,473,0.151287,1.810084
trial_2,474,1.510884,6.741994
trial_2,475,0.537220,8.629031
trial_2,476,0.048635,7.969566
trial_2,477,0.022607,1.634755
trial_2,478,0.491119,1.925095
trial_2,479,0.190786,2.016409
trial_2,480,0.272841,1.683906
trial_2,481,0.717459,4.675087
trial_2,482,0.132043,2.241456
trial_2,483,0.096804,3.230575
trial_2,484,0.022660,3.298583
trial_2,485,0.109164,1.998033
trial_2,486,0.175614,2.127938
trial_2,487,0.127564,2.483519
trial_2,488,0.376251,1.667543
trial_2,489,0.050307,1.402109
trial_2,490,0.076739,1.278198
trial_2,491,0.042762,1.306437
trial_2,492,0.066766,1.542806
trial_2,493,0.283419,2.530160
trial_2,494,0.376299,1.443982
trial_2,495,0.205292,1.648216
trial_2,496,0.130931,2.212115
trial_2,497,0.190835,1.723485
trial_2,498,0.073701,1.550127
trial_2,499,0.090400,2.202631
trial_2,500,0.062862,2.719966
trial_2,501,0.329429,2.516216
trial_2,502,0.191519,1.631077
trial_2,503,0.154562,1.516574
trial_2,504,0.242896,1.483026
trial_2,505,0.030929,2.463562
trial_2,506,0.161896,1.631415
trial_2,507,0.906022,4.041927
trial_2,508,0.104244,1.253482
trial_2,509,0.059869,2.294960
trial_2,510,0.312177,2.052405
trial_2,511,0.097957,2.089956
trial_2,512,0.652658,8.303739
trial_2,513,0.072246,2.410388
trial_2,514,0.189684,2.253570
trial_2,515,0.805546,21.365541
trial_2,516,0.366200,2.181365
trial_2,517,1.006867,7.367506
trial_2,518,0.569763,2.364949
trial_2,519,0.596056,2.613935
trial_2,520,0.061788,2.220137
trial_2,521,0.053180,1.192003
trial_2,522,0.240069,1.873892
trial_2,523,0.327529,3.747490
trial_2,524,0.055371,1.666534
trial_2,525,0.348031,3.494870
trial_2,526,0.226449,1.704271
trial_2,527,0.147644,1.934182
trial_2,528,0.030013,1.995096
trial_2,529,0.321075,1.481920
trial_2,530,0.207765,1.679042
trial_2,531,0.116788,1.719726
trial_2,532,0.548145,1.680528
trial_2,533,0.266932,1.822516
trial_2,534,0.069448,1.589774
trial_2,535,0.002774,1.964792
trial_2,536,0.281664,2.680450
trial_2,537,0.437273,2.883142
trial_2,538,0.018938,1.911695
trial_2,539,0.669688,2.060282
trial_2,540,0.065295,1.780399
trial_2,541,0.004335,1.803806
trial_2,542,0.842941,6.222936
trial_2,543,0.006875,1.837154
trial_2,544,0.126461,1.727838
trial_2,545,0.153632,2.473140
trial_2,546,0.177195,1.537682
trial_2,547,0.312912,1.777786
trial_2,548,0.534628,1.947454
trial_2,549,0.026159,1.788121
trial_2,550,0.317962,2.304101
trial_2,551,0.174105,1.492816
trial_2,552,0.541842,2.422566
trial_2,553,0.428559,1.946839
trial_2,554,0.750261,4.151301
trial_2,555,0.106372,1.720909
trial_2,556,0.335173,1.283088
trial_2,557,0.006210,1.445071
trial_2,558,0.121201,1.157469
trial_2,559,0.327024,1.541195
trial_2,560,0.058435,1.817656
trial_2,561,0.869813,2.765539
trial_2,562,0.711396,2.640943
trial_2,563,0.221771,1.853403
trial_2,564,0.210326,1.794494
trial_2,565,0.304637,1.737669
trial_2,566,0.058903,1.448741
trial_2,567,0.341504,2.527501
trial_2,568,0.128578,1.477415
trial_2,569,0.304609,1.656202
trial_2,570,0.171553,2.539727
trial_2,571,0.408322,2.102872
trial_2,572,0.016827,1.597103
trial_2,573,0.473962,1.773208
trial_2,574,0.090609,2.105202
trial_2,575,0.001742,2.985563
trial_2,576,0.611058,7.208088
trial_2,577,0.170768,1.288356
trial_2,578,0.133617,3.137938
trial_2,579,0.042388,1.717878
trial_2,580,0.263206,1.977569
trial_2,581,0.190880,1.430959
trial_2,582,0.436224,1.923496
trial_2,583,0.039313,3.122613
trial_2,584,0.081191,1.479447
trial_2,585,0.074832,1.358541
trial_2,586,0.426214,1.895125
trial_2,587,0.213032,1.813438
trial_2,588,0.123064,1.466575
trial_2,589,8.588208,37.490150
trial_2,590,0.310884,2.197594
trial_2,591,0.431861,1.976884
trial_2,592,0.060160,1.695017
trial_2,593,0.128260,2.337870
trial_2,594,0.278810,1.938615
trial_2,595,0.155450,3.754030
trial_2,596,0.100920,1.261619
trial_2,597,0.092093,1.871739
trial_2,598,0.407140,1.655148
trial_2,599,0.136858,1.952804
trial_2,600,0.401580,2.279793
trial_2,601,0.995152,3.646038
trial_2,602,0.044771,1.997270
trial_2,603,0.031711,1.984375
trial_2,604,0.383241,2.150590
trial_2,605,0.016967,1.726979
trial_2,606,0.006518,1.122611
trial_2,607,0.050801,2.094058
trial_2,608,0.226154,1.302926
trial_2,609,0.336482,1.962896
trial_2,610,0.148094,2.079110
trial_2,611,0.236690,1.530422
trial_2,612,0.141644,1.090331
trial_2,613,0.763737,1.933931
trial_2,614,0.349090,2.785660
trial_2,615,0.260837,1.287049
trial_2,616,0.216223,1.808430
trial_2,617,0.248282,1.474809
trial_2,618,0.069420,1.614173
trial_2,619,1.894809,14.620260
trial_2,620,0.516824,1.946736
trial_2,621,0.073629,1.505196
trial_2,622,0.613316,5.844544
trial_2,623,0.120832,1.495081
trial_2,624,0.487026,2.969783
trial_2,625,0.599255,1.928490
trial_2,626,0.188949,1.747487
trial_2,627,0.631658,3.743637
trial_2,628,0.367494,2.605125
trial_2,629,0.074621,2.159691
trial_2,630,0.425149,2.158295
trial_2,631,0.021628,2.566687
trial_2,632,0.325635,1.680085
trial_2,633,0.026002,2.015719
trial_2,634,0.302377,3.434505
trial_2,635,0.493555,3.120629
trial_2,636,0.073396,2.543512
trial_2,637,0.009748,2.962358
trial_2,638,0.194555,1.851292
trial_2,639,0.073806,1.617915
trial_2,640,0.089648,1.760907
trial_2,641,0.344840,1.746628
trial_2,642,0.101483,2.120520
trial_2,643,0.100281,2.738261
trial_2,644,0.614850,2.884535
trial_2,645,0.359033,1.888293
trial_2,646,0.515851,4.060821
trial_2,647,0.231513,6.061005
trial_2,648,0.540277,13.822695
trial_2,649,0.398263,1.931490
trial_2,650,0.406148,3.886323
trial_2,651,0.886655,2.736268
trial_2,652,1.594142,9.820432
trial_2,653,0.027366,1.369654
trial_2,654,0.082065,1.808604
trial_2,655,0.183373,1.203073
trial_2,656,0.117133,3.217142
trial_2,657,0.377093,5.755290
trial_2,658,0.205838,2.183311
trial_2,659,0.123076,2.137895
trial_2,660,0.070916,2.269599
trial_2,661,0.051462,3.009683
trial_2,662,0.329515,1.947479
trial_2,663,0.181911,2.264408
trial_2,664,0.832826,2.390305
trial_2,665,0.250959,1.975199
trial_2,666,0.796245,3.907511
trial_2,667,0.073275,2.073218
trial_2,668,0.250511,2.080962
trial_2,669,0.390532,1.889646
trial_2,670,0.185475,2.380924
trial_2,671,0.281094,1.778864
trial_2,672,0.020391,1.627220
trial_2,673,3.729412,15.520905
trial_2,674,0.171015,1.939654
trial_2,675,0.269237,1.738241
trial_2,676,0.009520,3.385214
trial_2,677,0.019122,1.208626
trial_2,678,0.600254,1.579009
trial_2,679,0.290604,4.631938
trial_2,680,0.170716,1.814958
trial_2,681,0.252356,1.466840
trial_2,682,0.371254,2.755690
trial_2,683,0.119648,1.498417
trial_2,684,1.322775,10.723866
trial_2,685,1.802884,5.510045
trial_2,686,0.126469,2.006116
trial_2,687,0.304475,1.849525
trial_2,688,0.366114,1.460866
trial_2,689,0.193834,1.937365
trial_2,690,0.141468,1.913535
trial_2,691,0.033024,2.164737
trial_2,692,0.232916,1.575353
trial_2,693,0.026426,1.954925
trial_2,694,0.574636,1.903270
trial_2,695,0.083847,1.928994
trial_2,696,0.130440,3.579265
trial_2,697,0.050001,3.562245
trial_2,698,0.084754,1.322349
trial_2,699,0.100252,1.678849
trial_2,700,0.365672,1.908748
trial_2,701,0.435426,2.252886
trial_2,702,0.258330,2.125333
trial_2,703,0.219771,3.613988
trial_2,704,0.360951,1.555493
trial_2,705,0.251480,1.230439
trial_2,706,0.170763,1.764780
trial_2,707,0.015218,1.582397
trial_2,708,0.050406,1.418132
trial_2,709,1.248125,5.842770
trial_2,710,0.262432,3.014264
trial_2,711,0.098374,1.445585
trial_2,712,0.209343,1.754298
trial_2,713,0.481837,7.961299
trial_2,714,0.048552,1.489015
trial_2,715,0.375232,1.813045
trial_2,716,0.151802,3.712240
trial_2,717,0.319583,1.394569
trial_2,718,0.309846,1.777758
trial_2,719,0.142917,1.180584
trial_2,720,0.795079,3.416964
trial_2,721,0.069318,1.869917
trial_2,722,0.203883,1.664828
trial_2,723,0.067727,1.233025
trial_2,724,0.819011,9.912574
trial_2,725,0.007245,3.421192
trial_2,726,0.285259,3.835538
trial_2,727,0.051336,1.714548
trial_2,728,0.176812,1.967186
trial_2,729,0.241222,1.435543
trial_2,730,0.108273,1.543960
trial_2,731,0.474398,1.360319
trial_2,732,0.242780,1.767892
trial_2,733,0.039380,1.761472
trial_2,734,0.234769,1.450103
trial_2,735,0.093301,2.049809
trial_2,736,0.090385,2.240750
trial_2,737,0.109449,1.960892
trial_2,738,0.363920,2.497489
trial_2,739,0.283669,2.015324
trial_2,740,0.237917,1.100754
trial_2,741,0.090266,1.992545
trial_2,742,0.255234,1.484533
trial_2,743,2.136760,9.609076
trial_2,744,0.159999,1.470825
trial_2,745,0.085760,2.159672
trial_2,746,0.059241,1.406196
trial_2,747,0.256065,1.371877
trial_2,748,0.015072,1.464180
trial_2,749,0.042825,1.522986
trial_2,750,0.104981,1.537350
trial_2,751,0.197088,2.122103
trial_2,752,0.144506,1.108289
trial_2,753,0.492323,2.429098
trial_2,754,0.473780,1.192454
trial_2,755,0.010425,1.498411
trial_2,756,0.064976,1.604843
trial_2,757,0.124805,1.659268
trial_2,758,0.137346,1.794542
trial_2,759,0.283772,2.404593
trial_2,760,0.019068,2.131357
trial_2,761,0.461400,2.355639
trial_2,762,0.230091,2.567372
trial_2,763,0.255860,1.809520
trial_2,764,0.324000,2.112374
trial_2,765,0.276381,1.778673
trial_2,766,1.358615,3.108943
trial_2,767,0.208951,2.032980
trial_2,768,0.027299,1.928807
trial_2,769,0.415730,1.491220
trial_2,770,1.182573,13.785749
trial_2,771,0.084639,1.524470
trial_2,772,1.642338,42.171524
trial_2,773,0.209162,2.105359
trial_2,774,0.249914,2.772741
trial_2,775,0.127035,2.520124
trial_2,776,0.439646,3.346556
trial_2,777,0.399257,2.135246
trial_2,778,0.148880,2.237286
trial_2,779,0.155460,1.754204
trial_2,780,0.327553,1.653162
trial_2,781,0.279937,2.323878
trial_2,782,0.172637,1.530328
trial_2,783,0.004822,1.762934
trial_2,784,0.236579,1.614452
trial_2,785,0.262716,1.268909
trial_2,786,0.238035,2.442023
trial_2,787,0.491389,2.147644
trial_2,788,0.104792,7.044700
trial_2,789,0.385990,1.529241
trial_2,790,0.121397,2.585442
trial_2,791,0.497042,2.786940
trial_2,792,0.109194,1.778443
trial_2,793,0.162278,2.017733
trial_2,794,0.061808,2.090570
trial_2,795,0.418055,4.076967
trial_2,796,0.324823,1.999149
trial_2,797,0.105361,1.646790
trial_2,798,0.007668,1.627549
trial_2,799,0.379016,1.699698
trial_2,800,0.614929,2.317061
trial_2,801,0.232308,2.396956
trial_2,802,0.242315,1.972643
trial_2,803,0.207983,2.131704
trial_2,804,0.102033,1.812210
trial_2,805,0.122254,1.453817
trial_2,806,0.594851,5.017033
trial_2,807,0.208004,2.328819
trial_2,808,0.078803,1.717976
trial_2,809,0.086452,1.526864
trial_2,810,0.291812,1.461887
trial_2,811,0.337491,1.918977
trial_2,812,0.337425,3.043009
trial_2,813,0.644617,7.485070
trial_2,814,0.614517,8.675433
trial_2,815,0.059160,1.929960
trial_2,816,0.289607,2.120198
trial_2,817,0.296941,1.668742
trial_2,818,0.261388,3.128635
trial_2,819,0.111832,4.194577
trial_2,820,2.356734,14.075165
trial_2,821,0.285171,2.424075
trial_2,822,0.049518,2.328659
trial_2,823,0.127051,2.040801
trial_2,824,0.258054,1.802755
trial_2,825,0.282152,2.590307
trial_2,826,0.262509,10.487552
trial_2,827,0.434354,3.400199
trial_2,828,0.430087,2.768315
trial_2,829,0.185185,1.851528
trial_2,830,0.026668,1.495305
trial_2,831,0.572447,2.932369
trial_2,832,0.057513,2.053700
trial_2,833,0.122720,2.362135
trial_2,834,0.223591,1.565615
trial_2,835,0.310121,2.296249
trial_2,836,0.089030,1.641535
trial_2,837,0.103605,3.410576
trial_2,838,0.010593,2.341285
trial_2,839,0.076971,1.874125
trial_2,840,0.135733,1.934446
trial_2,841,0.445422,4.859752
trial_2,842,0.002370,1.457147
trial_2,843,0.562206,3.169447
trial_2,844,0.115055,1.785948
trial_2,845,0.259879,1.830186
trial_2,846,0.366034,2.082346
trial_2,847,0.039315,2.751474
trial_2,848,0.280202,3.240291
trial_2,849,0.527712,1.841213
trial_2,850,0.086354,1.754088
trial_2,851,0.023391,2.156342
trial_2,852,0.741219,3.107976
trial_2,853,0.535596,1.944326
trial_2,854,0.011140,1.752571
trial_2,855,0.061691,1.720586
trial_2,856,0.094026,3.188498
trial_2,857,0.270265,2.532511
trial_2,858,0.086932,1.643719
trial_2,859,0.137756,1.453193
trial_2,860,0.074043,1.528665
trial_2,861,0.195610,1.353556
trial_2,862,0.011483,1.529467
trial_2,863,0.015638,1.192542
trial_2,864,0.342690,1.920159
trial_2,865,0.068689,1.086514
trial_2,866,0.353301,2.170199
trial_2,867,0.135703,2.509109
trial_2,868,0.326049,2.424981
trial_2,869,0.302306,4.688813
trial_2,870,0.091153,1.837027
trial_2,871,0.314999,2.717433
trial_2,872,0.047165,3.729415
trial_2,873,0.061718,1.857715
trial_2,874,0.056876,1.517256
trial_2,875,0.121334,1.769179
trial_2,876,0.117414,1.522455
trial_2,877,0.356486,1.511004
trial_2,878,0.065139,1.310039
trial_2,879,0.370538,1.255121
trial_2,880,0.703033,3.105448
trial_2,881,0.098063,1.758321
trial_2,882,0.456694,1.695056
trial_2,883,0.222749,1.990941
trial_2,884,0.461868,4.104018
trial_2,885,0.022888,1.735037
trial_2,886,0.252935,1.349718
trial_2,887,0.706297,10.054665
trial_2,888,0.152614,2.030448
trial_2,889,0.402093,2.110845
trial_2,890,0.034601,2.128470
trial_2,891,0.565428,2.008607
trial_2,892,0.050741,2.086848
trial_2,893,0.265633,2.826185
trial_2,894,0.406544,2.913744
trial_2,895,0.291524,2.119259
trial_2,896,0.049917,1.730913
trial_2,897,0.576941,1.679341
trial_2,898,0.222771,2.202682
trial_2,899,0.002775,1.467243
trial_2,900,0.191414,2.363491
trial_2,901,0.201221,1.553464
trial_2,902,0.136370,2.773700
trial_2,903,0.065232,1.916343
trial_2,904,0.154707,1.074975
trial_2,905,0.420399,2.391990
trial_2,906,0.005047,2.069364
trial_2,907,0.191020,1.943915
trial_2,908,0.172258,1.838897
trial_2,909,0.883011,4.658886
trial_2,910,0.082394,1.556312
trial_2,911,0.517260,1.491740
trial_2,912,0.173255,2.178003
trial_2,913,0.466568,2.525904
trial_2,914,0.064456,1.224475
trial_2,915,0.111414,1.839550
trial_2,916,0.142051,1.707011
trial_2,917,0.059693,1.535718
trial_2,918,0.254325,1.632836
trial_2,919,0.587113,4.215999
trial_2,920,0.101775,1.716273
trial_2,921,0.068276,1.677486
trial_2,922,0.107014,2.029875
trial_2,923,0.367037,2.150137
trial_2,924,0.570116,7.328825
trial_2,925,1.368585,7.283139
trial_2,926,0.404287,2.133883
trial_2,927,0.345147,1.691318
trial_2,928,0.498647,2.547422
trial_2,929,0.070569,2.367331
trial_2,930,0.165392,2.062848
trial_2,931,0.665580,8.256328
trial_2,932,0.249413,2.040058
trial_2,933,0.603272,3.777380
trial_2,934,0.242997,2.734201
trial_2,935,0.635227,2.388647
trial_2,936,0.877200,4.506490
trial_2,937,0.107134,1.795232
trial_2,938,0.150327,1.640092
trial_2,939,0.730067,2.496558
trial_2,940,0.388478,2.184930
trial_2,941,0.296936,1.876098
trial_2,942,0.266881,2.017785
trial_2,943,0.124591,1.802605
trial_2,944,0.178579,2.389914
trial_2,945,0.223139,1.213660
trial_2,946,0.181711,1.315443
trial_2,947,0.185941,2.102468
trial_2,948,0.250044,2.590563
trial_2,949,0.099930,5.190885
trial_2,950,0.324697,1.616485
trial_2,951,0.120443,1.611013
trial_2,952,0.299623,1.669207
trial_2,953,0.216689,1.828936
trial_2,954,0.212675,2.069461
trial_2,955,0.368782,2.182460
trial_2,956,0.241582,2.281817
trial_2,957,0.556137,6.629693
trial_2,958,0.192122,2.697514
trial_2,959,0.766860,3.516786
trial_2,960,0.492446,4.100490
trial_2,961,0.096919,2.376930
trial_2,962,2.006907,20.273941
trial_2,963,0.237601,2.843713
trial_2,964,0.509778,1.878557
trial_2,965,0.210468,1.413026
trial_2,966,0.223827,2.711694
trial_2,967,0.083365,4.162477
trial_2,968,0.282169,2.398119
trial_2,969,0.015186,1.961007
trial_2,970,0.295914,2.532062
trial_2,971,0.447526,2.260355
trial_2,972,1.207602,3.371402
trial_2,973,0.167937,1.356700
trial_2,974,0.336646,3.043205
trial_2,975,0.037752,3.195340
trial_2,976,0.093041,1.540546
trial_2,977,0.191136,1.789652
trial_2,978,0.245457,1.997739
trial_2,979,0.360288,1.825576
trial_2,980,0.327549,1.902158
trial_2,981,0.242187,1.804216
trial_2,982,0.112492,1.997217
trial_2,983,0.622234,1.836591
trial_2,984,0.328932,2.366865
trial_2,985,0.134981,1.641337
trial_2,986,0.044891,1.760451
trial_2,987,0.005258,1.398151
trial_2,988,0.910936,8.487869
trial_2,989,0.074398,2.090560
trial_2,990,0.375489,2.983088
trial_2,991,0.014239,1.948660
trial_2,992,0.000526,2.552991
trial_2,993,0.479587,2.205299
trial_2,994,0.352963,2.632612
trial_2,995,0.129198,1.798228
trial_2,996,0.280396,1.887712
trial_2,997,2.090065,10.789926
trial_2,998,0.369258,1.661565
trial_2,999,0.144275,1.858042
trial_2,1000,0.194584,1.973412
trial_3,1,0.334312,1.665753
trial_3,2,0.422871,1.648997
trial_3,3,0.034991,2.312965
trial_3,4,0.098254,1.292036
trial_3,5,0.075615,2.158785
trial_3,6,0.020024,2.333577
trial_3,7,0.219475,2.432809
trial_3,8,0.173846,2.293167
trial_3,9,1.083986,6.387896
trial_3,10,0.606519,2.661618
trial_3,11,0.278493,2.026748
trial_3,12,0.052905,1.656838
trial_3,13,2.084566,9.658581
trial_3,14,0.444048,1.781249
trial_3,15,0.035365,1.747896
trial_3,16,0.388147,1.699233
trial_3,17,0.095925,2.478069
trial_3,18,0.698437,2.502277
trial_3,19,0.165558,1.827689
trial_3,20,0.220864,1.632764
trial_3,21,0.107898,2.934412
trial_3,22,0.284487,1.901540
trial_3,23,0.023621,2.415355
trial_3,24,0.164747,2.467670
trial_3,25,0.022962,1.934825
trial_3,26,0.781954,4.507090
trial_3,27,0.112963,2.408942
trial_3,28,1.612743,11.231515
trial_3,29,0.204143,1.444789
trial_3,30,0.125160,1.731189
trial_3,31,0.217779,2.290227
trial_3,32,0.276619,1.592044
trial_3,33,0.172236,2.357650
trial_3,34,1.315454,16.975218
trial_3,35,0.588312,2.419514
trial_3,36,0.207824,2.382963
trial_3,37,0.611640,3.048884
trial_3,38,0.368843,1.976697
trial_3,39,0.259962,2.637996
trial_3,40,0.077334,2.601526
trial_3,41,0.021457,1.144054
trial_3,42,0.176556,2.124546
trial_3,43,0.254107,1.737027
trial_3,44,0.258225,1.855685
trial_3,45,0.150033,1.506183
trial_3,46,0.108505,2.111690
trial_3,47,0.218866,1.669312
trial_3,48,0.173306,2.102033
trial_3,49,0.155972,2.391768
trial_3,50,0.444869,1.747537
trial_3,51,0.119700,1.515447
trial_3,52,0.451695,1.559987
trial_3,53,0.537300,4.038739
trial_3,54,0.305162,2.747006
trial_3,55,0.394048,2.149100
trial_3,56,0.004651,2.222611
trial_3,57,0.122191,1.729227
trial_3,58,0.285635,1.983911
trial_3,59,0.094633,1.844719
trial_3,60,0.089082,5.996153
trial_3,61,0.003409,1.693946
trial_3,62,0.459232,1.751620
trial_3,63,0.029335,1.540265
trial_3,64,0.249769,1.664058
trial_3,65,0.109508,2.296153
trial_3,66,0.251136,1.656166
trial_3,67,0.170509,1.697780
trial_3,68,3.034865,7.647439
trial_3,69,0.239800,1.664072
trial_3,70,0.089444,2.270627
trial_3,71,0.128354,2.785269
trial_3,72,0.071557,2.156493
trial_3,73,0.023265,1.917550
trial_3,74,0.270915,2.047244
trial_3,75,0.171926,1.915867
trial_3,76,0.172850,2.257558
trial_3,77,0.110398,1.456791
trial_3,78,0.193105,1.187141
trial_3,79,0.209985,1.801244
trial_3,80,0.005186,1.942959
trial_3,81,0.848192,5.701350
trial_3,82,0.048505,4.659122
trial_3,83,0.349542,1.410366
trial_3,84,0.757908,8.526959
trial_3,85,0.538969,8.127005
trial_3,86,0.549039,5.107000
trial_3,87,0.335690,2.320481
trial_3,88,0.003234,2.284448
trial_3,89,0.190245,1.929616
trial_3,90,0.407893,1.735966
trial_3,91,0.562436,2.058240
trial_3,92,0.393260,3.097135
trial_3,93,0.459651,4.179019
trial_3,94,0.351075,1.964686
trial_3,95,0.009847,1.582628
trial_3,96,0.049886,1.084404
trial_3,97,0.109632,2.022220
trial_3,98,0.109182,4.329582
trial_3,99,0.928576,2.725121
trial_3,100,0.023609,1.834860
trial_3,101,0.205742,1.542760
trial_3,102,0.149321,2.146044
trial_3,103,0.009171,2.166740
trial_3,104,0.029244,1.311871
trial_3,105,0.099987,1.799607
trial_3,106,0.092163,1.971349
trial_3,107,0.133083,2.204402
trial_3,108,0.586894,9.182377
trial_3,109,0.042173,2.834526
trial_3,110,0.067834,2.575682
trial_3,111,0.315680,1.927445
trial_3,112,0.130350,2.288639
trial_3,113,0.262982,3.248152
trial_3,114,0.567687,2.131591
trial_3,115,0.140157,3.061008
trial_3,116,0.207765,1.726426
trial_3,117,0.082413,2.153173
trial_3,118,0.082255,1.417777
trial_3,119,0.125311,3.044242
trial_3,120,0.278575,2.217544
trial_3,121,0.074928,1.756569
trial_3,122,0.386001,1.928596
trial_3,123,0.090616,2.023526
trial_3,124,0.414407,2.344693
trial_3,125,0.216346,1.701754
trial_3,126,0.779888,4.067054
trial_3,127,0.417964,1.827864
trial_3,128,0.062951,1.643930
trial_3,129,0.418569,2.415920
trial_3,130,1.879306,7.077134
trial_3,131,0.194783,1.805991
trial_3,132,0.045203,2.274502
trial_3,133,0.805307,6.971150
trial_3,134,0.205953,2.000288
trial_3,135,0.339072,1.876885
trial_3,136,0.342596,1.518998
trial_3,137,0.136032,3.151810
trial_3,138,0.019410,1.871643
trial_3,139,0.194777,1.803229
trial_3,140,0.107677,1.871031
trial_3,141,0.109073,2.177806
trial_3,142,0.475182,1.803867
trial_3,143,0.037960,7.178848
trial_3,144,0.000647,2.699211
trial_3,145,0.389794,1.926285
trial_3,146,0.399529,1.976920
trial_3,147,1.001322,4.106791
trial_3,148,0.312974,1.703510
trial_3,149,0.723535,8.088938
trial_3,150,0.244371,1.918235
trial_3,151,0.022524,2.037860
trial_3,152,0.472745,2.062762
trial_3,153,0.200638,2.265752
trial_3,154,0.284728,2.019474
trial_3,155,0.371847,2.206655
trial_3,156,0.187583,1.442566
trial_3,157,0.426211,2.564224
trial_3,158,0.022271,2.168617
trial_3,159,0.208555,1.907996
trial_3,160,0.007961,1.858576
trial_3,161,0.230950,1.833148
trial_3,162,0.338170,1.968610
trial_3,163,0.148289,2.043564
trial_3,164,0.138921,1.997025
trial_3,165,0.218353,1.762089
trial_3,166,0.377167,1.921585
trial_3,167,0.186959,1.974532
trial_3,168,0.019807,2.098497
trial_3,169,0.454679,1.384113
trial_3,170,0.083167,1.667827
trial_3,171,0.950566,2.759963
trial_3,172,0.173292,1.227976
trial_3,173,0.241574,0.999808
trial_3,174,0.058681,1.869058
trial_3,175,0.329724,1.662430
trial_3,176,0.142065,2.057826
trial_3,177,0.070356,2.419014
trial_3,178,0.293227,1.967332
trial_3,179,0.366907,1.356900
trial_3,180,0.008665,3.485072
trial_3,181,0.009663,3.375663
trial_3,182,0.032609,1.672449
trial_3,183,0.175448,1.939956
trial_3,184,0.270960,2.920554
trial_3,185,0.351453,1.991074
trial_3,186,0.153369,1.578662
trial_3,187,0.041866,1.887799
trial_3,188,0.097282,1.474163
trial_3,189,0.138877,2.680221
trial_3,190,0.487703,2.041606
trial_3,191,0.009938,1.729218
trial_3,192,0.154700,1.844899
trial_3,193,0.284501,2.042149
trial_3,194,0.235632,1.601213
trial_3,195,0.394428,2.092254
trial_3,196,0.285750,1.825059
trial_3,197,0.278186,2.014997
trial_3,198,0.213199,1.724174
trial_3,199,0.213086,2.091084
trial_3,200,0.041358,1.452152
trial_3,201,0.253002,1.693659
trial_3,202,0.299156,1.745820
trial_3,203,0.174253,1.712263
trial_3,204,0.343787,1.323163
trial_3,205,0.267577,2.336177
trial_3,206,0.544761,1.836514
trial_3,207,0.073879,1.268490
trial_3,208,0.312451,1.531505
trial_3,209,0.313948,5.445627
trial_3,210,1.161590,6.410871
trial_3,211,0.094307,2.660795
trial_3,212,0.100973,1.585503
trial_3,213,0.060833,1.818396
trial_3,214,0.177960,1.790951
trial_3,215,0.569281,1.941047
trial_3,216,0.247076,1.582504
trial_3,217,0.218433,1.898762
trial_3,218,0.470380,2.871539
trial_3,219,4.938797,27.123516
trial_3,220,0.271997,3.761022
trial_3,221,0.349728,1.855684
trial_3,222,0.496753,1.824318
trial_3,223,0.372557,1.756751
trial_3,224,0.279576,1.594305
trial_3,225,0.200190,1.901259
trial_3,226,0.273160,1.990279
trial_3,227,0.462000,1.536095
trial_3,228,0.347176,1.929809
trial_3,229,0.246440,2.477325
trial_3,230,0.108166,2.148016
trial_3,231,0.369408,2.489860
trial_3,232,0.154313,1.761791
trial_3,233,0.375513,2.415294
trial_3,234,0.284328,2.037827
trial_3,235,0.417936,2.259001
trial_3,236,0.206569,1.672670
trial_3,237,0.387933,1.945440
trial_3,238,0.054562,1.456435
trial_3,239,0.145928,1.566393
trial_3,240,0.231100,2.261135
trial_3,241,0.396674,1.312673
trial_3,242,0.174796,1.610151
trial_3,243,0.740551,2.138244
trial_3,244,0.168896,1.993230
trial_3,245,0.786862,6.197905
trial_3,246,0.431010,1.635851
trial_3,247,0.099423,1.746788
trial_3,248,0.094313,1.484237
trial_3,249,0.229855,2.050323
trial_3,250,0.297656,1.486163
trial_3,251,0.294211,1.517220
trial_3,252,0.033516,1.674656
trial_3,253,0.098568,1.409731
trial_3,254,0.396747,6.926745
trial_3,255,2.546856,15.099571
trial_3,256,0.055838,1.646375
trial_3,257,0.629595,3.642760
trial_3,258,0.001665,1.786549
trial_3,259,0.055050,1.671969
trial_3,260,0.102007,1.511235
trial_3,261,0.166989,2.213440
trial_3,262,0.764317,2.188891
trial_3,263,0.159389,1.835813
trial_3,264,0.585021,2.380294
trial_3,265,0.230163,1.930408
trial_3,266,0.337617,1.391456
trial_3,267,0.278878,2.447554
trial_3,268,0.455826,1.887761
trial_3,269,0.211236,1.693317
trial_3,270,0.108093,1.385264
trial_3,271,0.378850,1.560130
trial_3,272,0.147954,2.019311
trial_3,273,0.172481,1.600336
trial_3,274,0.087678,1.685992
trial_3,275,0.100616,1.625547
trial_3,276,0.699145,5.046061
trial_3,277,0.665554,2.037689
trial_3,278,0.249820,1.946008
trial_3,279,0.051776,2.160512
trial_3,280,0.587409,2.712479
trial_3,281,0.405473,4.039848
trial_3,282,1.489767,5.568283
trial_3,283,0.307308,2.491099
trial_3,284,0.193767,1.845522
trial_3,285,0.227248,1.521508
trial_3,286,0.037041,1.998929
trial_3,287,0.131726,1.642971
trial_3,288,0.182910,3.031910
trial_3,289,0.143414,2.329140
trial_3,290,0.284526,2.277426
trial_3,291,0.123946,2.584766
trial_3,292,0.190219,3.418845
trial_3,293,0.228982,2.174661
trial_3,294,0.381768,2.121074
trial_3,295,0.467084,2.616326
trial_3,296,0.654254,2.887596
trial_3,297,0.007796,2.302867
trial_3,298,0.273273,1.836827
trial_3,299,0.201221,1.836355
trial_3,300,0.498853,1.880648
trial_3,301,0.020632,2.348651
trial_3,302,0.016708,2.296054
trial_3,303,0.170753,1.960836
trial_3,304,0.138085,1.173873
trial_3,305,0.188520,2.449289
trial_3,306,0.143384,1.997226
trial_3,307,0.355048,1.794462
trial_3,308,0.506654,3.569393
trial_3,309,0.235845,1.937300
trial_3,310,0.298815,4.521691
trial_3,311,0.377132,3.363472
trial_3,312,0.619097,5.846365
trial_3,313,0.571947,1.723466
trial_3,314,0.246770,2.159036
trial_3,315,0.598443,2.896827
trial_3,316,0.199978,1.803757
trial_3,317,0.137059,1.530935
trial_3,318,0.416078,1.915786
trial_3,319,0.520966,2.384691
trial_3,320,0.054473,7.301928
trial_3,321,0.430215,3.311717
trial_3,322,0.105120,1.687088
trial_3,323,0.141866,2.883301
trial_3,324,0.282199,2.143245
trial_3,325,0.047915,1.726840
trial_3,326,0.063785,1.737663
trial_3,327,0.529462,2.044742
trial_3,328,0.721506,1.939013
trial_3,329,1.029755,8.458609
trial_3,330,0.961745,4.134377
trial_3,331,0.269273,2.072008
trial_3,332,0.053109,1.290451
trial_3,333,0.012917,3.172087
trial_3,334,0.555995,2.442251
trial_3,335,0.030300,1.722334
trial_3,336,0.416664,2.655821
trial_3,337,0.360532,2.612483
trial_3,338,0.163614,5.688590
trial_3,339,0.657589,2.143628
trial_3,340,0.003197,1.682373
trial_3,341,0.050674,11.414145
trial_3,342,0.013088,1.762615
trial_3,343,0.329569,2.283114
trial_3,344,0.699258,5.604964
trial_3,345,5.098907,22.897989
trial_3,346,0.715945,7.067332
trial_3,347,0.108616,1.899426
trial_3,348,0.737662,4.961873
trial_3,349,0.154940,1.348588
trial_3,350,0.254940,2.599272
trial_3,351,1.393478,5.106688
trial_3,352,0.342809,2.400856
trial_3,353,0.030975,2.280382
trial_3,354,0.671127,3.410719
trial_3,355,0.033959,1.572660
trial_3,356,0.520042,2.162864
trial_3,357,0.250727,3.921960
trial_3,358,0.115676,2.369738
trial_3,359,0.045356,1.987774
trial_3,360,0.226583,2.121661
trial_3,361,0.953785,4.463506
trial_3,362,0.179489,6.635824
trial_3,363,0.011002,1.757839
trial_3,364,0.144317,1.720083
trial_3,365,0.430116,1.632154
trial_3,366,0.044144,1.784981
trial_3,367,0.182886,1.417767
trial_3,368,0.121926,2.065125
trial_3,369,0.040457,1.737346
trial_3,370,0.314358,2.659597
trial_3,371,0.004015,1.566045
trial_3,372,0.064378,1.774141
trial_3,373,0.292897,2.308977
trial_3,374,0.362401,7.145768
trial_3,375,0.302856,1.600105
trial_3,376,0.172927,1.922148
trial_3,377,0.035912,1.820904
trial_3,378,0.259854,1.443455
trial_3,379,0.035104,1.964451
trial_3,380,0.396991,1.917657
trial_3,381,0.266901,1.598422
trial_3,382,0.049278,1.980658
trial_3,383,0.767872,3.175836
trial_3,384,0.111158,2.006954
trial_3,385,0.456652,1.923227
trial_3,386,0.652449,6.420368
trial_3,387,1.529772,9.456976
trial_3,388,0.275329,1.984336
trial_3,389,0.200949,1.691686
trial_3,390,0.097911,2.227847
trial_3,391,0.262797,1.907548
trial_3,392,0.088277,1.964487
trial_3,393,0.322335,2.260335
trial_3,394,0.086127,2.114488
trial_3,395,0.194891,1.728199
trial_3,396,0.407707,2.140840
trial_3,397,0.032470,1.471776
trial_3,398,0.295312,1.589105
trial_3,399,0.096238,2.016422
trial_3,400,0.148633,1.400287
trial_3,401,0.207017,2.382841
trial_3,402,0.797079,4.161532
trial_3,403,0.303020,2.103960
trial_3,404,0.245902,1.249812
trial_3,405,0.109131,1.928164
trial_3,406,0.059230,1.355993
trial_3,407,0.015516,1.198813
trial_3,408,0.208872,2.241707
trial_3,409,0.201174,2.119574
trial_3,410,0.409014,2.218895
trial_3,411,0.572348,2.576689
trial_3,412,0.338140,1.651222
trial_3,413,0.420631,2.094930
trial_3,414,0.543683,2.305401
trial_3,415,0.169228,1.700470
trial_3,416,1.053175,18.999258
trial_3,417,0.509765,2.331629
trial_3,418,0.557336,1.765461
trial_3,419,0.740880,2.563465
trial_3,420,0.004424,1.377563
trial_3,421,0.034570,1.108044
trial_3,422,0.064855,1.903291
trial_3,423,0.259013,1.359096
trial_3,424,0.217973,1.650621
trial_3,425,0.141535,1.892132
trial_3,426,0.348628,1.855829
trial_3,427,0.057027,1.852891
trial_3,428,0.068666,2.892099
trial_3,429,0.185963,2.263526
trial_3,430,0.092118,1.272241
trial_3,431,0.018211,1.929767
trial_3,432,0.670569,2.201537
trial_3,433,0.165497,1.736126
trial_3,434,0.559478,2.803758
trial_3,435,3.074292,14.525310
trial_3,436,0.098776,1.805570
trial_3,437,0.215388,2.020935
trial_3,438,0.198691,2.900755
trial_3,439,0.174204,2.736788
trial_3,440,0.012542,4.158845
trial_3,441,0.757059,3.756941
trial_3,442,0.247275,1.657033
trial_3,443,0.199006,1.651956
trial_3,444,0.282569,1.658426
trial_3,445,0.661072,2.559442
trial_3,446,0.239776,1.404644
trial_3,447,0.083654,1.943681
trial_3,448,0.336885,1.566587
trial_3,449,0.229205,2.346140
trial_3,450,0.108413,2.782626
trial_3,451,0.331986,2.698877
trial_3,452,0.238942,1.844560
trial_3,453,0.076940,2.495807
trial_3,454,0.318836,1.811871
trial_3,455,0.183891,1.557239
trial_3,456,0.492368,2.063801
trial_3,457,0.029117,1.833614
trial_3,458,0.227101,2.050671
trial_3,459,0.059904,2.017203
trial_3,460,0.323765,1.896553
trial_3,461,0.173830,1.298377
trial_3,462,0.064465,2.204914
trial_3,463,0.010091,1.759712
trial_3,464,0.018914,1.331590
trial_3,465,0.150105,1.949383
trial_3,466,0.093254,2.073700
trial_3,467,0.151703,1.968060
trial_3,468,0.071608,1.250385
trial_3,469,0.276501,5.632057
trial_3,470,0.230771,2.422839
trial_3,471,0.381138,1.507339
trial_3,472,0.204311,1.920953
trial_3,473,0.180614,2.084571
trial_3,474,1.810053,6.891872
trial_3,475,1.323920,9.290297
trial_3,476,0.155285,7.759075
trial_3,477,0.000590,1.957190
trial_3,478,0.546281,2.056176
trial_3,479,0.008245,1.894889
trial_3,480,0.278298,1.867418
trial_3,481,0.560727,5.324510
trial_3,482,0.327197,2.443135
trial_3,483,0.102016,3.533281
trial_3,484,0.181520,3.377302
trial_3,485,0.108602,1.946426
trial_3,486,0.029678,1.958152
trial_3,487,0.080472,2.562094
trial_3,488,0.368475,1.751002
trial_3,489,0.218912,1.450411
trial_3,490,0.017777,1.250693
trial_3,491,0.074879,1.536658
trial_3,492,0.100790,1.745671
trial_3,493,0.411735,2.545986
trial_3,494,0.293671,1.607963
trial_3,495,0.417246,1.978682
trial_3,496,0.147331,2.397409
trial_3,497,0.359684,2.159526
trial_3,498,0.149460,1.387232
trial_3,499,0.190264,2.222019
trial_3,500,0.212593,2.708555
trial_3,501,0.304999,2.593977
trial_3,502,0.329966,1.781218
trial_3,503,0.180619,1.476418
trial_3,504,0.246374,1.521654
trial_3,505,0.145103,2.435949
trial_3,506,0.119038,1.693347
trial_3,507,0.742613,3.865080
trial_3,508,0.132637,1.134811
trial_3,509,0.046370,2.384952
trial_3,510,0.216729,2.494771
trial_3,511,0.048938,2.239385
trial_3,512,0.445512,7.751504
trial_3,513,0.023455,2.400544
trial_3,514,0.067149,2.437397
trial_3,515,1.737187,21.657469
trial_3,516,0.321223,2.409208
trial_3,517,1.111747,7.265750
trial_3,518,0.493901,2.540396
trial_3,519,0.477773,2.352091
trial_3,520,0.014096,2.488429
trial_3,521,0.060580,1.408400
trial_3,522,0.160180,1.996818
trial_3,523,0.363260,3.948660
trial_3,524,0.025301,1.650482
trial_3,525,0.272003,3.279177
trial_3,526,0.020343,1.859270
trial_3,527,0.127561,1.870741
trial_3,528,0.210476,1.790352
trial_3,529,0.359886,1.590165
trial_3,530,0.010420,1.716452
trial_3,531,0.155241,1.682927
trial_3,532,0.638241,2.084619
trial_3,533,0.395919,2.124407
trial_3,534,0.076838,1.667034
trial_3,535,0.071571,1.787919
trial_3,536,0.302917,2.793818
trial_3,537,0.426442,2.797810
trial_3,538,0.211148,1.953507
trial_3,539,0.609889,2.374323
trial_3,540,0.092775,1.775061
trial_3,541,0.034958,1.706053
trial_3,542,0.658574,5.371074
trial_3,543,0.182074,2.069980
trial_3,544,0.061901,1.948873
trial_3,545,0.022488,2.327410
trial_3,546,0.442358,1.614728
trial_3,547,0.180610,1.995549
trial_3,548,0.593649,2.070919
trial_3,549,0.061777,1.588355
trial_3,550,0.136154,2.215571
trial_3,551,0.235722,1.523428
trial_3,552,0.687834,2.437316
trial_3,553,0.258317,1.762944
trial_3,554,0.428870,4.140416
trial_3,555,0.190049,1.902706
trial_3,556,0.235775,1.133127
trial_3,557,0.181071,1.541862
trial_3,558,0.384000,1.383640
trial_3,559,0.467638,1.808678
trial_3,560,0.036673,1.758035
trial_3,561,0.692012,3.114372
trial_3,562,0.515664,2.790728
trial_3,563,0.353966,2.131623
trial_3,564,0.043624,2.010287
trial_3,565,0.282563,1.891760
trial_3,566,0.076246,1.615170
trial_3,567,0.395819,2.509296
trial_3,568,0.160729,1.383956
trial_3,569,0.210215,1.357162
trial_3,570,0.119280,2.672561
trial_3,571,0.324731,1.915401
trial_3,572,0.211327,1.807404
trial_3,573,0.530509,1.520539
trial_3,574,0.095866,2.287845
trial_3,575,0.208406,2.955480
trial_3,576,0.994036,7.068250
trial_3,577,0.157491,1.159488
trial_3,578,0.029368,3.366412
trial_3,579,0.019085,1.559648
trial_3,580,0.363566,2.326260
trial_3,581,0.021988,1.496414
trial_3,582,0.452254,1.901511
trial_3,583,0.209720,2.918739
trial_3,584,0.046063,1.540594
trial_3,585,0.016918,1.322616
trial_3,586,0.375351,1.911939
trial_3,587,0.118313,1.973512
trial_3,588,0.014586,1.728910
trial_3,589,8.424643,37.369809
trial_3,590,0.115184,1.934878
trial_3,591,0.239183,2.170940
trial_3,592,0.005668,1.610740
trial_3,593,0.052510,2.249113
trial_3,594,0.334111,1.770795
trial_3,595,0.083499,3.789090
trial_3,596,0.167244,1.154758
trial_3,597,0.020951,2.288821
trial_3,598,0.458061,1.684630
trial_3,599,0.014426,2.058275
trial_3,600,0.145857,2.197672
trial_3,601,0.802305,3.450128
trial_3,602,0.137749,1.866954
trial_3,603,0.132247,1.733013
trial_3,604,0.245592,2.157638
trial_3,605,0.190302,1.716156
trial_3,606,0.089248,1.271061
trial_3,607,0.037965,2.336176
trial_3,608,0.067349,1.203369
trial_3,609,0.299474,1.856400
trial_3,610,0.225128,2.169112
trial_3,611,0.462396,1.707046
trial_3,612,0.236782,1.073081
trial_3,613,0.613207,1.814116
trial_3,614,0.147182,2.923791
trial_3,615,0.022879,1.280791
trial_3,616,0.104589,1.678260
trial_3,617,0.323005,1.531322
trial_3,618,0.115561,1.730452
trial_3,619,2.110448,14.151691
trial_3,620,0.384478,1.841447
trial_3,621,0.152027,1.360983
trial_3,622,0.474065,5.860799
trial_3,623,0.057188,1.760579
trial_3,624,0.529196,2.965401
trial_3,625,0.666597,2.035471
trial_3,626,0.081536,1.878774
trial_3,627,0.719831,3.618660
trial_3,628,0.446299,2.399345
trial_3,629,0.154892,2.265034
trial_3,630,0.442438,2.313103
trial_3,631,0.033782,2.495481
trial_3,632,0.241107,1.679088
trial_3,633,0.158779,1.748580
trial_3,634,0.203009,3.352515
trial_3,635,0.366776,3.339811
trial_3,636,0.114570,2.276280
trial_3,637,0.059873,2.972364
trial_3,638,0.184374,1.730948
trial_3,639,0.073158,1.467040
trial_3,640,0.151306,1.634783
trial_3,641,0.179960,1.818024
trial_3,642,0.009245,1.883995
trial_3,643,0.055274,3.024338
trial_3,644,0.761805,2.746378
trial_3,645,0.321794,2.161903
trial_3,646,0.184616,4.299281
trial_3,647,0.763556,6.554317
trial_3,648,1.568178,12.802258
trial_3,649,0.290195,1.555514
trial_3,650,0.244093,3.754809
trial_3,651,0.808251,2.990543
trial_3,652,0.851774,7.303401
trial_3,653,0.168244,1.839367
trial_3,654,0.010237,2.017563
trial_3,655,0.308579,1.541615
trial_3,656,0.088049,3.184488
trial_3,657,0.837801,6.105112
trial_3,658,0.200007,2.201448
trial_3,659,0.254093,2.493676
trial_3,660,0.166386,2.252034
trial_3,661,0.165602,3.438052
trial_3,662,0.525202,1.843065
trial_3,663,0.274885,2.250783
trial_3,664,0.721551,2.396152
trial_3,665,0.122846,1.908484
trial_3,666,0.443896,3.735538
trial_3,667,0.066504,2.266808
trial_3,668,0.184562,2.352864
trial_3,669,0.579392,2.041450
trial_3,670,0.343446,2.429997
trial_3,671,0.234965,1.636222
trial_3,672,0.045767,1.572196
trial_3,673,3.828373,17.704205
trial_3,674,0.131273,2.057751
trial_3,675,0.034420,1.817351
trial_3,676,0.273332,4.004833
trial_3,677,0.149718,1.304241
trial_3,678,0.747530,1.912011
trial_3,679,0.305276,5.055566
trial_3,680,0.378572,1.792821
trial_3,681,0.185128,1.578579
trial_3,682,0.306909,2.705296
trial_3,683,0.070408,1.507849
trial_3,684,1.211386,10.263543
trial_3,685,1.706304,5.439456
trial_3,686,0.048932,2.046595
trial_3,687,0.314926,2.015790
trial_3,688,0.283014,1.512601
trial_3,689,0.003773,1.994568
trial_3,690,0.217675,1.843567
trial_3,691,0.049080,2.184261
trial_3,692,0.387301,1.695394
trial_3,693,0.159613,1.861885
trial_3,694,0.539680,1.886704
trial_3,695,0.340346,1.871510
trial_3,696,0.094198,3.556218
trial_3,697,0.082935,3.873832
trial_3,698,0.145323,1.283498
trial_3,699,0.048704,1.686075
trial_3,700,0.302157,2.025507
trial_3,701,0.207670,2.307271
trial_3,702,0.768643,2.646012
trial_3,703,0.369777,3.517417
trial_3,704,0.368600,1.552028
trial_3,705,0.156102,1.328372
trial_3,706,0.222789,1.693253
trial_3,707,0.137043,1.837362
trial_3,708,0.183941,1.510972
trial_3,709,1.254500,5.525094
trial_3,710,0.138565,3.117252
trial_3,711,0.070042,1.680585
trial_3,712,0.058800,1.884213
trial_3,713,1.157617,6.966894
trial_3,714,0.307906,1.488597
trial_3,715,0.375838,2.044751
trial_3,716,0.351147,3.600313
trial_3,717,0.381152,1.690547
trial_3,718,0.200116,1.888198
trial_3,719,0.317491,1.309021
trial_3,720,0.942076,3.420467
trial_3,721,0.092341,1.971571
trial_3,722,0.010439,1.841791
trial_3,723,0.032292,1.489165
trial_3,724,0.662817,9.524724
trial_3,725,0.025765,3.971058
trial_3,726,0.546809,4.067888
trial_3,727,0.014659,1.776512
trial_3,728,0.129552,1.840425
trial_3,729,0.241426,1.620812
trial_3,730,0.238137,1.641614
trial_3,731,0.163093,1.534396
trial_3,732,0.234988,2.116544
trial_3,733,0.153826,1.907427
trial_3,734,0.103121,1.754427
trial_3,735,0.104800,2.068906
trial_3,736,0.134213,2.185779
trial_3,737,0.289354,2.230481
trial_3,738,0.136175,2.630631
trial_3,739,0.426356,2.381915
trial_3,740,0.466076,1.108456
trial_3,741,0.026316,1.931330
trial_3,742,0.247278,1.766662
trial_3,743,1.384155,9.412962
trial_3,744,0.177032,1.335386
trial_3,745,0.118629,1.936931
trial_3,746,0.011233,1.394939
trial_3,747,0.090857,1.318841
trial_3,748,0.055377,1.475981
trial_3,749,0.064905,1.621561
trial_3,750,0.230752,1.851509
trial_3,751,0.018100,2.129899
trial_3,752,0.221877,0.959078
trial_3,753,0.585954,2.756682
trial_3,754,0.491962,1.230031
trial_3,755,0.001974,1.627496
trial_3,756,0.160554,1.858625
trial_3,757,0.103952,1.627962
trial_3,758,0.041028,1.685947
trial_3,759,0.214414,2.388981
trial_3,760,0.100916,2.111752
trial_3,761,0.281418,2.264551
trial_3,762,0.229143,2.782572
trial_3,763,0.113836,2.133234
trial_3,764,0.264572,2.551139
trial_3,765,0.345089,1.834306
trial_3,766,1.166400,3.123126
trial_3,767,0.287590,2.014569
trial_3,768,0.022569,2.245727
trial_3,769,0.244953,1.607593
trial_3,770,0.890963,12.952555
trial_3,771,0.049718,1.563057
trial_3,772,1.977503,41.690253
trial_3,773,0.305319,2.120507
trial_3,774,0.472129,3.113246
trial_3,775,0.047517,2.562765
trial_3,776,0.108944,3.365968
trial_3,777,0.310607,2.181611
trial_3,778,0.084077,2.338612
trial_3,779,0.020401,1.514072
trial_3,780,0.207832,1.841261
trial_3,781,0.122566,2.376864
trial_3,782,0.232550,1.597105
trial_3,783,0.010607,1.661801
trial_3,784,0.131537,1.713791
trial_3,785,0.103839,1.142358
trial_3,786,0.375338,2.394044
trial_3,787,0.366828,2.312508
trial_3,788,0.507056,6.711138
trial_3,789,0.267635,1.721497
trial_3,790,0.173576,2.592832
trial_3,791,0.635473,2.790356
trial_3,792,0.042236,1.923860
trial_3,793,0.190708,2.439612
trial_3,794,0.000958,2.400711
trial_3,795,0.141772,3.628151
trial_3,796,0.584591,2.209091
trial_3,797,0.238275,1.526007
trial_3,798,0.044192,1.443361
trial_3,799,0.446663,1.832975
trial_3,800,0.386174,2.283686
trial_3,801,0.274954,2.348675
trial_3,802,0.242275,2.109598
trial_3,803,0.010048,2.285364
trial_3,804,0.108759,1.522214
trial_3,805,0.127889,1.412225
trial_3,806,0.452109,4.834374
trial_3,807,0.139207,2.436479
trial_3,808,0.335639,1.754394
trial_3,809,0.116001,1.489451
trial_3,810,0.041803,1.416329
trial_3,811,0.352375,2.285935
trial_3,812,0.363440,2.962113
trial_3,813,0.541120,7.349222
trial_3,814,0.976434,8.055382
trial_3,815,0.145271,2.066155
trial_3,816,0.306230,1.986098
trial_3,817,0.246110,1.732716
trial_3,818,0.157204,3.578596
trial_3,819,0.353096,4.602103
trial_3,820,1.551710,12.526383
trial_3,821,0.279772,2.407362
trial_3,822,0.003739,2.250646
trial_3,823,0.080286,2.270538
trial_3,824,0.172776,1.661502
trial_3,825,0.375907,2.742376
trial_3,826,0.019331,9.647262
trial_3,827,0.152013,3.555780
trial_3,828,0.684308,3.172236
trial_3,829,0.447204,1.972342
trial_3,830,0.217308,1.554781
trial_3,831,0.427966,3.073095
trial_3,832,0.341197,2.267498
trial_3,833,0.680666,2.630417
trial_3,834,0.113864,1.891399
trial_3,835,0.169970,2.145169
trial_3,836,0.170787,1.909718
trial_3,837,0.361063,3.725863
trial_3,838,0.138181,2.766354
trial_3,839,0.158796,1.878189
trial_3,840,0.073068,2.637865
trial_3,841,0.085393,5.736724
trial_3,842,0.072506,1.608993
trial_3,843,0.272396,2.755702
trial_3,844,0.066882,1.887729
trial_3,845,0.205792,1.666453
trial_3,846,0.232541,2.004734
trial_3,847,0.318038,2.926325
trial_3,848,0.272408,3.298401
trial_3,849,0.341703,1.765430
trial_3,850,0.224028,1.896533
trial_3,851,0.049547,2.601702
trial_3,852,1.042206,3.355021
trial_3,853,0.283270,1.728399
trial_3,854,0.030314,1.643753
trial_3,855,0.262133,1.510124
trial_3,856,0.101598,3.432051
trial_3,857,0.407981,2.535990
trial_3,858,0.170308,1.670400
trial_3,859,0.392353,1.427093
trial_3,860,0.001638,1.860509
trial_3,861,0.057246,1.040089
trial_3,862,0.127365,1.491126
trial_3,863,0.058197,1.292817
trial_3,864,0.362625,2.006176
trial_3,865,0.185693,1.283212
trial_3,866,0.274686,2.063510
trial_3,867,0.171107,2.642114
trial_3,868,0.426343,2.307394
trial_3,869,0.373457,4.945574
trial_3,870,0.373214,1.937872
trial_3,871,0.398060,2.500828
trial_3,872,0.224765,3.739094
trial_3,873,0.245201,1.989923
trial_3,874,0.014261,1.594548
trial_3,875,0.191682,1.765615
trial_3,876,0.123661,1.551343
trial_3,877,0.420348,1.629796
trial_3,878,0.032688,1.314198
trial_3,879,0.165350,1.268224
trial_3,880,0.521518,2.918232
trial_3,881,0.107759,1.735708
trial_3,882,0.554246,1.562511
trial_3,883,0.101556,1.818986
trial_3,884,0.572448,3.969842
trial_3,885,0.264945,1.878650
trial_3,886,0.364920,1.573878
trial_3,887,0.733568,8.906507
trial_3,888,0.023258,2.111024
trial_3,889,0.003113,1.912195
trial_3,890,0.221946,2.408811
trial_3,891,0.558280,1.856260
trial_3,892,0.134559,2.308124
trial_3,893,0.318069,2.487951
trial_3,894,0.223566,2.808888
trial_3,895,0.341859,2.302601
trial_3,896,0.251082,1.815212
trial_3,897,0.577444,1.723373
trial_3,898,0.116523,2.085679
trial_3,899,0.000909,1.533032
trial_3,900,0.027010,2.291315
trial_3,901,0.036860,1.528150
trial_3,902,0.092678,2.698303
trial_3,903,0.159632,1.898790
trial_3,904,0.250466,1.104010
trial_3,905,0.617047,2.461991
trial_3,906,0.122962,2.140610
trial_3,907,0.300140,2.121287
trial_3,908,0.114401,1.926551
trial_3,909,0.868118,4.865236
trial_3,910,0.020256,1.582675
trial_3,911,0.543458,1.630162
trial_3,912,0.007963,2.137289
trial_3,913,0.533308,2.741878
trial_3,914,0.127431,1.465422
trial_3,915,0.231467,2.149592
trial_3,916,0.215103,1.802206
trial_3,917,0.074371,1.267379
trial_3,918,0.429375,1.594513
trial_3,919,0.846566,4.276323
trial_3,920,0.096423,1.693703
trial_3,921,0.166514,1.806421
trial_3,922,0.345457,2.073482
trial_3,923,0.418581,2.333784
trial_3,924,0.649403,6.918067
trial_3,925,1.320826,6.865182
trial_3,926,0.188944,2.053517
trial_3,927,0.078124,1.443988
trial_3,928,0.674585,2.739837
trial_3,929,0.117633,2.402138
trial_3,930,0.038142,2.006925
trial_3,931,0.557412,7.952973
trial_3,932,0.479706,2.338658
trial_3,933,0.528287,3.792571
trial_3,934,0.335607,2.561626
trial_3,935,0.508544,2.564978
trial_3,936,0.981052,4.553535
trial_3,937,0.079860,1.743436
trial_3,938,0.150297,1.661107
trial_3,939,0.801296,2.494816
trial_3,940,0.504469,2.096143
trial_3,941,0.642688,2.174241
trial_3,942,0.339280,2.350668
trial_3,943,0.032564,2.007858
trial_3,944,0.143566,2.285867
trial_3,945,0.167068,1.168868
trial_3,946,0.197444,1.372786
trial_3,947,0.007192,2.157850
trial_3,948,0.046461,2.358706
trial_3,949,0.251232,5.148019
trial_3,950,0.103539,1.342138
trial_3,951,0.033328,1.875797
trial_3,952,0.246222,1.812121
trial_3,953,0.077906,1.832687
trial_3,954,0.222170,2.279772
trial_3,955,0.199059,2.079487
trial_3,956,0.167087,2.611139
trial_3,957,0.408140,5.876365
trial_3,958,0.192308,2.725908
trial_3,959,0.501134,3.076727
trial_3,960,0.840375,3.726811
trial_3,961,0.018586,2.364564
trial_3,962,2.330151,19.552520
trial_3,963,0.243143,2.685340
trial_3,964,0.586800,2.039780
trial_3,965,0.178531,1.477878
trial_3,966,0.231444,2.726553
trial_3,967,0.092049,3.637543
trial_3,968,0.031657,2.305097
trial_3,969,0.077861,2.089837
trial_3,970,0.161301,2.450867
trial_3,971,0.194074,2.016287
trial_3,972,0.999416,3.412695
trial_3,973,0.069287,1.362834
trial_3,974,0.433399,3.306680
trial_3,975,0.108943,3.102011
trial_3,976,0.054753,1.749702
trial_3,977,0.193353,1.830829
trial_3,978,0.374764,2.328293
trial_3,979,0.190706,1.455481
trial_3,980,0.049638,1.748397
trial_3,981,0.200862,1.713111
trial_3,982,0.044285,1.922694
trial_3,983,0.582245,2.128988
trial_3,984,0.311022,2.427079
trial_3,985,0.123521,1.447902
trial_3,986,0.174375,1.813911
trial_3,987,0.098614,1.655235
trial_3,988,0.636914,8.208424
trial_3,989,0.279004,1.828482
trial_3,990,0.697962,3.004073
trial_3,991,0.027119,1.858298
trial_3,992,0.048304,2.434094
trial_3,993,0.394828,2.422525
trial_3,994,0.201637,2.628244
trial_3,995,0.012648,1.988897
trial_3,996,0.087775,1.929924
trial_3,997,1.261803,10.705308
trial_3,998,0.453989,1.761343
trial_3,999,0.348845,1.766388
trial_3,1000,0.008955,1.871345
trial_4,1,0.281977,1.505766
trial_4,2,0.354458,1.695269
trial_4,3,0.242245,2.285723
trial_4,4,0.173266,1.118352
trial_4,5,0.088085,1.911162
trial_4,6,0.040434,2.374244
trial_4,7,0.244414,2.763901
trial_4,8,0.265708,2.551940
trial_4,9,0.193583,6.307219
trial_4,10,0.226379,2.324498
trial_4,11,0.424802,1.878060
trial_4,12,0.011111,1.513290
trial_4,13,1.415791,7.862534
trial_4,14,0.560233,1.998264
trial_4,15,0.073317,1.719353
trial_4,16,0.243080,1.785892
trial_4,17,0.132361,2.800869
trial_4,18,0.824337,2.629022
trial_4,19,0.040508,1.960300
trial_4,20,0.070405,1.375336
trial_4,21,0.137524,2.718610
trial_4,22,0.276427,1.938529
trial_4,23,0.024721,2.535646
trial_4,24,0.083395,2.491376
trial_4,25,0.011540,2.017953
trial_4,26,0.681228,4.629260
trial_4,27,0.142692,2.513653
trial_4,28,0.971321,11.921633
trial_4,29,0.154644,1.407402
trial_4,30,0.008053,1.493029
trial_4,31,0.423824,2.342824
trial_4,32,0.269402,1.798448
trial_4,33,0.011210,2.716655
trial_4,34,1.307777,17.087016
trial_4,35,0.748690,2.485500
trial_4,36,0.288670,2.434723
trial_4,37,0.467900,3.106661
trial_4,38,0.380866,2.002279
trial_4,39,0.355744,2.457322
trial_4,40,0.077617,2.849767
trial_4,41,0.139192,1.153326
trial_4,42,0.409295,2.382587
trial_4,43,0.243411,1.832859
trial_4,44,0.498940,1.902219
trial_4,45,0.258623,1.514507
trial_4,46,0.231156,2.038018
trial_4,47,0.205217,1.572949
trial_4,48,0.014761,2.492182
trial_4,49,0.218721,2.347332
trial_4,50,0.264222,1.811450
trial_4,51,0.123462,1.244796
trial_4,52,0.340071,1.680079
trial_4,53,0.684599,3.838300
trial_4,54,0.048440,2.463440
trial_4,55,0.416425,2.299836
trial_4,56,0.136296,2.036766
trial_4,57,0.066733,1.609531
trial_4,58,0.168784,2.019078
trial_4,59,0.297905,2.158200
trial_4,60,0.032092,5.058428
trial_4,61,0.238618,1.678801
trial_4,62,0.188233,1.917565
trial_4,63,0.184516,1.718573
trial_4,64,0.140031,1.705787
trial_4,65,0.041909,2.345305
trial_4,66,0.249323,1.654490
trial_4,67,0.150262,1.786234
trial_4,68,2.729554,7.064234
trial_4,69,0.053042,2.077531
trial_4,70,0.016458,2.542670
trial_4,71,0.089516,2.892870
trial_4,72,0.158888,2.359595
trial_4,73,0.079809,1.938019
trial_4,74,0.336949,2.178238
trial_4,75,0.033945,2.118172
trial_4,76,0.478261,2.764805
trial_4,77,0.117948,1.570631
trial_4,78,0.027702,1.019026
trial_4,79,0.273736,1.773085
trial_4,80,0.019082,2.197622
trial_4,81,0.247787,4.973101
trial_4,82,0.152396,4.714555
trial_4,83,0.321350,1.746696
trial_4,84,0.522980,7.574882
trial_4,85,0.478350,7.890805
trial_4,86,0.698839,4.445700
trial_4,87,0.377645,2.614348
trial_4,88,0.028949,2.490007
trial_4,89,0.108095,2.068213
trial_4,90,0.260161,1.861574
trial_4,91,0.445147,2.129616
trial_4,92,0.246300,3.012568
trial_4,93,0.283791,4.339719
trial_4,94,0.057180,2.011330
trial_4,95,0.065161,1.667361
trial_4,96,0.207227,1.357323
trial_4,97,0.073338,2.089118
trial_4,98,0.168599,4.094566
trial_4,99,0.709477,2.936341
trial_4,100,0.035178,2.220035
trial_4,101,0.179101,1.754266
trial_4,102,0.424125,2.342242
trial_4,103,0.200192,2.354177
trial_4,104,0.206708,1.316117
trial_4,105,0.385784,1.880512
trial_4,106,0.017799,2.325745
trial_4,107,0.007359,2.226791
trial_4,108,0.996236,8.922057
trial_4,109,0.135719,2.774947
trial_4,110,0.212524,2.752441
trial_4,111,0.248764,1.865973
trial_4,112,0.284924,2.153309
trial_4,113,0.174106,3.401825
trial_4,114,0.335621,2.027803
trial_4,115,0.342880,2.985000
trial_4,116,0.132731,2.107716
trial_4,117,0.133947,2.233504
trial_4,118,0.158612,1.632010
trial_4,119,0.312758,2.949140
trial_4,120,0.192113,2.126303
trial_4,121,0.007270,1.889344
trial_4,122,0.576956,2.349311
trial_4,123,0.218742,2.134345
trial_4,124,0.416723,2.285509
trial_4,125,0.109616,1.614848
trial_4,126,0.715177,4.399454
trial_4,127,0.305736,1.972697
trial_4,128,0.052705,1.996386
trial_4,129,0.248710,2.165833
trial_4,130,1.114257,6.369250
trial_4,131,0.095162,1.910925
trial_4,132,0.132297,2.332605
trial_4,133,0.404194,7.657679
trial_4,134,0.234146,1.811978
trial_4,135,0.107823,1.996441
trial_4,136,0.170154,1.412584
trial_4,137,0.071962,3.257379
trial_4,138,0.169877,2.087135
trial_4,139,0.013674,1.729228
trial_4,140,0.225436,1.945443
trial_4,141,0.102794,2.243097
trial_4,142,0.372042,1.667421
trial_4,143,0.354443,7.215350
trial_4,144,0.093309,2.914334
trial_4,145,0.311740,1.817461
trial_4,146,0.565305,2.345881
trial_4,147,0.726653,4.163982
trial_4,148,0.141794,1.548583
trial_4,149,0.629163,8.250722
trial_4,150,0.228308,1.625838
trial_4,151,0.380058,2.149394
trial_4,152,0.134759,2.090826
trial_4,153,0.071347,2.531533
trial_4,154,0.406227,2.133153
trial_4,155,0.261499,2.190377
trial_4,156,0.189233,1.553808
trial_4,157,0.003609,2.449065
trial_4,158,0.042213,2.434500
trial_4,159,0.266485,1.794980
trial_4,160,0.047009,2.144100
trial_4,161,0.139315,1.694107
trial_4,162,0.037376,1.919843
trial_4,163,0.033483,2.130334
trial_4,164,0.287696,2.160156
trial_4,165,0.027308,1.741938
trial_4,166,0.321589,1.516097
trial_4,167,0.000587,2.161357
trial_4,168,0.100807,2.403664
trial_4,169,0.260082,1.338601
trial_4,170,0.141488,1.568107
trial_4,171,0.852203,3.232987
trial_4,172,0.149561,1.383059
trial_4,173,0.190583,1.115516
trial_4,174,0.230487,2.034708
trial_4,175,0.145012,1.604521
trial_4,176,0.045334,2.255632
trial_4,177,0.200416,2.635849
trial_4,178,0.171444,2.087426
trial_4,179,0.435046,1.720970
trial_4,180,0.294114,3.735958
trial_4,181,0.269329,3.176909
trial_4,182,0.068431,1.894196
trial_4,183,0.130336,1.905676
trial_4,184,0.081409,2.719437
trial_4,185,0.051748,1.946211
trial_4,186,0.101699,1.725206
trial_4,187,0.030921,1.766412
trial_4,188,0.164537,1.437941
trial_4,189,0.264921,2.825222
trial_4,190,0.560576,2.184912
trial_4,191,0.182556,1.698118
trial_4,192,0.262703,2.153654
trial_4,193,0.261406,2.167719
trial_4,194,0.147339,1.736397
trial_4,195,0.396059,2.336069
trial_4,196,0.221811,1.998531
trial_4,197,0.122721,2.190473
trial_4,198,0.144822,2.132017
trial_4,199,0.167880,2.638214
trial_4,200,0.134352,1.629202
trial_4,201,0.103307,1.442015
trial_4,202,0.115324,1.810435
trial_4,203,0.004864,1.744333
trial_4,204,0.127658,1.274577
trial_4,205,0.270061,2.719286
trial_4,206,0.717781,1.965364
trial_4,207,0.191091,1.440564
trial_4,208,0.083059,1.514565
trial_4,209,0.323989,5.008364
trial_4,210,2.297880,7.485083
trial_4,211,0.010462,2.916982
trial_4,212,0.039454,1.684535
trial_4,213,0.058584,2.019603
trial_4,214,0.177003,1.939057
trial_4,215,0.584520,1.980079
trial_4,216,0.135577,1.775205
trial_4,217,0.129122,2.044433
trial_4,218,0.299584,2.896758
trial_4,219,5.589899,28.411100
trial_4,220,0.574620,3.108087
trial_4,221,0.620563,2.045916
trial_4,222,0.288929,2.088305
trial_4,223,0.224188,1.861877
trial_4,224,0.321646,1.858009
trial_4,225,0.171285,1.922117
trial_4,226,0.350603,1.889428
trial_4,227,0.416446,1.709350
trial_4,228,0.353007,2.358433
trial_4,229,0.476934,2.456241
trial_4,230,0.008840,2.377222
trial_4,231,0.400495,2.637646
trial_4,232,0.131904,1.698129
trial_4,233,0.309541,2.369579
trial_4,234,0.094848,2.358863
trial_4,235,0.275570,2.232225
trial_4,236,0.135228,1.841657
trial_4,237,0.165141,2.178635
trial_4,238,0.114923,1.628512
trial_4,239,0.051217,1.806283
trial_4,240,0.283634,2.328850
trial_4,241,0.348822,1.408990
trial_4,242,0.295920,1.818453
trial_4,243,0.968111,2.455945
trial_4,244,0.027727,2.193483
trial_4,245,0.022427,6.480340
trial_4,246,0.423007,1.754539
trial_4,247,0.129528,1.908063
trial_4,248,0.187943,1.539716
trial_4,249,0.063643,1.997969
trial_4,250,0.027994,1.513362
trial_4,251,0.070462,1.728665
trial_4,252,0.184000,1.922187
trial_4,253,0.015572,1.651926
trial_4,254,0.372801,6.864289
trial_4,255,2.520976,15.005152
trial_4,256,0.088396,1.630315
trial_4,257,0.425906,3.289970
trial_4,258,0.247202,1.902057
trial_4,259,0.155155,1.911905
trial_4,260,0.137312,1.800810
trial_4,261,0.086944,2.245115
trial_4,262,0.609532,2.072145
trial_4,263,0.129357,2.091680
trial_4,264,0.558794,2.567923
trial_4,265,0.279936,2.161878
trial_4,266,0.261125,1.535835
trial_4,267,0.241244,2.531153
trial_4,268,0.304790,1.802241
trial_4,269,0.332934,1.618767
trial_4,270,0.014920,1.308418
trial_4,271,0.131474,1.539000
trial_4,272,0.253842,2.182455
trial_4,273,0.142321,1.669800
trial_4,274,0.226767,1.900633
trial_4,275,0.263840,1.870917
trial_4,276,0.873508,4.982742
trial_4,277,0.590546,2.296781
trial_4,278,0.397754,2.173318
trial_4,279,0.114236,2.501392
trial_4,280,0.503609,3.036525
trial_4,281,0.354199,3.641235
trial_4,282,1.285950,5.318599
trial_4,283,0.666949,2.673255
trial_4,284,0.091932,1.921860
trial_4,285,0.172097,1.707084
trial_4,286,0.072139,2.212884
trial_4,287,0.256687,1.662428
trial_4,288,0.379565,3.140621
trial_4,289,0.027976,2.476775
trial_4,290,0.245153,2.373159
trial_4,291,0.200822,2.687783
trial_4,292,0.263475,3.160776
trial_4,293,0.404514,2.314981
trial_4,294,0.206296,2.162223
trial_4,295,0.465525,2.612630
trial_4,296,0.224676,3.112242
trial_4,297,0.361816,2.641381
trial_4,298,0.173973,1.846036
trial_4,299,0.155960,2.204124
trial_4,300,0.041495,1.483884
trial_4,301,0.097951,2.440318
trial_4,302,0.145820,2.465285
trial_4,303,0.174142,2.036671
trial_4,304,0.174282,1.419672
trial_4,305,0.315598,2.558741
trial_4,306,0.029362,2.014491
trial_4,307,0.266607,1.736890
trial_4,308,0.452306,3.796023
trial_4,309,0.139754,2.042338
trial_4,310,0.245761,4.859550
trial_4,311,0.370381,3.245747
trial_4,312,0.648032,5.648388
trial_4,313,0.554431,1.800767
trial_4,314,0.199204,2.059959
trial_4,315,0.529845,2.810340
trial_4,316,0.032288,1.856605
trial_4,317,0.081699,1.467972
trial_4,318,0.390615,1.874881
trial_4,319,0.560590,2.505897
trial_4,320,0.117769,6.297436
trial_4,321,0.195453,3.657389
trial_4,322,0.157487,1.755610
trial_4,323,0.240861,3.003022
trial_4,324,0.651934,2.376365
trial_4,325,0.271947,1.601052
trial_4,326,0.125845,1.566968
trial_4,327,0.154402,1.610012
trial_4,328,0.452347,2.002097
trial_4,329,1.323642,8.122621
trial_4,330,0.820715,3.719016
trial_4,331,0.072717,2.036740
trial_4,332,0.079669,1.308872
trial_4,333,0.244412,3.338699
trial_4,334,0.445926,2.693696
trial_4,335,0.095456,1.763309
trial_4,336,0.650836,2.792729
trial_4,337,0.285310,2.176063
trial_4,338,0.275118,5.515391
trial_4,339,0.785277,2.343396
trial_4,340,0.198243,1.609152
trial_4,341,0.137483,12.220815
trial_4,342,0.178779,1.697316
trial_4,343,0.010537,2.491940
trial_4,344,0.136729,5.020836
trial_4,345,3.999026,19.928809
trial_4,346,0.802973,8.539384
trial_4,347,0.014277,2.299425
trial_4,348,0.979100,6.017453
trial_4,349,0.132580,1.667996
trial_4,350,0.080581,2.746609
trial_4,351,1.406515,5.316602
trial_4,352,0.175082,2.335944
trial_4,353,0.152960,2.080254
trial_4,354,0.467612,3.386458
trial_4,355,0.417150,1.736781
trial_4,356,0.601860,2.220979
trial_4,357,0.181020,4.180653
trial_4,358,0.087768,2.383800
trial_4,359,0.283689,2.034289
trial_4,360,0.198610,2.469789
trial_4,361,0.610189,4.016683
trial_4,362,0.099181,5.995794
trial_4,363,0.095516,1.946340
trial_4,364,0.084351,1.642195
trial_4,365,0.414909,1.760435
trial_4,366,0.074161,1.595602
trial_4,367,0.175996,1.711848
trial_4,368,0.282080,2.187845
trial_4,369,0.090416,1.704906
trial_4,370,0.226565,2.627059
trial_4,371,0.015927,1.629018
trial_4,372,0.271885,1.840711
trial_4,373,0.471899,2.383738
trial_4,374,0.430407,7.149038
trial_4,375,0.385299,1.621941
trial_4,376,0.188427,2.292871
trial_4,377,0.010970,1.952468
trial_4,378,0.164359,1.698130
trial_4,379,0.078980,2.019183
trial_4,380,0.724164,1.952118
trial_4,381,0.160026,1.533333
trial_4,382,0.291511,2.165760
trial_4,383,0.702349,3.249081
trial_4,384,0.022570,2.035358
trial_4,385,0.626124,2.130679
trial_4,386,0.613207,6.218266
trial_4,387,1.354676,8.192640
trial_4,388,0.292172,2.115924
trial_4,389,0.267346,2.003649
trial_4,390,0.322877,2.325799
trial_4,391,0.016373,2.195941
trial_4,392,0.330875,2.016280
trial_4,393,0.404247,2.261023
trial_4,394,0.137651,2.089338
trial_4,395,0.380584,1.804543
trial_4,396,0.543826,2.298197
trial_4,397,0.005606,1.491528
trial_4,398,0.294554,1.645055
trial_4,399,0.216004,2.032657
trial_4,400,0.030653,1.552123
trial_4,401,0.108009,2.298959
trial_4,402,0.717867,4.018971
trial_4,403,0.329236,2.233829
trial_4,404,0.089445,1.219054
trial_4,405,0.047493,2.112462
trial_4,406,0.173609,1.380759
trial_4,407,0.063873,1.305453
trial_4,408,0.114557,2.174915
trial_4,409,0.239617,1.847002
trial_4,410,0.244173,2.130550
trial_4,411,0.373097,2.406609
trial_4,412,0.463048,2.028643
trial_4,413,0.042942,2.117661
trial_4,414,0.696622,2.611451
trial_4,415,0.252821,1.578094
trial_4,416,1.431015,17.892024
trial_4,417,0.376239,2.487002
trial_4,418,0.506848,2.284902
trial_4,419,0.662044,2.452103
trial_4,420,0.313841,1.166875
trial_4,421,0.058307,1.206260
trial_4,422,0.057358,1.994129
trial_4,423,0.204699,1.433657
trial_4,424,0.250832,1.725881
trial_4,425,0.231657,2.010895
trial_4,426,0.171403,2.263160
trial_4,427,0.338504,1.781371
trial_4,428,0.000480,2.873348
trial_4,429,0.243626,2.321695
trial_4,430,0.133511,1.234995
trial_4,431,0.075701,2.044981
trial_4,432,0.746017,2.217244
trial_4,433,0.038862,1.909224
trial_4,434,0.770140,2.767282
trial_4,435,3.577301,14.065198
trial_4,436,0.006486,2.405692
trial_4,437,0.244028,1.846827
trial_4,438,0.317274,2.889889
trial_4,439,0.273959,2.495476
trial_4,440,0.008502,4.407403
trial_4,441,0.692086,3.828332
trial_4,442,0.259554,1.836505
trial_4,443,0.099372,1.638191
trial_4,444,0.036488,1.690818
trial_4,445,0.857224,2.722225
trial_4,446,0.094107,1.676144
trial_4,447,0.080298,2.010114
trial_4,448,0.220627,1.473112
trial_4,449,0.209234,2.383382
trial_4,450,0.028217,2.470201
trial_4,451,0.635226,2.607757
trial_4,452,0.174897,1.953753
trial_4,453,0.023790,2.550467
trial_4,454,0.215536,2.239772
trial_4,455,0.036002,1.373382
trial_4,456,0.163592,2.061394
trial_4,457,0.230286,1.997376
trial_4,458,0.133000,1.859313
trial_4,459,0.009043,2.147814
trial_4,460,0.215578,1.961967
trial_4,461,0.207522,1.461792
trial_4,462,0.424200,2.145408
trial_4,463,0.046346,2.013061
trial_4,464,0.098886,1.390840
trial_4,465,0.007397,2.228401
trial_4,466,0.253600,2.218134
trial_4,467,0.113464,2.030164
trial_4,468,0.073306,1.546543
trial_4,469,0.690708,5.154831
trial_4,470,0.297965,2.358773
trial_4,471,0.251052,1.601907
trial_4,472,0.242838,1.851272
trial_4,473,0.110694,2.146270
trial_4,474,1.081392,6.610081
trial_4,475,1.405791,8.745561
trial_4,476,0.008106,8.734300
trial_4,477,0.151604,1.964508
trial_4,478,0.576630,2.333962
trial_4,479,0.065981,1.894316
trial_4,480,0.229143,2.312362
trial_4,481,0.803979,5.329643
trial_4,482,0.281427,2.746083
trial_4,483,0.109678,3.618447
trial_4,484,0.062317,3.520950
trial_4,485,0.160392,2.131160
trial_4,486,0.114685,2.198013
trial_4,487,0.139837,2.517535
trial_4,488,0.276831,1.962553
trial_4,489,0.128590,1.789726
trial_4,490,0.034848,1.566233
trial_4,491,0.251738,1.752964
trial_4,492,0.226724,1.911950
trial_4,493,0.270593,2.523261
trial_4,494,0.043604,1.883315
trial_4,495,0.172690,2.044222
trial_4,496,0.067615,2.537713
trial_4,497,0.321689,2.544255
trial_4,498,0.026501,1.617906
trial_4,499,0.013433,2.769010
trial_4,500,0.415567,2.692426
trial_4,501,0.762232,2.859192
trial_4,502,0.274308,1.920144
trial_4,503,0.126669,1.323053
trial_4,504,0.084696,1.784819
trial_4,505,0.389159,2.814723
trial_4,506,0.085904,1.595014
trial_4,507,0.512804,3.413704
trial_4,508,0.121285,1.137787
trial_4,509,0.294582,2.481550
trial_4,510,0.200690,2.640237
trial_4,511,0.074111,2.410884
trial_4,512,0.461058,7.428206
trial_4,513,0.121076,2.768097
trial_4,514,0.005216,2.793325
trial_4,515,1.353177,20.194527
trial_4,516,0.499702,2.526056
trial_4,517,1.217001,7.021064
trial_4,518,0.751772,2.560478
trial_4,519,0.475030,2.543420
trial_4,520,0.128342,2.609108
trial_4,521,0.171419,1.598119
trial_4,522,0.144980,1.994652
trial_4,523,0.110427,3.748443
trial_4,524,0.047405,1.700957
trial_4,525,0.851174,3.790805
trial_4,526,0.012664,1.958208
trial_4,527,0.134524,2.140406
trial_4,528,0.026274,1.663277
trial_4,529,0.302525,1.707076
trial_4,530,0.104131,1.732083
trial_4,531,0.198161,1.903832
trial_4,532,0.481133,1.706038
trial_4,533,0.336867,2.100289
trial_4,534,0.005184,1.770131
trial_4,535,0.396790,2.225166
trial_4,536,0.374489,2.803679
trial_4,537,0.301563,3.048075
trial_4,538,0.270368,2.212928
trial_4,539,0.425579,2.407761
trial_4,540,0.099204,1.829992
trial_4,541,0.130345,1.919222
trial_4,542,0.216552,5.349677
trial_4,543,0.203239,2.032674
trial_4,544,0.010867,1.802906
trial_4,545,0.001878,2.267374
trial_4,546,0.095255,1.701740
trial_4,547,0.176297,1.905940
trial_4,548,0.421653,2.027991
trial_4,549,0.090824,1.514652
trial_4,550,0.245428,2.544470
trial_4,551,0.082612,1.571776
trial_4,552,0.392655,2.257159
trial_4,553,0.285437,1.716804
trial_4,554,0.713251,4.388082
trial_4,555,0.249149,1.893444
trial_4,556,0.184414,1.419437
trial_4,557,0.077967,1.455097
trial_4,558,0.228182,1.507232
trial_4,559,0.247130,1.908914
trial_4,560,0.044369,1.871365
trial_4,561,1.010014,2.909946
trial_4,562,0.365402,2.676256
trial_4,563,0.388166,2.346106
trial_4,564,0.181103,2.114523
trial_4,565,0.323759,2.096396
trial_4,566,0.165295,1.787528
trial_4,567,0.291752,2.669853
trial_4,568,0.042599,1.415870
trial_4,569,0.403181,1.540668
trial_4,570,0.026898,2.680810
trial_4,571,0.141637,2.128677
trial_4,572,0.248564,1.967019
trial_4,573,0.437613,1.655728
trial_4,574,0.125036,2.309642
trial_4,575,0.000474,2.834783
trial_4,576,0.421129,7.300164
trial_4,577,0.103297,1.407611
trial_4,578,0.130560,3.320287
trial_4,579,0.042105,1.837141
trial_4,580,0.303389,2.160730
trial_4,581,0.085718,1.644960
trial_4,582,0.489881,1.868077
trial_4,583,0.118118,2.920122
trial_4,584,0.084088,1.440924
trial_4,585,0.074255,1.546624
trial_4,586,0.384286,2.080767
trial_4,587,0.035621,2.092635
trial_4,588,0.093537,1.727569
trial_4,589,7.181315,33.474657
trial_4,590,0.081211,2.156123
trial_4,591,0.537743,2.451200
trial_4,592,0.144801,1.995239
trial_4,593,0.064906,2.204880
trial_4,594,0.068555,1.851813
trial_4,595,0.259759,3.884075
trial_4,596,0.103249,1.234496
trial_4,597,0.013581,2.567572
trial_4,598,0.288368,1.515983
trial_4,599,0.432993,2.141447
trial_4,600,0.010937,2.353608
trial_4,601,0.867528,3.555225
trial_4,602,0.393939,2.089738
trial_4,603,0.017928,1.977831
trial_4,604,0.262075,2.148528
trial_4,605,0.272498,2.084318
trial_4,606,0.116811,1.502423
trial_4,607,0.063656,2.478410
trial_4,608,0.119725,1.524534
trial_4,609,0.311612,1.866861
trial_4,610,0.351576,2.508197
trial_4,611,0.329640,1.774680
trial_4,612,0.190672,1.330255
trial_4,613,0.788757,1.979471
trial_4,614,0.015039,2.876923
trial_4,615,0.003137,1.593534
trial_4,616,0.091009,1.524328
trial_4,617,0.279003,1.794019
trial_4,618,0.180870,1.977216
trial_4,619,1.477152,12.951468
trial_4,620,0.114366,1.791738
trial_4,621,0.456393,1.622973
trial_4,622,0.829036,5.905418
trial_4,623,0.161661,1.702958
trial_4,624,0.779032,3.201999
trial_4,625,0.694278,2.154071
trial_4,626,0.017796,1.856011
trial_4,627,0.763504,3.710242
trial_4,628,0.181709,2.276792
trial_4,629,0.350534,2.516809
trial_4,630,0.343013,2.771210
trial_4,631,0.091106,2.910408
trial_4,632,0.040309,1.714967
trial_4,633,0.050490,1.984270
trial_4,634,0.342698,3.169683
trial_4,635,0.348832,3.098354
trial_4,636,0.168780,2.630809
trial_4,637,0.351522,2.921681
trial_4,638,0.012901,2.013139
trial_4,639,0.057651,1.639896
trial_4,640,0.081341,1.974085
trial_4,641,0.290231,2.093148
trial_4,642,0.039820,1.983760
trial_4,643,0.194192,3.235882
trial_4,644,0.648483,2.852293
trial_4,645,0.322111,2.142039
trial_4,646,0.387785,4.617159
trial_4,647,0.598350,6.322790
trial_4,648,1.863191,11.528249
trial_4,649,0.262304,2.012488
trial_4,650,0.297286,3.706565
trial_4,651,0.843669,2.747239
trial_4,652,0.897809,6.247588
trial_4,653,0.006471,2.456332
trial_4,654,0.062162,2.433212
trial_4,655,0.361519,1.909856
trial_4,656,0.143958,3.376731
trial_4,657,0.694902,5.520674
trial_4,658,0.156807,2.525598
trial_4,659,0.278243,2.423924
trial_4,660,0.122439,2.290399
trial_4,661,0.263137,3.271787
trial_4,662,0.156444,1.693359
trial_4,663,0.578090,2.953065
trial_4,664,0.879606,2.556036
trial_4,665,0.235312,2.072617
trial_4,666,0.632383,3.903779
trial_4,667,0.166601,2.482218
trial_4,668,0.228765,2.461355
trial_4,669,0.735480,2.297471
trial_4,670,0.109511,2.595838
trial_4,671,0.313603,1.937690
trial_4,672,0.148398,1.763592
trial_4,673,3.229178,14.276924
trial_4,674,0.385400,2.353004
trial_4,675,0.013041,2.166763
trial_4,676,0.641856,4.384725
trial_4,677,0.317464,1.403440
trial_4,678,0.703707,2.132858
trial_4,679,0.064464,4.976694
trial_4,680,0.253839,2.081865
trial_4,681,0.146483,1.541439
trial_4,682,0.270489,2.815584
trial_4,683,0.060828,1.771246
trial_4,684,1.807774,10.831148
trial_4,685,1.449601,5.283847
trial_4,686,0.047887,1.889463
trial_4,687,0.110504,1.860522
trial_4,688,0.509767,1.730546
trial_4,689,0.043386,2.214407
trial_4,690,0.059628,2.005114
trial_4,691,0.133665,2.505845
trial_4,692,0.369426,1.495650
trial_4,693,0.235493,2.089505
trial_4,694,0.320068,2.171882
trial_4,695,0.282142,2.387291
trial_4,696,0.223261,3.749271
trial_4,697,0.105620,3.421877
trial_4,698,0.105259,1.403254
trial_4,699,0.195320,1.804323
trial_4,700,0.420653,2.110807
trial_4,701,0.350270,2.519364
trial_4,702,0.754650,2.781119
trial_4,703,0.234934,3.674681
trial_4,704,0.235088,1.737432
trial_4,705,0.091644,1.547950
trial_4,706,0.010681,1.865475
trial_4,707,0.167909,1.862651
trial_4,708,0.021766,1.852438
trial_4,709,0.683530,5.438504
trial_4,710,0.091094,2.950164
trial_4,711,0.054270,2.010461
trial_4,712,0.305847,2.264845
trial_4,713,0.623898,8.229143
trial_4,714,0.235725,1.610970
trial_4,715,0.223115,2.285363
trial_4,716,0.369010,3.675291
trial_4,717,0.210389,1.524096
trial_4,718,0.087019,1.875913
trial_4,719,0.054523,1.486961
trial_4,720,0.716386,3.550099
trial_4,721,0.088797,2.301923
trial_4,722,0.187745,2.274647
trial_4,723,0.085930,1.409327
trial_4,724,0.609953,9.573275
trial_4,725,0.141223,4.140181
trial_4,726,0.504205,4.229901
trial_4,727,0.040093,1.988508
trial_4,728,0.243330,1.922840
trial_4,729,0.481908,1.779384
trial_4,730,0.050627,2.211184
trial_4,731,0.253698,1.446955
trial_4,732,0.178611,2.603544
trial_4,733,0.399141,2.197493
trial_4,734,0.247894,2.185238
trial_4,735,0.020562,2.079932
trial_4,736,0.183734,2.369744
trial_4,737,0.110967,2.346008
trial_4,738,0.205280,2.713420
trial_4,739,0.762806,2.743542
trial_4,740,0.290152,1.357476
trial_4,741,0.084327,2.271140
trial_4,742,0.385744,2.073734
trial_4,743,1.424968,8.734776
trial_4,744,0.367653,1.727692
trial_4,745,0.096723,2.351456
trial_4,746,0.328378,1.779052
trial_4,747,0.195318,1.548353
trial_4,748,0.003417,1.698378
trial_4,749,0.004162,1.860446
trial_4,750,0.268141,2.253549
trial_4,751,0.061811,2.326223
trial_4,752,0.268005,1.320249
trial_4,753,0.812903,2.829131
trial_4,754,0.424071,1.366973
trial_4,755,0.001249,1.956575
trial_4,756,0.431575,2.383711
trial_4,757,0.123405,1.937228
trial_4,758,0.029648,1.827560
trial_4,759,0.361378,2.480204
trial_4,760,0.314387,2.340881
trial_4,761,0.139942,2.709294
trial_4,762,0.262763,2.756186
trial_4,763,0.207326,2.032543
trial_4,764,0.422571,2.356871
trial_4,765,0.241806,1.901160
trial_4,766,1.145899,3.602851
trial_4,767,0.321053,2.269564
trial_4,768,0.109821,2.346672
trial_4,769,0.197043,1.814030
trial_4,770,1.237938,11.517175
trial_4,771,0.013400,1.808430
trial_4,772,0.773474,47.430332
trial_4,773,0.396388,2.248018
trial_4,774,0.383580,2.964943
trial_4,775,0.207362,2.609626
trial_4,776,0.245952,3.399283
trial_4,777,0.437760,2.505977
trial_4,778,0.113250,2.299318
trial_4,779,0.116377,1.893194
trial_4,780,0.251373,2.157410
trial_4,781,0.276710,2.588318
trial_4,782,0.111116,1.487908
trial_4,783,0.135974,1.975914
trial_4,784,0.041791,2.058962
trial_4,785,0.037923,1.282037
trial_4,786,0.401996,2.489617
trial_4,787,0.337076,2.348642
trial_4,788,0.039295,6.377835
trial_4,789,0.308090,1.975990
trial_4,790,0.006231,2.924205
trial_4,791,0.700299,2.415031
trial_4,792,0.126318,2.396022
trial_4,793,0.181544,2.437076
trial_4,794,0.131182,2.438792
trial_4,795,0.169848,3.674484
trial_4,796,0.702317,2.395928
trial_4,797,0.200179,1.972095
trial_4,798,0.202062,1.738320
trial_4,799,0.466440,2.246431
trial_4,800,0.401075,2.317158
trial_4,801,0.236590,2.711022
trial_4,802,0.206022,2.013533
trial_4,803,0.089093,2.557333
trial_4,804,0.235487,1.827913
trial_4,805,0.136402,1.495324
trial_4,806,1.135973,4.811890
trial_4,807,0.126213,2.611031
trial_4,808,0.341590,1.847042
trial_4,809,0.054778,1.588577
trial_4,810,0.177236,1.666450
trial_4,811,0.105832,2.363415
trial_4,812,0.345199,3.128881
trial_4,813,0.741435,7.260936
trial_4,814,0.805889,8.273510
trial_4,815,0.099666,2.256723
trial_4,816,0.367850,2.250149
trial_4,817,0.161443,1.954882
trial_4,818,0.795673,3.230266
trial_4,819,0.181785,4.141913
trial_4,820,1.315761,11.813787
trial_4,821,0.293915,2.650131
trial_4,822,0.189378,2.703152
trial_4,823,0.077966,2.183709
trial_4,824,0.146806,1.477957
trial_4,825,0.393219,2.836184
trial_4,826,0.201552,10.211015
trial_4,827,0.107474,3.382820
trial_4,828,0.641411,3.117896
trial_4,829,0.260890,2.162797
trial_4,830,0.288516,1.662790
trial_4,831,0.438422,3.144312
trial_4,832,0.017001,2.187719
trial_4,833,0.354266,2.484985
trial_4,834,0.296426,2.059895
trial_4,835,0.325135,2.429923
trial_4,836,0.127056,2.494478
trial_4,837,0.572737,3.800137
trial_4,838,0.200254,3.065657
trial_4,839,0.341074,1.855543
trial_4,840,0.121216,2.440626
trial_4,841,0.348527,5.763321
trial_4,842,0.066227,1.875143
trial_4,843,0.508685,3.140638
trial_4,844,0.130407,1.879087
trial_4,845,0.403384,2.053936
trial_4,846,0.291962,2.052891
trial_4,847,0.514828,3.197227
trial_4,848,0.145797,3.302814
trial_4,849,0.364434,1.852108
trial_4,850,0.084060,2.169015
trial_4,851,0.020548,2.833783
trial_4,852,1.033279,3.358094
trial_4,853,0.120568,1.557725
trial_4,854,0.205542,1.849109
trial_4,855,0.153045,1.706337
trial_4,856,0.112547,3.699444
trial_4,857,0.231966,2.583856
trial_4,858,0.089299,1.864239
trial_4,859,0.355939,1.434841
trial_4,860,0.020923,2.285159
trial_4,861,0.023811,1.284090
trial_4,862,0.320608,1.993757
trial_4,863,0.055530,1.478201
trial_4,864,0.426614,2.331662
trial_4,865,0.062980,1.489029
trial_4,866,0.194728,1.906158
trial_4,867,0.252818,3.114700
trial_4,868,0.113701,2.581261
trial_4,869,0.102305,4.586667
trial_4,870,0.247289,2.470231
trial_4,871,0.377007,2.469106
trial_4,872,0.252204,3.910671
trial_4,873,0.159753,2.186637
trial_4,874,0.077690,1.872067
trial_4,875,0.065041,2.132032
trial_4,876,0.126488,1.751281
trial_4,877,0.026295,1.812029
trial_4,878,0.030380,1.733854
trial_4,879,0.161501,1.540092
trial_4,880,0.505506,2.721696
trial_4,881,0.028686,1.885098
trial_4,882,0.436486,1.380310
trial_4,883,0.468227,1.667625
trial_4,884,0.196180,3.848242
trial_4,885,0.254502,2.121373
trial_4,886,0.200713,1.887468
trial_4,887,0.157175,8.646648
trial_4,888,0.192846,2.464034
trial_4,889,0.399855,2.035020
trial_4,890,0.224996,2.749891
trial_4,891,0.763006,2.145756
trial_4,892,0.178972,1.889377
trial_4,893,0.533623,2.710422
trial_4,894,0.180679,3.124582
trial_4,895,0.134982,2.283937
trial_4,896,0.237306,1.787740
trial_4,897,0.640228,2.047589
trial_4,898,0.210587,2.399260
trial_4,899,0.312766,1.922194
trial_4,900,0.109355,2.690187
trial_4,901,0.019995,1.931817
trial_4,902,0.213213,2.678111
trial_4,903,0.328424,2.206264
trial_4,904,0.405826,1.331195
trial_4,905,0.561393,2.563041
trial_4,906,0.068139,2.180861
trial_4,907,0.343144,2.487305
trial_4,908,0.359919,2.326124
trial_4,909,0.808858,4.458274
trial_4,910,0.108973,1.904454
trial_4,911,0.245376,1.852580
trial_4,912,0.187180,2.122301
trial_4,913,0.545660,2.906872
trial_4,914,0.037844,1.488408
trial_4,915,0.097715,2.585895
trial_4,916,0.044477,1.723229
trial_4,917,0.026018,1.426257
trial_4,918,0.620494,1.691728
trial_4,919,0.634868,4.279247
trial_4,920,0.175032,1.988751
trial_4,921,0.012909,2.061193
trial_4,922,0.189638,1.943736
trial_4,923,0.455488,2.393512
trial_4,924,0.548939,6.689857
trial_4,925,0.973998,6.627167
trial_4,926,0.421609,2.277830
trial_4,927,0.153381,1.803345
trial_4,928,0.501785,2.963695
trial_4,929,0.185153,2.496280
trial_4,930,0.163222,1.901453
trial_4,931,0.876466,8.882153
trial_4,932,0.435196,2.234837
trial_4,933,0.700608,4.067790
trial_4,934,0.535715,2.779163
trial_4,935,0.345160,2.533524
trial_4,936,0.636318,4.158073
trial_4,937,0.105943,2.078267
trial_4,938,0.210323,1.873430
trial_4,939,0.751138,2.693084
trial_4,940,0.485024,2.253939
trial_4,941,0.503395,2.382356
trial_4,942,0.479903,2.808882
trial_4,943,0.394112,2.006351
trial_4,944,0.106211,2.248552
trial_4,945,0.158077,1.217887
trial_4,946,0.070487,1.501032
trial_4,947,0.144861,2.299732
trial_4,948,0.280490,2.445910
trial_4,949,0.414163,5.029009
trial_4,950,0.030361,1.457145
trial_4,951,0.115880,1.976132
trial_4,952,0.153101,2.150471
trial_4,953,0.152697,1.858010
trial_4,954,0.153031,2.309708
trial_4,955,0.624890,2.505271
trial_4,956,0.121559,2.893373
trial_4,957,0.638299,6.168843
trial_4,958,0.120106,2.790023
trial_4,959,0.623924,2.982557
trial_4,960,0.766946,3.563097
trial_4,961,0.199930,2.152323
trial_4,962,2.387248,18.258188
trial_4,963,0.278973,2.813675
trial_4,964,0.623406,2.038482
trial_4,965,0.055054,1.791689
trial_4,966,0.130606,2.916078
trial_4,967,0.429561,4.080710
trial_4,968,0.167826,2.257456
trial_4,969,0.004869,2.368246
trial_4,970,0.310020,2.928926
trial_4,971,0.337865,1.903799
trial_4,972,0.641590,3.220605
trial_4,973,0.277667,1.792308
trial_4,974,0.074825,3.341421
trial_4,975,0.135784,3.069454
trial_4,976,0.139026,1.833479
trial_4,977,0.073260,2.203280
trial_4,978,0.283255,2.674249
trial_4,979,0.076000,1.865112
trial_4,980,0.171545,1.651779
trial_4,981,0.265160,1.992157
trial_4,982,0.156458,1.990588
trial_4,983,0.529237,2.149196
trial_4,984,0.186140,2.893407
trial_4,985,0.056108,1.664950
trial_4,986,0.069527,2.373356
trial_4,987,0.124391,1.959483
trial_4,988,0.282542,6.360539
trial_4,989,0.069508,2.350485
trial_4,990,0.871873,2.904397
trial_4,991,0.129718,2.493802
trial_4,992,0.014047,2.540167
trial_4,993,0.758404,2.527988
trial_4,994,0.058953,2.569413
trial_4,995,0.135941,1.954927
trial_4,996,0.117713,1.960408
trial_4,997,1.014881,9.598334
trial_4,998,0.452582,2.120543
trial_4,999,0.018221,2.048668
trial_4,1000,0.230389,1.931263
trial_5,1,0.292756,1.306479
trial_5,2,0.238674,2.072422
trial_6,1,0.035285,1.398545
trial_6,2,0.328494,2.040094
trial_7,1,0.093085,1.446643
trial_7,2,0.062491,2.020441
trial_8,1,0.154707,1.428334
trial_8,2,0.245212,2.040821
trial_9,1,0.109757,1.542575
trial_9,2,0.150695,2.109857
trial_10,1,0.040935,1.524084
trial_10,2,0.165071,2.032145
trial_11,1,0.211628,1.588994
trial_11,2,0.144727,2.035329
trial_12,1,0.197671,1.629744
trial_12,2,0.076401,2.070355
trial_13,1,0.081507,1.635109
trial_13,2,0.234999,2.083236
trial_14,1,0.209192,1.661942
trial_14,2,0.129741,2.060580
trial_15,1,0.185715,1.694652
trial_15,2,0.176179,2.113652
trial_16,1,0.198053,1.699809
trial_16,2,0.174795,2.108963
trial_17,1,0.181847,1.694220
trial_17,2,0.113651,2.116333
trial_18,1,0.022570,1.723024
trial_18,2,0.062203,2.147761
trial_19,1,0.181505,1.660555
trial_19,2,0.164313,2.183831
trial_20,1,0.018621,1.744811
trial_20,2,0.123791,2.137388
trial_21,1,0.012241,1.743969
trial_21,2,0.196601,2.139296
trial_22,1,0.081774,1.680218
trial_22,2,0.241256,2.155871
trial_23,1,0.218101,1.666087
trial_23,2,0.240508,2.165213
trial_24,1,0.274165,1.703654
trial_24,2,0.012613,2.076835
trial_25,1,0.269733,1.722224
trial_25,2,0.200506,2.136924
trial_26,1,0.276384,1.683650
trial_26,2,0.146285,2.126443
trial_27,1,0.029725,1.815036
trial_27,2,0.078879,2.146749
trial_28,1,0.063069,1.719951
trial_28,2,0.071502,2.079505
trial_29,1,0.127728,1.754897
trial_29,2,0.169614,2.161023
