trial_id,replica,eps_ate,pehe
trial_0,1,0.066457,0.455392
trial_0,2,0.044882,0.544421
trial_0,3,0.016929,0.605512
trial_0,4,0.399723,1.031141
trial_0,5,0.048610,1.363834
trial_0,6,0.022472,0.546995
trial_0,7,0.230243,0.591822
trial_0,8,0.134851,0.899718
trial_0,9,1.711035,6.079421
trial_0,10,0.414115,2.367974
trial_0,11,0.017550,1.372197
trial_0,12,0.213126,1.040305
trial_0,13,1.185005,8.696482
trial_0,14,0.350249,1.142975
trial_0,15,0.039959,0.954940
trial_0,16,0.438612,0.811530
trial_0,17,0.371519,1.276235
trial_0,18,0.210731,1.134918
trial_0,19,0.102570,1.058788
trial_0,20,0.098516,0.798170
trial_0,21,0.373096,2.788042
trial_0,22,0.017589,0.833478
trial_0,23,0.144028,1.364286
trial_0,24,0.084626,1.636420
trial_0,25,0.270818,0.899326
trial_0,26,1.124321,3.359691
trial_0,27,0.087695,0.913560
trial_0,28,2.410707,9.185162
trial_0,29,0.078183,1.216286
trial_0,30,0.115251,1.073005
trial_0,31,0.011087,1.146349
trial_0,32,0.190332,0.864489
trial_0,33,0.056397,1.275656
trial_0,34,2.282477,12.129147
trial_0,35,0.560541,2.589662
trial_0,36,0.165010,1.624444
trial_0,37,0.314217,2.935647
trial_0,38,0.018695,1.178875
trial_0,39,0.297851,1.987537
trial_0,40,0.096671,1.100421
trial_0,41,0.242680,0.983349
trial_0,42,0.055519,0.726816
trial_0,43,0.140660,0.942240
trial_0,44,0.056112,1.231751
trial_0,45,0.267141,1.462696
trial_0,46,0.070661,0.974425
trial_0,47,0.021364,1.093039
trial_0,48,0.149979,0.891702
trial_0,49,0.116226,1.620165
trial_0,50,0.388795,1.029338
trial_0,51,0.010350,0.748668
trial_0,52,0.321144,1.064080
trial_0,53,0.123618,2.231272
trial_0,54,0.105552,1.901917
trial_0,55,0.454637,0.960128
trial_0,56,0.223918,0.593215
trial_0,57,0.293644,0.691458
trial_0,58,0.226825,1.439096
trial_0,59,0.139569,0.674658
trial_0,60,0.106062,3.827205
trial_0,61,0.026172,0.550541
trial_0,62,0.058803,0.693854
trial_0,63,0.159147,0.845449
trial_0,64,0.070131,0.814772
trial_0,65,0.289153,1.205345
trial_0,66,0.088975,0.584118
trial_0,67,0.115180,0.610892
trial_0,68,3.421283,6.546317
trial_0,69,0.073726,0.696617
trial_0,70,0.094061,0.501503
trial_0,71,0.255337,1.792189
trial_0,72,0.086758,0.371531
trial_0,73,0.064180,0.821876
trial_0,74,0.083705,0.344249
trial_0,75,0.100843,0.387491
trial_0,76,0.397748,1.721912
trial_0,77,0.138712,0.691615
trial_0,78,0.154750,0.495666
trial_0,79,0.229448,0.527622
trial_0,80,0.116390,0.588153
trial_0,81,0.208494,3.533243
trial_0,82,0.564003,3.148316
trial_0,83,0.041499,1.010314
trial_0,84,0.620267,5.183381
trial_0,85,0.562460,3.857616
trial_0,86,0.337016,2.488467
trial_0,87,0.059727,0.839703
trial_0,88,0.299071,0.557017
trial_0,89,0.157654,0.908061
trial_0,90,0.016453,1.069903
trial_0,91,0.098101,0.687885
trial_0,92,0.189979,1.208878
trial_0,93,0.249902,2.155031
trial_0,94,0.248020,0.614042
trial_0,95,0.099558,0.602130
trial_0,96,0.151329,0.795830
trial_0,97,0.216244,0.935302
trial_0,98,0.067368,1.529838
trial_0,99,0.015915,0.869148
trial_0,100,0.288477,0.913807
trial_0,101,0.002717,0.971226
trial_0,102,0.131589,0.956797
trial_0,103,0.231887,0.695742
trial_0,104,0.025465,0.706587
trial_0,105,0.001025,0.909192
trial_0,106,0.099569,0.721638
trial_0,107,0.100223,0.541048
trial_0,108,0.531073,5.777304
trial_0,109,0.463783,1.397794
trial_0,110,0.042531,1.189321
trial_0,111,0.476401,1.011440
trial_0,112,0.103006,0.820873
trial_0,113,0.189562,0.908454
trial_0,114,0.073818,0.749380
trial_0,115,0.164230,1.288591
trial_0,116,0.478710,0.800843
trial_0,117,0.030328,1.219543
trial_0,118,0.024011,0.757472
trial_0,119,0.154837,2.039479
trial_0,120,0.338049,1.992508
trial_0,121,0.363330,0.711445
trial_0,122,0.103957,0.424279
trial_0,123,0.222095,0.842708
trial_0,124,0.073981,1.274633
trial_0,125,0.183109,0.695014
trial_0,126,0.028515,1.528471
trial_0,127,0.182072,0.822708
trial_0,128,0.298629,0.568376
trial_0,129,0.000006,1.097959
trial_0,130,0.735500,3.816844
trial_0,131,0.156322,0.694531
trial_0,132,0.221868,1.758848
trial_0,133,0.186294,4.526601
trial_0,134,0.087726,1.300027
trial_0,135,0.059193,0.548795
trial_0,136,0.056489,0.958831
trial_0,137,0.063294,1.711445
trial_0,138,0.046924,0.632903
trial_0,139,0.136066,0.661419
trial_0,140,0.027917,0.405669
trial_0,141,0.022678,1.065812
trial_0,142,0.063886,0.648153
trial_0,143,0.731747,3.564650
trial_0,144,0.221370,1.064350
trial_0,145,0.197230,0.616652
trial_0,146,0.210980,2.302332
trial_0,147,0.157655,2.304337
trial_0,148,0.126681,0.690138
trial_0,149,1.424811,4.164417
trial_0,150,0.119736,0.722105
trial_0,151,0.131634,0.838360
trial_0,152,0.227459,0.794407
trial_0,153,0.132273,0.711246
trial_0,154,0.060167,0.833648
trial_0,155,0.156609,0.850927
trial_0,156,0.044758,0.564063
trial_0,157,0.607192,1.785011
trial_0,158,0.170974,1.214940
trial_0,159,0.079983,0.593531
trial_0,160,0.164546,1.313105
trial_0,161,0.168211,0.668280
trial_0,162,0.164813,0.461329
trial_0,163,0.072301,0.840193
trial_0,164,0.087967,0.307411
trial_0,165,0.197543,0.928078
trial_0,166,0.177748,0.713407
trial_0,167,0.046378,0.433169
trial_0,168,0.010399,0.529240
trial_0,169,0.089530,0.504906
trial_0,170,0.038722,0.691875
trial_0,171,0.074436,0.632692
trial_0,172,0.030481,0.618118
trial_0,173,0.011232,0.496704
trial_0,174,0.142566,0.673887
trial_0,175,0.022844,0.382013
trial_0,176,0.137121,0.640709
trial_0,177,0.057693,1.197517
trial_0,178,0.219971,0.534496
trial_0,179,0.113813,0.616735
trial_0,180,0.372230,2.198046
trial_0,181,0.496683,2.517728
trial_0,182,0.534530,0.714900
trial_0,183,0.108329,0.528901
trial_0,184,0.023049,1.807132
trial_0,185,0.267161,0.550485
trial_0,186,0.023360,0.271819
trial_0,187,0.013732,1.405403
trial_0,188,0.303492,0.611531
trial_0,189,0.074060,0.622071
trial_0,190,0.035331,0.769678
trial_0,191,0.239314,0.823425
trial_0,192,0.195557,0.968774
trial_0,193,0.227854,0.854245
trial_0,194,0.073992,0.590781
trial_0,195,0.258877,1.344795
trial_0,196,0.332617,1.094142
trial_0,197,0.041452,0.645242
trial_0,198,0.355541,0.751416
trial_0,199,0.084360,1.071353
trial_0,200,0.208494,0.604621
trial_0,201,0.130857,0.709791
trial_0,202,0.190349,0.446526
trial_0,203,0.234229,0.418221
trial_0,204,0.239488,0.651338
trial_0,205,0.174243,0.654590
trial_0,206,0.123247,0.490349
trial_0,207,0.000290,0.437982
trial_0,208,0.042406,0.680257
trial_0,209,0.419715,2.971765
trial_0,210,0.751614,2.867954
trial_0,211,0.056816,1.042857
trial_0,212,0.054991,0.613999
trial_0,213,0.084387,0.549811
trial_0,214,0.111140,0.606040
trial_0,215,0.201225,0.970562
trial_0,216,0.013132,0.491170
trial_0,217,0.111137,0.544027
trial_0,218,0.350182,1.036435
trial_0,219,0.655999,11.626285
trial_0,220,0.004281,1.699962
trial_0,221,0.208531,0.457066
trial_0,222,0.279274,0.579272
trial_0,223,0.286526,0.561404
trial_0,224,0.079827,0.383043
trial_0,225,0.136886,1.077628
trial_0,226,0.504896,1.119414
trial_0,227,0.033200,0.546713
trial_0,228,0.110500,0.794110
trial_0,229,0.137603,1.104669
trial_0,230,0.071993,0.734877
trial_0,231,0.175544,1.161159
trial_0,232,0.250075,0.667911
trial_0,233,0.016602,0.773323
trial_0,234,0.194435,0.400845
trial_0,235,0.354775,1.084914
trial_0,236,0.060128,0.392206
trial_0,237,0.134433,1.385589
trial_0,238,0.147628,0.656634
trial_0,239,0.106870,0.785091
trial_0,240,0.193119,1.057144
trial_0,241,0.414919,0.679726
trial_0,242,0.132968,0.408183
trial_0,243,0.156450,0.773532
trial_0,244,0.104507,1.132107
trial_0,245,0.155505,3.483788
trial_0,246,0.072009,0.886430
trial_0,247,0.122943,0.492492
trial_0,248,0.289625,0.630404
trial_0,249,0.186256,0.979127
trial_0,250,0.139275,0.764229
trial_0,251,0.055185,0.574248
trial_0,252,0.036919,0.510015
trial_0,253,0.277835,0.620251
trial_0,254,0.690453,2.331348
trial_0,255,0.225842,3.660679
trial_0,256,0.238811,0.544620
trial_0,257,0.024291,2.416225
trial_0,258,0.172377,0.716772
trial_0,259,0.193376,0.550871
trial_0,260,0.026197,0.343050
trial_0,261,0.291749,0.708309
trial_0,262,0.024604,0.715912
trial_0,263,0.295497,0.637980
trial_0,264,0.215352,0.610090
trial_0,265,0.026003,0.768483
trial_0,266,0.150841,0.591985
trial_0,267,0.141163,0.882138
trial_0,268,0.105068,0.438537
trial_0,269,0.007129,0.515782
trial_0,270,0.204008,0.480074
trial_0,271,0.196960,0.616940
trial_0,272,0.149036,0.379060
trial_0,273,0.253169,0.601749
trial_0,274,0.212917,0.437220
trial_0,275,0.065174,0.533877
trial_0,276,0.115353,2.156764
trial_0,277,0.075942,0.700535
trial_0,278,0.055149,0.472490
trial_0,279,0.224675,0.666337
trial_0,280,0.133590,1.083098
trial_0,281,0.205362,1.017759
trial_0,282,0.225473,2.115685
trial_0,283,0.101703,0.937191
trial_0,284,0.047744,0.622286
trial_0,285,0.315180,0.806695
trial_0,286,0.021763,1.152850
trial_0,287,0.382041,0.688091
trial_0,288,0.165030,1.395030
trial_0,289,0.041959,0.539291
trial_0,290,0.105233,0.683907
trial_0,291,0.004157,0.760167
trial_0,292,0.220615,0.926720
trial_0,293,0.189466,1.222651
trial_0,294,0.206097,0.421340
trial_0,295,0.266315,0.624961
trial_0,296,0.275343,1.317927
trial_0,297,0.016470,0.641731
trial_0,298,0.015864,0.580583
trial_0,299,0.143031,0.358358
trial_0,300,0.249851,0.505059
trial_0,301,0.041559,0.453681
trial_0,302,0.179458,0.979579
trial_0,303,0.254691,0.757591
trial_0,304,0.093475,0.322468
trial_0,305,0.236321,0.602537
trial_0,306,0.122894,0.645891
trial_0,307,0.168148,0.778254
trial_0,308,0.105447,1.665732
trial_0,309,0.055335,0.764108
trial_0,310,0.330360,1.931316
trial_0,311,0.312863,1.290209
trial_0,312,0.156864,3.019523
trial_0,313,0.173068,0.613616
trial_0,314,0.093668,1.070084
trial_0,315,0.109777,1.040555
trial_0,316,0.031242,1.161915
trial_0,317,0.037013,0.479703
trial_0,318,0.018451,0.634493
trial_0,319,0.033323,1.084290
trial_0,320,0.070384,2.254955
trial_0,321,0.034929,0.891467
trial_0,322,0.164113,0.821253
trial_0,323,0.079323,1.696125
trial_0,324,0.433923,0.721420
trial_0,325,0.079080,0.761098
trial_0,326,0.322750,0.890817
trial_0,327,0.071712,1.202201
trial_0,328,0.331076,1.000881
trial_0,329,0.023981,4.735624
trial_0,330,0.326247,1.323100
trial_0,331,0.013037,0.842214
trial_0,332,0.034245,0.730200
trial_0,333,0.077166,1.026857
trial_0,334,0.424429,0.759407
trial_0,335,0.062187,1.077567
trial_0,336,0.080571,0.868609
trial_0,337,0.073776,1.218344
trial_0,338,0.026608,2.296445
trial_0,339,0.045966,0.835675
trial_0,340,0.017750,0.419896
trial_0,341,0.897462,5.617732
trial_0,342,0.069739,0.673069
trial_0,343,0.065997,0.653646
trial_0,344,0.522243,1.403430
trial_0,345,1.921415,9.381740
trial_0,346,0.849234,3.426693
trial_0,347,0.031116,1.200850
trial_0,348,0.412135,2.124386
trial_0,349,0.273224,0.740854
trial_0,350,0.141777,1.250304
trial_0,351,0.683003,2.567068
trial_0,352,0.016341,0.889831
trial_0,353,0.232428,0.513007
trial_0,354,0.328452,1.149286
trial_0,355,0.143129,0.612583
trial_0,356,0.523369,0.682344
trial_0,357,0.049368,2.426299
trial_0,358,0.407100,0.802393
trial_0,359,0.423746,0.787788
trial_0,360,0.052310,0.401248
trial_0,361,0.187977,1.730935
trial_0,362,0.193235,2.937332
trial_0,363,0.178939,0.808986
trial_0,364,0.324440,0.831133
trial_0,365,0.053898,0.582620
trial_0,366,0.126201,0.924670
trial_0,367,0.060388,0.605556
trial_0,368,0.130816,0.512236
trial_0,369,0.038756,0.495210
trial_0,370,0.090816,1.215317
trial_0,371,0.110814,0.601943
trial_0,372,0.169621,0.680425
trial_0,373,0.140489,0.668119
trial_0,374,0.138222,1.830772
trial_0,375,0.309674,0.659492
trial_0,376,0.242670,0.733166
trial_0,377,0.120913,0.660580
trial_0,378,0.041283,0.432977
trial_0,379,0.156566,0.590789
trial_0,380,0.179403,0.659294
trial_0,381,0.152674,0.534916
trial_0,382,0.378222,0.779404
trial_0,383,0.299823,1.369404
trial_0,384,0.029497,0.462532
trial_0,385,0.035545,1.014312
trial_0,386,0.694891,3.572455
trial_0,387,0.235414,2.880635
trial_0,388,0.207598,0.728308
trial_0,389,0.126305,0.674477
trial_0,390,0.061267,0.942924
trial_0,391,0.002391,1.103464
trial_0,392,0.160000,1.135959
trial_0,393,0.097618,0.995300
trial_0,394,0.021662,0.793754
trial_0,395,0.314161,0.634928
trial_0,396,0.107573,0.733323
trial_0,397,0.136548,0.823390
trial_0,398,0.132851,0.921441
trial_0,399,0.103725,0.711638
trial_0,400,0.207874,1.114441
trial_0,401,0.053028,1.103342
trial_0,402,0.022130,1.345331
trial_0,403,0.099905,0.623082
trial_0,404,0.360268,0.763129
trial_0,405,0.207061,0.873705
trial_0,406,0.025354,0.576298
trial_0,407,0.013298,0.434883
trial_0,408,0.012517,0.623923
trial_0,409,0.009775,1.030679
trial_0,410,0.207165,0.920334
trial_0,411,0.299495,1.184776
trial_0,412,0.132891,0.585159
trial_0,413,0.210162,1.139255
trial_0,414,0.160353,0.803750
trial_0,415,0.267111,1.036023
trial_0,416,1.013937,6.645741
trial_0,417,0.082808,0.761626
trial_0,418,0.305263,0.675565
trial_0,419,0.051914,1.299643
trial_0,420,0.240176,0.550511
trial_0,421,0.059079,0.480681
trial_0,422,0.023544,0.862573
trial_0,423,0.072320,0.420778
trial_0,424,0.024009,0.469942
trial_0,425,0.109922,0.407488
trial_0,426,0.038619,0.579367
trial_0,427,0.078908,0.898148
trial_0,428,0.566627,1.002166
trial_0,429,0.146437,0.694935
trial_0,430,0.285162,0.695985
trial_0,431,0.157109,1.111312
trial_0,432,0.162840,0.868439
trial_0,433,0.058875,0.656389
trial_0,434,0.010865,1.554226
trial_0,435,1.193014,5.528361
trial_0,436,0.306755,1.074820
trial_0,437,0.146340,1.104908
trial_0,438,0.354215,1.487985
trial_0,439,0.000828,0.998332
trial_0,440,0.444146,1.805218
trial_0,441,0.493110,1.360517
trial_0,442,0.202240,0.591682
trial_0,443,0.032273,0.810929
trial_0,444,0.361752,1.006562
trial_0,445,0.358744,1.226402
trial_0,446,0.015352,1.386778
trial_0,447,0.052925,1.156391
trial_0,448,0.036699,0.782970
trial_0,449,0.154128,1.337624
trial_0,450,0.053386,0.973010
trial_0,451,0.032050,0.937386
trial_0,452,0.195734,0.642458
trial_0,453,0.139687,1.005904
trial_0,454,0.120381,0.348554
trial_0,455,0.116542,0.629795
trial_0,456,0.092799,0.829659
trial_0,457,0.166343,0.353610
trial_0,458,0.095418,0.770803
trial_0,459,0.101508,0.706664
trial_0,460,0.100170,0.585336
trial_0,461,0.102030,0.403455
trial_0,462,0.298877,1.053151
trial_0,463,0.108970,0.649133
trial_0,464,0.111718,0.400248
trial_0,465,0.134744,0.626479
trial_0,466,0.122056,0.571398
trial_0,467,0.164178,0.870474
trial_0,468,0.220939,0.477702
trial_0,469,0.124325,2.945833
trial_0,470,0.111441,0.610533
trial_0,471,0.001612,0.446880
trial_0,472,0.206761,0.837324
trial_0,473,0.037038,0.644599
trial_0,474,0.622430,2.885205
trial_0,475,0.549615,3.395383
trial_0,476,0.255632,3.905502
trial_0,477,0.002964,0.891899
trial_0,478,0.291432,0.736237
trial_0,479,0.033108,0.734188
trial_0,480,0.072762,1.212659
trial_0,481,0.042503,1.818504
trial_0,482,0.135364,1.162820
trial_0,483,0.008098,1.606422
trial_0,484,0.037701,1.088564
trial_0,485,0.036991,0.559420
trial_0,486,0.139117,0.825731
trial_0,487,0.201171,0.692086
trial_0,488,0.014721,0.520065
trial_0,489,0.151492,0.702280
trial_0,490,0.327273,1.186008
trial_0,491,0.254780,0.524972
trial_0,492,0.166173,0.851549
trial_0,493,0.350162,1.164908
trial_0,494,0.034111,0.808836
trial_0,495,0.226760,0.806741
trial_0,496,0.009839,0.534808
trial_0,497,0.203667,0.930144
trial_0,498,0.046828,0.405777
trial_0,499,0.153018,0.903181
trial_0,500,0.315421,1.185858
trial_0,501,0.142177,0.513817
trial_0,502,0.237576,0.846051
trial_0,503,0.075128,0.652738
trial_0,504,0.044217,0.784852
trial_0,505,0.075864,0.888671
trial_0,506,0.273945,0.677095
trial_0,507,0.198952,1.356786
trial_0,508,0.220732,0.492841
trial_0,509,0.027395,1.040754
trial_0,510,0.108110,0.637840
trial_0,511,0.140598,0.440628
trial_0,512,0.599276,4.274677
trial_0,513,0.397114,0.946745
trial_0,514,0.170922,0.892651
trial_0,515,0.110662,5.370046
trial_0,516,0.135082,0.682428
trial_0,517,0.321547,2.883904
trial_0,518,0.084950,0.612179
trial_0,519,0.059555,0.772792
trial_0,520,0.075605,0.365265
trial_0,521,0.038032,0.412777
trial_0,522,0.117951,0.546837
trial_0,523,0.042426,1.349466
trial_0,524,0.007800,0.637460
trial_0,525,0.527586,1.558541
trial_0,526,0.170700,0.706645
trial_0,527,0.016600,0.539502
trial_0,528,0.394817,0.724301
trial_0,529,0.061761,0.590086
trial_0,530,0.028665,0.501209
trial_0,531,0.137391,0.646929
trial_0,532,0.060562,0.487106
trial_0,533,0.079308,0.450715
trial_0,534,0.127784,0.455535
trial_0,535,0.128043,0.739763
trial_0,536,0.432983,1.173840
trial_0,537,0.006414,1.421384
trial_0,538,0.215557,0.634067
trial_0,539,0.005309,0.940902
trial_0,540,0.069456,0.527702
trial_0,541,0.303697,0.509904
trial_0,542,0.020075,1.862875
trial_0,543,0.256480,0.673360
trial_0,544,0.023590,0.566852
trial_0,545,0.129377,0.613729
trial_0,546,0.098085,0.727645
trial_0,547,0.182315,0.887591
trial_0,548,0.129279,0.658369
trial_0,549,0.055849,0.772511
trial_0,550,0.168632,0.748187
trial_0,551,0.264982,0.507457
trial_0,552,0.254177,1.019234
trial_0,553,0.150331,0.551796
trial_0,554,0.040681,1.670873
trial_0,555,0.036757,0.557559
trial_0,556,0.169654,0.833744
trial_0,557,0.143145,1.138657
trial_0,558,0.127822,0.542854
trial_0,559,0.009653,0.724898
trial_0,560,0.004912,0.620029
trial_0,561,0.078242,1.175656
trial_0,562,0.564186,1.272722
trial_0,563,0.287629,0.731228
trial_0,564,0.035010,0.733812
trial_0,565,0.076596,1.164690
trial_0,566,0.143420,0.758176
trial_0,567,0.140902,0.853992
trial_0,568,0.191201,0.559940
trial_0,569,0.104318,0.595634
trial_0,570,0.167838,0.952937
trial_0,571,0.220000,0.422458
trial_0,572,0.031657,0.601990
trial_0,573,0.354744,0.627516
trial_0,574,0.083506,0.357703
trial_0,575,0.266830,1.223565
trial_0,576,0.206515,3.082687
trial_0,577,0.059175,0.539506
trial_0,578,0.466283,3.180036
trial_0,579,0.265435,0.905596
trial_0,580,0.290309,0.706891
trial_0,581,0.265909,0.934904
trial_0,582,0.088168,0.495334
trial_0,583,0.216992,1.054131
trial_0,584,0.165015,0.508069
trial_0,585,0.342162,0.861217
trial_0,586,0.091306,0.414659
trial_0,587,0.063921,0.652584
trial_0,588,0.079298,0.506179
trial_0,589,2.657260,24.405742
trial_0,590,0.271359,1.157690
trial_0,591,0.223332,0.740357
trial_0,592,0.114157,0.982755
trial_0,593,0.092747,0.548841
trial_0,594,0.243839,0.510690
trial_0,595,0.010734,1.770197
trial_0,596,0.011209,0.667255
trial_0,597,0.011115,0.974837
trial_0,598,0.149713,0.514888
trial_0,599,0.020285,0.646376
trial_0,600,0.202190,0.511374
trial_0,601,0.174012,1.991308
trial_0,602,0.108789,0.961175
trial_0,603,0.101261,1.072876
trial_0,604,0.156284,0.483413
trial_0,605,0.009769,0.611114
trial_0,606,0.088044,0.555603
trial_0,607,0.167228,0.650345
trial_0,608,0.099337,0.457301
trial_0,609,0.259085,0.845925
trial_0,610,0.154692,0.656084
trial_0,611,0.284605,0.705855
trial_0,612,0.046840,0.587868
trial_0,613,0.253864,0.879359
trial_0,614,0.096565,1.159915
trial_0,615,0.060011,0.406149
trial_0,616,0.167451,0.601090
trial_0,617,0.053216,0.635389
trial_0,618,0.260073,0.409883
trial_0,619,1.773813,7.695037
trial_0,620,0.199080,0.459324
trial_0,621,0.303473,0.756889
trial_0,622,0.705453,3.878207
trial_0,623,0.136285,0.575852
trial_0,624,0.163110,1.330776
trial_0,625,0.411092,0.722735
trial_0,626,0.109800,0.789808
trial_0,627,0.043988,1.499897
trial_0,628,0.158697,0.814240
trial_0,629,0.026366,0.494053
trial_0,630,0.078998,0.599354
trial_0,631,0.037921,0.952795
trial_0,632,0.172563,0.841404
trial_0,633,0.029987,0.566148
trial_0,634,0.146004,1.657859
trial_0,635,0.180234,0.925546
trial_0,636,0.454771,0.813704
trial_0,637,0.160337,1.130478
trial_0,638,0.050800,0.561561
trial_0,639,0.183059,0.736775
trial_0,640,0.056180,0.520529
trial_0,641,0.111277,0.751096
trial_0,642,0.018626,0.623329
trial_0,643,0.481959,2.416848
trial_0,644,0.011502,1.347468
trial_0,645,0.252365,1.174861
trial_0,646,0.074341,1.031931
trial_0,647,0.198698,2.921684
trial_0,648,0.126935,4.761923
trial_0,649,0.118287,0.787297
trial_0,650,0.240578,1.500544
trial_0,651,0.206353,1.000010
trial_0,652,0.890373,3.231973
trial_0,653,0.271689,0.866154
trial_0,654,0.043261,0.970888
trial_0,655,0.097537,0.489794
trial_0,656,0.562872,1.760549
trial_0,657,0.120313,2.215928
trial_0,658,0.365193,1.165003
trial_0,659,0.410886,0.846002
trial_0,660,0.149852,0.611446
trial_0,661,0.103713,0.644056
trial_0,662,0.340822,1.031305
trial_0,663,0.196921,0.964997
trial_0,664,0.331265,0.729896
trial_0,665,0.046714,1.290291
trial_0,666,0.333590,1.818295
trial_0,667,0.044602,0.705180
trial_0,668,0.140650,0.349273
trial_0,669,0.030596,0.526607
trial_0,670,0.015767,0.401436
trial_0,671,0.086138,0.583937
trial_0,672,0.188286,0.633034
trial_0,673,1.151436,7.643352
trial_0,674,0.345383,0.749033
trial_0,675,0.160373,0.945143
trial_0,676,0.299905,2.133491
trial_0,677,0.143483,0.830085
trial_0,678,0.218891,0.979359
trial_0,679,0.282294,1.929568
trial_0,680,0.120721,0.378396
trial_0,681,0.006231,0.397882
trial_0,682,0.198477,1.084455
trial_0,683,0.028942,0.427910
trial_0,684,1.186177,4.760923
trial_0,685,0.553155,2.041803
trial_0,686,0.294435,0.694186
trial_0,687,0.175823,0.713282
trial_0,688,0.037871,0.324377
trial_0,689,0.289285,0.850079
trial_0,690,0.199553,0.987447
trial_0,691,0.311782,0.535392
trial_0,692,0.092601,0.541328
trial_0,693,0.137312,0.686271
trial_0,694,0.534054,1.091766
trial_0,695,0.089212,0.603328
trial_0,696,0.213390,1.239514
trial_0,697,0.092033,1.103623
trial_0,698,0.136100,0.327132
trial_0,699,0.027274,0.421855
trial_0,700,0.232772,0.411623
trial_0,701,0.306559,0.873796
trial_0,702,0.040758,0.490952
trial_0,703,0.688748,2.084355
trial_0,704,0.086889,0.384950
trial_0,705,0.090084,0.543037
trial_0,706,0.130025,0.749863
trial_0,707,0.129286,0.480162
trial_0,708,0.272893,0.517269
trial_0,709,0.450224,2.196742
trial_0,710,0.028671,0.815149
trial_0,711,0.121704,0.802638
trial_0,712,0.263615,0.679873
trial_0,713,0.037501,2.136478
trial_0,714,0.194687,0.576846
trial_0,715,0.059759,0.594752
trial_0,716,0.084335,1.652457
trial_0,717,0.034917,0.435185
trial_0,718,0.189324,1.155643
trial_0,719,0.139492,0.346276
trial_0,720,0.173505,1.884756
trial_0,721,0.269671,0.554702
trial_0,722,0.168162,0.595002
trial_0,723,0.040079,0.516931
trial_0,724,0.102522,3.809722
trial_0,725,0.131602,0.958554
trial_0,726,0.202534,1.178340
trial_0,727,0.400146,0.780412
trial_0,728,0.203526,0.544638
trial_0,729,0.115552,0.947857
trial_0,730,0.349267,0.734595
trial_0,731,0.281324,1.055517
trial_0,732,0.031164,0.800940
trial_0,733,0.082091,0.509960
trial_0,734,0.097699,0.500092
trial_0,735,0.028983,1.116650
trial_0,736,0.224970,0.663758
trial_0,737,0.235383,0.747792
trial_0,738,0.169091,1.382835
trial_0,739,0.289496,0.636835
trial_0,740,0.310357,0.606687
trial_0,741,0.259193,0.611283
trial_0,742,0.044439,0.477882
trial_0,743,0.521472,2.497473
trial_0,744,0.095296,0.698616
trial_0,745,0.099332,0.794569
trial_0,746,0.251221,0.593753
trial_0,747,0.058364,0.447017
trial_0,748,0.232953,1.143617
trial_0,749,0.282739,0.858702
trial_0,750,0.166004,0.561627
trial_0,751,0.074830,0.994700
trial_0,752,0.084218,0.644944
trial_0,753,0.243306,1.048908
trial_0,754,0.011769,0.561700
trial_0,755,0.102344,0.562865
trial_0,756,0.073177,0.548043
trial_0,757,0.133889,0.660858
trial_0,758,0.237290,0.892413
trial_0,759,0.075693,1.568414
trial_0,760,0.120323,1.041201
trial_0,761,0.188171,1.322627
trial_0,762,0.164364,0.824699
trial_0,763,0.165518,0.527107
trial_0,764,0.089092,1.475054
trial_0,765,0.083370,0.735972
trial_0,766,0.020000,1.624670
trial_0,767,0.015935,0.840675
trial_0,768,0.133290,0.527515
trial_0,769,0.109754,0.602829
trial_0,770,1.159933,5.353355
trial_0,771,0.117663,0.405855
trial_0,772,1.104340,12.021051
trial_0,773,0.255527,1.143247
trial_0,774,0.054476,1.259404
trial_0,775,0.143820,0.806080
trial_0,776,0.566356,2.056237
trial_0,777,0.311469,1.027324
trial_0,778,0.225572,0.687354
trial_0,779,0.092871,0.597104
trial_0,780,0.118595,0.490466
trial_0,781,0.315428,0.976503
trial_0,782,0.214239,0.672014
trial_0,783,0.057217,0.789542
trial_0,784,0.057377,0.545828
trial_0,785,0.177707,0.651901
trial_0,786,0.162446,1.049102
trial_0,787,0.159345,0.685964
trial_0,788,0.186643,2.314675
trial_0,789,0.177535,0.590358
trial_0,790,0.288203,0.779713
trial_0,791,0.219138,0.889583
trial_0,792,0.006124,0.557813
trial_0,793,0.387316,0.833657
trial_0,794,0.137728,1.284171
trial_0,795,0.296390,1.614105
trial_0,796,0.006538,0.621053
trial_0,797,0.242436,0.634565
trial_0,798,0.034873,0.690430
trial_0,799,0.083382,0.542491
trial_0,800,0.284218,0.703514
trial_0,801,0.159335,0.870075
trial_0,802,0.048214,0.959629
trial_0,803,0.226105,0.455873
trial_0,804,0.002220,0.539022
trial_0,805,0.230773,1.009764
trial_0,806,0.356180,1.799700
trial_0,807,0.224850,0.457879
trial_0,808,0.316048,0.435730
trial_0,809,0.078254,0.299268
trial_0,810,0.127584,0.565486
trial_0,811,0.145055,0.600783
trial_0,812,0.421741,1.451673
trial_0,813,0.324760,2.083259
trial_0,814,0.131416,2.438845
trial_0,815,0.073986,0.375833
trial_0,816,0.256725,0.659219
trial_0,817,0.194996,0.573243
trial_0,818,0.234447,1.253501
trial_0,819,0.263712,1.120859
trial_0,820,0.652379,4.765299
trial_0,821,0.049567,0.672133
trial_0,822,0.253349,0.992316
trial_0,823,0.133924,0.692656
trial_0,824,0.181453,0.429475
trial_0,825,0.126147,0.781424
trial_0,826,0.586852,3.723017
trial_0,827,0.393409,1.202128
trial_0,828,0.097532,0.767658
trial_0,829,0.060031,0.528853
trial_0,830,0.271517,0.480069
trial_0,831,0.038466,1.755404
trial_0,832,0.061202,0.570284
trial_0,833,0.111790,0.819167
trial_0,834,0.258845,0.852817
trial_0,835,0.185771,0.593163
trial_0,836,0.117417,0.432651
trial_0,837,0.858330,2.108188
trial_0,838,0.021909,0.780738
trial_0,839,0.025767,0.628258
trial_0,840,0.149766,0.668613
trial_0,841,0.217966,2.081608
trial_0,842,0.211825,0.454979
trial_0,843,0.304281,0.720023
trial_0,844,0.316505,0.521236
trial_0,845,0.071833,0.524206
trial_0,846,0.082309,0.313791
trial_0,847,0.034709,0.511104
trial_0,848,0.072163,1.482967
trial_0,849,0.213057,0.359753
trial_0,850,0.141792,0.654359
trial_0,851,0.118177,0.498476
trial_0,852,0.107595,1.175954
trial_0,853,0.369369,0.559073
trial_0,854,0.036394,0.386722
trial_0,855,0.093828,0.790541
trial_0,856,0.416403,1.723704
trial_0,857,0.032639,0.884310
trial_0,858,0.103182,0.422889
trial_0,859,0.115114,0.718041
trial_0,860,0.393814,0.684478
trial_0,861,0.106071,0.417001
trial_0,862,0.011086,0.425871
trial_0,863,0.175064,0.701006
trial_0,864,0.095502,0.504039
trial_0,865,0.005014,0.473941
trial_0,866,0.117819,0.981838
trial_0,867,0.213740,0.495918
trial_0,868,0.251349,0.843378
trial_0,869,0.443882,2.206772
trial_0,870,0.203332,0.604829
trial_0,871,0.187942,0.972155
trial_0,872,0.361063,1.813101
trial_0,873,0.112155,0.545248
trial_0,874,0.234618,0.556568
trial_0,875,0.054479,0.660954
trial_0,876,0.145530,0.684992
trial_0,877,0.185724,0.638491
trial_0,878,0.122166,0.686538
trial_0,879,0.082794,0.460967
trial_0,880,0.224510,1.783415
trial_0,881,0.012765,0.662405
trial_0,882,0.232612,0.485992
trial_0,883,0.073339,0.545006
trial_0,884,0.021116,1.332550
trial_0,885,0.042599,0.585523
trial_0,886,0.299905,0.688421
trial_0,887,0.409547,4.014593
trial_0,888,0.025842,0.580949
trial_0,889,0.071892,0.662168
trial_0,890,0.324860,1.102913
trial_0,891,0.142551,0.803098
trial_0,892,0.211119,0.682754
trial_0,893,0.092411,0.782696
trial_0,894,0.256018,0.962497
trial_0,895,0.269833,0.621308
trial_0,896,0.183341,0.935769
trial_0,897,0.023080,0.639435
trial_0,898,0.002847,0.621410
trial_0,899,0.038108,0.691548
trial_0,900,0.020417,0.506651
trial_0,901,0.033649,0.393651
trial_0,902,0.077220,1.067819
trial_0,903,0.226838,0.566738
trial_0,904,0.112415,0.636205
trial_0,905,0.359826,0.937926
trial_0,906,0.009471,0.592596
trial_0,907,0.127237,0.715288
trial_0,908,0.225275,0.462972
trial_0,909,0.380707,2.022015
trial_0,910,0.196161,0.563018
trial_0,911,0.107617,0.500262
trial_0,912,0.009865,0.733485
trial_0,913,0.179624,0.916673
trial_0,914,0.105734,0.799763
trial_0,915,0.157281,0.665621
trial_0,916,0.075884,0.537611
trial_0,917,0.050400,0.576178
trial_0,918,0.078362,0.630579
trial_0,919,0.455116,1.447075
trial_0,920,0.003730,0.719365
trial_0,921,0.044184,0.494418
trial_0,922,0.107444,0.591054
trial_0,923,0.123551,0.819406
trial_0,924,0.004440,1.820222
trial_0,925,0.211522,2.614760
trial_0,926,0.156021,0.637178
trial_0,927,0.003555,0.537996
trial_0,928,0.304584,0.921860
trial_0,929,0.081397,0.825642
trial_0,930,0.112736,0.747429
trial_0,931,0.388473,3.171339
trial_0,932,0.020017,0.629824
trial_0,933,0.225371,1.502206
trial_0,934,0.168987,0.885535
trial_0,935,0.113682,0.472571
trial_0,936,0.026664,1.723469
trial_0,937,0.135204,0.766161
trial_0,938,0.173222,0.507440
trial_0,939,0.164368,0.678130
trial_0,940,0.026682,0.644883
trial_0,941,0.095834,0.743882
trial_0,942,0.170124,0.429801
trial_0,943,0.121523,0.573314
trial_0,944,0.105118,0.401031
trial_0,945,0.022484,0.540869
trial_0,946,0.135202,0.395582
trial_0,947,0.151672,0.761283
trial_0,948,0.341451,1.136984
trial_0,949,0.172876,1.821520
trial_0,950,0.096199,0.485453
trial_0,951,0.225932,0.466507
trial_0,952,0.090519,0.530593
trial_0,953,0.260710,0.555493
trial_0,954,0.136998,0.647878
trial_0,955,0.017071,1.210876
trial_0,956,0.205354,1.245871
trial_0,957,0.404902,1.828617
trial_0,958,0.090317,0.698968
trial_0,959,0.003077,1.199523
trial_0,960,0.181494,1.149680
trial_0,961,0.267799,0.758089
trial_0,962,0.551434,13.281659
trial_0,963,0.273812,1.096231
trial_0,964,0.110360,0.439157
trial_0,965,0.128550,1.041161
trial_0,966,0.026703,1.118405
trial_0,967,0.155301,1.325247
trial_0,968,0.115524,0.504565
trial_0,969,0.102582,0.507256
trial_0,970,0.153309,0.682570
trial_0,971,0.170308,0.432496
trial_0,972,0.052812,1.515580
trial_0,973,0.052293,0.470592
trial_0,974,0.453973,1.214151
trial_0,975,0.103943,1.162694
trial_0,976,0.087169,0.661507
trial_0,977,0.205327,0.671823
trial_0,978,0.054437,0.863766
trial_0,979,0.176988,0.394574
trial_0,980,0.152245,0.650503
trial_0,981,0.147074,0.482987
trial_0,982,0.329819,0.836435
trial_0,983,0.039302,0.502638
trial_0,984,0.093167,0.551701
trial_0,985,0.050568,0.919794
trial_0,986,0.120223,0.765998
trial_0,987,0.069395,0.394646
trial_0,988,0.621739,2.889523
trial_0,989,0.004981,0.432666
trial_0,990,0.103838,0.768448
trial_0,991,0.152835,0.518392
trial_0,992,0.016132,1.005749
trial_0,993,0.110328,0.797956
trial_0,994,0.109334,0.619831
trial_0,995,0.037189,0.893831
trial_0,996,0.106313,0.466200
trial_0,997,0.233219,2.770831
trial_0,998,0.028424,0.558636
trial_0,999,0.219247,0.637677
trial_0,1000,0.345089,1.323676
trial_1,1,0.060198,0.470081
trial_1,2,0.064767,0.451992
trial_1,3,0.120957,0.567153
trial_1,4,0.034245,0.709720
trial_1,5,0.042632,0.672170
trial_1,6,0.120420,0.392609
trial_1,7,0.031718,0.482845
trial_1,8,0.035050,0.772878
trial_1,9,0.232266,2.270343
trial_1,10,0.160865,0.972967
trial_1,11,0.098874,0.464118
trial_1,12,0.209722,0.604473
trial_1,13,0.020524,4.119600
trial_1,14,0.121344,0.689080
trial_1,15,0.278808,1.005704
trial_1,16,0.076360,0.694355
trial_1,17,0.017212,1.058308
trial_1,18,0.161847,0.870714
trial_1,19,0.011633,0.631288
trial_1,20,0.110110,0.699299
trial_1,21,0.138068,1.303221
trial_1,22,0.117558,0.577430
trial_1,23,0.037174,0.975735
trial_1,24,0.082845,1.110535
trial_1,25,0.042724,0.637305
trial_1,26,0.261501,1.510819
trial_1,27,0.089537,0.647947
trial_1,28,0.890063,4.942730
trial_1,29,0.057850,0.637870
trial_1,30,0.086774,0.616008
trial_1,31,0.263249,0.644737
trial_1,32,0.104009,0.447099
trial_1,33,0.065436,0.794567
trial_1,34,0.345501,5.407286
trial_1,35,0.436163,0.991067
trial_1,36,0.057728,0.722437
trial_1,37,0.067036,1.456415
trial_1,38,0.319682,1.086751
trial_1,39,0.433830,1.574365
trial_1,40,0.168553,1.399933
trial_1,41,0.145422,0.627172
trial_1,42,0.188444,0.621398
trial_1,43,0.114722,0.779911
trial_1,44,0.147684,0.770018
trial_1,45,0.062473,1.105775
trial_1,46,0.039324,0.707015
trial_1,47,0.040169,0.733663
trial_1,48,0.332862,0.643126
trial_1,49,0.100663,0.910701
trial_1,50,0.533513,0.863527
trial_1,51,0.542362,0.788426
trial_1,52,0.201515,0.688506
trial_1,53,0.236830,1.584124
trial_1,54,0.061964,0.962662
trial_1,55,0.102739,0.613677
trial_1,56,0.088018,0.429625
trial_1,57,0.201749,0.413683
trial_1,58,0.166986,0.754877
trial_1,59,0.146420,0.551569
trial_1,60,0.181654,2.392611
trial_1,61,0.089475,0.424652
trial_1,62,0.218291,0.641339
trial_1,63,0.020955,0.645823
trial_1,64,0.195333,0.657416
trial_1,65,0.339138,0.961768
trial_1,66,0.148117,0.545623
trial_1,67,0.247052,0.512776
trial_1,68,0.944661,2.413047
trial_1,69,0.043045,0.560380
trial_1,70,0.144371,0.486103
trial_1,71,0.053355,1.060927
trial_1,72,0.056399,0.409196
trial_1,73,0.010902,0.423669
trial_1,74,0.131599,0.416009
trial_1,75,0.321624,0.527715
trial_1,76,0.214394,0.920645
trial_1,77,0.153649,0.588543
trial_1,78,0.048623,0.368013
trial_1,79,0.183561,0.401751
trial_1,80,0.008255,0.404388
trial_1,81,0.365456,2.121885
trial_1,82,0.426415,0.984020
trial_1,83,0.037314,0.593772
trial_1,84,0.293446,2.787151
trial_1,85,0.298107,2.181106
trial_1,86,0.051273,1.649066
trial_1,87,0.002799,0.697974
trial_1,88,0.194987,0.561963
trial_1,89,0.038130,0.894117
trial_1,90,0.149169,0.694247
trial_1,91,0.021821,0.591088
trial_1,92,0.221242,1.203756
trial_1,93,0.270555,2.110726
trial_1,94,0.282776,0.535709
trial_1,95,0.114968,0.479421
trial_1,96,0.006264,0.629700
trial_1,97,0.154529,0.752443
trial_1,98,0.019561,1.289681
trial_1,99,0.214060,0.721908
trial_1,100,0.115893,0.591839
trial_1,101,0.057422,0.726601
trial_1,102,0.142618,0.982341
trial_1,103,0.204490,0.556051
trial_1,104,0.132511,0.533239
trial_1,105,0.028660,0.764324
trial_1,106,0.069082,0.625934
trial_1,107,0.062255,0.484845
trial_1,108,0.298485,3.391172
trial_1,109,0.638045,1.204551
trial_1,110,0.055522,0.847951
trial_1,111,0.501717,1.004128
trial_1,112,0.203088,0.739133
trial_1,113,0.101136,0.938993
trial_1,114,0.340792,0.528055
trial_1,115,0.201298,1.149527
trial_1,116,0.343627,0.593858
trial_1,117,0.016942,0.781204
trial_1,118,0.104046,0.668747
trial_1,119,0.189177,1.416486
trial_1,120,0.207744,1.325882
trial_1,121,0.164170,0.714782
trial_1,122,0.061024,0.425813
trial_1,123,0.139762,0.590936
trial_1,124,0.035627,1.043403
trial_1,125,0.071059,0.529350
trial_1,126,0.161926,1.771383
trial_1,127,0.119232,0.877538
trial_1,128,0.445503,0.657680
trial_1,129,0.132782,0.987067
trial_1,130,0.297425,2.580661
trial_1,131,0.055052,0.471680
trial_1,132,0.140871,1.100801
trial_1,133,0.429459,2.802852
trial_1,134,0.083564,0.664796
trial_1,135,0.073051,0.433470
trial_1,136,0.013862,0.620117
trial_1,137,0.300685,1.272626
trial_1,138,0.162720,0.454858
trial_1,139,0.290957,0.528654
trial_1,140,0.132763,0.436530
trial_1,141,0.155941,0.836663
trial_1,142,0.005898,0.886232
trial_1,143,0.441406,2.139526
trial_1,144,0.089589,0.505227
trial_1,145,0.203283,0.545107
trial_1,146,0.166732,1.147835
trial_1,147,0.210608,1.496512
trial_1,148,0.053248,0.478534
trial_1,149,0.104442,2.601490
trial_1,150,0.126425,0.467104
trial_1,151,0.042826,0.769743
trial_1,152,0.184485,0.664888
trial_1,153,0.228231,0.762363
trial_1,154,0.034173,0.532391
trial_1,155,0.105259,0.705573
trial_1,156,0.266433,0.721631
trial_1,157,0.254236,1.343698
trial_1,158,0.107259,1.028300
trial_1,159,0.152652,0.450413
trial_1,160,0.390091,1.259287
trial_1,161,0.028882,0.556558
trial_1,162,0.210560,0.441523
trial_1,163,0.038031,0.594517
trial_1,164,0.190950,0.452635
trial_1,165,0.078276,0.802759
trial_1,166,0.084483,0.783172
trial_1,167,0.004256,0.541848
trial_1,168,0.178423,0.517187
trial_1,169,0.064663,0.567281
trial_1,170,0.110366,0.915229
trial_1,171,0.069072,0.719641
trial_1,172,0.085097,0.630286
trial_1,173,0.029809,0.580073
trial_1,174,0.055909,0.551102
trial_1,175,0.111570,0.548271
trial_1,176,0.232227,0.636404
trial_1,177,0.176093,1.122663
trial_1,178,0.249182,0.531432
trial_1,179,0.070382,0.528776
trial_1,180,0.194322,1.244347
trial_1,181,0.440570,1.408101
trial_1,182,0.215354,0.562978
trial_1,183,0.156916,0.514216
trial_1,184,0.246325,1.671704
trial_1,185,0.231068,0.515854
trial_1,186,0.015481,0.425626
trial_1,187,0.139381,1.239986
trial_1,188,0.297093,0.481593
trial_1,189,0.098181,0.554931
trial_1,190,0.036818,0.485182
trial_1,191,0.134035,0.356236
trial_1,192,0.242866,0.732378
trial_1,193,0.208172,0.561514
trial_1,194,0.125327,0.394883
trial_1,195,0.091348,0.474528
trial_1,196,0.036327,0.698431
trial_1,197,0.096700,0.506463
trial_1,198,0.334433,0.640391
trial_1,199,0.095142,0.925740
trial_1,200,0.364538,0.574179
trial_1,201,0.019821,0.444189
trial_1,202,0.214805,0.447933
trial_1,203,0.111859,0.317728
trial_1,204,0.319477,0.715275
trial_1,205,0.026938,0.652365
trial_1,206,0.074869,0.547091
trial_1,207,0.118819,0.387464
trial_1,208,0.014120,0.616917
trial_1,209,0.245122,2.074317
trial_1,210,0.501777,2.482820
trial_1,211,0.008772,0.790168
trial_1,212,0.202050,0.530034
trial_1,213,0.138186,0.707827
trial_1,214,0.196288,0.646867
trial_1,215,0.197017,0.773055
trial_1,216,0.298331,0.708264
trial_1,217,0.185404,0.902147
trial_1,218,0.198572,1.060242
trial_1,219,0.840045,11.027343
trial_1,220,0.159916,1.429493
trial_1,221,0.018323,0.476876
trial_1,222,0.211113,0.552381
trial_1,223,0.196211,0.636552
trial_1,224,0.098815,0.359120
trial_1,225,0.100776,0.990898
trial_1,226,0.264556,0.776844
trial_1,227,0.259380,0.581402
trial_1,228,0.196535,0.638995
trial_1,229,0.082315,0.740661
trial_1,230,0.094763,0.658441
trial_1,231,0.230720,0.837363
trial_1,232,0.240752,0.663088
trial_1,233,0.173129,0.719073
trial_1,234,0.028800,0.398011
trial_1,235,0.081350,0.946809
trial_1,236,0.111476,0.364730
trial_1,237,0.160441,0.619149
trial_1,238,0.092066,0.511063
trial_1,239,0.153493,0.708715
trial_1,240,0.014556,0.851057
trial_1,241,0.472918,0.719385
trial_1,242,0.208987,0.472756
trial_1,243,0.321501,1.166494
trial_1,244,0.058732,0.937903
trial_1,245,0.059248,2.261357
trial_1,246,0.060260,0.633728
trial_1,247,0.038121,0.399062
trial_1,248,0.336033,0.658546
trial_1,249,0.282515,0.897012
trial_1,250,0.057089,0.653026
trial_1,251,0.169476,0.516087
trial_1,252,0.168712,0.619252
trial_1,253,0.008515,0.447449
trial_1,254,0.448496,1.872190
trial_1,255,1.166796,5.239896
trial_1,256,0.061601,0.738121
trial_1,257,0.081368,1.560781
trial_1,258,0.068483,0.598617
trial_1,259,0.237245,0.485019
trial_1,260,0.033662,0.345921
trial_1,261,0.248013,0.621156
trial_1,262,0.105055,0.594793
trial_1,263,0.015860,0.542412
trial_1,264,0.255425,0.630882
trial_1,265,0.073615,0.582271
trial_1,266,0.202208,0.560809
trial_1,267,0.252168,0.990802
trial_1,268,0.023491,0.485887
trial_1,269,0.022818,0.605938
trial_1,270,0.081655,0.421027
trial_1,271,0.141102,0.457773
trial_1,272,0.496022,0.672298
trial_1,273,0.222097,0.709778
trial_1,274,0.271311,0.488682
trial_1,275,0.064616,0.754864
trial_1,276,0.139068,1.888402
trial_1,277,0.300218,0.794012
trial_1,278,0.251769,0.490137
trial_1,279,0.163018,0.406104
trial_1,280,0.075786,0.782496
trial_1,281,0.005894,0.981269
trial_1,282,0.338880,2.228244
trial_1,283,0.260797,0.970763
trial_1,284,0.057417,0.536440
trial_1,285,0.093230,0.393589
trial_1,286,0.081752,0.689730
trial_1,287,0.085622,0.551808
trial_1,288,0.076118,0.933992
trial_1,289,0.104163,0.379211
trial_1,290,0.149589,0.596058
trial_1,291,0.262275,0.757879
trial_1,292,0.091106,0.961624
trial_1,293,0.100859,1.228068
trial_1,294,0.198462,0.340150
trial_1,295,0.092220,0.553372
trial_1,296,0.163349,1.554333
trial_1,297,0.153042,0.515766
trial_1,298,0.209895,0.563822
trial_1,299,0.092898,0.301546
trial_1,300,0.332026,0.512977
trial_1,301,0.084108,0.506084
trial_1,302,0.267873,0.880269
trial_1,303,0.162361,0.925991
trial_1,304,0.180687,0.402645
trial_1,305,0.108451,0.455398
trial_1,306,0.107113,0.613982
trial_1,307,0.152534,0.618690
trial_1,308,0.244353,1.190329
trial_1,309,0.033023,0.547655
trial_1,310,0.173725,1.318138
trial_1,311,0.314786,1.489025
trial_1,312,0.114092,1.280074
trial_1,313,0.042724,0.473311
trial_1,314,0.219304,0.797148
trial_1,315,0.037945,0.705589
trial_1,316,0.035074,0.654670
trial_1,317,0.206102,0.563975
trial_1,318,0.052401,0.694225
trial_1,319,0.301857,1.117163
trial_1,320,0.151720,1.798677
trial_1,321,0.083627,1.445458
trial_1,322,0.170821,0.654318
trial_1,323,0.184457,1.563575
trial_1,324,0.433332,0.707842
trial_1,325,0.152192,0.611759
trial_1,326,0.255065,0.811354
trial_1,327,0.111333,0.883040
trial_1,328,0.076834,0.671472
trial_1,329,0.273114,3.249353
trial_1,330,0.284246,1.155234
trial_1,331,0.023286,0.673387
trial_1,332,0.135672,0.580060
trial_1,333,0.038072,0.926267
trial_1,334,0.098237,0.508525
trial_1,335,0.127614,0.813651
trial_1,336,0.160066,0.620639
trial_1,337,0.279844,1.206465
trial_1,338,0.000779,1.611658
trial_1,339,0.104841,0.578407
trial_1,340,0.032662,0.371464
trial_1,341,0.082095,4.275169
trial_1,342,0.271073,0.670228
trial_1,343,0.055938,0.582970
trial_1,344,0.025285,1.506716
trial_1,345,1.588212,8.598455
trial_1,346,0.381398,2.160768
trial_1,347,0.416528,1.627976
trial_1,348,0.225866,1.702510
trial_1,349,0.104605,0.861018
trial_1,350,0.027064,0.986273
trial_1,351,0.439666,2.617829
trial_1,352,0.091622,0.904791
trial_1,353,0.021899,0.468148
trial_1,354,0.267081,1.387072
trial_1,355,0.132279,0.457691
trial_1,356,0.172119,0.448832
trial_1,357,0.021011,1.600521
trial_1,358,0.240746,0.510247
trial_1,359,0.093524,0.451295
trial_1,360,0.242405,0.560336
trial_1,361,0.067098,1.499766
trial_1,362,0.023198,2.620132
trial_1,363,0.066267,0.663613
trial_1,364,0.197547,0.445127
trial_1,365,0.091506,0.532271
trial_1,366,0.157690,0.792842
trial_1,367,0.136395,0.484790
trial_1,368,0.041359,0.417181
trial_1,369,0.175557,0.463679
trial_1,370,0.157922,1.129885
trial_1,371,0.112585,0.585047
trial_1,372,0.021421,0.632759
trial_1,373,0.268703,0.680249
trial_1,374,0.041148,1.406382
trial_1,375,0.082888,0.431098
trial_1,376,0.180126,0.559679
trial_1,377,0.114035,0.543027
trial_1,378,0.005415,0.349621
trial_1,379,0.168160,0.482113
trial_1,380,0.035210,0.815408
trial_1,381,0.134460,0.456554
trial_1,382,0.173358,0.513392
trial_1,383,0.429188,1.100254
trial_1,384,0.008080,0.391418
trial_1,385,0.218676,0.775746
trial_1,386,0.436420,2.629316
trial_1,387,0.030520,2.309809
trial_1,388,0.108629,0.595086
trial_1,389,0.127426,0.600858
trial_1,390,0.137677,0.755557
trial_1,391,0.307112,1.093848
trial_1,392,0.281296,1.095533
trial_1,393,0.254998,0.736048
trial_1,394,0.132136,0.731648
trial_1,395,0.167773,0.564001
trial_1,396,0.071132,0.553966
trial_1,397,0.036361,0.623187
trial_1,398,0.187898,0.862024
trial_1,399,0.204774,0.800316
trial_1,400,0.052087,0.917229
trial_1,401,0.143351,0.837146
trial_1,402,0.051504,1.771693
trial_1,403,0.040476,0.401607
trial_1,404,0.335042,0.525818
trial_1,405,0.028688,0.543187
trial_1,406,0.325536,0.612511
trial_1,407,0.018513,0.456337
trial_1,408,0.080077,0.556122
trial_1,409,0.097796,0.855719
trial_1,410,0.117292,0.726237
trial_1,411,0.146139,1.096924
trial_1,412,0.090437,0.404133
trial_1,413,0.120251,1.046295
trial_1,414,0.130123,0.524355
trial_1,415,0.060252,0.717627
trial_1,416,0.468176,5.898356
trial_1,417,0.103089,0.519407
trial_1,418,0.346842,0.706498
trial_1,419,0.160118,1.715371
trial_1,420,0.176100,0.821943
trial_1,421,0.058883,0.381315
trial_1,422,0.166896,1.287746
trial_1,423,0.047343,0.422051
trial_1,424,0.037425,0.544504
trial_1,425,0.045563,0.458667
trial_1,426,0.167843,0.416836
trial_1,427,0.082754,1.076828
trial_1,428,0.060629,1.205606
trial_1,429,0.159622,0.554187
trial_1,430,0.130921,0.462813
trial_1,431,0.102289,1.018449
trial_1,432,0.018069,1.088379
trial_1,433,0.197562,0.519451
trial_1,434,0.120941,1.339127
trial_1,435,1.368185,4.171511
trial_1,436,0.132355,0.644925
trial_1,437,0.235124,1.370652
trial_1,438,0.287642,1.559386
trial_1,439,0.015101,1.216629
trial_1,440,0.048846,1.702578
trial_1,441,0.299211,1.311811
trial_1,442,0.108054,0.577472
trial_1,443,0.005071,0.705263
trial_1,444,0.178657,0.714761
trial_1,445,0.154750,0.806897
trial_1,446,0.090957,0.945144
trial_1,447,0.120007,0.743602
trial_1,448,0.016734,0.524140
trial_1,449,0.266239,1.407789
trial_1,450,0.058371,0.834089
trial_1,451,0.023268,0.829512
trial_1,452,0.221870,0.683663
trial_1,453,0.014584,1.076066
trial_1,454,0.142802,0.481525
trial_1,455,0.094881,0.685360
trial_1,456,0.125327,0.746393
trial_1,457,0.057681,0.417842
trial_1,458,0.048268,0.868128
trial_1,459,0.161253,0.693864
trial_1,460,0.129303,0.601562
trial_1,461,0.182923,0.403775
trial_1,462,0.077604,0.978040
trial_1,463,0.069643,0.596584
trial_1,464,0.056001,0.544327
trial_1,465,0.039275,0.644861
trial_1,466,0.049127,0.501135
trial_1,467,0.108457,0.842605
trial_1,468,0.233015,0.398971
trial_1,469,0.062575,2.597247
trial_1,470,0.177344,0.660148
trial_1,471,0.221528,0.604120
trial_1,472,0.257436,0.827679
trial_1,473,0.077364,0.644331
trial_1,474,0.702350,3.002771
trial_1,475,0.564239,3.312797
trial_1,476,0.732517,3.386383
trial_1,477,0.103069,0.621672
trial_1,478,0.392889,0.645132
trial_1,479,0.076796,0.508350
trial_1,480,0.194658,0.988582
trial_1,481,0.192243,2.175057
trial_1,482,0.057200,0.696691
trial_1,483,0.091601,1.722831
trial_1,484,0.267052,1.021493
trial_1,485,0.059342,0.446420
trial_1,486,0.060402,0.593556
trial_1,487,0.154504,0.728103
trial_1,488,0.023852,0.490978
trial_1,489,0.079997,0.519218
trial_1,490,0.039586,0.822452
trial_1,491,0.078701,0.390276
trial_1,492,0.242712,0.667246
trial_1,493,0.316736,0.923800
trial_1,494,0.110011,0.607494
trial_1,495,0.062700,0.665669
trial_1,496,0.195350,0.475130
trial_1,497,0.240059,0.892444
trial_1,498,0.227953,0.357919
trial_1,499,0.051304,0.707029
trial_1,500,0.034162,1.013740
trial_1,501,0.102727,0.316261
trial_1,502,0.179693,0.608931
trial_1,503,0.034368,0.368117
trial_1,504,0.109867,0.425414
trial_1,505,0.203476,1.015250
trial_1,506,0.155839,0.399984
trial_1,507,0.042671,1.027868
trial_1,508,0.071464,0.442831
trial_1,509,0.074970,1.082397
trial_1,510,0.047570,0.676656
trial_1,511,0.091848,0.415908
trial_1,512,0.545266,3.789822
trial_1,513,0.061839,0.793720
trial_1,514,0.015816,0.646130
trial_1,515,0.396588,6.428845
trial_1,516,0.075143,0.678291
trial_1,517,0.274914,2.170159
trial_1,518,0.032455,0.629950
trial_1,519,0.105188,0.781051
trial_1,520,0.177209,0.352593
trial_1,521,0.017965,0.544911
trial_1,522,0.089401,0.472768
trial_1,523,0.058335,1.295123
trial_1,524,0.105257,0.595428
trial_1,525,0.319546,1.273775
trial_1,526,0.089875,0.638257
trial_1,527,0.079269,0.569082
trial_1,528,0.264853,0.653704
trial_1,529,0.030065,0.591521
trial_1,530,0.084593,0.545782
trial_1,531,0.058101,0.678738
trial_1,532,0.087143,0.412655
trial_1,533,0.150946,0.536122
trial_1,534,0.066795,0.424526
trial_1,535,0.140102,0.551827
trial_1,536,0.468088,1.337974
trial_1,537,0.187107,1.360552
trial_1,538,0.253769,0.623950
trial_1,539,0.032468,0.739468
trial_1,540,0.021806,0.540488
trial_1,541,0.185404,0.392334
trial_1,542,0.164833,1.743788
trial_1,543,0.074015,0.477468
trial_1,544,0.044385,0.370525
trial_1,545,0.150677,0.708287
trial_1,546,0.022107,0.814834
trial_1,547,0.097614,0.604249
trial_1,548,0.030925,0.608210
trial_1,549,0.050064,0.640993
trial_1,550,0.005647,0.679035
trial_1,551,0.023234,0.415937
trial_1,552,0.009823,0.869771
trial_1,553,0.007381,0.514994
trial_1,554,0.332873,1.840720
trial_1,555,0.061396,0.461793
trial_1,556,0.193846,0.762565
trial_1,557,0.001122,0.670631
trial_1,558,0.096902,0.440336
trial_1,559,0.010158,0.883196
trial_1,560,0.442736,1.001441
trial_1,561,0.351992,1.072550
trial_1,562,0.417331,1.026989
trial_1,563,0.070827,0.660684
trial_1,564,0.043712,0.593133
trial_1,565,0.176451,1.183616
trial_1,566,0.052914,0.544798
trial_1,567,0.096760,0.720995
trial_1,568,0.309568,0.603058
trial_1,569,0.026407,0.522694
trial_1,570,0.013982,1.100248
trial_1,571,0.145735,0.389388
trial_1,572,0.052094,0.442038
trial_1,573,0.279839,0.488645
trial_1,574,0.060276,0.357157
trial_1,575,0.320643,2.088153
trial_1,576,0.135080,3.198781
trial_1,577,0.052190,0.571383
trial_1,578,0.061063,1.541723
trial_1,579,0.064838,0.732040
trial_1,580,0.300354,0.613723
trial_1,581,0.218859,0.784948
trial_1,582,0.060686,0.429768
trial_1,583,0.183296,1.289836
trial_1,584,0.149895,0.379792
trial_1,585,0.008166,0.693892
trial_1,586,0.015178,0.404888
trial_1,587,0.029014,0.548293
trial_1,588,0.000102,0.399608
trial_1,589,2.358311,21.904688
trial_1,590,0.053524,0.875180
trial_1,591,0.065203,0.569636
trial_1,592,0.383938,1.186106
trial_1,593,0.032048,0.502874
trial_1,594,0.187300,0.533341
trial_1,595,0.531424,1.745535
trial_1,596,0.087154,0.720333
trial_1,597,0.138015,0.593226
trial_1,598,0.139536,0.502719
trial_1,599,0.030972,0.618013
trial_1,600,0.079856,0.441674
trial_1,601,0.108512,1.992886
trial_1,602,0.129405,0.725425
trial_1,603,0.037875,0.851846
trial_1,604,0.244250,0.452875
trial_1,605,0.217848,0.734918
trial_1,606,0.016150,0.541314
trial_1,607,0.149013,0.542822
trial_1,608,0.052319,0.419791
trial_1,609,0.120549,0.996873
trial_1,610,0.174940,0.683538
trial_1,611,0.108720,0.519234
trial_1,612,0.073874,0.451763
trial_1,613,0.024142,0.670130
trial_1,614,0.135032,1.425734
trial_1,615,0.258101,0.383683
trial_1,616,0.003709,0.550377
trial_1,617,0.039295,0.760494
trial_1,618,0.092907,0.303030
trial_1,619,1.840888,7.460028
trial_1,620,0.099500,0.468947
trial_1,621,0.216810,0.473103
trial_1,622,0.588974,2.159764
trial_1,623,0.097207,0.381558
trial_1,624,0.442675,1.364752
trial_1,625,0.362651,0.805943
trial_1,626,0.100516,0.798452
trial_1,627,0.193448,1.353182
trial_1,628,0.021981,0.847546
trial_1,629,0.013568,0.508911
trial_1,630,0.002422,0.672474
trial_1,631,0.066341,1.026240
trial_1,632,0.315139,0.794114
trial_1,633,0.423812,0.706707
trial_1,634,0.081655,1.918304
trial_1,635,0.264250,1.262335
trial_1,636,0.281376,0.887005
trial_1,637,0.086154,0.987447
trial_1,638,0.007674,0.549890
trial_1,639,0.106661,0.703792
trial_1,640,0.061953,0.525628
trial_1,641,0.301241,0.726548
trial_1,642,0.093240,0.524619
trial_1,643,0.326220,1.665129
trial_1,644,0.062816,1.041655
trial_1,645,0.328123,0.833011
trial_1,646,0.438107,1.488260
trial_1,647,0.004982,2.304952
trial_1,648,0.106547,4.859696
trial_1,649,0.268794,0.824131
trial_1,650,0.312403,1.339449
trial_1,651,0.014892,0.946967
trial_1,652,0.869294,3.440757
trial_1,653,0.162317,0.787643
trial_1,654,0.206534,0.787209
trial_1,655,0.126494,0.559425
trial_1,656,0.015644,1.495709
trial_1,657,0.291279,2.151263
trial_1,658,0.719643,1.424910
trial_1,659,0.273774,1.014864
trial_1,660,0.048839,0.604081
trial_1,661,0.082684,0.674598
trial_1,662,0.443473,1.101049
trial_1,663,0.223925,0.777794
trial_1,664,0.222036,0.571619
trial_1,665,0.289687,1.314393
trial_1,666,0.109235,1.898884
trial_1,667,0.106160,0.600306
trial_1,668,0.026276,0.359971
trial_1,669,0.089632,0.615674
trial_1,670,0.088168,0.475347
trial_1,671,0.061681,0.655602
trial_1,672,0.111573,0.501156
trial_1,673,1.356123,6.155361
trial_1,674,0.198409,0.595337
trial_1,675,0.129205,0.689370
trial_1,676,0.040982,1.385111
trial_1,677,0.126003,0.938279
trial_1,678,0.176435,1.057172
trial_1,679,0.291342,1.756615
trial_1,680,0.082926,0.426402
trial_1,681,0.072471,0.388121
trial_1,682,0.173095,0.927172
trial_1,683,0.228704,0.591481
trial_1,684,1.063195,4.773635
trial_1,685,0.394218,2.539183
trial_1,686,0.133715,0.761023
trial_1,687,0.056488,0.711371
trial_1,688,0.075786,0.464626
trial_1,689,0.183026,0.953735
trial_1,690,0.104809,0.915671
trial_1,691,0.190096,0.535887
trial_1,692,0.305878,0.467428
trial_1,693,0.082850,0.626725
trial_1,694,0.597058,1.242329
trial_1,695,0.087340,0.803128
trial_1,696,0.124622,1.386898
trial_1,697,0.044985,1.117914
trial_1,698,0.055185,0.367440
trial_1,699,0.138214,0.467196
trial_1,700,0.010950,0.453406
trial_1,701,0.049134,1.104056
trial_1,702,0.162582,0.699054
trial_1,703,0.207790,1.878937
trial_1,704,0.104805,0.431854
trial_1,705,0.126793,0.430341
trial_1,706,0.097941,0.913017
trial_1,707,0.036102,0.577174
trial_1,708,0.209508,0.499612
trial_1,709,0.075423,2.499723
trial_1,710,0.023106,1.202621
trial_1,711,0.049143,0.863560
trial_1,712,0.045984,0.538778
trial_1,713,0.153315,1.985910
trial_1,714,0.069860,0.636884
trial_1,715,0.029358,0.395130
trial_1,716,0.143520,1.355539
trial_1,717,0.022760,0.468078
trial_1,718,0.167526,0.912918
trial_1,719,0.140951,0.328227
trial_1,720,0.358058,1.590499
trial_1,721,0.321652,0.577336
trial_1,722,0.229479,0.537527
trial_1,723,0.269350,0.427261
trial_1,724,0.158461,3.778643
trial_1,725,0.186052,1.724168
trial_1,726,0.398122,1.556319
trial_1,727,0.194370,0.738000
trial_1,728,0.178616,0.643619
trial_1,729,0.301494,0.588808
trial_1,730,0.256727,0.533636
trial_1,731,0.111459,0.776696
trial_1,732,0.060651,0.571757
trial_1,733,0.064510,0.519447
trial_1,734,0.111882,0.447237
trial_1,735,0.001167,1.328693
trial_1,736,0.174010,0.605101
trial_1,737,0.013665,0.866977
trial_1,738,0.075658,1.647946
trial_1,739,0.032689,0.517179
trial_1,740,0.290222,0.723120
trial_1,741,0.012789,0.547018
trial_1,742,0.015354,0.651557
trial_1,743,0.295284,3.149638
trial_1,744,0.242930,0.761747
trial_1,745,0.018472,0.596119
trial_1,746,0.094295,0.527536
trial_1,747,0.211581,0.495947
trial_1,748,0.190167,1.083920
trial_1,749,0.164450,0.762402
trial_1,750,0.010619,0.496092
trial_1,751,0.048640,0.977973
trial_1,752,0.126578,0.552781
trial_1,753,0.070820,1.130010
trial_1,754,0.026631,0.477891
trial_1,755,0.008966,0.569325
trial_1,756,0.179636,0.448157
trial_1,757,0.063051,0.704042
trial_1,758,0.363594,0.853462
trial_1,759,0.381118,1.612794
trial_1,760,0.168507,0.743688
trial_1,761,0.095459,0.875026
trial_1,762,0.274111,0.984558
trial_1,763,0.017911,0.580849
trial_1,764,0.130329,1.495845
trial_1,765,0.082071,0.793582
trial_1,766,0.223563,1.562654
trial_1,767,0.380886,1.048244
trial_1,768,0.250632,0.529800
trial_1,769,0.224056,0.520638
trial_1,770,1.296110,5.227886
trial_1,771,0.119544,0.478814
trial_1,772,1.393921,11.504823
trial_1,773,0.075854,1.987785
trial_1,774,0.152715,1.466931
trial_1,775,0.351516,1.749779
trial_1,776,0.993291,3.670835
trial_1,777,0.144980,1.422070
trial_1,778,0.117435,0.770065
trial_1,779,0.322127,1.166436
trial_1,780,0.268903,0.637524
trial_1,781,0.540600,1.313061
trial_1,782,0.138022,1.024141
trial_1,783,0.106830,1.361396
trial_1,784,0.188959,0.718937
trial_1,785,0.027449,0.672470
trial_1,786,0.000363,1.564438
trial_1,787,0.389234,0.758866
trial_1,788,0.530094,3.825443
trial_1,789,0.108291,0.741407
trial_1,790,0.242613,1.038942
trial_1,791,0.194829,0.993955
trial_1,792,0.040077,0.655974
trial_1,793,0.539999,1.396317
trial_1,794,0.079629,1.941950
trial_1,795,0.618868,2.266048
trial_1,796,0.020651,1.025500
trial_1,797,0.166475,0.790331
trial_1,798,0.426321,1.023936
trial_1,799,0.033455,0.615406
trial_1,800,0.135411,0.984406
trial_1,801,0.164295,1.841456
trial_1,802,0.133904,0.966728
trial_1,803,0.000768,0.575449
trial_1,804,0.140594,0.766295
trial_1,805,0.177502,1.486723
trial_1,806,0.006706,2.586695
trial_1,807,0.282263,0.979447
trial_1,808,0.370293,0.768445
trial_1,809,0.060086,0.667675
trial_1,810,0.115426,0.911430
trial_1,811,0.196278,1.031284
trial_1,812,0.102111,2.013956
trial_1,813,0.294620,2.715973
trial_1,814,0.527291,3.504287
trial_1,815,0.022398,0.880702
trial_1,816,0.110156,1.086502
trial_1,817,0.188093,0.877225
trial_1,818,0.254472,2.184046
trial_1,819,0.348411,1.782466
trial_1,820,0.830066,5.750231
trial_1,821,0.058089,1.221966
trial_1,822,0.024287,1.449173
trial_1,823,0.105507,1.515302
trial_1,824,0.130019,0.798832
trial_1,825,0.123540,1.729223
trial_1,826,0.348873,4.999749
trial_1,827,0.210781,2.446379
trial_1,828,0.110207,1.002592
trial_1,829,0.212628,1.395554
trial_1,830,0.219711,0.788904
trial_1,831,0.230455,2.674426
trial_1,832,0.198152,0.883155
trial_1,833,0.023108,1.275116
trial_1,834,0.180384,1.381982
trial_1,835,0.005828,0.999164
trial_1,836,0.122785,0.701846
trial_1,837,0.183620,2.651564
trial_1,838,0.124065,0.861003
trial_1,839,0.007853,1.116313
trial_1,840,0.056919,1.468645
trial_1,841,0.050291,2.160881
trial_1,842,0.102465,0.927988
trial_1,843,0.471425,1.487214
trial_1,844,0.148200,0.784422
trial_1,845,0.238263,0.773498
trial_1,846,0.059105,0.704003
trial_1,847,0.177997,1.157471
trial_1,848,0.007029,2.255084
trial_1,849,0.176302,0.713955
trial_1,850,0.082864,1.145441
trial_1,851,0.013514,0.881277
trial_1,852,0.660894,2.136433
trial_1,853,0.756446,1.001832
trial_1,854,0.220776,0.883736
trial_1,855,0.016889,0.677135
trial_1,856,0.086058,1.942101
trial_1,857,0.092595,1.387543
trial_1,858,0.200424,0.749378
trial_1,859,0.285145,1.004612
trial_1,860,0.459095,0.950934
trial_1,861,0.010326,0.728577
trial_1,862,0.205841,0.970952
trial_1,863,0.125786,0.959207
trial_1,864,0.095108,0.944687
trial_1,865,0.096579,0.751991
trial_1,866,0.577999,1.987506
trial_1,867,0.058947,0.931709
trial_1,868,0.090934,1.152688
trial_1,869,0.033519,2.437758
trial_1,870,0.077952,0.981508
trial_1,871,0.051881,1.345852
trial_1,872,0.575791,2.381008
trial_1,873,0.202341,0.912380
trial_1,874,0.077164,0.815818
trial_1,875,0.026190,1.173514
trial_1,876,0.189068,0.896087
trial_1,877,0.099331,0.654513
trial_1,878,0.195119,0.781999
trial_1,879,0.008917,0.819034
trial_1,880,0.055410,1.545524
trial_1,881,0.046147,0.778432
trial_1,882,0.310542,0.918447
trial_1,883,0.053784,0.737908
trial_1,884,0.071499,1.645989
trial_1,885,0.156960,0.740623
trial_1,886,0.083930,0.727293
trial_1,887,0.553843,5.593238
trial_1,888,0.111853,1.390189
trial_1,889,0.071647,0.886972
trial_1,890,0.619738,1.574225
trial_1,891,0.109302,1.073981
trial_1,892,0.064808,0.883839
trial_1,893,0.314609,1.166564
trial_1,894,0.559505,1.967019
trial_1,895,0.376298,1.170379
trial_1,896,0.407377,1.858705
trial_1,897,0.083034,0.854985
trial_1,898,0.016943,1.286926
trial_1,899,0.115494,1.404344
trial_1,900,0.107168,0.936987
trial_1,901,0.130824,0.823344
trial_1,902,0.307757,1.908569
trial_1,903,0.328464,0.789036
trial_1,904,0.087968,0.650802
trial_1,905,0.387737,1.319966
trial_1,906,0.045033,0.797501
trial_1,907,0.333820,1.545126
trial_1,908,0.090757,0.579410
trial_1,909,0.180779,2.940994
trial_1,910,0.210622,0.657226
trial_1,911,0.264375,0.723421
trial_1,912,0.108886,0.809403
trial_1,913,0.046913,1.255451
trial_1,914,0.272853,1.045850
trial_1,915,0.351176,0.908525
trial_1,916,0.029515,0.733721
trial_1,917,0.109444,0.721125
trial_1,918,0.076445,1.025458
trial_1,919,0.825570,2.576229
trial_1,920,0.177424,1.014012
trial_1,921,0.046897,0.846346
trial_1,922,0.042921,0.914572
trial_1,923,0.295652,1.006698
trial_1,924,0.312339,3.986197
trial_1,925,0.257864,3.412418
trial_1,926,0.034008,1.469881
trial_1,927,0.105478,1.306227
trial_1,928,0.068372,1.644029
trial_1,929,0.202075,1.101622
trial_1,930,0.217680,1.346314
trial_1,931,0.671021,3.694859
trial_1,932,0.040466,1.040337
trial_1,933,0.259273,1.861388
trial_1,934,0.111122,1.326495
trial_1,935,0.034234,0.948618
trial_1,936,0.105873,2.094951
trial_1,937,0.256017,1.349065
trial_1,938,0.239892,0.960811
trial_1,939,0.358027,1.318497
trial_1,940,0.498383,1.292074
trial_1,941,0.202991,0.986914
trial_1,942,0.022423,0.882242
trial_1,943,0.021516,1.191833
trial_1,944,0.088027,0.929822
trial_1,945,0.290986,0.950780
trial_1,946,0.284048,0.925270
trial_1,947,0.012221,0.841884
trial_1,948,0.399865,1.375495
trial_1,949,0.043223,2.804395
trial_1,950,0.305917,0.873730
trial_1,951,0.141702,0.786906
trial_1,952,0.135479,0.965657
trial_1,953,0.100424,0.929739
trial_1,954,0.168808,0.986361
trial_1,955,0.311103,1.305425
trial_1,956,0.018302,1.405383
trial_1,957,0.310621,2.583375
trial_1,958,0.184912,1.445215
trial_1,959,0.276401,1.749857
trial_1,960,0.075809,2.024938
trial_1,961,0.384433,1.433659
trial_1,962,0.236861,14.065635
trial_1,963,0.231162,2.146546
trial_1,964,0.132437,1.111088
trial_1,965,0.036714,1.033151
trial_1,966,0.120688,1.887243
trial_1,967,0.278348,2.164705
trial_1,968,0.158267,1.260129
trial_1,969,0.200510,0.910992
trial_1,970,0.165222,0.970149
trial_1,971,0.120383,0.818092
trial_1,972,0.908632,2.569924
trial_1,973,0.011293,0.771893
trial_1,974,0.112178,1.465225
trial_1,975,0.194099,1.614949
trial_1,976,0.029112,1.415837
trial_1,977,0.521683,1.153986
trial_1,978,0.179069,1.154385
trial_1,979,0.152896,0.838142
trial_1,980,0.002304,0.818049
trial_1,981,0.016891,0.968581
trial_1,982,0.089981,1.279242
trial_1,983,0.280541,0.917087
trial_1,984,0.048907,0.946131
trial_1,985,0.074267,1.223860
trial_1,986,0.090103,1.292960
trial_1,987,0.148900,0.856810
trial_1,988,0.461419,4.363484
trial_1,989,0.092046,0.848330
trial_1,990,0.260287,1.339426
trial_1,991,0.232413,1.127973
trial_1,992,0.248377,1.443673
trial_1,993,0.102685,1.148102
trial_1,994,0.093289,1.009697
trial_1,995,0.187112,1.061204
trial_1,996,0.177598,0.793284
trial_1,997,1.393944,5.730133
trial_1,998,0.096521,0.869753
trial_1,999,0.125915,0.738155
trial_1,1000,0.106880,1.257090
trial_2,1,0.223747,0.814141
trial_2,2,0.068651,0.608030
trial_2,3,0.159903,0.746640
trial_2,4,0.077943,0.785514
trial_2,5,0.037001,0.991317
trial_2,6,0.003013,0.862081
trial_2,7,0.503957,1.051617
trial_2,8,0.101885,1.050852
trial_2,9,1.436584,4.486677
trial_2,10,0.688025,1.971577
trial_2,11,0.037096,0.916117
trial_2,12,0.156476,1.049435
trial_2,13,0.590553,5.017022
trial_2,14,0.209721,1.032266
trial_2,15,0.116714,1.042132
trial_2,16,0.613130,1.046924
trial_2,17,0.244252,1.380048
trial_2,18,0.364173,1.099775
trial_2,19,0.311703,1.212352
trial_2,20,0.127802,0.825011
trial_2,21,0.255443,1.476721
trial_2,22,0.115854,0.888033
trial_2,23,0.204056,1.423433
trial_2,24,0.083540,1.354376
trial_2,25,0.075934,0.934175
trial_2,26,0.313133,2.056710
trial_2,27,0.048151,1.081305
trial_2,28,2.170019,8.532995
trial_2,29,0.041100,1.465968
trial_2,30,0.354054,1.345411
trial_2,31,0.005501,0.988209
trial_2,32,0.170913,0.736571
trial_2,33,0.176324,1.633240
trial_2,34,0.037549,6.965042
trial_2,35,0.345995,1.691393
trial_2,36,0.343046,1.735518
trial_2,37,0.356975,2.351767
trial_2,38,0.079179,1.449676
trial_2,39,0.354037,1.628177
trial_2,40,0.330619,1.408212
trial_2,41,0.070179,0.696187
trial_2,42,0.155112,0.802483
trial_2,43,0.103553,0.845153
trial_2,44,0.082685,0.791531
trial_2,45,0.131644,1.315018
trial_2,46,0.010017,1.175887
trial_2,47,0.302106,1.262271
trial_2,48,0.014001,0.840886
trial_2,49,0.138200,0.963162
trial_2,50,0.498897,1.326948
trial_2,51,0.024453,0.864286
trial_2,52,0.294759,0.934714
trial_2,53,0.164902,2.629844
trial_2,54,0.166971,1.906097
trial_2,55,0.105523,0.956776
trial_2,56,0.114236,0.902010
trial_2,57,0.103256,0.725281
trial_2,58,0.179906,0.897064
trial_2,59,0.001257,0.774681
trial_2,60,0.733497,3.021115
trial_2,61,0.038745,0.709238
trial_2,62,0.217219,0.986635
trial_2,63,0.060222,0.911004
trial_2,64,0.105262,0.722333
trial_2,65,0.195805,1.804534
trial_2,66,0.112999,0.737409
trial_2,67,0.034183,0.763441
trial_2,68,0.507187,4.673797
trial_2,69,0.261371,0.741091
trial_2,70,0.072095,0.679406
trial_2,71,0.036839,1.961137
trial_2,72,0.220651,0.853603
trial_2,73,0.040278,0.537366
trial_2,74,0.126014,0.601978
trial_2,75,0.009450,0.591049
trial_2,76,0.052768,1.654266
trial_2,77,0.014493,0.618806
trial_2,78,0.186790,0.607044
trial_2,79,0.020755,0.602548
trial_2,80,0.046799,0.735369
trial_2,81,0.651601,3.412343
trial_2,82,0.265923,2.495518
trial_2,83,0.403178,1.032261
trial_2,84,0.411741,3.790980
trial_2,85,0.592156,3.417516
trial_2,86,0.043262,3.067332
trial_2,87,0.058485,1.203665
trial_2,88,0.310885,0.964562
trial_2,89,0.029053,1.119515
trial_2,90,0.087295,1.063723
trial_2,91,0.142092,1.117085
trial_2,92,0.183470,1.343958
trial_2,93,0.411752,2.968924
trial_2,94,0.227557,0.943784
trial_2,95,0.096850,0.928129
trial_2,96,0.034187,0.836884
trial_2,97,0.310128,1.245346
trial_2,98,0.158255,2.028399
trial_2,99,0.318413,1.058224
trial_2,100,0.430525,1.161912
trial_2,101,0.047520,0.913397
trial_2,102,0.258149,1.486646
trial_2,103,0.190609,0.850175
trial_2,104,0.197860,0.826985
trial_2,105,0.015590,1.007975
trial_2,106,0.163487,1.017150
trial_2,107,0.105540,0.612194
trial_2,108,0.354273,4.587916
trial_2,109,0.383672,1.919141
trial_2,110,0.230052,2.165956
trial_2,111,0.283940,1.319519
trial_2,112,0.299536,1.711079
trial_2,113,0.297637,2.019962
trial_2,114,0.383369,1.089511
trial_2,115,0.011674,1.775320
trial_2,116,0.527054,0.947480
trial_2,117,0.084740,1.140464
trial_2,118,0.061471,0.840332
trial_2,119,0.372915,1.759437
trial_2,120,0.119336,1.919057
trial_2,121,0.242844,1.083868
trial_2,122,0.033588,0.695987
trial_2,123,0.123983,0.911422
trial_2,124,0.035594,1.496989
trial_2,125,0.103635,0.938853
trial_2,126,0.248665,2.361982
trial_2,127,0.490610,1.355972
trial_2,128,0.109030,0.757466
trial_2,129,0.333597,1.871412
trial_2,130,0.671936,4.109031
trial_2,131,0.030832,0.791611
trial_2,132,0.399508,2.512113
trial_2,133,0.204304,4.622869
trial_2,134,0.061847,1.141980
trial_2,135,0.008406,1.030320
trial_2,136,0.115722,0.895319
trial_2,137,0.418324,2.169727
trial_2,138,0.016586,0.940512
trial_2,139,0.005058,0.956878
trial_2,140,0.408807,1.005186
trial_2,141,0.123278,1.152024
trial_2,142,0.164217,1.172312
trial_2,143,0.391533,3.348873
trial_2,144,0.020890,1.066650
trial_2,145,0.276242,0.952033
trial_2,146,0.114075,1.524016
trial_2,147,0.319207,2.364510
trial_2,148,0.363308,1.169207
trial_2,149,0.006773,4.446926
trial_2,150,0.053042,0.741914
trial_2,151,0.062380,1.084219
trial_2,152,0.254399,1.310831
trial_2,153,0.112147,0.932641
trial_2,154,0.176802,1.053962
trial_2,155,0.196891,1.140932
trial_2,156,0.065080,0.875358
trial_2,157,0.103011,1.800957
trial_2,158,0.059045,2.069754
trial_2,159,0.068210,0.919882
trial_2,160,0.244195,1.260670
trial_2,161,0.003263,0.720897
trial_2,162,0.044709,0.601213
trial_2,163,0.322254,1.400522
trial_2,164,0.073870,0.845891
trial_2,165,0.214156,1.569012
trial_2,166,0.025310,1.308099
trial_2,167,0.012953,0.814427
trial_2,168,0.136987,0.909923
trial_2,169,0.337888,0.746168
trial_2,170,0.227781,1.740112
trial_2,171,0.263886,1.202428
trial_2,172,0.119957,0.694411
trial_2,173,0.004610,0.761447
trial_2,174,0.122709,1.007544
trial_2,175,0.014780,0.911630
trial_2,176,0.248409,0.904930
trial_2,177,0.164587,1.709931
trial_2,178,0.324811,0.698557
trial_2,179,0.063274,1.134245
trial_2,180,0.312029,2.226604
trial_2,181,0.371762,2.517178
trial_2,182,0.175831,0.829754
trial_2,183,0.068151,0.787447
trial_2,184,0.433127,1.760807
trial_2,185,0.214188,0.951203
trial_2,186,0.258870,0.923821
trial_2,187,0.099358,1.319059
trial_2,188,0.050974,0.875472
trial_2,189,0.067729,1.116732
trial_2,190,0.082970,1.044953
trial_2,191,0.160436,0.630286
trial_2,192,0.203763,0.786370
trial_2,193,0.115043,0.841695
trial_2,194,0.143499,0.935015
trial_2,195,0.022160,0.884922
trial_2,196,0.021921,1.093146
trial_2,197,0.571910,0.969528
trial_2,198,0.169729,0.906104
trial_2,199,0.231892,1.466913
trial_2,200,0.282178,0.957118
trial_2,201,0.019783,0.932986
trial_2,202,0.001597,0.743983
trial_2,203,0.375866,0.787403
trial_2,204,0.150369,1.144469
trial_2,205,0.042253,1.060263
trial_2,206,0.140417,0.878033
trial_2,207,0.136259,0.648122
trial_2,208,0.334192,0.822223
trial_2,209,0.301254,3.056380
trial_2,210,0.208634,2.242532
trial_2,211,0.097041,1.841239
trial_2,212,0.125849,0.767848
trial_2,213,0.085921,0.787366
trial_2,214,0.059769,0.642125
trial_2,215,0.104354,0.818390
trial_2,216,0.170337,0.736014
trial_2,217,0.128894,0.814774
trial_2,218,0.221043,2.876828
trial_2,219,1.117276,11.926103
trial_2,220,0.686819,2.081926
trial_2,221,0.400652,0.978370
trial_2,222,0.429870,0.918359
trial_2,223,0.038208,0.704698
trial_2,224,0.056362,0.742657
trial_2,225,0.199556,1.502657
trial_2,226,0.252777,1.256285
trial_2,227,0.112107,0.817845
trial_2,228,0.101761,0.961977
trial_2,229,0.154456,1.348130
trial_2,230,0.132390,1.150907
trial_2,231,0.591821,1.768938
trial_2,232,0.032033,1.171098
trial_2,233,0.242852,1.051122
trial_2,234,0.270775,0.726694
trial_2,235,0.108291,1.873361
trial_2,236,0.076046,0.670130
trial_2,237,0.151325,1.171117
trial_2,238,0.102874,0.829054
trial_2,239,0.095588,0.693975
trial_2,240,0.096231,1.568909
trial_2,241,0.110107,0.712443
trial_2,242,0.218764,0.588696
trial_2,243,0.189833,1.328649
trial_2,244,0.168538,1.385941
trial_2,245,1.083540,3.563400
trial_2,246,0.005104,1.096196
trial_2,247,0.269780,1.024174
trial_2,248,0.144780,0.900788
trial_2,249,0.422188,1.370913
trial_2,250,0.171388,1.110858
trial_2,251,0.232928,0.832489
trial_2,252,0.055428,0.806515
trial_2,253,0.097734,0.958925
trial_2,254,0.338013,3.121128
trial_2,255,1.015043,6.541655
trial_2,256,0.057965,1.546523
trial_2,257,0.478360,2.522059
trial_2,258,0.219974,0.907409
trial_2,259,0.036385,0.849872
trial_2,260,0.249956,0.906002
trial_2,261,0.186225,1.479199
trial_2,262,0.322870,1.710707
trial_2,263,0.017926,1.187064
trial_2,264,0.276683,1.261512
trial_2,265,0.196781,1.025705
trial_2,266,0.067428,1.221256
trial_2,267,0.235611,2.352461
trial_2,268,0.192991,0.841253
trial_2,269,0.403503,1.145074
trial_2,270,0.000099,0.744875
trial_2,271,0.023089,0.942989
trial_2,272,0.317232,0.870823
trial_2,273,0.023546,0.942371
trial_2,274,0.083821,0.807216
trial_2,275,0.147765,0.853547
trial_2,276,0.825691,2.761161
trial_2,277,0.152715,1.509078
trial_2,278,0.167668,0.758460
trial_2,279,0.349922,0.889858
trial_2,280,0.200491,1.448551
trial_2,281,0.046249,1.602765
trial_2,282,0.558055,2.789750
trial_2,283,0.139889,1.458396
trial_2,284,0.178543,0.965858
trial_2,285,0.373947,0.810536
trial_2,286,0.446724,1.743813
trial_2,287,0.166436,0.865316
trial_2,288,0.081645,1.937748
trial_2,289,0.079681,1.128097
trial_2,290,0.007541,0.815379
trial_2,291,0.124802,0.912074
trial_2,292,0.076471,1.490032
trial_2,293,0.093140,1.437203
trial_2,294,0.051096,0.676156
trial_2,295,0.085385,0.966078
trial_2,296,0.275270,1.540274
trial_2,297,0.013222,0.821436
trial_2,298,0.201506,0.913025
trial_2,299,0.357792,0.809021
trial_2,300,0.423801,0.919141
trial_2,301,0.014119,0.990834
trial_2,302,0.110107,1.598417
trial_2,303,0.305328,1.554278
trial_2,304,0.059825,0.573837
trial_2,305,0.224621,1.030615
trial_2,306,0.053496,0.910115
trial_2,307,0.080418,0.956915
trial_2,308,0.316968,2.145771
trial_2,309,0.137613,1.447725
trial_2,310,0.150841,1.894996
trial_2,311,0.155452,1.832111
trial_2,312,0.734638,3.843461
trial_2,313,0.412651,1.094593
trial_2,314,0.023476,1.346318
trial_2,315,0.168791,1.582746
trial_2,316,0.200841,1.307752
trial_2,317,0.002371,0.745506
trial_2,318,0.215716,0.929299
trial_2,319,0.072061,1.249253
trial_2,320,0.053434,3.097654
trial_2,321,0.537907,2.835250
trial_2,322,0.125051,1.321897
trial_2,323,0.251592,2.286252
trial_2,324,0.028539,1.200880
trial_2,325,0.258775,1.083775
trial_2,326,0.015530,1.053805
trial_2,327,0.169816,1.413833
trial_2,328,0.172799,1.442004
trial_2,329,0.522655,4.599955
trial_2,330,0.404748,1.737625
trial_2,331,0.184936,1.117016
trial_2,332,0.281929,1.159904
trial_2,333,0.166123,2.033919
trial_2,334,0.367058,1.043587
trial_2,335,0.736298,2.343065
trial_2,336,0.310860,1.384895
trial_2,337,0.511539,1.978454
trial_2,338,0.250624,2.183578
trial_2,339,0.288362,1.003788
trial_2,340,0.071368,0.628834
trial_2,341,0.744008,5.349110
trial_2,342,0.286608,1.046468
trial_2,343,0.225564,1.432188
trial_2,344,0.434704,3.037130
trial_2,345,3.337869,13.795418
trial_2,346,0.940811,3.411006
trial_2,347,0.079022,1.596962
trial_2,348,0.296512,2.882983
trial_2,349,0.159610,0.828895
trial_2,350,0.255638,1.719080
trial_2,351,0.394572,2.324052
trial_2,352,0.234983,1.501588
trial_2,353,0.067833,1.676403
trial_2,354,0.561897,1.903007
trial_2,355,0.032390,1.052752
trial_2,356,0.504680,1.138139
trial_2,357,0.264868,2.670216
trial_2,358,0.052860,1.122013
trial_2,359,0.129711,0.950263
trial_2,360,0.171012,0.944763
trial_2,361,0.297625,2.871526
trial_2,362,0.162291,3.322860
trial_2,363,0.155426,1.408383
trial_2,364,0.040119,0.746835
trial_2,365,0.197228,0.822657
trial_2,366,0.060429,1.165224
trial_2,367,0.137281,0.753514
trial_2,368,0.038723,0.965576
trial_2,369,0.034165,0.678078
trial_2,370,0.063361,1.715213
trial_2,371,0.243162,1.095243
trial_2,372,0.164629,0.701428
trial_2,373,0.091632,0.883017
trial_2,374,0.501723,2.492170
trial_2,375,0.096420,0.764574
trial_2,376,0.221656,0.927542
trial_2,377,0.274452,0.833240
trial_2,378,0.027787,0.549009
trial_2,379,0.041970,0.590074
trial_2,380,0.328533,1.327098
trial_2,381,0.122871,0.654694
trial_2,382,0.093254,0.671449
trial_2,383,0.286273,1.354177
trial_2,384,0.027848,0.476548
trial_2,385,0.215486,1.123202
trial_2,386,0.039637,3.754581
trial_2,387,0.328134,3.582876
trial_2,388,0.471034,1.146837
trial_2,389,0.194790,1.013856
trial_2,390,0.265088,1.450682
trial_2,391,0.065035,1.441896
trial_2,392,0.190091,1.567712
trial_2,393,0.192173,1.648417
trial_2,394,0.133459,1.313084
trial_2,395,0.074169,0.916724
trial_2,396,0.023732,0.704560
trial_2,397,0.376659,0.870482
trial_2,398,0.305451,0.919286
trial_2,399,0.094786,1.038761
trial_2,400,0.081057,1.131191
trial_2,401,0.392347,1.560318
trial_2,402,0.096933,2.109112
trial_2,403,0.078281,1.056288
trial_2,404,0.141164,0.677516
trial_2,405,0.175698,0.816131
trial_2,406,0.066813,0.645458
trial_2,407,0.103767,0.758151
trial_2,408,0.217950,0.732984
trial_2,409,0.155594,1.301841
trial_2,410,0.318844,1.210463
trial_2,411,0.195930,1.672112
trial_2,412,0.003853,0.675445
trial_2,413,0.216513,1.715217
trial_2,414,0.177512,0.922631
trial_2,415,0.029657,1.895212
trial_2,416,0.094090,6.496142
trial_2,417,0.097049,1.179780
trial_2,418,0.330445,1.317226
trial_2,419,0.682106,2.588253
trial_2,420,0.157274,0.974180
trial_2,421,0.014625,0.710389
trial_2,422,0.036071,1.422341
trial_2,423,0.071251,0.821109
trial_2,424,0.294617,0.899064
trial_2,425,0.154346,0.785881
trial_2,426,0.083737,0.648450
trial_2,427,0.042662,1.263602
trial_2,428,0.249832,1.913958
trial_2,429,0.148385,0.964740
trial_2,430,0.099761,0.780076
trial_2,431,0.076506,1.497464
trial_2,432,0.113775,1.744171
trial_2,433,0.078499,0.841114
trial_2,434,0.243345,1.720604
trial_2,435,1.061564,5.403130
trial_2,436,0.129882,1.088966
trial_2,437,0.410956,1.539461
trial_2,438,0.456626,2.529427
trial_2,439,0.069938,1.776195
trial_2,440,0.459732,2.801712
trial_2,441,0.667859,3.017979
trial_2,442,0.247035,1.384789
trial_2,443,0.172573,1.000638
trial_2,444,0.031971,1.135291
trial_2,445,0.455183,1.533369
trial_2,446,0.156069,1.349030
trial_2,447,0.290298,1.643627
trial_2,448,0.088706,0.848659
trial_2,449,0.029134,1.983864
trial_2,450,0.274566,2.133992
trial_2,451,0.316256,1.632175
trial_2,452,0.156344,0.968828
trial_2,453,0.181276,2.086313
trial_2,454,0.191499,1.212270
trial_2,455,0.048031,1.321148
trial_2,456,0.179682,1.487349
trial_2,457,0.247449,0.858184
trial_2,458,0.117815,1.107055
trial_2,459,0.196013,1.194869
trial_2,460,0.005451,0.879372
trial_2,461,0.172194,0.846096
trial_2,462,0.304956,1.634048
trial_2,463,0.154780,0.922530
trial_2,464,0.060893,0.753941
trial_2,465,0.016152,1.190486
trial_2,466,0.007022,0.635478
trial_2,467,0.020277,1.027097
trial_2,468,0.078452,0.794247
trial_2,469,0.101510,2.358198
trial_2,470,0.082379,1.146031
trial_2,471,0.067492,0.850054
trial_2,472,0.061724,1.223317
trial_2,473,0.241788,1.197925
trial_2,474,0.597562,3.956139
trial_2,475,0.036884,4.234259
trial_2,476,0.369671,2.874393
trial_2,477,0.479121,1.118483
trial_2,478,0.064984,0.925780
trial_2,479,0.058135,0.753313
trial_2,480,0.327173,1.053611
trial_2,481,0.237365,2.142363
trial_2,482,0.057529,1.806462
trial_2,483,0.097037,1.852226
trial_2,484,0.016354,1.613521
trial_2,485,0.284308,1.016294
trial_2,486,0.023291,1.127534
trial_2,487,0.563173,1.237082
trial_2,488,0.167453,0.916137
trial_2,489,0.068816,0.823527
trial_2,490,0.112262,1.494442
trial_2,491,0.002901,0.620619
trial_2,492,0.042226,1.038735
trial_2,493,0.409183,1.170265
trial_2,494,0.152693,1.103514
trial_2,495,0.143693,0.759927
trial_2,496,0.009086,0.878039
trial_2,497,0.106632,1.176500
trial_2,498,0.027640,0.665582
trial_2,499,0.186796,1.304832
trial_2,500,0.230091,1.726806
trial_2,501,0.263107,0.952620
trial_2,502,0.404824,0.977899
trial_2,503,0.137312,0.785642
trial_2,504,0.192984,0.882576
trial_2,505,0.203744,1.187678
trial_2,506,0.035677,0.958880
trial_2,507,0.105806,1.794234
trial_2,508,0.186373,0.772675
trial_2,509,0.146961,1.773977
trial_2,510,0.268062,1.253371
trial_2,511,0.250138,0.834801
trial_2,512,0.709069,5.173701
trial_2,513,0.193401,1.613093
trial_2,514,0.363251,1.518733
trial_2,515,0.211673,7.550884
trial_2,516,0.173413,0.975573
trial_2,517,0.152547,3.865169
trial_2,518,0.020718,1.022556
trial_2,519,0.223680,1.146008
trial_2,520,0.173795,0.900092
trial_2,521,0.083603,0.564279
trial_2,522,0.023108,0.688958
trial_2,523,0.054702,2.276085
trial_2,524,0.183284,0.884995
trial_2,525,0.155514,2.835070
trial_2,526,0.154324,0.780285
trial_2,527,0.096183,0.847314
trial_2,528,0.126346,1.059011
trial_2,529,0.191593,0.607047
trial_2,530,0.073165,0.577857
trial_2,531,0.326117,1.245281
trial_2,532,0.135249,0.849072
trial_2,533,0.143966,0.691745
trial_2,534,0.213749,0.735841
trial_2,535,0.176691,1.081362
trial_2,536,0.503901,2.107983
trial_2,537,0.225920,2.180878
trial_2,538,0.031622,0.863889
trial_2,539,0.076322,1.313294
trial_2,540,0.025453,1.001413
trial_2,541,0.346198,0.780208
trial_2,542,0.040222,2.264147
trial_2,543,0.043859,0.766832
trial_2,544,0.058606,0.776461
trial_2,545,0.085141,1.280110
trial_2,546,0.055593,0.948700
trial_2,547,0.260420,0.785881
trial_2,548,0.265712,0.701793
trial_2,549,0.029326,0.868540
trial_2,550,0.113606,0.816441
trial_2,551,0.031257,0.665161
trial_2,552,0.395069,2.125920
trial_2,553,0.038226,0.829213
trial_2,554,0.093955,2.504733
trial_2,555,0.137040,0.607129
trial_2,556,0.244907,0.778857
trial_2,557,0.179723,1.115988
trial_2,558,0.002093,0.635384
trial_2,559,0.173616,0.688235
trial_2,560,0.183019,0.961360
trial_2,561,0.406172,1.779219
trial_2,562,0.294557,1.260793
trial_2,563,0.211868,1.156836
trial_2,564,0.039348,1.108260
trial_2,565,0.209445,1.915307
trial_2,566,0.040201,1.384537
trial_2,567,0.138582,2.025585
trial_2,568,0.079718,0.707966
trial_2,569,0.051626,0.709395
trial_2,570,0.030761,2.111838
trial_2,571,0.113254,0.756079
trial_2,572,0.158317,0.732457
trial_2,573,0.160829,0.767234
trial_2,574,0.080821,0.692630
trial_2,575,0.034423,2.046567
trial_2,576,0.205903,4.094078
trial_2,577,0.009831,0.719286
trial_2,578,0.522211,1.973389
trial_2,579,0.072807,0.867209
trial_2,580,0.117749,0.894705
trial_2,581,0.019658,1.031378
trial_2,582,0.066647,0.778272
trial_2,583,0.211088,1.916063
trial_2,584,0.198200,0.664570
trial_2,585,0.146350,1.366349
trial_2,586,0.090359,0.707727
trial_2,587,0.157834,1.086304
trial_2,588,0.091040,0.687856
trial_2,589,3.738245,23.578668
trial_2,590,0.030245,1.316154
trial_2,591,0.134433,1.146500
trial_2,592,0.249833,1.984936
trial_2,593,0.039000,1.036468
trial_2,594,0.061433,0.880983
trial_2,595,0.021525,1.719606
trial_2,596,0.075736,0.975857
trial_2,597,0.178150,1.184968
trial_2,598,0.193876,0.782486
trial_2,599,0.227024,0.964616
trial_2,600,0.074658,0.855480
trial_2,601,0.074466,2.246374
trial_2,602,0.137332,1.000001
trial_2,603,0.118567,0.879890
trial_2,604,0.059381,0.892347
trial_2,605,0.091067,1.096614
trial_2,606,0.203075,0.860990
trial_2,607,0.152488,0.844164
trial_2,608,0.168837,0.888813
trial_2,609,0.252592,1.245611
trial_2,610,0.192363,1.203862
trial_2,611,0.000643,0.752419
trial_2,612,0.048869,0.669335
trial_2,613,0.341222,1.099333
trial_2,614,0.214210,1.811464
trial_2,615,0.057348,0.560052
trial_2,616,0.280669,0.786719
trial_2,617,0.081673,0.907866
trial_2,618,0.197568,0.568240
trial_2,619,1.546569,7.395915
trial_2,620,0.243531,0.757157
trial_2,621,0.324226,0.829494
trial_2,622,0.574423,3.673178
trial_2,623,0.085920,0.481696
trial_2,624,0.220167,1.808740
trial_2,625,0.313028,1.142072
trial_2,626,0.162579,1.220784
trial_2,627,0.443114,2.708232
trial_2,628,0.304780,1.298515
trial_2,629,0.149600,0.702096
trial_2,630,0.395616,1.072134
trial_2,631,0.117787,1.402075
trial_2,632,0.082441,1.166671
trial_2,633,0.252009,0.927336
trial_2,634,0.117839,1.830148
trial_2,635,0.001703,1.568050
trial_2,636,0.066364,0.968123
trial_2,637,0.118873,1.206912
trial_2,638,0.011714,0.833711
trial_2,639,0.224181,1.427547
trial_2,640,0.152434,0.794918
trial_2,641,0.002546,1.027677
trial_2,642,0.163871,0.773114
trial_2,643,0.181719,2.098020
trial_2,644,0.023215,1.236881
trial_2,645,0.063766,1.142050
trial_2,646,0.466866,2.167092
trial_2,647,0.239036,2.764941
trial_2,648,0.529752,5.447839
trial_2,649,0.130414,1.177838
trial_2,650,0.035648,2.044786
trial_2,651,0.456733,1.392247
trial_2,652,1.074402,3.608260
trial_2,653,0.171191,0.968989
trial_2,654,0.013500,0.930404
trial_2,655,0.098088,0.829689
trial_2,656,0.368140,1.689589
trial_2,657,0.177212,1.874828
trial_2,658,0.131046,1.351656
trial_2,659,0.179311,1.764535
trial_2,660,0.163849,1.256728
trial_2,661,0.148431,1.239617
trial_2,662,0.296214,1.527131
trial_2,663,0.166262,1.271499
trial_2,664,0.154577,1.031033
trial_2,665,0.025384,1.337056
trial_2,666,0.146244,2.717538
trial_2,667,0.104089,0.928000
trial_2,668,0.093293,0.717082
trial_2,669,0.086879,0.560067
trial_2,670,0.132708,0.746418
trial_2,671,0.130711,1.069027
trial_2,672,0.183759,0.793409
trial_2,673,1.794279,7.597490
trial_2,674,0.048054,1.143454
trial_2,675,0.332757,0.969340
trial_2,676,0.007808,2.214858
trial_2,677,0.136242,0.854093
trial_2,678,0.317664,1.016416
trial_2,679,0.184135,2.160583
trial_2,680,0.075420,0.729313
trial_2,681,0.194120,0.805190
trial_2,682,0.162479,1.425585
trial_2,683,0.241288,0.886900
trial_2,684,0.535667,3.503783
trial_2,685,0.323591,2.415302
trial_2,686,0.272527,0.834050
trial_2,687,0.238179,1.002671
trial_2,688,0.297156,0.898958
trial_2,689,0.054694,1.445796
trial_2,690,0.099705,1.451649
trial_2,691,0.440577,0.858461
trial_2,692,0.233095,0.635961
trial_2,693,0.006314,0.917207
trial_2,694,0.532777,1.235947
trial_2,695,0.262418,1.057155
trial_2,696,0.116386,1.600982
trial_2,697,0.325995,2.083309
trial_2,698,0.182801,0.763451
trial_2,699,0.242869,0.828873
trial_2,700,0.015341,0.861006
trial_2,701,0.152830,1.123221
trial_2,702,0.066552,0.829664
trial_2,703,0.165069,1.751146
trial_2,704,0.013379,0.650787
trial_2,705,0.253629,0.636793
trial_2,706,0.025794,1.026451
trial_2,707,0.006203,0.814748
trial_2,708,0.216536,0.877738
trial_2,709,0.609395,2.620710
trial_2,710,0.281704,1.578610
trial_2,711,0.278043,1.020497
trial_2,712,0.243547,0.893537
trial_2,713,0.021841,3.549768
trial_2,714,0.068467,0.482457
trial_2,715,0.120136,0.582916
trial_2,716,0.126228,1.602896
trial_2,717,0.347742,0.769485
trial_2,718,0.073660,0.943685
trial_2,719,0.053862,0.630168
trial_2,720,0.116580,2.192739
trial_2,721,0.152635,0.760055
trial_2,722,0.096860,0.692453
trial_2,723,0.121014,0.600455
trial_2,724,0.198458,4.920089
trial_2,725,0.095766,1.500632
trial_2,726,0.303631,1.778795
trial_2,727,0.139753,1.333139
trial_2,728,0.033050,0.711946
trial_2,729,0.406755,0.753574
trial_2,730,0.074068,0.750476
trial_2,731,0.032188,1.057769
trial_2,732,0.181975,0.770664
trial_2,733,0.170408,0.661115
trial_2,734,0.033203,0.407270
trial_2,735,0.224354,1.685128
trial_2,736,0.124334,1.363890
trial_2,737,0.033455,1.078237
trial_2,738,0.531575,2.037096
trial_2,739,0.192812,0.666004
trial_2,740,0.101130,0.571319
trial_2,741,0.046020,0.697459
trial_2,742,0.116004,0.711824
trial_2,743,0.682624,2.890556
trial_2,744,0.492817,1.082279
trial_2,745,0.011813,0.806286
trial_2,746,0.053880,0.767625
trial_2,747,0.077169,0.628562
trial_2,748,0.236318,1.048605
trial_2,749,0.079369,1.288485
trial_2,750,0.103007,0.671575
trial_2,751,0.150394,1.330575
trial_2,752,0.112849,0.606519
trial_2,753,0.146112,1.508172
trial_2,754,0.072278,0.551730
trial_2,755,0.002507,0.765010
trial_2,756,0.253064,0.681982
trial_2,757,0.067003,0.887700
trial_2,758,0.154096,1.025977
trial_2,759,0.373797,1.257214
trial_2,760,0.141626,1.283573
trial_2,761,0.215953,1.387335
trial_2,762,0.418354,1.055369
trial_2,763,0.036850,0.705001
trial_2,764,0.152562,2.211913
trial_2,765,0.131642,1.511585
trial_2,766,0.494332,2.250996
trial_2,767,0.086706,1.347920
trial_2,768,0.191400,0.746355
trial_2,769,0.215365,0.854648
trial_2,770,0.216877,4.985521
trial_2,771,0.051803,0.878261
trial_2,772,0.023303,11.042914
trial_2,773,0.626096,3.437470
trial_2,774,0.336989,5.265342
trial_2,775,0.286699,1.091944
trial_2,776,0.281186,3.166848
trial_2,777,0.333876,1.227944
trial_2,778,0.034065,0.789931
trial_2,779,0.076420,0.855303
trial_2,780,0.144563,0.611730
trial_2,781,0.489722,1.395178
trial_2,782,0.218334,1.213702
trial_2,783,0.003252,1.592143
trial_2,784,0.167176,0.660228
trial_2,785,0.016754,0.741647
trial_2,786,0.053707,1.402060
trial_2,787,0.057546,0.650092
trial_2,788,0.100391,3.343561
trial_2,789,0.083738,0.772487
trial_2,790,0.082599,1.043675
trial_2,791,0.045218,0.974172
trial_2,792,0.108649,0.591566
trial_2,793,0.417566,1.312781
trial_2,794,0.484922,3.193445
trial_2,795,0.276405,2.653134
trial_2,796,0.422167,1.308287
trial_2,797,0.316769,0.872671
trial_2,798,0.001914,0.840720
trial_2,799,0.144825,0.643702
trial_2,800,0.251962,1.004585
trial_2,801,0.162827,1.404932
trial_2,802,0.169624,1.017972
trial_2,803,0.042269,0.607363
trial_2,804,0.036503,0.692085
trial_2,805,0.006288,1.110455
trial_2,806,0.596553,2.577846
trial_2,807,0.257815,0.877286
trial_2,808,0.033175,0.712887
trial_2,809,0.307989,0.690335
trial_2,810,0.136361,0.875176
trial_2,811,0.193477,0.959878
trial_2,812,0.046076,1.765932
trial_2,813,0.141194,2.882735
trial_2,814,0.538826,3.924202
trial_2,815,0.054404,0.787343
trial_2,816,0.387629,1.088266
trial_2,817,0.192158,0.803587
trial_2,818,0.061148,2.445649
trial_2,819,0.036180,1.954384
trial_2,820,0.234349,4.906369
trial_2,821,0.319690,0.995665
trial_2,822,0.146207,1.301940
trial_2,823,0.147187,1.327453
trial_2,824,0.015729,0.561599
trial_2,825,0.076945,0.985277
trial_2,826,0.080980,4.339939
trial_2,827,0.174936,1.598676
trial_2,828,0.262002,0.900567
trial_2,829,0.210471,0.822225
trial_2,830,0.043486,0.717254
trial_2,831,0.393504,2.550918
trial_2,832,0.586510,1.034124
trial_2,833,0.110697,1.188959
trial_2,834,0.087219,1.079054
trial_2,835,0.103435,0.852257
trial_2,836,0.217072,0.651184
trial_2,837,0.549291,2.631545
trial_2,838,0.172566,1.076521
trial_2,839,0.338295,1.063687
trial_2,840,0.247242,1.166340
trial_2,841,0.315713,2.194606
trial_2,842,0.026595,0.598679
trial_2,843,0.265123,1.469029
trial_2,844,0.243995,0.631156
trial_2,845,0.015265,0.643644
trial_2,846,0.076484,0.520005
trial_2,847,0.055343,1.029858
trial_2,848,0.285233,2.404481
trial_2,849,0.223470,0.584756
trial_2,850,0.217023,1.031965
trial_2,851,0.003478,0.730807
trial_2,852,0.691300,2.435157
trial_2,853,0.025488,0.610829
trial_2,854,0.095759,0.466423
trial_2,855,0.064958,0.857871
trial_2,856,0.126891,1.838197
trial_2,857,0.136651,1.163446
trial_2,858,0.062120,0.632817
trial_2,859,0.108917,0.856887
trial_2,860,0.106548,0.757506
trial_2,861,0.082430,0.603504
trial_2,862,0.129635,0.770317
trial_2,863,0.235922,0.848128
trial_2,864,0.103476,0.623663
trial_2,865,0.005003,0.537312
trial_2,866,0.065120,1.494971
trial_2,867,0.055295,0.831504
trial_2,868,0.031316,1.200218
trial_2,869,0.579594,2.570811
trial_2,870,0.062701,0.973414
trial_2,871,0.194605,1.192773
trial_2,872,0.394665,1.909421
trial_2,873,0.042186,0.730611
trial_2,874,0.083955,0.652146
trial_2,875,0.047706,0.872166
trial_2,876,0.183071,1.175293
trial_2,877,0.238807,0.779903
trial_2,878,0.015450,0.782624
trial_2,879,0.186321,0.489184
trial_2,880,0.271768,1.587432
trial_2,881,0.139404,0.587553
trial_2,882,0.260695,0.748282
trial_2,883,0.060185,0.626798
trial_2,884,0.245477,1.678223
trial_2,885,0.060868,0.588269
trial_2,886,0.267860,0.518619
trial_2,887,0.367991,4.460034
trial_2,888,0.315082,1.064224
trial_2,889,0.063612,0.710431
trial_2,890,0.139246,1.016847
trial_2,891,0.218133,0.890121
trial_2,892,0.169802,0.730151
trial_2,893,0.126420,1.065612
trial_2,894,0.009833,1.225498
trial_2,895,0.323826,0.909638
trial_2,896,0.234325,1.298009
trial_2,897,0.179168,0.641770
trial_2,898,0.058368,0.727186
trial_2,899,0.142458,1.200106
trial_2,900,0.095183,0.589816
trial_2,901,0.043058,0.584909
trial_2,902,0.500796,1.776560
trial_2,903,0.033261,0.469424
trial_2,904,0.022798,0.581682
trial_2,905,0.188228,1.436970
trial_2,906,0.095357,0.725481
trial_2,907,0.367568,1.145129
trial_2,908,0.156873,0.561315
trial_2,909,0.668183,2.543486
trial_2,910,0.108393,0.525240
trial_2,911,0.277120,0.552838
trial_2,912,0.005437,0.523071
trial_2,913,0.154901,0.995155
trial_2,914,0.041308,0.675657
trial_2,915,0.431496,1.103344
trial_2,916,0.062938,0.793827
trial_2,917,0.126990,0.689235
trial_2,918,0.261382,0.817823
trial_2,919,0.399631,2.018310
trial_2,920,0.247496,0.836952
trial_2,921,0.251559,0.744036
trial_2,922,0.099119,0.743184
trial_2,923,0.101146,0.882052
trial_2,924,0.236958,2.746084
trial_2,925,0.880853,3.726385
trial_2,926,0.143920,0.808635
trial_2,927,0.131743,0.873818
trial_2,928,0.196705,1.300027
trial_2,929,0.240487,0.676305
trial_2,930,0.040549,0.967642
trial_2,931,0.179077,2.741408
trial_2,932,0.171305,0.832527
trial_2,933,0.376425,1.767090
trial_2,934,0.119281,1.319353
trial_2,935,0.077761,0.612073
trial_2,936,0.018209,2.163637
trial_2,937,0.347435,1.188933
trial_2,938,0.123631,0.657558
trial_2,939,0.430729,0.973753
trial_2,940,0.365693,0.858567
trial_2,941,0.314866,0.924833
trial_2,942,0.107722,0.884930
trial_2,943,0.033475,0.921979
trial_2,944,0.144644,0.438592
trial_2,945,0.225363,0.671325
trial_2,946,0.049914,0.529231
trial_2,947,0.045247,0.889404
trial_2,948,0.426352,1.239351
trial_2,949,0.164466,2.203908
trial_2,950,0.083259,0.553102
trial_2,951,0.164990,0.660991
trial_2,952,0.177371,0.809161
trial_2,953,0.055191,0.798741
trial_2,954,0.086304,0.782843
trial_2,955,0.096079,0.739971
trial_2,956,0.241001,0.977670
trial_2,957,0.326177,1.566102
trial_2,958,0.010236,0.929294
trial_2,959,0.147821,1.366737
trial_2,960,0.032763,1.119635
trial_2,961,0.127668,0.661025
trial_2,962,0.347090,8.203539
trial_2,963,0.178304,1.511650
trial_2,964,0.080669,0.586997
trial_2,965,0.029109,0.931164
trial_2,966,0.246881,1.137389
trial_2,967,0.183482,1.730692
trial_2,968,0.242931,0.951844
trial_2,969,0.020738,0.724403
trial_2,970,0.085930,0.728362
trial_2,971,0.023681,0.456819
trial_2,972,0.027495,1.919881
trial_2,973,0.046217,0.505860
trial_2,974,0.026350,1.367478
trial_2,975,0.143925,1.430455
trial_2,976,0.047771,0.817954
trial_2,977,0.265636,0.691556
trial_2,978,0.393708,0.924338
trial_2,979,0.052554,0.410487
trial_2,980,0.451143,1.005658
trial_2,981,0.149839,0.793379
trial_2,982,0.183254,0.943933
trial_2,983,0.187306,0.727850
trial_2,984,0.322812,0.781270
trial_2,985,0.238442,1.111314
trial_2,986,0.170144,1.120554
trial_2,987,0.107761,0.815862
trial_2,988,0.413200,4.797303
trial_2,989,0.338853,0.771436
trial_2,990,0.255513,1.446185
trial_2,991,0.017944,0.625577
trial_2,992,0.044038,1.006512
trial_2,993,0.029238,0.842135
trial_2,994,0.159465,0.842857
trial_2,995,0.028631,0.972850
trial_2,996,0.058631,0.513292
trial_2,997,0.655286,5.333070
trial_2,998,0.011495,0.491385
trial_2,999,0.185616,0.482017
trial_2,1000,0.165536,1.111770
trial_3,1,0.234874,0.582247
trial_3,2,0.141702,0.447860
trial_3,3,0.061314,0.609108
trial_3,4,0.175003,0.818201
trial_3,5,0.087765,0.783763
trial_3,6,0.119683,0.514262
trial_3,7,0.129851,0.561329
trial_3,8,0.081456,0.710062
trial_3,9,0.460317,2.936679
trial_3,10,0.273117,1.407637
trial_3,11,0.127890,0.746783
trial_3,12,0.125871,0.803356
trial_3,13,0.401084,4.438882
trial_3,14,0.136892,0.869573
trial_3,15,0.085531,0.887763
trial_3,16,0.155668,0.542378
trial_3,17,0.077179,0.977642
trial_3,18,0.391767,0.816747
trial_3,19,0.051415,0.685374
trial_3,20,0.015259,0.702400
trial_3,21,0.115263,1.294911
trial_3,22,0.187682,0.652184
trial_3,23,0.149266,0.875239
trial_3,24,0.017848,0.688954
trial_3,25,0.261380,0.645334
trial_3,26,0.070925,1.110106
trial_3,27,0.231224,0.569529
trial_3,28,1.413632,5.376973
trial_3,29,0.157458,1.066676
trial_3,30,0.312518,0.834943
trial_3,31,0.054251,0.596851
trial_3,32,0.154835,0.574738
trial_3,33,0.074811,0.774959
trial_3,34,0.729285,6.232380
trial_3,35,0.055105,0.969249
trial_3,36,0.032321,0.941548
trial_3,37,0.426201,1.353909
trial_3,38,0.105272,1.032247
trial_3,39,0.055706,1.124145
trial_3,40,0.194983,0.774130
trial_3,41,0.097872,0.506414
trial_3,42,0.043515,0.426782
trial_3,43,0.170061,0.613240
trial_3,44,0.138283,0.764501
trial_3,45,0.005742,0.902531
trial_3,46,0.069789,0.909745
trial_3,47,0.060976,0.952678
trial_3,48,0.172774,0.537034
trial_3,49,0.057336,0.911193
trial_3,50,0.271861,0.930283
trial_3,51,0.019919,0.625035
trial_3,52,0.438597,0.958774
trial_3,53,0.179578,1.505648
trial_3,54,0.084713,1.382738
trial_3,55,0.070849,0.625597
trial_3,56,0.171331,0.464760
trial_3,57,0.253878,0.507480
trial_3,58,0.036267,1.040340
trial_3,59,0.093956,0.422900
trial_3,60,0.319793,2.522801
trial_3,61,0.309119,0.497840
trial_3,62,0.041718,0.569484
trial_3,63,0.263373,0.799428
trial_3,64,0.006302,0.627011
trial_3,65,0.056517,0.796771
trial_3,66,0.107395,0.447003
trial_3,67,0.364488,0.551795
trial_3,68,0.630568,3.210396
trial_3,69,0.087081,0.366030
trial_3,70,0.114336,0.432366
trial_3,71,0.084176,1.248095
trial_3,72,0.002204,0.385263
trial_3,73,0.201647,0.599405
trial_3,74,0.215819,0.406304
trial_3,75,0.068895,0.333727
trial_3,76,0.052136,1.346718
trial_3,77,0.070752,0.432747
trial_3,78,0.156493,0.347906
trial_3,79,0.040450,0.465850
trial_3,80,0.011999,0.417350
trial_3,81,0.080526,2.181506
trial_3,82,0.113655,3.183537
trial_3,83,0.039644,0.988966
trial_3,84,0.630551,4.155692
trial_3,85,0.126702,1.862544
trial_3,86,0.002901,2.272204
trial_3,87,0.038268,0.769382
trial_3,88,0.047819,0.420589
trial_3,89,0.110048,0.653829
trial_3,90,0.167807,0.782863
trial_3,91,0.054215,0.630013
trial_3,92,0.087155,1.109746
trial_3,93,0.573788,2.780517
trial_3,94,0.041119,0.475930
trial_3,95,0.197533,0.608995
trial_3,96,0.070562,0.908221
trial_3,97,0.198361,0.812637
trial_3,98,0.166531,1.729003
trial_3,99,0.238532,0.865671
trial_3,100,0.194299,0.672527
trial_3,101,0.091933,0.645620
trial_3,102,0.184797,1.022314
trial_3,103,0.059486,0.512666
trial_3,104,0.188869,0.569934
trial_3,105,0.379231,1.072356
trial_3,106,0.081431,0.653910
trial_3,107,0.241809,0.437923
trial_3,108,0.323986,3.829344
trial_3,109,0.045728,1.072139
trial_3,110,0.301125,1.094806
trial_3,111,0.517501,0.977551
trial_3,112,0.023659,0.661895
trial_3,113,0.168250,1.164020
trial_3,114,0.070653,0.569367
trial_3,115,0.234781,0.982610
trial_3,116,0.198577,0.502252
trial_3,117,0.214600,0.956081
trial_3,118,0.154007,0.513490
trial_3,119,0.123576,1.379183
trial_3,120,0.133637,1.715514
trial_3,121,0.151961,0.783555
trial_3,122,0.077509,0.535023
trial_3,123,0.014808,0.657933
trial_3,124,0.359154,1.115819
trial_3,125,0.176821,0.563788
trial_3,126,0.029250,1.638261
trial_3,127,0.157199,0.790265
trial_3,128,0.152934,0.499886
trial_3,129,0.163202,1.400058
trial_3,130,0.259438,3.071938
trial_3,131,0.088577,0.548617
trial_3,132,0.273856,1.889036
trial_3,133,0.049392,3.253362
trial_3,134,0.260830,0.860093
trial_3,135,0.063247,0.520472
trial_3,136,0.210508,0.804514
trial_3,137,0.186866,1.786533
trial_3,138,0.201918,0.498940
trial_3,139,0.138178,0.444519
trial_3,140,0.319365,0.776091
trial_3,141,0.074615,1.009831
trial_3,142,0.124364,0.750987
trial_3,143,0.461067,2.536296
trial_3,144,0.022351,0.627209
trial_3,145,0.344001,0.934778
trial_3,146,0.190465,1.008919
trial_3,147,0.206256,1.706186
trial_3,148,0.097185,0.525459
trial_3,149,0.273227,3.031351
trial_3,150,0.086321,0.403862
trial_3,151,0.194920,0.944808
trial_3,152,0.082203,0.825560
trial_3,153,0.116015,0.891658
trial_3,154,0.143475,0.524410
trial_3,155,0.062049,0.665689
trial_3,156,0.168563,0.685093
trial_3,157,0.138248,1.358841
trial_3,158,0.060699,1.348581
trial_3,159,0.023438,0.421822
trial_3,160,0.000292,1.057795
trial_3,161,0.222799,0.617560
trial_3,162,0.093737,0.407928
trial_3,163,0.203465,1.036817
trial_3,164,0.025999,0.366357
trial_3,165,0.148601,1.226195
trial_3,166,0.064790,1.066208
trial_3,167,0.240341,0.492857
trial_3,168,0.146656,0.693053
trial_3,169,0.153642,0.651412
trial_3,170,0.077450,1.462374
trial_3,171,0.018075,0.742204
trial_3,172,0.172254,0.674939
trial_3,173,0.127327,0.530159
trial_3,174,0.016047,0.613045
trial_3,175,0.039278,0.452727
trial_3,176,0.021338,0.573062
trial_3,177,0.252670,1.394146
trial_3,178,0.248186,0.598641
trial_3,179,0.087064,0.642785
trial_3,180,0.028859,1.984485
trial_3,181,0.063630,1.301381
trial_3,182,0.207737,0.536915
trial_3,183,0.177411,0.491726
trial_3,184,0.464181,2.002829
trial_3,185,0.324594,0.677170
trial_3,186,0.042601,0.382575
trial_3,187,0.168547,1.387891
trial_3,188,0.040544,0.661962
trial_3,189,0.125908,0.717306
trial_3,190,0.257007,0.558537
trial_3,191,0.040871,0.352627
trial_3,192,0.245623,0.698804
trial_3,193,0.055304,0.692234
trial_3,194,0.022740,0.417424
trial_3,195,0.140471,0.679207
trial_3,196,0.106245,0.800007
trial_3,197,0.221756,0.576570
trial_3,198,0.277345,0.597102
trial_3,199,0.257959,1.273224
trial_3,200,0.461896,0.775825
trial_3,201,0.296800,0.774821
trial_3,202,0.211869,0.471492
trial_3,203,0.286655,0.442861
trial_3,204,0.202262,0.601859
trial_3,205,0.070952,0.936653
trial_3,206,0.075232,0.547227
trial_3,207,0.096904,0.377339
trial_3,208,0.295112,0.720929
trial_3,209,0.243309,2.410236
trial_3,210,0.294556,2.302738
trial_3,211,0.027209,1.189617
trial_3,212,0.142247,0.546216
trial_3,213,0.139141,0.691027
trial_3,214,0.059226,0.477885
trial_3,215,0.073064,0.630392
trial_3,216,0.032246,0.490287
trial_3,217,0.025092,0.844862
trial_3,218,0.205239,1.416565
trial_3,219,0.189105,9.237506
trial_3,220,0.206839,1.473567
trial_3,221,0.162466,0.700595
trial_3,222,0.066687,0.597012
trial_3,223,0.442400,0.913642
trial_3,224,0.206407,0.524606
trial_3,225,0.255113,1.052412
trial_3,226,0.124702,1.022882
trial_3,227,0.130897,0.547196
trial_3,228,0.092269,0.651179
trial_3,229,0.023185,1.109816
trial_3,230,0.185833,0.750660
trial_3,231,0.299670,0.963227
trial_3,232,0.051909,0.669422
trial_3,233,0.177051,0.716242
trial_3,234,0.242097,0.519164
trial_3,235,0.198563,0.939379
trial_3,236,0.096183,0.484724
trial_3,237,0.170062,0.720153
trial_3,238,0.118364,0.597274
trial_3,239,0.228407,0.761050
trial_3,240,0.370470,1.256773
trial_3,241,0.057755,0.550152
trial_3,242,0.050647,0.375435
trial_3,243,0.144135,1.206456
trial_3,244,0.134028,1.166240
trial_3,245,0.003158,2.670826
trial_3,246,0.049106,0.709091
trial_3,247,0.087141,0.584864
trial_3,248,0.027886,0.663011
trial_3,249,0.304469,1.285702
trial_3,250,0.217170,0.808381
trial_3,251,0.120561,0.542538
trial_3,252,0.047611,0.508080
trial_3,253,0.274255,0.726139
trial_3,254,0.160418,2.167866
trial_3,255,0.929316,4.634940
trial_3,256,0.055802,0.857386
trial_3,257,0.534423,1.670672
trial_3,258,0.182911,0.716729
trial_3,259,0.165860,0.463467
trial_3,260,0.162552,0.368298
trial_3,261,0.238323,0.975263
trial_3,262,0.009643,1.023795
trial_3,263,0.305433,0.723383
trial_3,264,0.145751,0.645133
trial_3,265,0.118180,0.744147
trial_3,266,0.031067,0.715905
trial_3,267,0.219139,1.415344
trial_3,268,0.182797,0.442104
trial_3,269,0.047152,0.658922
trial_3,270,0.112241,0.399328
trial_3,271,0.272268,0.735912
trial_3,272,0.049940,0.679206
trial_3,273,0.103744,0.655613
trial_3,274,0.002049,0.387442
trial_3,275,0.084594,0.520871
trial_3,276,0.134497,2.141458
trial_3,277,0.148895,1.098304
trial_3,278,0.055895,0.430632
trial_3,279,0.158141,0.491348
trial_3,280,0.122213,1.270285
trial_3,281,0.149763,1.095257
trial_3,282,0.514330,1.780520
trial_3,283,0.120549,1.074018
trial_3,284,0.152845,0.611319
trial_3,285,0.291033,0.564972
trial_3,286,0.251338,1.048118
trial_3,287,0.030473,0.694583
trial_3,288,0.296301,1.424713
trial_3,289,0.057703,0.415125
trial_3,290,0.139091,0.745397
trial_3,291,0.285730,0.849560
trial_3,292,0.155149,1.381509
trial_3,293,0.206794,1.231285
trial_3,294,0.158732,0.370668
trial_3,295,0.078701,0.563234
trial_3,296,0.157935,1.657275
trial_3,297,0.001124,0.620279
trial_3,298,0.002121,0.713309
trial_3,299,0.320935,0.464356
trial_3,300,0.169576,0.465261
trial_3,301,0.260782,0.645872
trial_3,302,0.162573,0.866672
trial_3,303,0.141740,0.953433
trial_3,304,0.009622,0.337872
trial_3,305,0.034484,0.641962
trial_3,306,0.053223,0.636578
trial_3,307,0.265861,0.780322
trial_3,308,0.006369,1.660557
trial_3,309,0.072243,0.608928
trial_3,310,0.207173,1.511444
trial_3,311,0.348842,1.336362
trial_3,312,0.329134,2.507847
trial_3,313,0.190330,0.678848
trial_3,314,0.150026,0.995793
trial_3,315,0.113568,0.904628
trial_3,316,0.047314,0.821135
trial_3,317,0.069408,0.660397
trial_3,318,0.049187,0.533886
trial_3,319,0.059795,1.342902
trial_3,320,0.160146,2.160434
trial_3,321,0.254545,1.497614
trial_3,322,0.005019,0.632476
trial_3,323,0.040641,1.261792
trial_3,324,0.138302,0.714950
trial_3,325,0.004436,0.503583
trial_3,326,0.558761,0.969734
trial_3,327,0.027662,1.021360
trial_3,328,0.188843,1.010078
trial_3,329,0.459043,4.122725
trial_3,330,0.161607,1.286464
trial_3,331,0.234928,1.048029
trial_3,332,0.019698,0.885276
trial_3,333,0.230155,1.454833
trial_3,334,0.266572,0.584584
trial_3,335,0.099443,1.701984
trial_3,336,0.261946,1.094474
trial_3,337,0.615453,1.754680
trial_3,338,0.133883,1.820778
trial_3,339,0.118228,0.617649
trial_3,340,0.078231,0.432001
trial_3,341,0.752424,6.401636
trial_3,342,0.170079,0.544192
trial_3,343,0.032657,0.800757
trial_3,344,0.788574,2.241312
trial_3,345,2.410457,11.773160
trial_3,346,0.485165,2.352011
trial_3,347,0.144537,1.020182
trial_3,348,0.165201,1.852271
trial_3,349,0.176065,0.621328
trial_3,350,0.097811,1.511393
trial_3,351,0.450680,2.343340
trial_3,352,0.049815,0.779586
trial_3,353,0.090942,0.565024
trial_3,354,0.583497,1.245680
trial_3,355,0.002342,0.430980
trial_3,356,0.302054,0.545804
trial_3,357,0.594608,2.925583
trial_3,358,0.123441,0.829589
trial_3,359,0.240627,0.682775
trial_3,360,0.249469,0.491604
trial_3,361,0.164359,1.911448
trial_3,362,0.251986,2.311454
trial_3,363,0.190429,0.815876
trial_3,364,0.029606,0.389082
trial_3,365,0.193895,0.721151
trial_3,366,0.228821,1.188410
trial_3,367,0.066269,0.583498
trial_3,368,0.076584,0.502045
trial_3,369,0.236227,0.548510
trial_3,370,0.047466,1.419868
trial_3,371,0.382094,0.717129
trial_3,372,0.203076,0.600916
trial_3,373,0.211262,0.801276
trial_3,374,0.195092,2.152547
trial_3,375,0.116363,0.380170
trial_3,376,0.109416,0.507153
trial_3,377,0.087699,0.569553
trial_3,378,0.019922,0.286484
trial_3,379,0.169635,0.482744
trial_3,380,0.210790,0.797623
trial_3,381,0.165912,0.437846
trial_3,382,0.194237,0.507576
trial_3,383,0.459390,1.684660
trial_3,384,0.136641,0.402451
trial_3,385,0.311953,0.993679
trial_3,386,0.283866,2.508995
trial_3,387,0.135372,2.972434
trial_3,388,0.277311,0.660668
trial_3,389,0.006297,0.590563
trial_3,390,0.084067,0.884703
trial_3,391,0.176890,1.203535
trial_3,392,0.356792,1.231967
trial_3,393,0.236511,0.975567
trial_3,394,0.036174,0.916725
trial_3,395,0.047955,0.563277
trial_3,396,0.161789,0.410836
trial_3,397,0.198272,0.523351
trial_3,398,0.115429,0.610189
trial_3,399,0.183787,0.693629
trial_3,400,0.319020,1.009682
trial_3,401,0.080126,0.991943
trial_3,402,0.096181,1.440838
trial_3,403,0.089067,0.792273
trial_3,404,0.023238,0.574930
trial_3,405,0.098934,0.527576
trial_3,406,0.000593,0.567198
trial_3,407,0.156003,0.406808
trial_3,408,0.108394,0.695973
trial_3,409,0.168343,1.017833
trial_3,410,0.352164,0.881352
trial_3,411,0.077900,1.394738
trial_3,412,0.077629,0.382336
trial_3,413,0.203117,1.020625
trial_3,414,0.050541,0.652695
trial_3,415,0.266317,1.447286
trial_3,416,0.193034,3.291009
trial_3,417,0.020457,0.572045
trial_3,418,0.387633,0.723767
trial_3,419,0.270497,1.709120
trial_3,420,0.092717,0.979998
trial_3,421,0.127294,0.509608
trial_3,422,0.148495,1.367969
trial_3,423,0.352638,0.674891
trial_3,424,0.080445,0.508868
trial_3,425,0.116477,0.440811
trial_3,426,0.206226,0.526554
trial_3,427,0.184291,1.216141
trial_3,428,0.209287,1.864000
trial_3,429,0.105148,0.664593
trial_3,430,0.013844,0.644177
trial_3,431,0.557129,1.753840
trial_3,432,0.174304,1.245836
trial_3,433,0.135243,0.589294
trial_3,434,0.119751,1.856764
trial_3,435,1.286147,6.387765
trial_3,436,0.049792,0.908462
trial_3,437,0.101798,1.267443
trial_3,438,0.177610,1.528110
trial_3,439,0.264846,1.361694
trial_3,440,0.296748,1.545240
trial_3,441,0.414949,1.901031
trial_3,442,0.167368,0.742243
trial_3,443,0.313430,0.818294
trial_3,444,0.212362,0.791147
trial_3,445,0.097239,1.050846
trial_3,446,0.195230,1.385812
trial_3,447,0.096106,1.193077
trial_3,448,0.137142,0.700084
trial_3,449,0.010946,1.299787
trial_3,450,0.108468,0.946958
trial_3,451,0.107075,1.065535
trial_3,452,0.223099,0.749376
trial_3,453,0.043665,1.225247
trial_3,454,0.304757,0.826179
trial_3,455,0.044067,0.754919
trial_3,456,0.343223,0.737969
trial_3,457,0.041786,0.398125
trial_3,458,0.071737,0.860072
trial_3,459,0.098453,0.675103
trial_3,460,0.059215,0.589615
trial_3,461,0.007802,0.419821
trial_3,462,0.077971,0.762445
trial_3,463,0.083419,0.544468
trial_3,464,0.003186,0.617305
trial_3,465,0.317317,0.811712
trial_3,466,0.143051,0.468690
trial_3,467,0.191980,0.819220
trial_3,468,0.071976,0.464687
trial_3,469,0.328093,2.117311
trial_3,470,0.266738,0.772777
trial_3,471,0.233932,0.656648
trial_3,472,0.017478,0.982859
trial_3,473,0.018742,0.609645
trial_3,474,0.289934,3.072284
trial_3,475,0.352114,4.373812
trial_3,476,0.528299,3.160411
trial_3,477,0.038124,0.989786
trial_3,478,0.101852,0.797341
trial_3,479,0.258880,0.663460
trial_3,480,0.187161,0.747664
trial_3,481,0.016983,2.280081
trial_3,482,0.120885,1.464253
trial_3,483,0.036542,1.616039
trial_3,484,0.019448,1.242958
trial_3,485,0.117842,0.464715
trial_3,486,0.030593,0.573021
trial_3,487,0.202008,0.666245
trial_3,488,0.273965,0.673369
trial_3,489,0.119648,0.452595
trial_3,490,0.226334,1.025421
trial_3,491,0.148376,0.454028
trial_3,492,0.237871,0.632212
trial_3,493,0.238349,0.949989
trial_3,494,0.214091,0.646719
trial_3,495,0.297392,0.823570
trial_3,496,0.250877,0.569395
trial_3,497,0.226065,0.704687
trial_3,498,0.144198,0.521900
trial_3,499,0.288981,0.951035
trial_3,500,0.026002,1.373263
trial_3,501,0.084476,0.302690
trial_3,502,0.251567,0.726877
trial_3,503,0.130944,0.562361
trial_3,504,0.001607,0.649117
trial_3,505,0.083284,0.721984
trial_3,506,0.046835,0.505469
trial_3,507,0.102314,0.955955
trial_3,508,0.234323,0.624994
trial_3,509,0.014411,1.137674
trial_3,510,0.073949,0.744283
trial_3,511,0.039549,0.513950
trial_3,512,0.168916,3.216139
trial_3,513,0.083943,0.916865
trial_3,514,0.113895,1.088869
trial_3,515,0.159708,4.934489
trial_3,516,0.257184,0.726357
trial_3,517,0.435556,3.236495
trial_3,518,0.263952,1.054167
trial_3,519,0.138901,0.971048
trial_3,520,0.438968,0.821585
trial_3,521,0.052038,0.536712
trial_3,522,0.242713,0.606348
trial_3,523,0.191059,1.529304
trial_3,524,0.193010,0.841174
trial_3,525,0.419106,1.976880
trial_3,526,0.238609,0.933584
trial_3,527,0.052418,0.744846
trial_3,528,0.177207,0.866614
trial_3,529,0.062505,0.597153
trial_3,530,0.003458,0.539380
trial_3,531,0.111869,0.839564
trial_3,532,0.236691,0.583520
trial_3,533,0.001816,0.524244
trial_3,534,0.085208,0.562776
trial_3,535,0.212198,0.780083
trial_3,536,0.217636,1.271879
trial_3,537,0.024172,1.555913
trial_3,538,0.184405,0.772037
trial_3,539,0.008053,0.951959
trial_3,540,0.063834,0.596833
trial_3,541,0.168896,0.622155
trial_3,542,0.053956,1.935500
trial_3,543,0.136630,0.664187
trial_3,544,0.055199,0.392475
trial_3,545,0.142625,0.801191
trial_3,546,0.285740,0.702583
trial_3,547,0.014898,0.698339
trial_3,548,0.208174,0.666644
trial_3,549,0.433877,0.889652
trial_3,550,0.054602,0.592535
trial_3,551,0.081414,0.467475
trial_3,552,0.118679,1.253184
trial_3,553,0.139860,0.606622
trial_3,554,0.006228,1.763716
trial_3,555,0.397472,0.604515
trial_3,556,0.025903,0.616229
trial_3,557,0.348201,0.635755
trial_3,558,0.015887,0.302333
trial_3,559,0.099875,0.611948
trial_3,560,0.105370,0.572739
trial_3,561,0.163085,1.086993
trial_3,562,0.117721,0.923199
trial_3,563,0.227147,0.939814
trial_3,564,0.127896,0.654861
trial_3,565,0.236853,1.089304
trial_3,566,0.304853,0.883078
trial_3,567,0.097477,1.094129
trial_3,568,0.094886,0.506381
trial_3,569,0.048218,0.538171
trial_3,570,0.114551,1.060046
trial_3,571,0.368975,0.582188
trial_3,572,0.293645,0.666534
trial_3,573,0.330587,0.516039
trial_3,574,0.027390,0.368265
trial_3,575,0.245178,1.413871
trial_3,576,0.672672,2.380438
trial_3,577,0.063075,0.560962
trial_3,578,0.135538,1.497977
trial_3,579,0.114790,0.573293
trial_3,580,0.018387,0.605120
trial_3,581,0.306416,0.847468
trial_3,582,0.034486,0.556343
trial_3,583,0.052504,1.029986
trial_3,584,0.112379,0.387138
trial_3,585,0.033114,0.827076
trial_3,586,0.098854,0.469562
trial_3,587,0.218304,0.719882
trial_3,588,0.044171,0.418293
trial_3,589,3.253814,21.702770
trial_3,590,0.418191,1.285362
trial_3,591,0.299737,0.928941
trial_3,592,0.038202,0.830831
trial_3,593,0.315722,0.766361
trial_3,594,0.177359,0.531999
trial_3,595,0.272821,1.460196
trial_3,596,0.098308,0.617377
trial_3,597,0.070378,1.400489
trial_3,598,0.097151,0.653711
trial_3,599,0.159568,1.234440
trial_3,600,0.055977,0.605939
trial_3,601,0.146213,2.643452
trial_3,602,0.111786,0.877933
trial_3,603,0.292579,1.039798
trial_3,604,0.130189,0.742806
trial_3,605,0.042633,0.569021
trial_3,606,0.061534,0.779891
trial_3,607,0.088097,0.606728
trial_3,608,0.002278,0.543107
trial_3,609,0.041504,1.050921
trial_3,610,0.398380,0.839104
trial_3,611,0.094130,0.485423
trial_3,612,0.077579,0.344459
trial_3,613,0.130357,0.656254
trial_3,614,0.068679,1.281061
trial_3,615,0.022450,0.386219
trial_3,616,0.135425,0.585483
trial_3,617,0.095127,1.016902
trial_3,618,0.023222,0.289445
trial_3,619,1.467602,6.734402
trial_3,620,0.283206,0.833193
trial_3,621,0.001922,0.599224
trial_3,622,0.642202,2.521137
trial_3,623,0.057840,0.539846
trial_3,624,0.219526,1.400184
trial_3,625,0.294799,0.908394
trial_3,626,0.214396,0.794069
trial_3,627,0.177363,1.445631
trial_3,628,0.179091,0.998681
trial_3,629,0.105453,0.526981
trial_3,630,0.137240,0.653853
trial_3,631,0.392784,1.253384
trial_3,632,0.083957,0.762927
trial_3,633,0.195715,0.507466
trial_3,634,0.056737,2.011852
trial_3,635,0.297771,1.197623
trial_3,636,0.146954,0.729820
trial_3,637,0.337819,0.961134
trial_3,638,0.136667,0.640692
trial_3,639,0.023586,0.882714
trial_3,640,0.076954,0.402886
trial_3,641,0.406397,0.918454
trial_3,642,0.033665,0.681876
trial_3,643,0.187549,2.043456
trial_3,644,0.302123,1.168889
trial_3,645,0.268330,0.983143
trial_3,646,0.027653,1.222821
trial_3,647,0.180204,2.588943
trial_3,648,0.272699,4.466533
trial_3,649,0.150902,0.810445
trial_3,650,0.319347,1.697042
trial_3,651,0.236487,1.170560
trial_3,652,0.640635,3.231853
trial_3,653,0.112880,0.751261
trial_3,654,0.062964,0.803270
trial_3,655,0.086618,0.514475
trial_3,656,0.129194,1.474627
trial_3,657,0.076424,1.739697
trial_3,658,0.253505,1.139181
trial_3,659,0.030170,0.833967
trial_3,660,0.071194,0.604202
trial_3,661,0.059230,0.628129
trial_3,662,0.454425,1.295309
trial_3,663,0.086129,1.196925
trial_3,664,0.109967,0.526825
trial_3,665,0.253059,1.517888
trial_3,666,0.835803,3.453446
trial_3,667,0.069779,0.728930
trial_3,668,0.160391,0.440652
trial_3,669,0.060873,0.502643
trial_3,670,0.158404,0.412716
trial_3,671,0.113146,0.803153
trial_3,672,0.509183,0.680126
trial_3,673,0.780207,6.062215
trial_3,674,0.109981,0.882347
trial_3,675,0.317460,1.123505
trial_3,676,0.231884,2.191160
trial_3,677,0.025943,0.898060
trial_3,678,0.324757,0.996267
trial_3,679,0.102518,2.673257
trial_3,680,0.083379,0.591319
trial_3,681,0.168018,0.518274
trial_3,682,0.192225,1.218671
trial_3,683,0.206325,0.739815
trial_3,684,0.111504,3.409236
trial_3,685,0.087145,2.548209
trial_3,686,0.193969,0.678140
trial_3,687,0.299427,1.008232
trial_3,688,0.233378,0.590124
trial_3,689,0.079136,1.094861
trial_3,690,0.320939,1.246998
trial_3,691,0.148939,0.603281
trial_3,692,0.266858,0.657567
trial_3,693,0.065902,0.733086
trial_3,694,0.076005,1.285193
trial_3,695,0.074916,0.737078
trial_3,696,0.030005,1.244777
trial_3,697,0.041711,1.671285
trial_3,698,0.181759,0.566731
trial_3,699,0.096451,0.569258
trial_3,700,0.377579,0.706331
trial_3,701,0.099717,0.905412
trial_3,702,0.028810,0.693056
trial_3,703,0.064643,1.940589
trial_3,704,0.103505,0.830756
trial_3,705,0.078100,0.622441
trial_3,706,0.121101,1.153948
trial_3,707,0.191050,0.847035
trial_3,708,0.061716,0.613474
trial_3,709,0.212680,2.262608
trial_3,710,0.135062,1.230587
trial_3,711,0.033964,0.788387
trial_3,712,0.168854,0.655599
trial_3,713,0.609008,1.907785
trial_3,714,0.085148,0.617352
trial_3,715,0.076651,0.617581
trial_3,716,0.093347,1.591136
trial_3,717,0.063257,0.697219
trial_3,718,0.301541,1.072689
trial_3,719,0.041964,0.622847
trial_3,720,0.011397,2.158558
trial_3,721,0.117132,0.617635
trial_3,722,0.144553,0.618974
trial_3,723,0.003268,0.441952
trial_3,724,0.099334,4.220988
trial_3,725,0.228693,1.462712
trial_3,726,0.069722,1.572296
trial_3,727,0.106335,1.143429
trial_3,728,0.101920,0.783809
trial_3,729,0.007525,1.405912
trial_3,730,0.234151,0.676210
trial_3,731,0.052637,0.836138
trial_3,732,0.030269,0.950779
trial_3,733,0.174670,0.637762
trial_3,734,0.005439,0.469029
trial_3,735,0.241666,1.143540
trial_3,736,0.255580,0.931045
trial_3,737,0.118644,0.900679
trial_3,738,0.384839,1.518750
trial_3,739,0.056362,0.641118
trial_3,740,0.040415,0.630890
trial_3,741,0.062210,0.688745
trial_3,742,0.257762,0.667804
trial_3,743,0.423271,3.843100
trial_3,744,0.064734,0.673507
trial_3,745,0.092957,0.351161
trial_3,746,0.065830,0.496039
trial_3,747,0.249944,0.471493
trial_3,748,0.267173,1.102338
trial_3,749,0.203835,1.125435
trial_3,750,0.107435,0.477150
trial_3,751,0.260336,1.088881
trial_3,752,0.181823,0.554489
trial_3,753,0.305411,1.332303
trial_3,754,0.264216,0.645699
trial_3,755,0.047509,0.843508
trial_3,756,0.042073,0.510881
trial_3,757,0.025287,1.024298
trial_3,758,0.103615,0.973388
trial_3,759,0.090796,1.327223
trial_3,760,0.227400,1.154454
trial_3,761,0.009696,1.429190
trial_3,762,0.414071,1.216185
trial_3,763,0.142155,0.599985
trial_3,764,0.207521,1.503256
trial_3,765,0.257367,0.900712
trial_3,766,0.078244,1.434199
trial_3,767,0.243087,0.902926
trial_3,768,0.078534,1.435875
trial_3,769,0.179101,0.858789
trial_3,770,0.185314,4.407516
trial_3,771,0.061275,0.586293
trial_3,772,3.061777,16.916848
trial_3,773,0.322639,2.173208
trial_3,774,0.247074,2.359504
trial_3,775,0.036727,1.361873
trial_3,776,0.028887,1.954508
trial_3,777,0.155422,1.016785
trial_3,778,0.277105,0.716017
trial_3,779,0.099667,0.894051
trial_3,780,0.282957,0.879937
trial_3,781,0.119212,1.044130
trial_3,782,0.059051,0.992017
trial_3,783,0.071782,1.025508
trial_3,784,0.219543,0.688033
trial_3,785,0.159517,0.688882
trial_3,786,0.045599,1.161596
trial_3,787,0.190339,1.093333
trial_3,788,0.535522,2.992063
trial_3,789,0.128509,0.923788
trial_3,790,0.252271,0.810467
trial_3,791,0.336494,1.076936
trial_3,792,0.071251,0.507537
trial_3,793,0.177148,0.835915
trial_3,794,0.095705,1.024798
trial_3,795,0.158336,1.766817
trial_3,796,0.013111,0.698377
trial_3,797,0.079246,0.699859
trial_3,798,0.070152,0.674176
trial_3,799,0.121570,0.518087
trial_3,800,0.102572,0.748616
trial_3,801,0.026104,0.785616
trial_3,802,0.174707,0.816526
trial_3,803,0.048433,0.485881
trial_3,804,0.019487,0.703332
trial_3,805,0.162789,1.135893
trial_3,806,0.131933,2.785446
trial_3,807,0.054660,0.581818
trial_3,808,0.160037,0.599238
trial_3,809,0.046429,0.648775
trial_3,810,0.176985,0.658689
trial_3,811,0.192804,0.528904
trial_3,812,0.099421,1.648269
trial_3,813,0.050207,2.545974
trial_3,814,0.060037,3.273956
trial_3,815,0.192039,0.840416
trial_3,816,0.323003,1.031795
trial_3,817,0.066740,0.688494
trial_3,818,0.012618,2.541983
trial_3,819,0.591991,2.025213
trial_3,820,0.444589,4.897315
trial_3,821,0.042322,0.633920
trial_3,822,0.227167,1.350641
trial_3,823,0.270937,0.831096
trial_3,824,0.022902,0.590291
trial_3,825,0.439164,1.442994
trial_3,826,0.608312,3.798020
trial_3,827,0.302083,1.270966
trial_3,828,0.038675,0.776902
trial_3,829,0.493855,1.564597
trial_3,830,0.055860,0.611232
trial_3,831,0.409619,3.054410
trial_3,832,0.218577,0.905353
trial_3,833,0.031731,1.330907
trial_3,834,0.018618,1.117063
trial_3,835,0.361398,0.852334
trial_3,836,0.076584,0.670150
trial_3,837,0.061753,1.818246
trial_3,838,0.191630,0.743097
trial_3,839,0.025003,0.882895
trial_3,840,0.120023,1.184259
trial_3,841,0.513974,2.247955
trial_3,842,0.039642,0.466638
trial_3,843,0.313125,1.132337
trial_3,844,0.000439,0.430375
trial_3,845,0.083029,0.702776
trial_3,846,0.113329,0.474920
trial_3,847,0.009953,0.558365
trial_3,848,0.045491,1.578545
trial_3,849,0.134343,0.382123
trial_3,850,0.095688,1.180461
trial_3,851,0.072840,0.615562
trial_3,852,0.835966,2.540473
trial_3,853,0.292947,0.513294
trial_3,854,0.144541,0.452459
trial_3,855,0.038443,0.956373
trial_3,856,0.067821,1.947333
trial_3,857,0.430108,1.310537
trial_3,858,0.042835,0.512929
trial_3,859,0.057196,0.667176
trial_3,860,0.212544,0.693368
trial_3,861,0.177642,0.501857
trial_3,862,0.102562,0.590070
trial_3,863,0.087098,0.764704
trial_3,864,0.097424,0.643447
trial_3,865,0.153504,0.606721
trial_3,866,0.261557,1.783858
trial_3,867,0.061840,0.655123
trial_3,868,0.163608,1.231371
trial_3,869,0.015680,2.261835
trial_3,870,0.000634,0.881993
trial_3,871,0.211348,1.209712
trial_3,872,0.072497,1.533717
trial_3,873,0.163433,0.551249
trial_3,874,0.026289,0.498804
trial_3,875,0.308486,0.802597
trial_3,876,0.165449,1.000514
trial_3,877,0.186947,0.563854
trial_3,878,0.281545,0.766567
trial_3,879,0.039803,0.390223
trial_3,880,0.147297,1.616450
trial_3,881,0.013974,0.646786
trial_3,882,0.331758,0.607525
trial_3,883,0.036345,0.482732
trial_3,884,0.073308,1.676515
trial_3,885,0.011746,0.540829
trial_3,886,0.006103,0.477908
trial_3,887,0.435802,5.003870
trial_3,888,0.116965,1.291285
trial_3,889,0.102723,1.832363
trial_3,890,0.141836,1.128702
trial_3,891,0.064988,0.944227
trial_3,892,0.203874,0.829329
trial_3,893,0.000906,0.931386
trial_3,894,0.040300,1.233329
trial_3,895,0.088410,0.863798
trial_3,896,0.094999,1.040640
trial_3,897,0.018001,0.622027
trial_3,898,0.322759,0.802138
trial_3,899,0.150703,0.694227
trial_3,900,0.028894,0.622289
trial_3,901,0.064550,0.413296
trial_3,902,0.189208,1.289379
trial_3,903,0.018893,0.294716
trial_3,904,0.131193,0.457334
trial_3,905,0.493879,0.967480
trial_3,906,0.118732,0.503872
trial_3,907,0.043214,0.692919
trial_3,908,0.027037,0.363881
trial_3,909,0.216448,2.000814
trial_3,910,0.003211,0.352343
trial_3,911,0.054303,0.516695
trial_3,912,0.077251,0.727853
trial_3,913,0.076813,1.149678
trial_3,914,0.210442,0.596093
trial_3,915,0.117367,0.594163
trial_3,916,0.244015,0.766792
trial_3,917,0.047673,0.656762
trial_3,918,0.058322,0.671797
trial_3,919,0.196410,1.740896
trial_3,920,0.329938,0.844823
trial_3,921,0.117017,0.501818
trial_3,922,0.029088,0.646519
trial_3,923,0.225676,0.744919
trial_3,924,0.080475,2.282715
trial_3,925,0.234293,2.659121
trial_3,926,0.221374,0.671694
trial_3,927,0.112311,0.612653
trial_3,928,0.220276,1.112842
trial_3,929,0.228988,0.638168
trial_3,930,0.155012,0.679017
trial_3,931,0.216561,2.507129
trial_3,932,0.012413,0.765450
trial_3,933,0.211107,1.535534
trial_3,934,0.120578,1.162271
trial_3,935,0.152774,0.517161
trial_3,936,0.226423,1.586694
trial_3,937,0.008373,0.665629
trial_3,938,0.012086,0.552078
trial_3,939,0.318755,0.917070
trial_3,940,0.365875,0.739041
trial_3,941,0.090925,0.764088
trial_3,942,0.065783,0.440335
trial_3,943,0.073118,0.775286
trial_3,944,0.338881,0.493065
trial_3,945,0.059862,0.569139
trial_3,946,0.024515,0.445936
trial_3,947,0.093202,0.608269
trial_3,948,0.317184,1.277198
trial_3,949,0.198978,2.199033
trial_3,950,0.050682,0.540977
trial_3,951,0.082688,0.474659
trial_3,952,0.059427,0.686806
trial_3,953,0.102899,0.598721
trial_3,954,0.079724,0.476934
trial_3,955,0.009808,0.750540
trial_3,956,0.010208,0.747476
trial_3,957,0.195165,1.556599
trial_3,958,0.059060,0.818086
trial_3,959,0.033952,1.129559
trial_3,960,0.063679,1.294915
trial_3,961,0.167733,0.910851
trial_3,962,0.106167,8.101115
trial_3,963,0.447261,1.561957
trial_3,964,0.028497,0.818231
trial_3,965,0.097931,1.156804
trial_3,966,0.252749,2.154632
trial_3,967,0.188768,2.085357
trial_3,968,0.228083,0.893622
trial_3,969,0.375617,0.768649
trial_3,970,0.094847,0.852529
trial_3,971,0.034739,0.555975
trial_3,972,0.342473,1.891147
trial_3,973,0.100894,0.503242
trial_3,974,0.264056,1.365136
trial_3,975,0.006153,1.003726
trial_3,976,0.034816,0.688315
trial_3,977,0.386373,0.928839
trial_3,978,0.099140,0.761393
trial_3,979,0.070148,0.534586
trial_3,980,0.085503,0.516364
trial_3,981,0.211525,0.768528
trial_3,982,0.246326,1.026243
trial_3,983,0.367221,0.561240
trial_3,984,0.167916,0.683054
trial_3,985,0.156636,1.001094
trial_3,986,0.137235,0.964740
trial_3,987,0.073230,0.463220
trial_3,988,0.566257,3.218253
trial_3,989,0.171874,0.619955
trial_3,990,0.171839,0.944304
trial_3,991,0.088871,0.558450
trial_3,992,0.068315,0.832309
trial_3,993,0.032848,0.653153
trial_3,994,0.081453,0.634784
trial_3,995,0.046668,0.743862
trial_3,996,0.165249,0.458861
trial_3,997,0.415010,4.421889
trial_3,998,0.105732,0.803721
trial_3,999,0.194701,0.577019
trial_3,1000,0.210713,0.718178
trial_4,1,0.132398,0.498106
trial_4,2,0.050623,0.414171
trial_4,3,0.052017,0.541960
trial_4,4,0.150028,0.568049
trial_4,5,0.067739,0.721839
trial_4,6,0.027816,0.352649
trial_4,7,0.029569,0.439242
trial_4,8,0.089198,0.539798
trial_4,9,0.923258,2.726707
trial_4,10,0.307030,1.038749
trial_4,11,0.084753,0.835364
trial_4,12,0.086613,0.711922
trial_4,13,0.126880,4.197491
trial_4,14,0.034670,0.826696
trial_4,15,0.259251,0.731666
trial_4,16,0.171868,0.544096
trial_4,17,0.234723,0.886984
trial_4,18,0.254536,0.823609
trial_4,19,0.137407,0.721334
trial_4,20,0.060625,0.638699
trial_4,21,0.117950,1.316022
trial_4,22,0.001994,0.674203
trial_4,23,0.022181,0.874532
trial_4,24,0.008718,0.816102
trial_4,25,0.023352,0.681521
trial_4,26,0.075668,1.337938
trial_4,27,0.189066,0.606422
trial_4,28,0.607962,3.797335
trial_4,29,0.073590,1.014085
trial_4,30,0.064645,0.869389
trial_4,31,0.070838,0.991441
trial_4,32,0.140254,1.082715
trial_4,33,0.124748,1.604885
trial_4,34,0.627654,7.895369
trial_4,35,0.385238,1.020965
trial_4,36,0.218109,1.305947
trial_4,37,0.049008,2.415097
trial_4,38,0.039836,0.839218
trial_4,39,0.126605,1.301504
trial_4,40,0.170183,0.892851
trial_4,41,0.027920,0.489615
trial_4,42,0.029598,0.548597
trial_4,43,0.258441,0.667198
trial_4,44,0.110845,0.821467
trial_4,45,0.195245,1.057053
trial_4,46,0.165489,0.809572
trial_4,47,0.036384,0.887998
trial_4,48,0.050878,0.494214
trial_4,49,0.342284,1.034895
trial_4,50,0.079355,0.689549
trial_4,51,0.023761,0.757627
trial_4,52,0.152656,0.751489
trial_4,53,0.113548,1.705502
trial_4,54,0.063988,1.220519
trial_4,55,0.238543,0.525555
trial_4,56,0.052000,0.428854
trial_4,57,0.231153,0.515672
trial_4,58,0.151021,0.903757
trial_4,59,0.056962,0.398876
trial_4,60,0.017128,2.559127
trial_4,61,0.036582,0.373955
trial_4,62,0.071988,0.577327
trial_4,63,0.055215,0.730286
trial_4,64,0.095789,0.572341
trial_4,65,0.134613,0.919574
trial_4,66,0.038770,0.429921
trial_4,67,0.189852,0.476822
trial_4,68,0.379722,3.576176
trial_4,69,0.159485,0.440750
trial_4,70,0.171050,0.414816
trial_4,71,0.201133,1.193380
trial_4,72,0.216222,0.389064
trial_4,73,0.034998,0.345721
trial_4,74,0.221872,0.436642
trial_4,75,0.036673,0.317953
trial_4,76,0.033081,1.043921
trial_4,77,0.027795,0.402364
trial_4,78,0.148341,0.361764
trial_4,79,0.038036,0.372869
trial_4,80,0.100523,0.331137
trial_4,81,0.241458,2.176730
trial_4,82,0.157009,1.544689
trial_4,83,0.029621,0.661086
trial_4,84,0.312159,3.337530
trial_4,85,0.036327,1.807459
trial_4,86,0.002839,2.893934
trial_4,87,0.164814,0.931571
trial_4,88,0.162624,0.988080
trial_4,89,0.094893,1.105194
trial_4,90,0.072233,0.758490
trial_4,91,0.137110,1.022682
trial_4,92,0.032237,1.461869
trial_4,93,0.210572,3.574031
trial_4,94,0.014000,0.913978
trial_4,95,0.310645,0.645598
trial_4,96,0.165512,0.686598
trial_4,97,0.490570,0.923467
trial_4,98,0.120258,2.237857
trial_4,99,0.313144,1.015164
trial_4,100,0.208710,0.653291
trial_4,101,0.110047,0.682316
trial_4,102,0.342804,0.897700
trial_4,103,0.184457,0.526695
trial_4,104,0.045832,0.742753
trial_4,105,0.289795,1.096654
trial_4,106,0.290121,0.780046
trial_4,107,0.098556,0.577818
trial_4,108,0.639040,4.397151
trial_4,109,0.270857,1.114105
trial_4,110,0.169161,1.433087
trial_4,111,0.098737,0.753402
trial_4,112,0.049734,0.777886
trial_4,113,0.010433,1.102816
trial_4,114,0.079142,0.755961
trial_4,115,0.325974,1.235921
trial_4,116,0.230145,0.766684
trial_4,117,0.015000,1.115978
trial_4,118,0.023005,0.477644
trial_4,119,0.094177,1.113251
trial_4,120,0.192952,1.601886
trial_4,121,0.040893,0.833003
trial_4,122,0.061162,0.526753
trial_4,123,0.025426,0.742595
trial_4,124,0.338023,1.298305
trial_4,125,0.119419,0.788909
trial_4,126,0.410691,1.869093
trial_4,127,0.571733,1.130649
trial_4,128,0.157981,0.464337
trial_4,129,0.021456,1.118736
trial_4,130,0.323097,3.332059
trial_4,131,0.142278,0.610438
trial_4,132,0.305739,1.515006
trial_4,133,0.045908,2.584176
trial_4,134,0.018192,0.866589
trial_4,135,0.037425,0.690414
trial_4,136,0.055735,0.636111
trial_4,137,0.219988,1.649150
trial_4,138,0.136631,0.473005
trial_4,139,0.117881,0.465313
trial_4,140,0.344646,0.574291
trial_4,141,0.067459,0.857278
trial_4,142,0.170704,0.921755
trial_4,143,0.056036,1.951644
trial_4,144,0.093651,0.928411
trial_4,145,0.145165,0.905186
trial_4,146,0.080813,1.413315
trial_4,147,0.028306,2.597537
trial_4,148,0.105462,1.089598
trial_4,149,0.381456,3.827374
trial_4,150,0.018031,0.448943
trial_4,151,0.337510,0.930338
trial_4,152,0.129852,1.096934
trial_4,153,0.291953,1.075107
trial_4,154,0.067409,0.527365
trial_4,155,0.132057,0.939965
trial_4,156,0.152707,0.673549
trial_4,157,0.200153,1.491192
trial_4,158,0.011310,1.447947
trial_4,159,0.122455,0.430193
trial_4,160,0.238288,1.092296
trial_4,161,0.075048,0.446013
trial_4,162,0.031640,0.462616
trial_4,163,0.394123,1.109606
trial_4,164,0.230348,0.476059
trial_4,165,0.170557,0.870950
trial_4,166,0.157512,1.360329
trial_4,167,0.132534,0.453689
trial_4,168,0.114281,0.592056
trial_4,169,0.130491,0.512807
trial_4,170,0.031864,0.854198
trial_4,171,0.071957,0.742691
trial_4,172,0.148108,0.739178
trial_4,173,0.084601,0.552691
trial_4,174,0.030353,0.702908
trial_4,175,0.074125,0.527912
trial_4,176,0.059004,0.594650
trial_4,177,0.296183,1.686473
trial_4,178,0.049698,0.509359
trial_4,179,0.089183,0.763705
trial_4,180,0.181565,1.854644
trial_4,181,0.254165,1.726588
trial_4,182,0.247348,0.495398
trial_4,183,0.066513,0.522248
trial_4,184,0.044663,0.936753
trial_4,185,0.133664,0.588084
trial_4,186,0.271209,0.616023
trial_4,187,0.209582,1.224367
trial_4,188,0.031959,0.533464
trial_4,189,0.006483,0.828707
trial_4,190,0.112971,0.666925
trial_4,191,0.006434,0.256502
trial_4,192,0.029382,0.439205
trial_4,193,0.181022,0.547556
trial_4,194,0.085468,0.438558
trial_4,195,0.181086,0.609970
trial_4,196,0.026714,0.714114
trial_4,197,0.405731,0.587623
trial_4,198,0.012004,0.593922
trial_4,199,0.043508,1.127843
trial_4,200,0.252426,0.737763
trial_4,201,0.014454,0.687090
trial_4,202,0.107725,0.462141
trial_4,203,0.157101,0.580825
trial_4,204,0.346358,0.808223
trial_4,205,0.363107,0.812415
trial_4,206,0.027377,0.405875
trial_4,207,0.044657,0.425437
trial_4,208,0.214379,0.742923
trial_4,209,0.105391,2.921064
trial_4,210,0.002623,2.866056
trial_4,211,0.013615,1.704366
trial_4,212,0.171315,0.819559
trial_4,213,0.178585,0.782582
trial_4,214,0.006808,0.518543
trial_4,215,0.182862,0.862117
trial_4,216,0.152449,0.761433
trial_4,217,0.048991,0.935972
trial_4,218,0.046129,1.756567
trial_4,219,0.553364,12.295796
trial_4,220,0.427763,2.114669
trial_4,221,0.044175,0.887074
trial_4,222,0.118201,0.760757
trial_4,223,0.412841,0.819998
trial_4,224,0.145630,0.598888
trial_4,225,0.200999,2.138589
trial_4,226,0.193343,1.563680
trial_4,227,0.050260,0.679942
trial_4,228,0.109655,0.831786
trial_4,229,0.134081,1.221821
trial_4,230,0.118946,1.356463
trial_4,231,0.081233,1.782624
trial_4,232,0.119735,0.832222
trial_4,233,0.207698,1.490534
trial_4,234,0.178353,0.786751
trial_4,235,0.181480,1.776642
trial_4,236,0.154096,0.709111
trial_4,237,0.156713,1.344429
trial_4,238,0.188663,0.849042
trial_4,239,0.153411,0.749890
trial_4,240,0.071574,1.321769
trial_4,241,0.161761,0.764652
trial_4,242,0.071158,0.513882
trial_4,243,0.048418,1.024073
trial_4,244,0.132803,1.047873
trial_4,245,0.060286,2.933955
trial_4,246,0.002048,0.914762
trial_4,247,0.153378,0.484106
trial_4,248,0.032914,0.785755
trial_4,249,0.086402,1.003597
trial_4,250,0.195482,0.963603
trial_4,251,0.165195,0.833367
trial_4,252,0.130698,0.642508
trial_4,253,0.080689,0.665338
trial_4,254,0.149886,2.103325
trial_4,255,1.318047,5.138672
trial_4,256,0.205983,1.903166
trial_4,257,0.475579,1.555049
trial_4,258,0.053538,0.686268
trial_4,259,0.078335,0.611515
trial_4,260,0.088845,0.451535
trial_4,261,0.226221,1.609285
trial_4,262,0.405962,1.417147
trial_4,263,0.084698,0.798528
trial_4,264,0.129226,1.120223
trial_4,265,0.165515,1.658999
trial_4,266,0.016157,0.941772
trial_4,267,0.144489,1.482607
trial_4,268,0.082614,0.575603
trial_4,269,0.254435,1.312035
trial_4,270,0.066339,0.665307
trial_4,271,0.114388,0.986885
trial_4,272,0.186604,0.711728
trial_4,273,0.046497,1.051144
trial_4,274,0.051181,0.707386
trial_4,275,0.070089,0.818582
trial_4,276,0.784359,2.916291
trial_4,277,0.090430,1.326030
trial_4,278,0.070755,0.429580
trial_4,279,0.218540,0.616980
trial_4,280,0.042911,1.421944
trial_4,281,0.204759,1.570864
trial_4,282,0.293630,1.988553
trial_4,283,0.065566,1.067394
trial_4,284,0.040107,0.832544
trial_4,285,0.210089,0.494048
trial_4,286,0.093888,1.065694
trial_4,287,0.188304,0.776896
trial_4,288,0.187029,1.315742
trial_4,289,0.249831,0.733128
trial_4,290,0.005990,0.776107
trial_4,291,0.172367,0.732196
trial_4,292,0.124237,1.335944
trial_4,293,0.150840,1.104057
trial_4,294,0.301122,0.506353
trial_4,295,0.167686,0.563809
trial_4,296,0.115011,2.005375
trial_4,297,0.082071,0.551770
trial_4,298,0.126863,0.511578
trial_4,299,0.344672,0.459979
trial_4,300,0.173692,0.560923
trial_4,301,0.237890,0.601692
trial_4,302,0.150621,1.465707
trial_4,303,0.120532,1.080492
trial_4,304,0.053168,0.343588
trial_4,305,0.327404,0.816073
trial_4,306,0.022901,0.624449
trial_4,307,0.117105,0.732770
trial_4,308,0.050148,1.819387
trial_4,309,0.376677,0.766896
trial_4,310,0.080583,1.528339
trial_4,311,0.042637,1.439124
trial_4,312,0.127344,1.753476
trial_4,313,0.397993,0.851381
trial_4,314,0.142489,0.981117
trial_4,315,0.055015,0.897605
trial_4,316,0.160386,1.131005
trial_4,317,0.293052,0.609534
trial_4,318,0.449717,0.807347
trial_4,319,0.106346,1.253800
trial_4,320,0.077024,2.388484
trial_4,321,0.048665,1.971726
trial_4,322,0.165955,0.864788
trial_4,323,0.326604,1.571542
trial_4,324,0.066251,0.830232
trial_4,325,0.134807,0.809867
trial_4,326,0.020392,0.986366
trial_4,327,0.155337,0.999523
trial_4,328,0.546613,1.031711
trial_4,329,0.351069,4.219774
trial_4,330,0.226389,1.360753
trial_4,331,0.233011,0.871351
trial_4,332,0.305913,0.987732
trial_4,333,0.047493,1.088690
trial_4,334,0.293705,0.689635
trial_4,335,0.010705,1.324204
trial_4,336,0.108277,0.848190
trial_4,337,0.165373,1.299695
trial_4,338,0.262852,2.598192
trial_4,339,0.070246,0.724195
trial_4,340,0.019661,0.391340
trial_4,341,0.039237,5.242114
trial_4,342,0.050080,0.811318
trial_4,343,0.025000,1.434871
trial_4,344,0.207675,1.774204
trial_4,345,2.378900,10.372000
trial_4,346,0.550045,3.147209
trial_4,347,0.082294,2.222374
trial_4,348,0.122519,2.451718
trial_4,349,0.209937,0.879513
trial_4,350,0.032505,1.707396
trial_4,351,0.257813,2.916739
trial_4,352,0.058596,1.119275
trial_4,353,0.135946,1.037212
trial_4,354,0.611078,1.999886
trial_4,355,0.184285,0.758171
trial_4,356,0.295791,0.592966
trial_4,357,0.337318,1.762421
trial_4,358,0.028652,0.756997
trial_4,359,0.096702,0.626154
trial_4,360,0.244203,0.992893
trial_4,361,0.025747,1.603192
trial_4,362,0.015749,2.524485
trial_4,363,0.380969,0.972914
trial_4,364,0.072785,0.457633
trial_4,365,0.076675,0.673550
trial_4,366,0.108564,1.314835
trial_4,367,0.178852,0.838933
trial_4,368,0.207641,0.814569
trial_4,369,0.082923,0.665609
trial_4,370,0.211727,1.446135
trial_4,371,0.086444,0.736743
trial_4,372,0.131797,0.857495
trial_4,373,0.254294,1.134030
trial_4,374,0.173016,1.913123
trial_4,375,0.078671,0.700584
trial_4,376,0.055422,0.759100
trial_4,377,0.138703,0.876341
trial_4,378,0.110840,0.472624
trial_4,379,0.030193,0.424650
trial_4,380,0.197116,1.097560
trial_4,381,0.334722,0.707844
trial_4,382,0.076689,0.693734
trial_4,383,0.184229,1.295547
trial_4,384,0.099013,0.577565
trial_4,385,0.064426,0.906983
trial_4,386,0.297370,2.402827
trial_4,387,0.081034,2.790937
trial_4,388,0.207218,0.833161
trial_4,389,0.008148,0.673387
trial_4,390,0.002118,0.784197
trial_4,391,0.278197,1.075660
trial_4,392,0.195744,1.106524
trial_4,393,0.270724,0.910813
trial_4,394,0.080097,0.834853
trial_4,395,0.157163,0.634480
trial_4,396,0.057231,0.482028
trial_4,397,0.337505,0.623828
trial_4,398,0.128114,0.735090
trial_4,399,0.172685,0.903684
trial_4,400,0.234473,1.087568
trial_4,401,0.231157,0.900954
trial_4,402,0.157375,1.558629
trial_4,403,0.170038,0.854538
trial_4,404,0.126378,0.587446
trial_4,405,0.030545,0.505400
trial_4,406,0.084960,0.592255
trial_4,407,0.054697,0.404687
trial_4,408,0.082229,0.589548
trial_4,409,0.048283,0.871468
trial_4,410,0.151437,0.806162
trial_4,411,0.074986,1.306456
trial_4,412,0.041002,0.355772
trial_4,413,0.025492,1.322482
trial_4,414,0.103179,0.597298
trial_4,415,0.080499,0.890362
trial_4,416,0.036551,4.421303
trial_4,417,0.008688,0.913400
trial_4,418,0.449686,0.779388
trial_4,419,0.229035,2.388286
trial_4,420,0.107835,0.954083
trial_4,421,0.049621,0.502687
trial_4,422,0.003176,1.201838
trial_4,423,0.060929,0.721734
trial_4,424,0.097713,0.670923
trial_4,425,0.007649,0.525875
trial_4,426,0.104817,0.587315
trial_4,427,0.039362,0.969963
trial_4,428,0.031578,1.392752
trial_4,429,0.060840,0.781813
trial_4,430,0.227394,0.622961
trial_4,431,0.363708,1.221521
trial_4,432,0.052755,1.233835
trial_4,433,0.023317,0.686260
trial_4,434,0.187671,1.561645
trial_4,435,0.414199,4.318400
trial_4,436,0.335090,0.634296
trial_4,437,0.187016,0.919821
trial_4,438,0.244073,1.222537
trial_4,439,0.000344,1.950127
trial_4,440,0.480916,1.705771
trial_4,441,0.673261,1.595609
trial_4,442,0.095615,0.447640
trial_4,443,0.147068,0.572470
trial_4,444,0.381203,0.773783
trial_4,445,0.135602,1.015417
trial_4,446,0.060464,1.850516
trial_4,447,0.087624,1.513539
trial_4,448,0.087717,0.464684
trial_4,449,0.594451,2.733802
trial_4,450,0.057931,0.810485
trial_4,451,0.117067,1.234689
trial_4,452,0.174530,0.565603
trial_4,453,0.369451,1.506368
trial_4,454,0.085337,0.392152
trial_4,455,0.132706,0.863240
trial_4,456,0.245211,1.554751
trial_4,457,0.215957,0.466268
trial_4,458,0.199982,0.975232
trial_4,459,0.009514,0.582739
trial_4,460,0.007456,0.567717
trial_4,461,0.119219,0.475084
trial_4,462,0.103062,1.369786
trial_4,463,0.326415,0.826289
trial_4,464,0.018002,0.481930
trial_4,465,0.257278,0.923899
trial_4,466,0.092647,0.535502
trial_4,467,0.256507,1.148907
trial_4,468,0.196110,0.515774
trial_4,469,0.746813,3.519064
trial_4,470,0.392205,0.789860
trial_4,471,0.170109,0.591940
trial_4,472,0.054516,1.088381
trial_4,473,0.071670,0.733243
trial_4,474,0.256991,3.131566
trial_4,475,0.377602,3.426552
trial_4,476,0.308979,3.365135
trial_4,477,0.106494,0.745530
trial_4,478,0.008281,0.640039
trial_4,479,0.130620,0.533636
trial_4,480,0.369902,0.846687
trial_4,481,0.140507,2.986443
trial_4,482,0.097639,1.115041
trial_4,483,0.227743,1.920128
trial_4,484,0.104066,1.252048
trial_4,485,0.006318,0.607114
trial_4,486,0.177950,0.704453
trial_4,487,0.062905,0.754615
trial_4,488,0.075847,0.585837
trial_4,489,0.224900,0.535580
trial_4,490,0.014696,1.036000
trial_4,491,0.042323,0.534859
trial_4,492,0.135682,0.784782
trial_4,493,0.123831,1.048724
trial_4,494,0.073096,0.640940
trial_4,495,0.013456,0.770207
trial_4,496,0.061660,0.557905
trial_4,497,0.011705,0.749427
trial_4,498,0.013101,0.495073
trial_4,499,0.377542,1.131926
trial_4,500,0.058963,1.660265
trial_4,501,0.025468,0.371028
trial_4,502,0.120928,0.645254
trial_4,503,0.079480,0.474995
trial_4,504,0.184473,0.635801
trial_4,505,0.155428,0.881406
trial_4,506,0.044889,0.466960
trial_4,507,0.109967,1.203850
trial_4,508,0.166623,0.566461
trial_4,509,0.056306,1.172747
trial_4,510,0.041877,0.783894
trial_4,511,0.245240,0.569547
trial_4,512,0.624504,4.156200
trial_4,513,0.064967,1.108372
trial_4,514,0.073817,1.140357
trial_4,515,0.042177,9.078754
trial_4,516,0.226280,1.057844
trial_4,517,0.742861,4.627256
trial_4,518,0.344594,1.095085
trial_4,519,0.230835,1.233990
trial_4,520,0.246580,0.800683
trial_4,521,0.150236,0.656059
trial_4,522,0.121006,0.620366
trial_4,523,0.464599,1.735360
trial_4,524,0.180429,0.606632
trial_4,525,0.019097,1.669009
trial_4,526,0.369780,0.721531
trial_4,527,0.047518,0.804253
trial_4,528,0.003221,0.663287
trial_4,529,0.262731,0.775842
trial_4,530,0.171757,0.448236
trial_4,531,0.003449,0.847667
trial_4,532,0.120984,0.604367
trial_4,533,0.204262,0.517963
trial_4,534,0.044652,0.487961
trial_4,535,0.276324,0.778090
trial_4,536,0.370427,1.195627
trial_4,537,0.078832,1.532677
trial_4,538,0.080618,0.699844
trial_4,539,0.077468,1.185505
trial_4,540,0.074962,0.544354
trial_4,541,0.258742,0.602052
trial_4,542,0.173594,1.931871
trial_4,543,0.095164,0.450457
trial_4,544,0.231545,0.406627
trial_4,545,0.303942,0.905225
trial_4,546,0.012645,0.664049
trial_4,547,0.101402,0.367754
trial_4,548,0.091034,0.545900
trial_4,549,0.017532,0.776676
trial_4,550,0.036037,0.715798
trial_4,551,0.125429,0.358482
trial_4,552,0.003390,0.892888
trial_4,553,0.107423,0.460193
trial_4,554,0.060994,2.063382
trial_4,555,0.422584,0.594610
trial_4,556,0.349702,0.851486
trial_4,557,0.173299,0.573789
trial_4,558,0.109846,0.330722
trial_4,559,0.387145,0.642288
trial_4,560,0.119591,0.626900
trial_4,561,0.452414,0.950433
trial_4,562,0.000219,1.374373
trial_4,563,0.300376,0.775192
trial_4,564,0.130773,0.574910
trial_4,565,0.369303,1.375430
trial_4,566,0.172886,0.772506
trial_4,567,0.371475,1.156040
trial_4,568,0.042220,0.569165
trial_4,569,0.318032,0.616828
trial_4,570,0.234219,1.027804
trial_4,571,0.202725,0.518797
trial_4,572,0.153575,0.503538
trial_4,573,0.275698,0.502846
trial_4,574,0.013607,0.462163
trial_4,575,0.159113,1.766340
trial_4,576,0.523152,2.850032
trial_4,577,0.115393,0.443661
trial_4,578,0.250709,1.961057
trial_4,579,0.294954,0.740382
trial_4,580,0.076892,0.450778
trial_4,581,0.049598,0.609475
trial_4,582,0.137449,0.488009
trial_4,583,0.165602,0.849570
trial_4,584,0.068484,0.383919
trial_4,585,0.127402,0.716483
trial_4,586,0.027778,0.425243
trial_4,587,0.093590,0.552454
trial_4,588,0.041332,0.439056
trial_4,589,3.314515,20.265737
trial_4,590,0.231254,1.241768
trial_4,591,0.354423,1.037443
trial_4,592,0.021812,0.953627
trial_4,593,0.012417,0.612574
trial_4,594,0.232893,0.595912
trial_4,595,0.390320,1.945553
trial_4,596,0.074640,0.674100
trial_4,597,0.021400,0.725568
trial_4,598,0.219600,0.529012
trial_4,599,0.113381,0.665955
trial_4,600,0.071001,0.428316
trial_4,601,0.120680,2.073436
trial_4,602,0.307851,0.846669
trial_4,603,0.033727,0.888326
trial_4,604,0.101559,0.383056
trial_4,605,0.014484,0.567535
trial_4,606,0.197118,0.861208
trial_4,607,0.074020,0.500765
trial_4,608,0.060879,0.587428
trial_4,609,0.254181,1.061274
trial_4,610,0.063548,0.685546
trial_4,611,0.112425,0.527607
trial_4,612,0.144184,0.372236
trial_4,613,0.351232,0.940357
trial_4,614,0.189898,1.537261
trial_4,615,0.085705,0.383361
trial_4,616,0.053473,0.578906
trial_4,617,0.240336,1.069452
trial_4,618,0.251364,0.337514
trial_4,619,1.437603,5.736342
trial_4,620,0.027981,0.619732
trial_4,621,0.077704,0.589364
trial_4,622,0.180549,2.174293
trial_4,623,0.196378,0.594304
trial_4,624,0.271658,1.342224
trial_4,625,0.215436,0.818600
trial_4,626,0.195609,0.707919
trial_4,627,0.084182,1.838051
trial_4,628,0.106903,1.018209
trial_4,629,0.158400,0.574452
trial_4,630,0.068095,0.962560
trial_4,631,0.065178,1.093683
trial_4,632,0.173885,1.047620
trial_4,633,0.232133,0.645823
trial_4,634,0.333057,1.982000
trial_4,635,0.278692,1.202721
trial_4,636,0.143030,0.770697
trial_4,637,0.314202,0.772277
trial_4,638,0.109650,0.571459
trial_4,639,0.072981,0.727135
trial_4,640,0.023548,0.418156
trial_4,641,0.266940,0.877946
trial_4,642,0.036272,0.456680
trial_4,643,0.228701,2.007334
trial_4,644,0.026401,1.093435
trial_4,645,0.006808,0.755516
trial_4,646,0.320997,1.177003
trial_4,647,0.168942,1.762451
trial_4,648,0.419675,4.504458
trial_4,649,0.104566,0.946295
trial_4,650,0.156109,1.451847
trial_4,651,0.203971,1.119941
trial_4,652,0.508381,3.228262
trial_4,653,0.247856,0.738635
trial_4,654,0.187924,0.756485
trial_4,655,0.029056,0.452738
trial_4,656,0.440458,1.218839
trial_4,657,0.001629,1.513118
trial_4,658,0.032666,1.080648
trial_4,659,0.075710,0.901970
trial_4,660,0.146359,0.662368
trial_4,661,0.057799,0.905234
trial_4,662,0.233942,0.944300
trial_4,663,0.029571,0.908394
trial_4,664,0.081343,0.537503
trial_4,665,0.082879,0.914542
trial_4,666,0.211461,2.113836
trial_4,667,0.070330,0.616493
trial_4,668,0.089895,0.434616
trial_4,669,0.038739,0.439395
trial_4,670,0.143155,0.454042
trial_4,671,0.401469,0.692689
trial_4,672,0.148397,0.501634
trial_4,673,1.080656,5.812795
trial_4,674,0.102476,0.732797
trial_4,675,0.155018,1.313810
trial_4,676,0.125558,3.063624
trial_4,677,0.126012,1.038831
trial_4,678,0.205213,1.267888
trial_4,679,0.462787,1.966122
trial_4,680,0.085982,0.696956
trial_4,681,0.015661,0.455744
trial_4,682,0.179663,1.487958
trial_4,683,0.261774,0.716554
trial_4,684,0.172995,3.584731
trial_4,685,0.173793,2.055821
trial_4,686,0.226615,1.550993
trial_4,687,0.020421,0.783485
trial_4,688,0.030185,0.662492
trial_4,689,0.105632,1.224218
trial_4,690,0.120425,1.304547
trial_4,691,0.215863,0.732044
trial_4,692,0.118411,0.673642
trial_4,693,0.176553,0.978976
trial_4,694,0.492030,1.323404
trial_4,695,0.010576,0.725511
trial_4,696,0.014697,1.843404
trial_4,697,0.013384,1.898515
trial_4,698,0.170176,0.471691
trial_4,699,0.098981,0.638335
trial_4,700,0.314667,0.690994
trial_4,701,0.309619,0.820319
trial_4,702,0.034523,0.699276
trial_4,703,0.105068,1.580319
trial_4,704,0.017772,0.532046
trial_4,705,0.126233,0.453231
trial_4,706,0.105334,0.884312
trial_4,707,0.029986,0.619858
trial_4,708,0.313631,0.597635
trial_4,709,0.182185,1.903840
trial_4,710,0.034225,1.056394
trial_4,711,0.149004,0.664699
trial_4,712,0.117798,0.472063
trial_4,713,0.091797,2.429511
trial_4,714,0.039761,0.565290
trial_4,715,0.199628,0.535702
trial_4,716,0.073180,1.306734
trial_4,717,0.003686,0.484345
trial_4,718,0.252641,0.937462
trial_4,719,0.166363,0.379364
trial_4,720,0.206867,2.343795
trial_4,721,0.232499,0.538959
trial_4,722,0.031534,0.708679
trial_4,723,0.003262,0.349416
trial_4,724,0.119826,2.741061
trial_4,725,0.053432,1.307066
trial_4,726,0.148937,1.429788
trial_4,727,0.107362,0.949178
trial_4,728,0.086034,0.627460
trial_4,729,0.291615,0.918280
trial_4,730,0.148077,0.764599
trial_4,731,0.383326,1.116403
trial_4,732,0.014860,0.850380
trial_4,733,0.111969,0.439547
trial_4,734,0.153597,0.400054
trial_4,735,0.054080,1.174178
trial_4,736,0.155949,0.780851
trial_4,737,0.307985,1.140695
trial_4,738,0.677970,1.500874
trial_4,739,0.038030,0.517743
trial_4,740,0.095322,0.560850
trial_4,741,0.134358,0.769867
trial_4,742,0.115401,0.610567
trial_4,743,0.611693,4.104457
trial_4,744,0.016039,1.366514
trial_4,745,0.171126,0.425966
trial_4,746,0.162855,1.237359
trial_4,747,0.183355,0.713564
trial_4,748,0.076717,1.460338
trial_4,749,0.034092,1.549717
trial_4,750,0.014353,0.999707
trial_4,751,0.158940,1.389059
trial_4,752,0.111200,0.619072
trial_4,753,0.354647,1.322179
trial_4,754,0.147800,0.656416
trial_4,755,0.307280,0.781770
trial_4,756,0.200666,0.533469
trial_4,757,0.510508,1.242989
trial_4,758,0.188906,1.145151
trial_4,759,0.424138,1.953010
trial_4,760,0.054996,1.159194
trial_4,761,0.231065,1.381222
trial_4,762,0.078507,0.969068
trial_4,763,0.146551,0.906276
trial_4,764,0.103637,1.821679
trial_4,765,0.092686,1.049287
trial_4,766,0.098125,2.036148
trial_4,767,0.230752,1.199870
trial_4,768,0.111643,0.675232
trial_4,769,0.176361,0.812909
trial_4,770,0.121144,3.986536
trial_4,771,0.078260,0.492943
trial_4,772,0.681250,10.312032
trial_4,773,0.339303,2.351918
trial_4,774,0.027142,2.356637
trial_4,775,0.109025,1.492441
trial_4,776,0.400516,1.685342
trial_4,777,0.011131,1.328232
trial_4,778,0.159102,0.825745
trial_4,779,0.044320,1.120468
trial_4,780,0.123381,0.599506
trial_4,781,0.080670,0.925120
trial_4,782,0.072137,0.764798
trial_4,783,0.109355,0.912984
trial_4,784,0.056316,0.685058
trial_4,785,0.009511,1.011860
trial_4,786,0.365653,2.024750
trial_4,787,0.219965,0.642864
trial_4,788,0.009608,2.237428
trial_4,789,0.173809,0.599029
trial_4,790,0.001779,0.804746
trial_4,791,0.127527,1.074191
trial_4,792,0.244947,0.538686
trial_4,793,0.226519,0.714884
trial_4,794,0.372348,1.401206
trial_4,795,0.381577,1.765241
trial_4,796,0.094699,0.573880
trial_4,797,0.264631,0.527346
trial_4,798,0.037409,0.642014
trial_4,799,0.073290,0.489270
trial_4,800,0.032499,0.820432
trial_4,801,0.080023,0.902742
trial_4,802,0.143904,0.837920
trial_4,803,0.044902,0.469179
trial_4,804,0.009009,0.609009
trial_4,805,0.237030,1.095266
trial_4,806,0.511388,2.141874
trial_4,807,0.225851,0.520223
trial_4,808,0.156356,0.382263
trial_4,809,0.046956,0.391737
trial_4,810,0.049333,0.631044
trial_4,811,0.168413,0.742009
trial_4,812,0.083734,1.501440
trial_4,813,0.364347,2.377106
trial_4,814,0.082411,3.576850
trial_4,815,0.021194,0.428572
trial_4,816,0.288097,0.760072
trial_4,817,0.108344,0.750238
trial_4,818,0.066932,2.059969
trial_4,819,0.004569,1.089153
trial_4,820,0.365794,3.441915
trial_4,821,0.218132,0.980293
trial_4,822,0.166845,0.836035
trial_4,823,0.258020,0.879538
trial_4,824,0.036455,0.423425
trial_4,825,0.210558,1.163029
trial_4,826,0.365983,3.350780
trial_4,827,0.298521,1.177952
trial_4,828,0.065570,0.734461
trial_4,829,0.131480,0.750689
trial_4,830,0.018480,0.485257
trial_4,831,0.393887,1.915566
trial_4,832,0.120666,0.565990
trial_4,833,0.055903,0.807479
trial_4,834,0.068679,0.980654
trial_4,835,0.156984,0.526221
trial_4,836,0.264148,0.511661
trial_4,837,0.472532,1.753062
trial_4,838,0.018330,0.869012
trial_4,839,0.024917,0.987810
trial_4,840,0.059372,0.852884
trial_4,841,0.004079,1.950632
trial_4,842,0.288318,0.537888
trial_4,843,0.100472,0.989653
trial_4,844,0.054596,0.491427
trial_4,845,0.236866,0.966135
trial_4,846,0.227050,0.599801
trial_4,847,0.051177,0.985273
trial_4,848,0.347668,1.882966
trial_4,849,0.233596,0.470195
trial_4,850,0.195267,0.919086
trial_4,851,0.091426,0.963295
trial_4,852,0.293195,1.161995
trial_4,853,0.184558,0.537034
trial_4,854,0.124937,0.417403
trial_4,855,0.136504,0.844159
trial_4,856,0.172112,1.530667
trial_4,857,0.384733,1.295883
trial_4,858,0.071538,0.608055
trial_4,859,0.125657,0.753024
trial_4,860,0.274885,0.630707
trial_4,861,0.084617,0.390304
trial_4,862,0.046118,0.521156
trial_4,863,0.095034,0.802725
trial_4,864,0.200222,0.640831
trial_4,865,0.239651,0.504997
trial_4,866,0.182082,1.396129
trial_4,867,0.223047,0.613109
trial_4,868,0.241622,0.792218
trial_4,869,0.034966,2.003145
trial_4,870,0.118691,0.775977
trial_4,871,0.166140,1.149150
trial_4,872,0.072377,1.710785
trial_4,873,0.218840,0.504393
trial_4,874,0.065948,0.677616
trial_4,875,0.128723,1.103634
trial_4,876,0.279343,1.040290
trial_4,877,0.426745,0.819031
trial_4,878,0.124983,0.647109
trial_4,879,0.175202,0.575149
trial_4,880,0.225961,1.881850
trial_4,881,0.131074,0.752348
trial_4,882,0.083881,0.756826
trial_4,883,0.030341,0.714623
trial_4,884,0.237574,2.495249
trial_4,885,0.139656,0.531838
trial_4,886,0.292835,0.675567
trial_4,887,0.662605,4.395884
trial_4,888,0.012570,1.072712
trial_4,889,0.115457,0.615213
trial_4,890,0.187183,0.904588
trial_4,891,0.302051,0.947176
trial_4,892,0.083209,0.616023
trial_4,893,0.131934,1.101885
trial_4,894,0.309958,1.146390
trial_4,895,0.012612,0.747208
trial_4,896,0.188319,1.239963
trial_4,897,0.168101,0.718981
trial_4,898,0.067950,0.722430
trial_4,899,0.009083,0.975546
trial_4,900,0.024544,0.810026
trial_4,901,0.102230,0.411544
trial_4,902,0.166918,1.460173
trial_4,903,0.014362,0.350189
trial_4,904,0.228822,0.565027
trial_4,905,0.511695,0.949861
trial_4,906,0.278337,0.717380
trial_4,907,0.364286,1.207311
trial_4,908,0.035821,0.358686
trial_4,909,0.149039,2.782014
trial_4,910,0.023610,0.389504
trial_4,911,0.306143,0.638119
trial_4,912,0.280775,0.795326
trial_4,913,0.126034,0.990381
trial_4,914,0.097880,0.631577
trial_4,915,0.129404,0.870980
trial_4,916,0.013386,0.743483
trial_4,917,0.104486,0.593215
trial_4,918,0.216606,0.776174
trial_4,919,0.280669,1.546417
trial_4,920,0.017996,0.777070
trial_4,921,0.254028,0.544471
trial_4,922,0.096215,0.657999
trial_4,923,0.454482,0.984709
trial_4,924,0.168954,2.508260
trial_4,925,0.108626,3.185772
trial_4,926,0.130494,0.723925
trial_4,927,0.065748,0.773543
trial_4,928,0.187905,0.919915
trial_4,929,0.085945,0.733462
trial_4,930,0.099955,0.784228
trial_4,931,0.049922,2.936186
trial_4,932,0.012875,0.866316
trial_4,933,0.045535,1.905345
trial_4,934,0.136849,1.116489
trial_4,935,0.073452,0.497056
trial_4,936,0.172897,1.651507
trial_4,937,0.234036,0.865514
trial_4,938,0.045650,0.571791
trial_4,939,0.340464,0.854311
trial_4,940,0.192647,0.859483
trial_4,941,0.019362,0.841244
trial_4,942,0.030216,0.696078
trial_4,943,0.032717,0.650734
trial_4,944,0.081391,0.397218
trial_4,945,0.066969,0.530016
trial_4,946,0.206770,0.492648
trial_4,947,0.289497,0.781748
trial_4,948,0.309055,1.020143
trial_4,949,0.520778,2.171205
trial_4,950,0.148893,0.603631
trial_4,951,0.063510,0.614673
trial_4,952,0.186664,0.940555
trial_4,953,0.115198,0.755413
trial_4,954,0.303055,0.659510
trial_4,955,0.137686,0.940277
trial_4,956,0.316581,0.882435
trial_4,957,0.057634,1.260620
trial_4,958,0.067134,0.662791
trial_4,959,0.024817,1.595860
trial_4,960,0.114688,1.339805
trial_4,961,0.182640,0.716811
trial_4,962,0.062287,9.109489
trial_4,963,0.126788,1.334080
trial_4,964,0.016374,0.796697
trial_4,965,0.159336,0.903329
trial_4,966,0.227737,1.487195
trial_4,967,0.211019,2.095145
trial_4,968,0.197668,0.838967
trial_4,969,0.174727,0.766314
trial_4,970,0.169988,0.810579
trial_4,971,0.040074,0.608469
trial_4,972,0.073709,1.557258
trial_4,973,0.085774,0.446471
trial_4,974,0.157135,1.439576
trial_4,975,0.351443,1.360657
trial_4,976,0.033019,0.764527
trial_4,977,0.358883,0.606092
trial_4,978,0.322810,0.844894
trial_4,979,0.078898,0.376259
trial_4,980,0.210000,0.720445
trial_4,981,0.227377,0.768077
trial_4,982,0.504831,0.890653
trial_4,983,0.302071,0.555682
trial_4,984,0.051581,0.762518
trial_4,985,0.219893,1.186425
trial_4,986,0.167614,0.861305
trial_4,987,0.093531,0.670852
trial_4,988,0.819468,3.966598
trial_4,989,0.077877,0.756292
trial_4,990,0.019840,1.178257
trial_4,991,0.245174,0.756472
trial_4,992,0.252167,1.101630
trial_4,993,0.017957,0.692723
trial_4,994,0.056168,0.672824
trial_4,995,0.113103,0.912800
trial_4,996,0.172548,0.524275
trial_4,997,0.147079,3.942262
trial_4,998,0.019936,0.463643
trial_4,999,0.173508,0.387658
trial_4,1000,0.277501,0.816943
trial_5,1,0.137698,0.525261
trial_5,2,0.144024,0.361556
trial_5,3,0.028632,0.540245
trial_5,4,0.203547,0.700342
trial_5,5,0.047326,0.788353
trial_5,6,0.021665,0.371945
trial_5,7,0.129277,0.512462
trial_5,8,0.040280,0.693374
trial_5,9,0.715257,4.035341
trial_5,10,0.244474,1.361830
trial_5,11,0.008861,1.123504
trial_5,12,0.089955,0.797818
trial_5,13,0.571077,3.532283
trial_5,14,0.265274,0.863416
trial_5,15,0.236334,0.850380
trial_5,16,0.027667,0.545276
trial_5,17,0.236417,1.030963
trial_5,18,0.242944,0.717541
trial_5,19,0.054096,0.643431
trial_5,20,0.043468,0.471867
trial_5,21,0.022682,1.042153
trial_5,22,0.098055,0.562945
trial_5,23,0.362284,1.178759
trial_5,24,0.253988,0.963764
trial_5,25,0.049434,0.681309
trial_5,26,0.619036,1.959562
trial_5,27,0.124898,0.682788
trial_5,28,1.347355,4.871747
trial_5,29,0.072804,0.935687
trial_5,30,0.038032,1.181406
trial_5,31,0.240521,0.918266
trial_5,32,0.163368,0.732340
trial_5,33,0.188445,1.109829
trial_5,34,0.323916,7.560471
trial_5,35,0.274901,0.976875
trial_5,36,0.277929,1.211806
trial_5,37,0.103082,1.491940
trial_5,38,0.180889,0.776337
trial_5,39,0.033031,1.130092
trial_5,40,0.136579,0.910835
trial_5,41,0.125724,0.460628
trial_5,42,0.031187,0.412056
trial_5,43,0.112756,0.716591
trial_5,44,0.079179,0.650340
trial_5,45,0.006568,0.776003
trial_5,46,0.242216,0.748287
trial_5,47,0.079979,0.820294
trial_5,48,0.209746,0.614426
trial_5,49,0.048640,0.936313
trial_5,50,0.303253,0.723509
trial_5,51,0.004247,0.559086
trial_5,52,0.216386,0.755751
trial_5,53,0.139109,1.317820
trial_5,54,0.065936,1.346734
trial_5,55,0.100022,0.575631
trial_5,56,0.052851,0.359812
trial_5,57,0.010703,0.443877
trial_5,58,0.299797,1.100732
trial_5,59,0.154733,0.531133
trial_5,60,0.010629,2.329713
trial_5,61,0.130905,0.328085
trial_5,62,0.083423,0.497775
trial_5,63,0.053164,0.669373
trial_5,64,0.098069,0.590728
trial_5,65,0.259802,0.826121
trial_5,66,0.027899,0.406710
trial_5,67,0.062313,0.453014
trial_5,68,0.987583,3.960534
trial_5,69,0.197217,0.421279
trial_5,70,0.035205,0.365184
trial_5,71,0.068875,1.406502
trial_5,72,0.111703,0.295579
trial_5,73,0.053783,0.423431
trial_5,74,0.058958,0.443565
trial_5,75,0.055095,0.365559
trial_5,76,0.018092,1.286260
trial_5,77,0.057508,0.446874
trial_5,78,0.011203,0.368563
trial_5,79,0.038453,0.407054
trial_5,80,0.013306,0.431961
trial_5,81,0.169666,2.424510
trial_5,82,0.104618,2.412953
trial_5,83,0.118654,0.761491
trial_5,84,0.082971,2.418787
trial_5,85,0.028816,1.906697
trial_5,86,0.150665,2.298511
trial_5,87,0.182299,0.696544
trial_5,88,0.330821,0.870392
trial_5,89,0.090505,1.058998
trial_5,90,0.023841,0.623684
trial_5,91,0.323978,1.021903
trial_5,92,0.203882,1.117758
trial_5,93,0.144105,1.980503
trial_5,94,0.192253,0.740114
trial_5,95,0.191721,0.564855
trial_5,96,0.227992,0.648408
trial_5,97,0.184215,0.618962
trial_5,98,0.495906,1.658744
trial_5,99,0.061743,0.860177
trial_5,100,0.436006,0.784864
trial_5,101,0.125298,0.691332
trial_5,102,0.235934,0.911865
trial_5,103,0.026513,0.770664
trial_5,104,0.057672,0.563018
trial_5,105,0.251436,1.051761
trial_5,106,0.245933,0.892190
trial_5,107,0.003861,0.506503
trial_5,108,0.269136,4.193879
trial_5,109,0.472679,1.173137
trial_5,110,0.034027,0.807937
trial_5,111,0.539768,0.929704
trial_5,112,0.015474,0.857603
trial_5,113,0.184995,1.270134
trial_5,114,0.068679,0.584497
trial_5,115,0.022068,1.344724
trial_5,116,0.442363,0.765608
trial_5,117,0.082634,0.965737
trial_5,118,0.092780,0.764723
trial_5,119,0.204525,1.650576
trial_5,120,0.183282,1.397797
trial_5,121,0.197922,1.198486
trial_5,122,0.083928,0.489411
trial_5,123,0.316409,0.892412
trial_5,124,0.268785,1.570519
trial_5,125,0.147774,0.688554
trial_5,126,0.081098,2.039891
trial_5,127,0.448852,1.279321
trial_5,128,0.180104,0.553443
trial_5,129,0.172562,1.142653
trial_5,130,0.252180,3.492047
trial_5,131,0.003542,0.544003
trial_5,132,0.017546,1.592246
trial_5,133,0.356414,3.048955
trial_5,134,0.129970,0.923353
trial_5,135,0.022312,0.705331
trial_5,136,0.196714,1.292174
trial_5,137,0.279153,2.230483
trial_5,138,0.187596,0.736669
trial_5,139,0.116425,0.453195
trial_5,140,0.085946,0.615474
trial_5,141,0.037948,1.076564
trial_5,142,0.143026,0.731814
trial_5,143,0.309523,2.835034
trial_5,144,0.022099,0.572427
trial_5,145,0.162241,0.527151
trial_5,146,0.297618,1.595127
trial_5,147,0.097835,1.924675
trial_5,148,0.005796,0.578250
trial_5,149,0.119733,2.651050
trial_5,150,0.226720,0.542033
trial_5,151,0.132975,1.082107
trial_5,152,0.255935,0.927654
trial_5,153,0.250912,0.857180
trial_5,154,0.434679,0.841575
trial_5,155,0.030360,0.654341
trial_5,156,0.048494,0.675358
trial_5,157,0.165093,1.331861
trial_5,158,0.007999,1.007965
trial_5,159,0.047526,0.437654
trial_5,160,0.469079,1.057497
trial_5,161,0.218643,0.768147
trial_5,162,0.004121,0.427388
trial_5,163,0.002880,1.044312
trial_5,164,0.208991,0.523444
trial_5,165,0.005412,1.016851
trial_5,166,0.050718,1.457009
trial_5,167,0.120397,0.466826
trial_5,168,0.135612,0.695701
trial_5,169,0.059612,0.449669
trial_5,170,0.166815,0.734961
trial_5,171,0.100163,0.695337
trial_5,172,0.137697,0.703765
trial_5,173,0.074635,0.504199
trial_5,174,0.019176,0.642623
trial_5,175,0.221414,0.540960
trial_5,176,0.092910,0.539599
trial_5,177,0.030650,1.373809
trial_5,178,0.171444,0.535918
trial_5,179,0.203372,0.768018
trial_5,180,0.213201,1.619995
trial_5,181,0.131749,1.525882
trial_5,182,0.032233,0.461294
trial_5,183,0.073690,0.498139
trial_5,184,0.130009,1.671210
trial_5,185,0.172220,0.694303
trial_5,186,0.243404,0.545337
trial_5,187,0.009430,1.395303
trial_5,188,0.268384,0.521252
trial_5,189,0.100154,0.808791
trial_5,190,0.243277,0.587521
trial_5,191,0.037232,0.380411
trial_5,192,0.217643,0.748715
trial_5,193,0.025235,0.670508
trial_5,194,0.102313,0.423374
trial_5,195,0.244701,0.665991
trial_5,196,0.008420,0.705518
trial_5,197,0.351070,0.659412
trial_5,198,0.214481,0.589729
trial_5,199,0.388761,1.404824
trial_5,200,0.274348,0.609480
trial_5,201,0.221786,0.634211
trial_5,202,0.145253,0.386783
trial_5,203,0.030431,0.512117
trial_5,204,0.029758,0.521623
trial_5,205,0.043882,0.733741
trial_5,206,0.021570,0.427806
trial_5,207,0.229884,0.451123
trial_5,208,0.218054,0.740627
trial_5,209,0.270586,2.652313
trial_5,210,0.144748,2.354782
trial_5,211,0.302527,2.080697
trial_5,212,0.096198,1.463170
trial_5,213,0.256473,1.188988
trial_5,214,0.045102,1.140575
trial_5,215,0.090430,1.205592
trial_5,216,0.149407,0.919966
trial_5,217,0.173765,0.884277
trial_5,218,0.251582,1.956081
trial_5,219,0.199337,6.959320
trial_5,220,0.412191,1.766165
trial_5,221,0.472242,0.942779
trial_5,222,0.149199,0.649618
trial_5,223,0.275272,0.665013
trial_5,224,0.150287,0.787415
trial_5,225,0.191742,1.385354
trial_5,226,0.066272,0.977271
trial_5,227,0.081195,0.462083
trial_5,228,0.055443,0.922301
trial_5,229,0.298363,1.126267
trial_5,230,0.130949,0.770779
trial_5,231,0.404441,1.111312
trial_5,232,0.054363,0.677068
trial_5,233,0.041847,1.009265
trial_5,234,0.034912,0.389305
trial_5,235,0.021465,1.277579
trial_5,236,0.320911,0.510479
trial_5,237,0.132171,0.862773
trial_5,238,0.208853,0.521625
trial_5,239,0.044154,0.668311
trial_5,240,0.130187,1.007594
trial_5,241,0.159531,0.693237
trial_5,242,0.158520,0.518194
trial_5,243,0.156100,0.837595
trial_5,244,0.148681,1.105412
trial_5,245,0.118002,3.084680
trial_5,246,0.122616,0.789310
trial_5,247,0.001269,0.722325
trial_5,248,0.215962,0.635784
trial_5,249,0.541499,1.144514
trial_5,250,0.031038,0.780153
trial_5,251,0.151570,0.595310
trial_5,252,0.064458,0.634393
trial_5,253,0.206460,0.752494
trial_5,254,0.112084,2.320360
trial_5,255,0.474334,4.991443
trial_5,256,0.188826,1.097521
trial_5,257,0.161160,1.584478
trial_5,258,0.144669,0.650527
trial_5,259,0.268972,0.839462
trial_5,260,0.170997,0.671973
trial_5,261,0.470103,1.243367
trial_5,262,0.009995,1.140606
trial_5,263,0.129379,0.685924
trial_5,264,0.154808,0.923245
trial_5,265,0.285592,0.793286
trial_5,266,0.211320,0.917704
trial_5,267,0.227029,0.975005
trial_5,268,0.110490,0.583436
trial_5,269,0.168536,0.686700
trial_5,270,0.041314,0.379868
trial_5,271,0.202857,0.665258
trial_5,272,0.115790,0.402415
trial_5,273,0.251408,0.584958
trial_5,274,0.209299,0.488355
trial_5,275,0.094281,0.839738
trial_5,276,0.081163,2.233588
trial_5,277,0.044093,1.002958
trial_5,278,0.189227,0.451144
trial_5,279,0.200740,0.553619
trial_5,280,0.080713,1.318902
trial_5,281,0.377078,1.270658
trial_5,282,0.530439,2.060692
trial_5,283,0.019064,0.979044
trial_5,284,0.051081,0.593984
trial_5,285,0.111276,0.422705
trial_5,286,0.309855,1.108169
trial_5,287,0.063942,0.566255
trial_5,288,0.173684,1.320727
trial_5,289,0.172442,0.404143
trial_5,290,0.122622,0.508636
trial_5,291,0.043839,0.723051
trial_5,292,0.178308,1.309496
trial_5,293,0.117320,0.888708
trial_5,294,0.146052,0.341880
trial_5,295,0.024918,0.540364
trial_5,296,0.320975,1.775963
trial_5,297,0.117983,0.541178
trial_5,298,0.077385,0.490934
trial_5,299,0.092775,0.289828
trial_5,300,0.246020,0.452070
trial_5,301,0.040565,0.558755
trial_5,302,0.104986,1.063057
trial_5,303,0.007978,0.788458
trial_5,304,0.107353,0.361743
trial_5,305,0.038944,0.649643
trial_5,306,0.080949,0.610622
trial_5,307,0.096044,0.648211
trial_5,308,0.213227,1.442124
trial_5,309,0.192846,0.629895
trial_5,310,0.070323,1.163994
trial_5,311,0.012678,1.276005
trial_5,312,0.099491,1.293558
trial_5,313,0.249217,0.614394
trial_5,314,0.191754,0.896975
trial_5,315,0.109801,1.072328
trial_5,316,0.066222,0.756069
trial_5,317,0.137162,0.490247
trial_5,318,0.363511,0.641621
trial_5,319,0.024421,1.267671
trial_5,320,0.483324,2.155419
trial_5,321,0.022746,1.445598
trial_5,322,0.184117,0.602896
trial_5,323,0.384944,1.331994
trial_5,324,0.217300,0.587184
trial_5,325,0.107297,0.722337
trial_5,326,0.332970,1.048286
trial_5,327,0.182419,1.089987
trial_5,328,0.104985,0.800063
trial_5,329,0.459200,3.215042
trial_5,330,0.128983,1.583750
trial_5,331,0.029550,0.890549
trial_5,332,0.117708,0.659952
trial_5,333,0.048991,1.136195
trial_5,334,0.287628,0.578116
trial_5,335,0.383119,1.132277
trial_5,336,0.131645,1.008179
trial_5,337,0.038143,1.427702
trial_5,338,0.005656,1.949224
trial_5,339,0.033787,0.620309
trial_5,340,0.230238,0.500661
trial_5,341,0.029381,4.122958
trial_5,342,0.095631,0.513048
trial_5,343,0.022955,0.583309
trial_5,344,0.350762,1.565271
trial_5,345,1.904041,9.246765
trial_5,346,0.071352,2.661701
trial_5,347,0.051063,1.554486
trial_5,348,0.112697,2.902547
trial_5,349,0.049357,0.683462
trial_5,350,0.084395,1.573811
trial_5,351,0.197991,3.139010
trial_5,352,0.219751,1.264425
trial_5,353,0.041464,1.001907
trial_5,354,0.340780,1.025685
trial_5,355,0.006049,0.633045
trial_5,356,0.410464,0.723736
trial_5,357,0.775082,3.103990
trial_5,358,0.260505,0.685283
trial_5,359,0.225037,0.608212
trial_5,360,0.364503,0.786330
trial_5,361,0.757739,2.790020
trial_5,362,0.323161,3.513968
trial_5,363,0.074537,0.883225
trial_5,364,0.086501,0.537475
trial_5,365,0.145352,0.679849
trial_5,366,0.437234,1.074902
trial_5,367,0.109305,0.669527
trial_5,368,0.199251,0.585619
trial_5,369,0.094963,0.692213
trial_5,370,0.002912,1.162111
trial_5,371,0.108198,0.692722
trial_5,372,0.062230,0.728627
trial_5,373,0.214159,1.200469
trial_5,374,0.060525,1.836130
trial_5,375,0.000944,0.514291
trial_5,376,0.046313,0.619297
trial_5,377,0.057529,0.653769
trial_5,378,0.117420,0.427268
trial_5,379,0.012237,0.476084
trial_5,380,0.031143,0.983966
trial_5,381,0.066778,0.504951
trial_5,382,0.218578,0.599299
trial_5,383,0.097478,0.858908
trial_5,384,0.006763,0.367301
trial_5,385,0.293479,0.970561
trial_5,386,0.162424,2.504951
trial_5,387,0.216797,2.988732
trial_5,388,0.139754,0.670959
trial_5,389,0.232340,0.970472
trial_5,390,0.159916,0.988596
trial_5,391,0.286914,1.075340
trial_5,392,0.521532,1.170886
trial_5,393,0.095711,1.017541
trial_5,394,0.181324,0.734457
trial_5,395,0.190791,0.591511
trial_5,396,0.110716,0.466205
trial_5,397,0.075630,0.460395
trial_5,398,0.189716,0.713457
trial_5,399,0.005278,0.883558
trial_5,400,0.130437,0.965485
trial_5,401,0.021383,1.001613
trial_5,402,0.606232,1.625980
trial_5,403,0.237041,0.757374
trial_5,404,0.015285,0.516444
trial_5,405,0.291733,0.589154
trial_5,406,0.065134,0.569136
trial_5,407,0.046493,0.384830
trial_5,408,0.203944,0.714819
trial_5,409,0.000494,0.920651
trial_5,410,0.261518,0.896087
trial_5,411,0.205209,1.175706
trial_5,412,0.109963,0.403861
trial_5,413,0.043151,1.318612
trial_5,414,0.181949,0.754000
trial_5,415,0.193090,0.621766
trial_5,416,0.788379,4.709316
trial_5,417,0.160406,0.878169
trial_5,418,0.345096,0.703317
trial_5,419,0.254720,1.965024
trial_5,420,0.193487,0.984433
trial_5,421,0.110237,0.702701
trial_5,422,0.222443,1.457599
trial_5,423,0.253957,0.645981
trial_5,424,0.014602,0.668777
trial_5,425,0.009699,0.653807
trial_5,426,0.103391,0.450927
trial_5,427,0.118261,0.984849
trial_5,428,0.026292,0.856128
trial_5,429,0.005294,0.731332
trial_5,430,0.002437,0.454910
trial_5,431,0.053980,0.933662
trial_5,432,0.088454,1.138315
trial_5,433,0.133783,0.465960
trial_5,434,0.348256,1.233594
trial_5,435,1.729933,4.082556
trial_5,436,0.259312,0.619497
trial_5,437,0.034969,2.284562
trial_5,438,0.729995,2.110875
trial_5,439,0.309165,2.021707
trial_5,440,0.396248,1.750277
trial_5,441,0.604117,1.535346
trial_5,442,0.355871,0.837423
trial_5,443,0.089637,0.738107
trial_5,444,0.190532,0.752430
trial_5,445,0.021601,1.308702
trial_5,446,0.027458,0.821617
trial_5,447,0.032455,1.001815
trial_5,448,0.094076,0.656526
trial_5,449,0.176252,1.375785
trial_5,450,0.068328,0.910546
trial_5,451,0.004182,1.218766
trial_5,452,0.048589,0.723292
trial_5,453,0.190740,1.137867
trial_5,454,0.195628,0.745751
trial_5,455,0.150094,0.754691
trial_5,456,0.141510,1.013029
trial_5,457,0.133199,0.430412
trial_5,458,0.254470,0.944438
trial_5,459,0.287806,0.839132
trial_5,460,0.039377,0.654683
trial_5,461,0.040829,0.524588
trial_5,462,0.047665,0.974264
trial_5,463,0.184896,0.653125
trial_5,464,0.234394,0.544633
trial_5,465,0.080114,0.736264
trial_5,466,0.028574,0.515765
trial_5,467,0.124656,1.003039
trial_5,468,0.138391,0.484788
trial_5,469,0.210328,2.189687
trial_5,470,0.215245,0.717089
trial_5,471,0.110758,0.780575
trial_5,472,0.309374,0.929790
trial_5,473,0.128886,0.798534
trial_5,474,0.750555,4.122034
trial_5,475,0.201538,3.262706
trial_5,476,0.591877,2.902765
trial_5,477,0.276496,0.883208
trial_5,478,0.132457,0.659782
trial_5,479,0.198038,0.601588
trial_5,480,0.000341,0.642348
trial_5,481,0.101861,1.815442
trial_5,482,0.142663,1.362107
trial_5,483,0.357140,1.718759
trial_5,484,0.125180,1.478695
trial_5,485,0.156681,0.530912
trial_5,486,0.300634,0.680129
trial_5,487,0.227064,0.813457
trial_5,488,0.028646,0.625728
trial_5,489,0.063714,0.610349
trial_5,490,0.099062,0.902613
trial_5,491,0.014649,0.403701
trial_5,492,0.059842,0.616886
trial_5,493,0.143169,0.784507
trial_5,494,0.057126,0.701977
trial_5,495,0.026641,0.742929
trial_5,496,0.087919,0.485458
trial_5,497,0.302340,0.661537
trial_5,498,0.044218,0.488622
trial_5,499,0.010147,1.081356
trial_5,500,0.332081,1.480380
trial_5,501,0.071936,0.366431
trial_5,502,0.102472,0.471171
trial_5,503,0.026853,0.461676
trial_5,504,0.078944,0.742485
trial_5,505,0.227756,0.856329
trial_5,506,0.167956,0.401093
trial_5,507,0.381070,1.205604
trial_5,508,0.226062,0.626201
trial_5,509,0.144223,1.167390
trial_5,510,0.296907,0.817721
trial_5,511,0.152294,0.472703
trial_5,512,0.658281,3.365789
trial_5,513,0.008438,1.152134
trial_5,514,0.015206,0.903851
trial_5,515,0.046738,5.641233
trial_5,516,0.057746,0.965431
trial_5,517,0.131216,3.093086
trial_5,518,0.032331,0.890836
trial_5,519,0.059466,0.684521
trial_5,520,0.313029,0.600708
trial_5,521,0.000512,0.495327
trial_5,522,0.113950,0.612269
trial_5,523,0.157723,1.672561
trial_5,524,0.117793,0.578206
trial_5,525,0.262186,1.800604
trial_5,526,0.083308,0.488396
trial_5,527,0.123149,0.577207
trial_5,528,0.053106,0.769527
trial_5,529,0.167092,0.535652
trial_5,530,0.219560,0.524327
trial_5,531,0.317061,1.156161
trial_5,532,0.109937,0.471610
trial_5,533,0.130048,0.511395
trial_5,534,0.323758,0.599635
trial_5,535,0.087731,0.725527
trial_5,536,0.609777,1.858893
trial_5,537,0.185801,1.630088
trial_5,538,0.160724,0.656238
trial_5,539,0.121757,1.470598
trial_5,540,0.056608,0.649736
trial_5,541,0.096929,0.495784
trial_5,542,0.020177,2.597562
trial_5,543,0.073696,0.481807
trial_5,544,0.068243,0.363993
trial_5,545,0.240365,0.840092
trial_5,546,0.046570,0.779707
trial_5,547,0.174549,0.603966
trial_5,548,0.147563,0.571074
trial_5,549,0.142378,0.747456
trial_5,550,0.126241,0.617685
trial_5,551,0.115648,0.438748
trial_5,552,0.256674,1.064413
trial_5,553,0.057119,0.574969
trial_5,554,0.553704,1.953917
trial_5,555,0.187085,0.481747
trial_5,556,0.553775,0.793721
trial_5,557,0.073745,0.740123
trial_5,558,0.064118,0.431559
trial_5,559,0.156620,0.557226
trial_5,560,0.216479,0.606545
trial_5,561,0.207731,1.459223
trial_5,562,0.393357,1.136081
trial_5,563,0.034031,0.935991
trial_5,564,0.155102,0.806457
trial_5,565,0.083430,1.237913
trial_5,566,0.321603,0.961234
trial_5,567,0.233422,1.163759
trial_5,568,0.057211,0.563506
trial_5,569,0.004191,0.551565
trial_5,570,0.171889,1.080316
trial_5,571,0.093755,0.430971
trial_5,572,0.104900,0.484695
trial_5,573,0.067475,0.432609
trial_5,574,0.011930,0.319338
trial_5,575,0.390066,1.266345
trial_5,576,0.658894,3.102973
trial_5,577,0.029138,0.343382
trial_5,578,0.032234,2.129049
trial_5,579,0.197074,0.599132
trial_5,580,0.195290,0.506267
trial_5,581,0.363638,0.869574
trial_5,582,0.055577,0.534527
trial_5,583,0.270033,1.345372
trial_5,584,0.035370,0.381805
trial_5,585,0.029377,0.743649
trial_5,586,0.074982,0.620680
trial_5,587,0.133115,0.734450
trial_5,588,0.067179,0.429320
trial_5,589,2.520781,17.678495
trial_5,590,0.039277,1.144142
trial_5,591,0.075383,0.805347
trial_5,592,0.204886,1.533190
trial_5,593,0.335322,0.807938
trial_5,594,0.093088,0.582101
trial_5,595,0.249862,1.804510
trial_5,596,0.253076,1.344834
trial_5,597,0.086173,1.037363
trial_5,598,0.025474,0.603249
trial_5,599,0.476406,0.899501
trial_5,600,0.170556,0.560792
trial_5,601,0.314333,2.122552
trial_5,602,0.267456,1.321311
trial_5,603,0.450051,1.257752
trial_5,604,0.067611,0.409217
trial_5,605,0.238807,0.828204
trial_5,606,0.064692,0.698614
trial_5,607,0.036337,0.607776
trial_5,608,0.059285,0.540527
trial_5,609,0.364691,1.258029
trial_5,610,0.136932,0.639966
trial_5,611,0.079151,0.525234
trial_5,612,0.034927,0.393047
trial_5,613,0.101958,0.866225
trial_5,614,0.003660,1.115608
trial_5,615,0.052491,0.383153
trial_5,616,0.109242,0.640985
trial_5,617,0.289025,0.970322
trial_5,618,0.226705,0.412151
trial_5,619,0.559852,3.204903
trial_5,620,0.241341,1.098429
trial_5,621,0.001391,0.521522
trial_5,622,0.312235,2.053980
trial_5,623,0.222757,0.440205
trial_5,624,0.091762,1.267675
trial_5,625,0.147925,1.340797
trial_5,626,0.063760,1.153828
trial_5,627,0.049544,1.711754
trial_5,628,0.141055,1.486445
trial_5,629,0.180775,0.591405
trial_5,630,0.150155,0.911251
trial_5,631,0.112983,1.224306
trial_5,632,0.420046,0.916069
trial_5,633,0.135104,0.676089
trial_5,634,0.302713,1.766696
trial_5,635,0.207874,1.301661
trial_5,636,0.169424,0.795849
trial_5,637,0.047571,1.559522
trial_5,638,0.010943,0.589200
trial_5,639,0.027610,0.735991
trial_5,640,0.135037,0.502267
trial_5,641,0.171520,0.781446
trial_5,642,0.115625,0.488568
trial_5,643,0.423532,2.305403
trial_5,644,0.502601,1.358497
trial_5,645,0.021724,1.254268
trial_5,646,0.433686,1.441311
trial_5,647,0.142060,2.767511
trial_5,648,0.127885,4.497526
trial_5,649,0.003731,0.715526
trial_5,650,0.072562,2.106242
trial_5,651,0.109975,1.268682
trial_5,652,0.402174,3.008225
trial_5,653,0.152679,0.785529
trial_5,654,0.134804,0.812995
trial_5,655,0.035718,0.536734
trial_5,656,0.415107,1.783795
trial_5,657,0.371406,2.613434
trial_5,658,0.396815,1.188486
trial_5,659,0.310042,1.188423
trial_5,660,0.018922,0.799577
trial_5,661,0.158041,1.086456
trial_5,662,0.210400,1.250526
trial_5,663,0.631770,1.132020
trial_5,664,0.062761,0.542606
trial_5,665,0.081251,1.345378
trial_5,666,0.214799,2.493402
trial_5,667,0.146647,0.841038
trial_5,668,0.110612,0.396336
trial_5,669,0.064165,0.546406
trial_5,670,0.098975,0.423009
trial_5,671,0.110724,0.997353
trial_5,672,0.084494,0.503116
trial_5,673,2.029037,7.374677
trial_5,674,0.347310,0.813505
trial_5,675,0.183293,0.846652
trial_5,676,0.848184,2.839118
trial_5,677,0.042392,0.766009
trial_5,678,0.033180,0.905258
trial_5,679,0.160796,2.129995
trial_5,680,0.022568,0.485564
trial_5,681,0.171748,0.564919
trial_5,682,0.044642,1.414479
trial_5,683,0.088094,0.744074
trial_5,684,0.456798,3.654198
trial_5,685,0.074089,2.391944
trial_5,686,0.130137,0.746609
trial_5,687,0.089630,0.699357
trial_5,688,0.032494,0.700102
trial_5,689,0.103090,1.160403
trial_5,690,0.205934,0.985863
trial_5,691,0.038077,0.524681
trial_5,692,0.051656,0.414646
trial_5,693,0.117980,0.706435
trial_5,694,0.387700,1.429711
trial_5,695,0.219036,0.651030
trial_5,696,0.325399,1.459452
trial_5,697,0.040512,1.267629
trial_5,698,0.038041,0.402971
trial_5,699,0.165678,0.478769
trial_5,700,0.183241,0.775435
trial_5,701,0.124987,0.943683
trial_5,702,0.011749,0.654846
trial_5,703,0.060931,2.173920
trial_5,704,0.094645,0.605535
trial_5,705,0.077997,0.540431
trial_5,706,0.031233,0.954670
trial_5,707,0.105195,0.737181
trial_5,708,0.244463,0.588798
trial_5,709,0.099194,2.442736
trial_5,710,0.157499,0.717797
trial_5,711,0.216508,0.754656
trial_5,712,0.369111,0.731788
trial_5,713,0.741647,2.165698
trial_5,714,0.070580,0.706751
trial_5,715,0.028703,0.505410
trial_5,716,0.595543,1.708666
trial_5,717,0.097820,0.599165
trial_5,718,0.150605,0.985324
trial_5,719,0.104473,0.462624
trial_5,720,0.350242,2.239190
trial_5,721,0.151751,0.664329
trial_5,722,0.165497,0.696423
trial_5,723,0.125871,0.439205
trial_5,724,0.250076,4.563005
trial_5,725,0.278936,1.481579
trial_5,726,0.096965,1.625002
trial_5,727,0.327538,0.862199
trial_5,728,0.087522,0.456048
trial_5,729,0.147015,0.550237
trial_5,730,0.077347,0.743919
trial_5,731,0.399103,0.876139
trial_5,732,0.025546,0.765469
trial_5,733,0.082764,0.580221
trial_5,734,0.111717,0.381347
trial_5,735,0.083101,1.522737
trial_5,736,0.027410,1.091652
trial_5,737,0.042957,0.852518
trial_5,738,0.028789,1.383962
trial_5,739,0.115321,0.612297
trial_5,740,0.007133,0.426424
trial_5,741,0.185477,0.780714
trial_5,742,0.095349,0.706832
trial_5,743,0.629293,2.916628
trial_5,744,0.169790,0.622650
trial_5,745,0.062184,0.548627
trial_5,746,0.251146,0.557322
trial_5,747,0.009131,0.453927
trial_5,748,0.031809,0.773154
trial_5,749,0.001745,1.108909
trial_5,750,0.028661,0.565028
trial_5,751,0.332652,1.820278
trial_5,752,0.328344,0.752036
trial_5,753,0.157080,1.204686
trial_5,754,0.101994,0.536749
trial_5,755,0.108159,0.715563
trial_5,756,0.085360,0.386006
trial_5,757,0.007233,0.942486
trial_5,758,0.099257,0.773564
trial_5,759,0.029648,1.420687
trial_5,760,0.205766,0.997902
trial_5,761,0.085587,1.061549
trial_5,762,0.446390,1.149576
trial_5,763,0.023524,0.597585
trial_5,764,0.220685,1.519174
trial_5,765,0.288684,0.882818
trial_5,766,0.038339,1.811776
trial_5,767,0.052581,0.988935
trial_5,768,0.295656,0.605863
trial_5,769,0.058171,0.667329
trial_5,770,0.114528,3.595903
trial_5,771,0.047500,0.624369
trial_5,772,0.561339,10.364995
trial_5,773,0.940909,3.715273
trial_5,774,0.037242,1.717256
trial_5,775,0.148819,1.124759
trial_5,776,0.351363,2.857109
trial_5,777,0.267164,1.263827
trial_5,778,0.092585,0.790159
trial_5,779,0.012482,1.177528
trial_5,780,0.106236,0.769199
trial_5,781,0.014520,1.182198
trial_5,782,0.113747,0.991427
trial_5,783,0.187741,1.136461
trial_5,784,0.261806,0.920430
trial_5,785,0.150963,0.832999
trial_5,786,0.080945,1.639790
trial_5,787,0.181465,1.013812
trial_5,788,0.034502,2.981357
trial_5,789,0.110883,0.994707
trial_5,790,0.045120,0.921895
trial_5,791,0.355684,1.224295
trial_5,792,0.087035,0.469207
trial_5,793,0.385880,1.149644
trial_5,794,0.243665,1.653928
trial_5,795,0.436416,1.950947
trial_5,796,0.104948,0.765355
trial_5,797,0.030278,0.537469
trial_5,798,0.154416,0.617628
trial_5,799,0.057986,0.402798
trial_5,800,0.054289,0.806541
trial_5,801,0.110208,0.884169
trial_5,802,0.046378,0.578390
trial_5,803,0.117907,0.376466
trial_5,804,0.021183,0.667023
trial_5,805,0.188640,1.096057
trial_5,806,0.165620,1.925433
trial_5,807,0.415693,0.742017
trial_5,808,0.222180,0.512639
trial_5,809,0.109392,0.520321
trial_5,810,0.115913,0.626341
trial_5,811,0.091816,0.581963
trial_5,812,0.154869,1.183274
trial_5,813,0.090313,2.356356
trial_5,814,0.169493,2.461686
trial_5,815,0.023981,0.835047
trial_5,816,0.085690,0.951155
trial_5,817,0.112720,0.692836
trial_5,818,0.084186,1.266433
trial_5,819,0.160109,1.520877
trial_5,820,0.004283,4.241587
trial_5,821,0.028472,0.955572
trial_5,822,0.043021,1.190310
trial_5,823,0.070979,0.986664
trial_5,824,0.318954,0.706512
trial_5,825,0.108159,1.298175
trial_5,826,1.065598,4.587401
trial_5,827,0.142481,1.225294
trial_5,828,0.305041,0.984027
trial_5,829,0.081734,0.819133
trial_5,830,0.132211,0.606119
trial_5,831,0.206203,2.214590
trial_5,832,0.371644,0.777145
trial_5,833,0.235226,0.974094
trial_5,834,0.383319,0.928398
trial_5,835,0.221944,0.673550
trial_5,836,0.120280,0.538039
trial_5,837,0.265175,1.831757
trial_5,838,0.183226,1.075774
trial_5,839,0.188622,0.728649
trial_5,840,0.054557,0.686411
trial_5,841,0.360680,2.360912
trial_5,842,0.129172,0.425701
trial_5,843,0.302598,1.087632
trial_5,844,0.314104,0.443905
trial_5,845,0.081378,0.588274
trial_5,846,0.031677,0.323502
trial_5,847,0.143425,0.783830
trial_5,848,0.175854,1.872357
trial_5,849,0.128531,0.327479
trial_5,850,0.037894,0.919239
trial_5,851,0.018647,0.641162
trial_5,852,0.226309,1.900737
trial_5,853,0.343928,0.546121
trial_5,854,0.036132,0.353724
trial_5,855,0.075380,0.833404
trial_5,856,0.480070,2.014274
trial_5,857,0.064225,0.946048
trial_5,858,0.072624,0.478609
trial_5,859,0.082390,0.726133
trial_5,860,0.076684,0.672376
trial_5,861,0.106471,0.453448
trial_5,862,0.079943,0.450988
trial_5,863,0.150208,0.732704
trial_5,864,0.162850,0.569950
trial_5,865,0.105859,0.491842
trial_5,866,0.022740,1.477238
trial_5,867,0.088636,0.610448
trial_5,868,0.434629,1.080628
trial_5,869,0.199340,1.911972
trial_5,870,0.043847,0.801502
trial_5,871,0.271673,1.590949
trial_5,872,0.051019,2.047750
trial_5,873,0.146130,0.457127
trial_5,874,0.276087,0.526423
trial_5,875,0.063824,0.710069
trial_5,876,0.073609,0.754313
trial_5,877,0.030704,0.574487
trial_5,878,0.021070,0.568468
trial_5,879,0.036467,0.389391
trial_5,880,0.264679,1.272850
trial_5,881,0.005121,0.481347
trial_5,882,0.033149,0.437896
trial_5,883,0.028237,0.445287
trial_5,884,0.227580,1.069138
trial_5,885,0.068464,0.646755
trial_5,886,0.160083,0.588999
trial_5,887,0.350264,4.466767
trial_5,888,0.256173,0.839067
trial_5,889,0.030297,0.742718
trial_5,890,0.084876,1.381266
trial_5,891,0.143467,0.718291
trial_5,892,0.148579,0.768042
trial_5,893,0.230138,1.022509
trial_5,894,0.304881,1.036530
trial_5,895,0.247838,0.764355
trial_5,896,0.324503,0.922095
trial_5,897,0.212984,0.596540
trial_5,898,0.043097,0.661144
trial_5,899,0.194954,0.825950
trial_5,900,0.011731,0.589761
trial_5,901,0.064625,0.463039
trial_5,902,0.006023,1.424746
trial_5,903,0.195787,0.358936
trial_5,904,0.047361,0.531877
trial_5,905,0.063142,1.307695
trial_5,906,0.158860,0.585442
trial_5,907,0.041010,0.598845
trial_5,908,0.016326,0.302362
trial_5,909,0.037573,2.124560
trial_5,910,0.013806,0.412067
trial_5,911,0.132890,0.396447
trial_5,912,0.154620,0.719936
trial_5,913,0.066719,0.950785
trial_5,914,0.059987,0.709350
trial_5,915,0.056768,0.710433
trial_5,916,0.041272,0.543826
trial_5,917,0.011590,0.732765
trial_5,918,0.067494,0.681823
trial_5,919,0.065797,1.282291
trial_5,920,0.080405,0.792846
trial_5,921,0.143048,0.517097
trial_5,922,0.250194,0.737473
trial_5,923,0.278292,0.995392
trial_5,924,0.134927,1.436759
trial_5,925,0.364468,3.184939
trial_5,926,0.209152,0.615491
trial_5,927,0.054519,0.589060
trial_5,928,0.089132,0.908262
trial_5,929,0.216363,0.897713
trial_5,930,0.131396,0.758127
trial_5,931,0.105858,3.235556
trial_5,932,0.123330,0.882688
trial_5,933,0.179266,1.731898
trial_5,934,0.080344,1.022030
trial_5,935,0.020115,0.639083
trial_5,936,0.618705,2.072022
trial_5,937,0.123386,0.943235
trial_5,938,0.032751,0.564349
trial_5,939,0.232112,0.882532
trial_5,940,0.210896,0.643129
trial_5,941,0.321713,1.051695
trial_5,942,0.016964,0.908825
trial_5,943,0.287498,1.198978
trial_5,944,0.124435,0.552286
trial_5,945,0.099991,0.704265
trial_5,946,0.054340,0.685537
trial_5,947,0.182658,0.759193
trial_5,948,0.454389,1.289386
trial_5,949,0.122425,1.726817
trial_5,950,0.024916,0.493022
trial_5,951,0.068418,0.390627
trial_5,952,0.068426,0.559333
trial_5,953,0.068080,0.644467
trial_5,954,0.048965,1.026004
trial_5,955,0.150369,1.073557
trial_5,956,0.418644,1.133919
trial_5,957,0.293061,2.667327
trial_5,958,0.192880,1.302305
trial_5,959,0.431294,1.886613
trial_5,960,0.178143,1.214984
trial_5,961,0.024375,2.110794
trial_5,962,0.420417,11.674922
trial_5,963,0.009567,1.466397
trial_5,964,0.209212,0.636828
trial_5,965,0.117758,0.881502
trial_5,966,0.067061,1.295066
trial_5,967,0.385951,1.723364
trial_5,968,0.039870,0.725196
trial_5,969,0.095058,0.835794
trial_5,970,0.074838,0.916035
trial_5,971,0.091171,0.531618
trial_5,972,0.463238,2.001299
trial_5,973,0.083548,0.620486
trial_5,974,0.036446,1.406022
trial_5,975,0.293101,1.233332
trial_5,976,0.178201,0.718648
trial_5,977,0.146580,0.651092
trial_5,978,0.082828,0.920557
trial_5,979,0.118263,0.476929
trial_5,980,0.041891,0.652291
trial_5,981,0.006900,1.419230
trial_5,982,0.120635,0.983546
trial_5,983,0.098843,0.599973
trial_5,984,0.041946,0.685414
trial_5,985,0.151227,1.369394
trial_5,986,0.170446,0.951218
trial_5,987,0.166332,0.812265
trial_5,988,0.789779,3.623271
trial_5,989,0.213128,0.595735
trial_5,990,0.303389,1.283945
trial_5,991,0.175571,0.750501
trial_5,992,0.114619,1.332215
trial_5,993,0.092496,0.818784
trial_5,994,0.072119,0.609256
trial_5,995,0.081502,0.852873
trial_5,996,0.237654,0.604340
trial_5,997,0.151416,4.979458
trial_5,998,0.273516,0.546709
trial_5,999,0.041042,0.394356
trial_5,1000,0.133629,0.953876
trial_6,1,0.177641,0.716738
trial_6,2,0.196917,0.489495
trial_7,1,0.166979,0.672137
trial_7,2,0.146685,0.476853
trial_8,1,0.400304,0.842564
trial_8,2,0.040510,0.387257
trial_8,3,0.278586,0.824072
trial_8,4,0.128175,0.695236
trial_8,5,0.049768,0.737831
trial_8,6,0.101578,0.523746
trial_8,7,0.050388,0.556704
trial_8,8,0.108565,0.935164
trial_8,9,0.524717,2.489547
trial_8,10,0.093578,1.119578
trial_8,11,0.104813,0.698527
trial_8,12,0.115357,0.664737
trial_8,13,0.303906,4.061882
trial_8,14,0.316480,1.256277
trial_8,15,0.309334,0.888030
trial_8,16,0.150709,0.571659
trial_8,17,0.109616,0.750350
trial_8,18,0.025317,0.717478
trial_8,19,0.168593,0.792912
trial_8,20,0.028152,0.834055
trial_8,21,0.493750,1.856833
trial_8,22,0.094216,0.573408
trial_8,23,0.002401,0.981675
trial_8,24,0.093242,1.223438
trial_8,25,0.040611,0.591018
trial_8,26,0.062602,1.655128
trial_8,27,0.260167,0.632581
trial_8,28,0.941427,5.133773
trial_8,29,0.176661,1.081921
trial_8,30,0.006659,2.291111
trial_8,31,0.078652,0.852672
trial_8,32,0.027401,0.733567
trial_8,33,0.237199,1.792351
trial_8,34,0.375478,6.964898
trial_8,35,0.224230,1.005287
trial_8,36,0.074989,1.069409
trial_8,37,0.040107,1.884009
trial_8,38,0.151256,1.251880
trial_8,39,0.312231,1.325243
trial_8,40,0.052194,1.145671
trial_8,41,0.116931,0.554728
trial_8,42,0.053638,0.581704
trial_8,43,0.244819,0.811358
trial_8,44,0.356746,0.926195
trial_8,45,0.284403,1.144168
trial_8,46,0.093132,0.823840
trial_8,47,0.186156,0.889004
trial_8,48,0.028111,0.525569
trial_8,49,0.053712,1.017966
trial_8,50,0.553257,1.177059
trial_8,51,0.023985,0.608505
trial_8,52,0.244185,0.990473
trial_8,53,0.325914,1.701315
trial_8,54,0.264375,1.731162
trial_8,55,0.245387,0.557091
trial_8,56,0.093947,0.423684
trial_8,57,0.199262,0.394891
trial_8,58,0.058662,1.256840
trial_8,59,0.014152,0.609821
trial_8,60,0.621394,2.999641
trial_8,61,0.014957,0.367541
trial_8,62,0.251271,0.729419
trial_8,63,0.175728,0.844139
trial_8,64,0.158356,0.718012
trial_8,65,0.013018,1.408376
trial_8,66,0.118074,0.557711
trial_8,67,0.105209,0.457684
trial_8,68,0.753731,3.701402
trial_8,69,0.409710,0.639869
trial_8,70,0.148980,0.427513
trial_8,71,0.150001,1.363339
trial_8,72,0.091857,0.518545
trial_8,73,0.241709,0.552624
trial_8,74,0.060593,0.434586
trial_8,75,0.189113,0.434889
trial_8,76,0.143482,1.267466
trial_8,77,0.095799,0.353118
trial_8,78,0.199846,0.404930
trial_8,79,0.010715,0.418837
trial_8,80,0.040838,0.424657
trial_8,81,0.310415,3.176060
trial_8,82,0.136704,2.552330
trial_8,83,0.021484,0.910851
trial_8,84,0.306467,3.024463
trial_8,85,0.247866,1.987254
trial_8,86,0.056566,1.857444
trial_8,87,0.122833,0.800031
trial_8,88,0.070590,0.542821
trial_8,89,0.392196,1.074212
trial_8,90,0.131632,0.689282
trial_8,91,0.125175,0.757569
trial_8,92,0.140903,1.280062
trial_8,93,0.334293,2.095159
trial_8,94,0.027725,0.571879
trial_8,95,0.108103,0.582077
trial_8,96,0.074644,0.816616
trial_8,97,0.458083,0.768995
trial_8,98,0.444386,2.074995
trial_8,99,0.195933,0.759273
trial_8,100,0.186685,0.569496
trial_8,101,0.221305,0.992535
trial_8,102,0.021185,1.014427
trial_8,103,0.207525,0.620272
trial_8,104,0.041879,0.767194
trial_8,105,0.171537,1.113348
trial_8,106,0.154930,0.862418
trial_8,107,0.025237,0.482611
trial_8,108,0.542051,3.924333
trial_8,109,0.257463,0.993185
trial_8,110,0.037012,1.012613
trial_8,111,0.684829,1.193672
trial_8,112,0.091465,0.962239
trial_8,113,0.003271,1.080645
trial_8,114,0.276307,0.651203
trial_8,115,0.089620,1.433195
trial_8,116,0.161055,0.541035
trial_8,117,0.105322,0.713638
trial_8,118,0.046256,0.548304
trial_8,119,0.193961,1.755770
trial_8,120,0.088708,1.594141
trial_8,121,0.096871,0.661237
trial_8,122,0.137960,0.561612
trial_8,123,0.082802,0.794522
trial_8,124,0.537038,1.790985
trial_8,125,0.154403,0.816375
trial_8,126,0.369978,2.012280
trial_8,127,0.228190,1.366521
trial_8,128,0.258864,0.543965
trial_8,129,0.296561,1.725289
trial_8,130,0.216999,3.881886
trial_8,131,0.118741,0.532981
trial_8,132,0.145773,1.371811
trial_8,133,0.029826,2.805804
trial_8,134,0.263496,0.996180
trial_8,135,0.085204,0.714539
trial_8,136,0.004501,0.865344
trial_8,137,0.388803,1.558271
trial_8,138,0.113150,0.639461
trial_8,139,0.052874,0.488625
trial_8,140,0.058021,0.511424
trial_8,141,0.176083,0.945892
trial_8,142,0.108034,1.010771
trial_8,143,0.334531,2.044564
trial_8,144,0.081458,0.878003
trial_8,145,0.245410,0.831129
trial_8,146,0.103028,1.440981
trial_8,147,0.001994,1.619219
trial_8,148,0.056646,0.630131
trial_8,149,0.003377,3.271877
trial_8,150,0.155077,0.483729
trial_8,151,0.282292,0.769520
trial_8,152,0.195036,0.985667
trial_8,153,0.074936,0.962412
trial_8,154,0.251994,0.732136
trial_8,155,0.027274,0.780610
trial_8,156,0.088827,0.605543
trial_8,157,0.083689,1.357100
trial_8,158,0.090182,1.210969
trial_8,159,0.090062,0.470967
trial_8,160,0.259064,1.426173
trial_8,161,0.037484,0.504198
trial_8,162,0.227931,0.561307
trial_8,163,0.068900,1.003088
trial_8,164,0.082116,0.542674
trial_8,165,0.110684,1.442800
trial_8,166,0.003694,1.072513
trial_8,167,0.017412,0.533852
trial_8,168,0.036192,0.695476
trial_8,169,0.299620,0.620196
trial_8,170,0.041487,0.885580
trial_8,171,0.168972,0.898455
trial_8,172,0.164080,0.827649
trial_8,173,0.025156,0.569607
trial_8,174,0.046963,0.678791
trial_8,175,0.052251,0.634509
trial_8,176,0.212044,0.983632
trial_8,177,0.053026,1.204365
trial_8,178,0.068401,0.570759
trial_8,179,0.222564,0.922633
trial_8,180,0.048673,1.762417
trial_8,181,0.061381,1.935925
trial_8,182,0.266957,0.537956
trial_8,183,0.169036,0.716919
trial_8,184,0.113708,1.444983
trial_8,185,0.537029,0.871012
trial_8,186,0.189627,0.571380
trial_8,187,0.147057,1.366393
trial_8,188,0.008052,0.506261
trial_8,189,0.010385,1.003554
trial_8,190,0.136435,0.604290
trial_8,191,0.128372,0.466194
trial_8,192,0.229315,0.804844
trial_8,193,0.067132,0.844563
trial_8,194,0.242547,0.575764
trial_8,195,0.218818,0.663495
trial_8,196,0.018995,0.740935
trial_8,197,0.387563,0.648189
trial_8,198,0.351902,0.826921
trial_8,199,0.312156,1.337273
trial_8,200,0.339255,0.682171
trial_8,201,0.279260,0.728357
trial_8,202,0.078137,0.365384
trial_8,203,0.135792,0.364584
trial_8,204,0.063185,0.609569
trial_8,205,0.107367,0.945250
trial_8,206,0.028316,0.507504
trial_8,207,0.112045,0.371452
trial_8,208,0.131265,0.740415
trial_8,209,0.048020,2.439214
trial_8,210,0.139005,1.914823
trial_8,211,0.018928,0.887273
trial_8,212,0.104583,0.421577
trial_8,213,0.134755,0.614829
trial_8,214,0.020251,0.499428
trial_8,215,0.002124,0.659930
trial_8,216,0.067120,0.583934
trial_8,217,0.008933,0.695227
trial_8,218,0.108194,1.189110
trial_8,219,0.648386,8.516460
trial_8,220,0.091010,2.021121
trial_8,221,0.380933,1.064672
trial_8,222,0.219907,0.712247
trial_8,223,0.245087,0.567636
trial_8,224,0.179794,0.550604
trial_8,225,0.091003,1.276463
trial_8,226,0.109199,1.258357
trial_8,227,0.309701,0.602586
trial_8,228,0.325883,0.760934
trial_8,229,0.204703,1.373768
trial_8,230,0.065972,0.850724
trial_8,231,0.179136,1.320768
trial_8,232,0.043245,0.789717
trial_8,233,0.207026,0.798230
trial_8,234,0.049349,0.490814
trial_8,235,0.297519,1.650750
trial_8,236,0.169119,0.485833
trial_8,237,0.174439,0.894751
trial_8,238,0.036924,0.549027
trial_8,239,0.289849,0.598055
trial_8,240,0.334821,1.247152
trial_8,241,0.124297,0.625029
trial_8,242,0.043751,0.453998
trial_8,243,0.139880,1.374441
trial_8,244,0.031211,1.518368
trial_8,245,0.043362,2.923004
trial_8,246,0.041768,0.904989
trial_8,247,0.048388,0.564042
trial_8,248,0.082723,0.612993
trial_8,249,0.267342,1.349958
trial_8,250,0.000417,0.812725
trial_8,251,0.250203,0.644580
trial_8,252,0.067621,0.679470
trial_8,253,0.236430,0.755315
trial_8,254,0.643641,2.349368
trial_8,255,0.593902,4.891234
trial_8,256,0.040431,1.292730
trial_8,257,0.496978,1.698240
trial_8,258,0.349663,0.652496
trial_8,259,0.186650,0.629604
trial_8,260,0.009735,0.408905
trial_8,261,0.027946,1.130553
trial_8,262,0.239186,1.036377
trial_8,263,0.022558,0.578995
trial_8,264,0.477860,1.491408
trial_8,265,0.251399,0.899537
trial_8,266,0.169778,1.044530
trial_8,267,0.077074,1.778176
trial_8,268,0.129740,0.589488
trial_8,269,0.047800,0.801619
trial_8,270,0.298168,0.541135
trial_8,271,0.154927,0.886628
trial_8,272,0.154599,0.597762
trial_8,273,0.153944,0.657666
trial_8,274,0.070178,0.546303
trial_8,275,0.021341,0.636965
trial_8,276,0.389647,2.371502
trial_8,277,0.066514,1.028901
trial_8,278,0.296276,0.512321
trial_8,279,0.078397,0.420709
trial_8,280,0.424032,1.105890
trial_8,281,0.040532,1.292294
trial_8,282,0.454384,2.317950
trial_8,283,0.075901,1.202801
trial_8,284,0.125112,0.598039
trial_8,285,0.388174,0.693997
trial_8,286,0.005825,0.888639
trial_8,287,0.099260,0.740815
trial_8,288,0.289429,1.784433
trial_8,289,0.167190,0.573565
trial_8,290,0.100020,0.751280
trial_8,291,0.058083,0.841461
trial_8,292,0.042541,1.710075
trial_8,293,0.085092,1.728527
trial_8,294,0.053914,0.349530
trial_8,295,0.228627,0.644321
trial_8,296,0.032162,1.805594
trial_8,297,0.185681,0.545077
trial_8,298,0.071701,0.633136
trial_8,299,0.185877,0.412435
trial_8,300,0.134261,0.521957
trial_8,301,0.195999,0.618883
trial_8,302,0.021228,1.071575
trial_8,303,0.282108,1.046603
trial_8,304,0.011898,0.408509
trial_8,305,0.130259,0.814904
trial_8,306,0.142842,0.747904
trial_8,307,0.173846,0.790254
trial_8,308,0.353337,1.638022
trial_8,309,0.052248,0.660171
trial_8,310,0.465115,1.536362
trial_8,311,0.039306,1.215099
trial_8,312,0.520463,2.372857
trial_8,313,0.292590,0.646627
trial_8,314,0.080732,1.016344
trial_8,315,0.089363,1.173291
trial_8,316,0.090504,0.889834
trial_8,317,0.071861,0.774825
trial_8,318,0.399351,0.896227
trial_8,319,0.350176,1.753169
trial_8,320,0.367217,2.527082
trial_8,321,0.255833,1.463360
trial_8,322,0.047761,0.765100
trial_8,323,0.336430,1.623921
trial_8,324,0.066383,0.824179
trial_8,325,0.065653,0.593576
trial_8,326,0.340713,0.882419
trial_8,327,0.021099,1.033521
trial_8,328,0.346007,0.886474
trial_8,329,0.618632,4.199027
trial_8,330,0.307131,1.531465
trial_8,331,0.027288,0.885356
trial_8,332,0.212311,0.797329
trial_8,333,0.178910,0.871754
trial_8,334,0.357632,0.659786
trial_8,335,0.322737,1.475750
trial_8,336,0.202543,1.071821
trial_8,337,0.043705,1.641198
trial_8,338,0.399880,2.121193
trial_8,339,0.245405,0.696840
trial_8,340,0.167117,0.463127
trial_8,341,0.318068,4.993818
trial_8,342,0.071969,0.651577
trial_8,343,0.048960,1.264429
trial_8,344,0.806154,2.355179
trial_8,345,3.013483,12.455394
trial_8,346,0.207784,2.355067
trial_8,347,0.108330,1.432016
trial_8,348,0.122512,2.739691
trial_8,349,0.049406,0.900920
trial_8,350,0.340479,1.702650
trial_8,351,0.316217,2.316803
trial_8,352,0.306181,1.133246
trial_8,353,0.067683,1.064052
trial_8,354,0.545565,1.413612
trial_8,355,0.105392,0.567363
trial_8,356,0.339434,0.674666
trial_8,357,0.497339,1.927864
trial_8,358,0.049010,0.886352
trial_8,359,0.223796,0.668732
trial_8,360,0.188411,0.809024
trial_8,361,0.091617,1.931200
trial_8,362,0.382116,1.848454
trial_8,363,0.542910,1.130995
trial_8,364,0.163752,0.460194
trial_8,365,0.080895,0.645476
trial_8,366,0.159118,1.001500
trial_8,367,0.167400,0.696700
trial_8,368,0.054204,0.714547
trial_8,369,0.261379,0.562499
trial_8,370,0.030463,1.365998
trial_8,371,0.296378,0.762124
trial_8,372,0.182986,0.747286
trial_8,373,0.024810,0.901296
trial_8,374,0.658854,2.484443
trial_8,375,0.106673,0.442952
trial_8,376,0.098658,0.616677
trial_8,377,0.200548,0.705557
trial_8,378,0.192605,0.436984
trial_8,379,0.046129,0.411934
trial_8,380,0.305137,0.850262
trial_8,381,0.078733,0.443778
trial_8,382,0.039018,0.514438
trial_8,383,0.261747,1.800365
trial_8,384,0.117684,0.472738
trial_8,385,0.563732,1.334442
trial_8,386,0.380796,3.091374
trial_8,387,0.103828,2.816621
trial_8,388,0.365591,0.685668
trial_8,389,0.205040,0.870449
trial_8,390,0.024902,0.963087
trial_8,391,0.207497,1.197318
trial_8,392,0.425408,1.438857
trial_8,393,0.223368,1.137734
trial_8,394,0.200505,1.143338
trial_8,395,0.059830,0.570615
trial_8,396,0.089040,0.522365
trial_8,397,0.138581,0.553502
trial_8,398,0.149797,0.830276
trial_8,399,0.236081,1.050015
trial_8,400,0.161060,0.908021
trial_8,401,0.368866,1.232485
trial_8,402,0.090673,1.369823
trial_8,403,0.107627,0.599207
trial_8,404,0.146359,0.562903
trial_8,405,0.199934,0.619567
trial_8,406,0.142007,0.641066
trial_8,407,0.081240,0.339620
trial_8,408,0.176242,0.794654
trial_8,409,0.024357,1.002906
trial_8,410,0.116578,1.193847
trial_8,411,0.112552,1.400546
trial_8,412,0.115666,0.405755
trial_8,413,0.257932,1.588855
trial_8,414,0.286715,0.801461
trial_8,415,0.532834,0.920306
trial_8,416,0.101069,6.015099
trial_8,417,0.138070,0.651780
trial_8,418,0.352891,0.719182
trial_8,419,0.124891,1.170553
trial_8,420,0.149777,0.883063
trial_8,421,0.051429,0.577647
trial_8,422,0.167522,1.194373
trial_8,423,0.024290,0.582203
trial_8,424,0.268848,0.705189
trial_8,425,0.034346,0.497932
trial_8,426,0.004380,0.454948
trial_8,427,0.014735,1.047434
trial_8,428,0.286022,1.094481
trial_8,429,0.037289,0.573105
trial_8,430,0.232776,0.511678
trial_8,431,0.237029,0.798631
trial_8,432,0.072982,1.159112
trial_8,433,0.002334,0.413181
trial_8,434,0.407347,1.585211
trial_8,435,1.114020,4.021645
trial_8,436,0.016155,0.571240
trial_8,437,0.242015,1.160132
trial_8,438,0.254841,1.260253
trial_8,439,0.090741,0.908454
trial_8,440,0.033198,1.682774
trial_8,441,0.344964,1.400452
trial_8,442,0.138815,0.462111
trial_8,443,0.213097,0.727581
trial_8,444,0.075524,0.794374
trial_8,445,0.098567,1.051613
trial_8,446,0.111402,0.973625
trial_8,447,0.050907,1.079572
trial_8,448,0.001229,0.622308
trial_8,449,0.254614,1.531788
trial_8,450,0.078504,1.032460
trial_8,451,0.016953,0.919318
trial_8,452,0.101635,0.714969
trial_8,453,0.360489,1.264283
trial_8,454,0.110383,0.439365
trial_8,455,0.052116,0.934095
trial_8,456,0.226900,1.062007
trial_8,457,0.165437,0.510580
trial_8,458,0.019709,0.844411
trial_8,459,0.396039,0.972115
trial_8,460,0.212284,0.793858
trial_8,461,0.104221,0.702587
trial_8,462,0.272786,0.890622
trial_8,463,0.357259,0.701817
trial_8,464,0.234825,0.550577
trial_8,465,0.227609,0.758498
trial_8,466,0.120589,0.469344
trial_8,467,0.264804,1.186219
trial_8,468,0.193547,0.469870
trial_8,469,0.569070,2.379767
trial_8,470,0.040640,0.853883
trial_8,471,0.194265,0.780931
trial_8,472,0.234551,1.042419
trial_8,473,0.051348,0.774031
trial_8,474,0.505300,2.602120
trial_8,475,0.548394,2.567412
trial_8,476,0.444065,3.076572
trial_8,477,0.001811,0.803563
trial_8,478,0.084643,0.482708
trial_8,479,0.211021,0.590186
trial_8,480,0.011591,1.454066
trial_8,481,0.584974,2.939751
trial_8,482,0.006584,1.495082
trial_8,483,0.391539,1.791562
trial_8,484,0.056080,1.111310
trial_8,485,0.017962,0.478635
trial_8,486,0.064970,0.652001
trial_8,487,0.349240,0.990353
trial_8,488,0.073420,0.711179
trial_8,489,0.101874,0.507079
trial_8,490,0.122356,1.132879
trial_8,491,0.093432,0.484756
trial_8,492,0.205832,0.716980
trial_8,493,0.152523,0.982933
trial_8,494,0.184329,0.694726
trial_8,495,0.094710,0.740951
trial_8,496,0.241671,0.655015
trial_8,497,0.179010,0.582866
trial_8,498,0.201023,0.538344
trial_8,499,0.067335,1.028990
trial_8,500,0.299703,1.023004
trial_8,501,0.026376,0.377061
trial_8,502,0.068667,0.487531
trial_8,503,0.123157,0.480425
trial_8,504,0.057966,0.583265
trial_8,505,0.054278,0.868750
trial_8,506,0.026254,0.450893
trial_8,507,0.188120,1.421796
trial_8,508,0.259663,0.620223
trial_8,509,0.041838,1.348786
trial_8,510,0.326425,0.859306
trial_8,511,0.090085,0.443336
trial_8,512,0.683815,4.148639
trial_8,513,0.053783,1.131583
trial_8,514,0.119713,0.787281
trial_8,515,0.690040,10.325403
trial_8,516,0.056619,1.030219
trial_8,517,0.223276,3.423654
trial_8,518,0.018185,0.980420
trial_8,519,0.027981,1.119776
trial_8,520,0.007522,0.713263
trial_8,521,0.009307,0.499010
trial_8,522,0.041252,0.636694
trial_8,523,0.142024,1.447385
trial_8,524,0.271305,1.191441
trial_8,525,0.276301,1.685358
trial_8,526,0.080105,0.735329
trial_8,527,0.080293,0.655293
trial_8,528,0.139559,0.860872
trial_8,529,0.028249,0.621762
trial_8,530,0.150331,0.392433
trial_8,531,0.241343,0.991115
trial_8,532,0.092241,0.538730
trial_8,533,0.358081,0.640737
trial_8,534,0.036332,0.526502
trial_8,535,0.262371,0.739073
trial_8,536,0.055614,1.301856
trial_8,537,0.036855,1.846679
trial_8,538,0.001627,0.600233
trial_8,539,0.117737,1.164954
trial_8,540,0.029161,0.610650
trial_8,541,0.114408,0.654379
trial_8,542,0.234551,1.822269
trial_8,543,0.178192,0.498356
trial_8,544,0.142058,0.381459
trial_8,545,0.250556,0.889023
trial_8,546,0.014408,0.771467
trial_8,547,0.086371,0.679080
trial_8,548,0.139781,0.672338
trial_8,549,0.089698,0.910368
trial_8,550,0.213383,0.663596
trial_8,551,0.246601,0.559339
trial_8,552,0.150174,1.155660
trial_8,553,0.203907,0.572397
trial_8,554,0.230447,1.808531
trial_8,555,0.086251,0.403124
trial_8,556,0.155591,0.581377
trial_8,557,0.270457,0.716929
trial_8,558,0.031467,0.358183
trial_8,559,0.183282,0.532893
trial_8,560,0.204063,0.562485
trial_8,561,0.285615,1.169463
trial_8,562,0.303876,0.902773
trial_8,563,0.009319,0.810508
trial_8,564,0.093456,0.722290
trial_8,565,0.154198,1.278084
trial_8,566,0.027553,0.841455
trial_8,567,0.056846,1.075484
trial_8,568,0.214096,0.731078
trial_8,569,0.200258,0.583189
trial_8,570,0.115440,0.995446
trial_8,571,0.061397,0.486717
trial_8,572,0.137437,0.479478
trial_8,573,0.084987,0.410629
trial_8,574,0.117869,0.369122
trial_8,575,0.548221,2.987839
trial_8,576,0.210935,2.431084
trial_8,577,0.051590,0.610275
trial_8,578,0.132969,1.434719
trial_8,579,0.076301,0.530208
trial_8,580,0.133416,0.468567
trial_8,581,0.130683,0.666020
trial_8,582,0.066512,0.603669
trial_8,583,0.184301,1.163551
trial_8,584,0.026075,0.555901
trial_8,585,0.038387,0.798374
trial_8,586,0.185243,0.540077
trial_8,587,0.098338,0.892238
trial_8,588,0.235958,0.510836
trial_8,589,2.721276,20.461452
trial_8,590,0.233174,1.543381
trial_8,591,0.224135,0.804110
trial_8,592,0.111496,1.232554
trial_8,593,0.038161,0.774920
trial_8,594,0.451393,0.794361
trial_8,595,0.408273,2.350824
trial_8,596,0.029853,0.643436
trial_8,597,0.268310,1.387012
trial_8,598,0.084794,0.666448
trial_8,599,0.031935,0.773262
trial_8,600,0.229740,0.550519
trial_8,601,0.241474,2.241535
trial_8,602,0.131147,0.888611
trial_8,603,0.115190,1.521144
trial_8,604,0.187401,0.578397
trial_8,605,0.034651,0.789525
trial_8,606,0.035671,0.914215
trial_8,607,0.035118,0.961452
trial_8,608,0.022706,0.690039
trial_8,609,0.014765,1.354516
trial_8,610,0.281323,0.767399
trial_8,611,0.222480,0.657752
trial_8,612,0.366400,0.612738
trial_8,613,0.277545,1.109915
trial_8,614,0.124551,1.446972
trial_8,615,0.028947,0.437306
trial_8,616,0.215900,0.782669
trial_8,617,0.100317,0.894003
trial_8,618,0.144611,0.400016
trial_8,619,1.074750,6.002508
trial_8,620,0.461110,0.879731
trial_8,621,0.046203,0.621384
trial_8,622,0.251914,2.137403
trial_8,623,0.061177,0.412303
trial_8,624,0.277390,1.608785
trial_8,625,0.066532,0.713226
trial_8,626,0.023277,0.764962
trial_8,627,0.297252,1.778570
trial_8,628,0.168013,1.173845
trial_8,629,0.040621,0.455183
trial_8,630,0.377504,0.897189
trial_8,631,0.156890,1.174602
trial_8,632,0.013124,0.863927
trial_8,633,0.040572,0.538705
trial_8,634,0.237123,2.333659
trial_8,635,0.071230,1.248088
trial_8,636,0.010870,0.767249
trial_8,637,0.032348,0.989916
trial_8,638,0.185261,0.723359
trial_8,639,0.280783,0.848271
trial_8,640,0.090206,0.538749
trial_8,641,0.261390,0.898031
trial_8,642,0.023248,0.508726
trial_8,643,0.258693,1.482284
trial_8,644,0.188821,1.106845
trial_8,645,0.250799,1.159777
trial_8,646,0.520880,1.734252
trial_8,647,0.613958,2.266822
trial_8,648,0.002073,3.929431
trial_8,649,0.122667,1.195209
trial_8,650,0.346852,1.704142
trial_8,651,0.816784,2.742822
trial_8,652,0.629903,3.490799
trial_8,653,0.022518,0.776008
trial_8,654,0.168124,0.777614
trial_8,655,0.056120,0.494777
trial_8,656,0.324172,1.512307
trial_8,657,0.198907,2.222513
trial_8,658,0.040941,1.023594
trial_8,659,0.079952,0.802903
trial_8,660,0.009074,0.759788
trial_8,661,0.013464,0.770807
trial_8,662,0.472471,0.985434
trial_8,663,0.058994,1.033361
trial_8,664,0.088898,0.500829
trial_8,665,0.168910,1.061473
trial_8,666,0.410307,3.081386
trial_8,667,0.438474,0.860118
trial_8,668,0.170186,0.441012
trial_8,669,0.002687,0.507652
trial_8,670,0.043921,0.525306
trial_8,671,0.216328,0.652955
trial_8,672,0.235453,0.513165
trial_8,673,1.279257,6.880703
trial_8,674,0.066843,0.569363
trial_8,675,0.393924,0.988572
trial_8,676,0.282115,1.928180
trial_8,677,0.075430,0.897505
trial_8,678,0.131173,1.004815
trial_8,679,0.111553,2.113214
trial_8,680,0.257468,0.722930
trial_8,681,0.013251,0.609196
trial_8,682,0.165406,1.309159
trial_8,683,0.034315,0.513589
trial_8,684,0.513801,4.095144
trial_8,685,0.258992,2.208207
trial_8,686,0.014282,0.597996
trial_8,687,0.103347,0.732577
trial_8,688,0.001338,0.453977
trial_8,689,0.134081,0.900985
trial_8,690,0.015215,0.772847
trial_8,691,0.091814,0.506490
trial_8,692,0.219979,0.420803
trial_8,693,0.184189,0.882015
trial_8,694,0.283542,0.962207
trial_8,695,0.256349,0.636680
trial_8,696,0.165625,1.275663
trial_8,697,0.066537,1.887199
trial_8,698,0.292720,0.426969
trial_8,699,0.087879,0.588819
trial_8,700,0.074199,0.689457
trial_8,701,0.084526,1.005471
trial_8,702,0.102834,0.747105
trial_8,703,0.040954,1.281033
trial_8,704,0.052472,0.525289
trial_8,705,0.252240,0.431250
trial_8,706,0.169688,0.824256
trial_8,707,0.003521,0.541819
trial_8,708,0.159532,0.496862
trial_8,709,0.143668,1.933005
trial_8,710,0.209077,1.097579
trial_8,711,0.114314,0.765333
trial_8,712,0.128803,0.665638
trial_8,713,0.020707,1.700621
trial_8,714,0.208372,0.713329
trial_8,715,0.174812,0.642688
trial_8,716,0.040490,1.598616
trial_8,717,0.272218,0.744423
trial_8,718,0.324153,0.910471
trial_8,719,0.316971,0.528003
trial_8,720,0.074334,2.654895
trial_8,721,0.492117,0.697438
trial_8,722,0.186812,0.631971
trial_8,723,0.116279,0.362907
trial_8,724,0.383874,4.828250
trial_8,725,0.061412,1.573928
trial_8,726,0.306535,1.475189
trial_8,727,0.378371,1.022075
trial_8,728,0.195191,0.745923
trial_8,729,0.208039,0.774948
trial_8,730,0.180000,0.728216
trial_8,731,0.168082,0.885862
trial_8,732,0.338829,0.937694
trial_8,733,0.041402,0.601090
trial_8,734,0.043193,0.441819
trial_8,735,0.206150,1.552835
trial_8,736,0.128451,0.862872
trial_8,737,0.137932,1.111226
trial_8,738,0.061067,1.342973
trial_8,739,0.003641,0.682797
trial_8,740,0.167162,0.472274
trial_8,741,0.156582,0.870246
trial_8,742,0.136978,0.583272
trial_8,743,0.250114,2.760182
trial_8,744,0.170323,0.746304
trial_8,745,0.090747,0.508990
trial_8,746,0.162535,0.705086
trial_8,747,0.010265,0.575704
trial_8,748,0.076863,1.135309
trial_8,749,0.018854,0.976046
trial_8,750,0.040447,0.578917
trial_8,751,0.094928,1.095361
trial_8,752,0.331161,0.745028
trial_8,753,0.029900,1.142378
trial_8,754,0.016601,0.581765
trial_8,755,0.058243,0.858442
trial_8,756,0.304617,0.599477
trial_8,757,0.161320,0.866836
trial_8,758,0.185579,0.932195
trial_8,759,0.180149,1.135079
trial_8,760,0.195367,1.244706
trial_8,761,0.084358,1.039830
trial_8,762,0.119911,1.057253
trial_8,763,0.133163,0.547047
trial_8,764,0.224405,1.466654
trial_8,765,0.081571,0.628016
trial_8,766,0.122376,1.191371
trial_8,767,0.192331,1.123980
trial_8,768,0.092459,0.562358
trial_8,769,0.256047,0.619623
trial_8,770,0.195331,3.001343
trial_8,771,0.094129,0.680038
trial_8,772,0.938215,9.516653
trial_8,773,0.303147,2.553128
trial_8,774,0.186871,2.211271
trial_8,775,0.028264,1.251670
trial_8,776,0.052267,1.766531
trial_8,777,0.076242,1.008574
trial_8,778,0.127532,0.999080
trial_8,779,0.268859,1.293903
trial_8,780,0.052538,0.710542
trial_8,781,0.129715,1.412496
trial_8,782,0.035255,1.431855
trial_8,783,0.267944,1.023114
trial_8,784,0.093311,0.624973
trial_8,785,0.271740,0.751630
trial_8,786,0.035714,1.416196
trial_8,787,0.254727,0.797429
trial_8,788,0.005864,3.164212
trial_8,789,0.124428,0.690697
trial_8,790,0.045654,1.072425
trial_8,791,0.346763,1.390520
trial_8,792,0.035577,0.618933
trial_8,793,0.605459,1.356739
trial_8,794,0.109932,1.817900
trial_8,795,0.404224,1.766642
trial_8,796,0.183576,1.058770
trial_8,797,0.036510,0.793223
trial_8,798,0.071448,1.018201
trial_8,799,0.039525,0.510962
trial_8,800,0.244432,1.123283
trial_8,801,0.329697,1.102536
trial_8,802,0.416103,1.134454
trial_8,803,0.063104,0.433340
trial_8,804,0.146808,0.702435
trial_8,805,0.202995,1.183271
trial_8,806,0.082787,1.897225
trial_8,807,0.052543,0.431524
trial_8,808,0.049988,0.480513
trial_8,809,0.020911,0.421202
trial_8,810,0.010048,0.729880
trial_8,811,0.109795,1.047606
trial_8,812,0.154674,1.683221
trial_8,813,0.242462,2.560757
trial_8,814,0.052519,2.724479
trial_8,815,0.077143,0.598434
trial_8,816,0.220873,1.063204
trial_8,817,0.203696,0.596210
trial_8,818,0.089314,2.072932
trial_8,819,0.136071,1.448754
trial_8,820,0.579027,3.205353
trial_8,821,0.011313,0.981066
trial_8,822,0.141401,1.123614
trial_8,823,0.060463,1.162515
trial_8,824,0.054380,0.678115
trial_8,825,0.102277,1.635465
trial_8,826,0.109500,3.056439
trial_8,827,0.060118,1.267125
trial_8,828,0.026503,1.142825
trial_8,829,0.276900,1.008930
trial_8,830,0.035009,0.733324
trial_8,831,0.387365,2.153054
trial_8,832,0.318195,0.902647
trial_8,833,0.124917,1.234785
trial_8,834,0.031910,1.078158
trial_8,835,0.387984,0.831466
trial_8,836,0.097741,0.440955
trial_8,837,0.545929,2.411435
trial_8,838,0.178041,0.813708
trial_8,839,0.038322,0.816921
trial_8,840,0.144082,1.090883
trial_8,841,0.209603,2.208528
trial_8,842,0.129067,0.463268
trial_8,843,0.312612,1.043418
trial_8,844,0.162718,0.445195
trial_8,845,0.374495,0.721939
trial_8,846,0.237342,0.635253
trial_8,847,0.177629,1.036049
trial_8,848,0.153335,1.569658
trial_8,849,0.261461,0.433758
trial_8,850,0.216663,0.909367
trial_8,851,0.021083,0.790181
trial_8,852,0.054413,1.379242
trial_8,853,0.016187,0.452138
trial_8,854,0.000818,0.373572
trial_8,855,0.318051,0.873032
trial_8,856,0.205872,2.043225
trial_8,857,0.334073,1.249462
trial_8,858,0.063300,0.480173
trial_8,859,0.128670,0.639274
trial_8,860,0.253816,0.623996
trial_8,861,0.019862,0.598873
trial_8,862,0.003007,0.632660
trial_8,863,0.368505,0.932789
trial_8,864,0.109751,0.604053
trial_8,865,0.076846,0.462914
trial_8,866,0.184246,1.248876
trial_8,867,0.009285,0.564232
trial_8,868,0.152087,0.967407
trial_8,869,0.278430,2.225418
trial_8,870,0.051736,0.592052
trial_8,871,0.231777,1.021059
trial_8,872,0.253129,1.694654
trial_8,873,0.195500,0.535586
trial_8,874,0.148957,0.461241
trial_8,875,0.043137,0.763118
trial_8,876,0.174617,1.075036
trial_8,877,0.163262,0.554742
trial_8,878,0.071978,0.645824
trial_8,879,0.142514,0.383477
trial_8,880,0.186755,1.303326
trial_8,881,0.018784,0.507080
trial_8,882,0.224270,0.569709
trial_8,883,0.008446,0.506949
trial_8,884,0.049443,1.099976
trial_8,885,0.123105,0.487823
trial_8,886,0.049330,0.468016
trial_8,887,0.057975,3.215396
trial_8,888,0.075202,0.937634
trial_8,889,0.016135,0.645163
trial_8,890,0.125772,0.956369
trial_8,891,0.267357,0.852155
trial_8,892,0.181542,0.687110
trial_8,893,0.183846,0.816070
trial_8,894,0.057003,1.239967
trial_8,895,0.201392,0.764792
trial_8,896,0.371583,1.228327
trial_8,897,0.164236,0.547902
trial_8,898,0.183319,0.939617
trial_8,899,0.065001,0.990668
trial_8,900,0.212287,0.760823
trial_8,901,0.051122,0.403681
trial_8,902,0.134256,1.448534
trial_8,903,0.067665,0.368664
trial_8,904,0.079007,0.519629
trial_8,905,0.159424,0.889583
trial_8,906,0.056536,0.505215
trial_8,907,0.258499,0.954145
trial_8,908,0.019922,0.323585
trial_8,909,0.211294,2.535444
trial_8,910,0.011148,0.302289
trial_8,911,0.205058,0.611044
trial_8,912,0.028362,0.738511
trial_8,913,0.065536,1.113657
trial_8,914,0.163428,0.693922
trial_8,915,0.376340,0.914737
trial_8,916,0.076673,0.606477
trial_8,917,0.130103,0.638771
trial_8,918,0.309685,0.797993
trial_8,919,0.074380,1.893214
trial_8,920,0.052073,0.719986
trial_8,921,0.170924,0.523671
trial_8,922,0.041348,0.726016
trial_8,923,0.448108,0.970470
trial_8,924,0.435278,2.115331
trial_8,925,0.437132,3.946552
trial_8,926,0.081384,0.621372
trial_8,927,0.033590,0.618743
trial_8,928,0.088391,0.963309
trial_8,929,0.231744,0.604906
trial_8,930,0.080463,0.923931
trial_8,931,0.433475,2.940186
trial_8,932,0.042845,0.768012
trial_8,933,0.177932,1.788939
trial_8,934,0.206692,1.129471
trial_8,935,0.026121,0.479153
trial_8,936,0.096319,1.651723
trial_8,937,0.031706,0.904277
trial_8,938,0.180908,0.518154
trial_8,939,0.348193,1.092486
trial_8,940,0.288857,0.920775
trial_8,941,0.079857,0.783201
trial_8,942,0.302686,0.736181
trial_8,943,0.055446,0.751541
trial_8,944,0.200928,0.453861
trial_8,945,0.133314,0.604499
trial_8,946,0.065733,0.529132
trial_8,947,0.036833,0.749988
trial_8,948,0.598567,1.463936
trial_8,949,0.141428,2.740741
trial_8,950,0.065333,0.488361
trial_8,951,0.173441,0.448611
trial_8,952,0.009876,0.602538
trial_8,953,0.072711,0.727697
trial_8,954,0.162463,0.725277
trial_8,955,0.025905,1.057743
trial_8,956,0.418673,1.233395
trial_8,957,0.321624,1.755825
trial_8,958,0.017277,0.741525
trial_8,959,0.063704,0.928352
trial_8,960,0.152025,1.479606
trial_8,961,0.069999,0.735130
trial_8,962,0.128219,9.118349
trial_8,963,0.233969,1.597328
trial_8,964,0.003322,0.373961
trial_8,965,0.159486,0.688203
trial_8,966,0.039809,1.188805
trial_8,967,0.226826,1.343713
trial_8,968,0.082198,0.878751
trial_8,969,0.188237,0.644551
trial_8,970,0.029977,0.774035
trial_8,971,0.097763,0.368783
trial_8,972,0.046238,1.543215
trial_8,973,0.085245,0.549343
trial_8,974,0.076219,1.315126
trial_8,975,0.388616,1.827118
trial_8,976,0.059128,0.733438
trial_8,977,0.174274,0.556761
trial_8,978,0.219542,0.805250
trial_8,979,0.089664,0.456057
trial_8,980,0.113882,0.598823
trial_8,981,0.033238,0.733429
trial_8,982,0.435492,1.053447
trial_8,983,0.015889,0.558422
trial_8,984,0.271497,0.738177
trial_8,985,0.089178,0.957999
trial_8,986,0.114019,1.104195
trial_8,987,0.104684,0.781872
trial_8,988,0.573942,4.069900
trial_8,989,0.143797,0.753617
trial_8,990,0.239978,1.545841
trial_8,991,0.131707,0.783330
trial_8,992,0.062524,1.359055
trial_8,993,0.084293,0.794506
trial_8,994,0.049813,0.720866
trial_8,995,0.051095,0.826085
trial_8,996,0.033428,0.455723
trial_8,997,0.112153,3.898565
trial_8,998,0.201240,0.530822
trial_8,999,0.135399,0.373567
trial_8,1000,0.173329,0.781679
trial_9,1,0.022952,0.469024
trial_9,2,0.166974,0.423006
trial_9,3,0.091261,0.495266
trial_9,4,0.196374,0.737415
trial_9,5,0.316954,1.089845
trial_9,6,0.095077,0.635122
trial_9,7,0.296932,0.715603
trial_9,8,0.018343,0.763937
trial_9,9,0.097356,3.265012
trial_9,10,0.154309,1.297756
trial_9,11,0.167492,0.667554
trial_9,12,0.141471,0.944036
trial_9,13,0.401877,3.269244
trial_9,14,0.141597,0.553297
trial_9,15,0.244420,0.732086
trial_9,16,0.120908,0.641258
trial_9,17,0.203632,1.498471
trial_9,18,0.066714,0.919250
trial_9,19,0.188449,0.898321
trial_9,20,0.110786,0.535575
trial_9,21,0.246396,1.950028
trial_9,22,0.294438,0.606075
trial_9,23,0.151609,0.732379
trial_9,24,0.474310,1.203671
trial_9,25,0.085645,0.580392
trial_9,26,0.220087,1.877625
trial_9,27,0.141031,0.599611
trial_9,28,1.921356,5.300918
trial_9,29,0.143055,0.891594
trial_9,30,0.229911,1.056080
trial_9,31,0.293810,0.920531
trial_9,32,0.242034,0.638942
trial_9,33,0.161791,1.070898
trial_9,34,1.044720,8.524942
trial_9,35,0.310490,0.902383
trial_9,36,0.311665,1.427138
trial_9,37,0.302526,1.832644
trial_9,38,0.065551,1.031065
trial_9,39,0.197548,1.463122
trial_9,40,0.338677,1.156070
trial_9,41,0.018246,0.588073
trial_9,42,0.067893,0.663388
trial_9,43,0.417489,0.800843
trial_9,44,0.082102,0.724100
trial_9,45,0.018781,1.122886
trial_9,46,0.323274,0.955471
trial_9,47,0.304158,0.994033
trial_9,48,0.019559,0.583213
trial_9,49,0.171357,1.317437
trial_9,50,0.342418,1.049756
trial_9,51,0.034801,0.673942
trial_9,52,0.302157,1.030234
trial_9,53,0.503767,1.908799
trial_9,54,0.322224,1.981367
trial_9,55,0.121980,0.831147
trial_9,56,0.057981,0.495027
trial_9,57,0.329059,0.759182
trial_9,58,0.100231,1.193712
trial_9,59,0.086359,0.521784
trial_9,60,0.605307,2.974018
trial_9,61,0.330574,0.505608
trial_9,62,0.241472,0.712699
trial_9,63,0.012878,0.861955
trial_9,64,0.168833,0.770388
trial_9,65,0.549003,1.394750
trial_9,66,0.201599,0.601920
trial_9,67,0.108970,0.469556
trial_9,68,0.709597,3.704794
trial_9,69,0.377080,0.598474
trial_9,70,0.366622,0.535639
trial_9,71,0.219106,1.490277
trial_9,72,0.045962,0.451841
trial_10,1,0.028844,0.807102
trial_10,2,0.119096,0.477333
trial_11,1,0.055107,0.600182
trial_11,2,0.037025,0.389489
trial_11,3,0.037014,0.626857
trial_11,4,0.054116,0.627209
trial_11,5,0.096039,0.756515
trial_11,6,0.266895,0.537288
trial_11,7,0.136057,0.489859
trial_11,8,0.052180,0.748877
trial_11,9,0.235606,2.859465
trial_11,10,0.016409,1.120519
trial_11,11,0.179723,0.678752
trial_11,12,0.035026,0.798878
trial_11,13,0.046547,3.386830
trial_11,14,0.241569,0.588850
trial_11,15,0.112264,0.727448
trial_11,16,0.073219,0.524213
trial_11,17,0.008009,1.387042
trial_11,18,0.249208,0.777903
trial_11,19,0.020034,0.579679
trial_11,20,0.177636,0.582895
trial_11,21,0.283749,1.410620
trial_11,22,0.083448,0.555352
trial_11,23,0.315859,0.792023
trial_11,24,0.218855,0.838699
trial_11,25,0.083129,0.521238
trial_11,26,0.509473,1.686175
trial_11,27,0.309550,0.708436
trial_11,28,1.413132,3.905910
trial_11,29,0.007398,1.009773
trial_11,30,0.047216,0.850373
trial_11,31,0.123867,0.739613
trial_11,32,0.130682,0.500559
trial_11,33,0.002692,1.208664
trial_11,34,0.595368,5.813741
trial_11,35,0.134110,0.748529
trial_11,36,0.025372,0.936836
trial_11,37,0.120579,1.478850
trial_11,38,0.125680,0.804379
trial_11,39,0.345855,1.090264
trial_11,40,0.055092,0.908822
trial_11,41,0.277422,0.536969
trial_11,42,0.076892,0.517007
trial_11,43,0.072945,0.577329
trial_11,44,0.015201,0.768967
trial_11,45,0.240463,0.790125
trial_11,46,0.131921,0.846344
trial_11,47,0.014445,0.777897
trial_11,48,0.046153,0.425400
trial_11,49,0.024039,0.855737
trial_11,50,0.161665,0.888686
trial_11,51,0.137822,0.628310
trial_11,52,0.155756,0.716718
trial_11,53,0.153230,1.404156
trial_11,54,0.003793,1.466332
trial_11,55,0.026694,0.596240
trial_11,56,0.099655,0.411791
trial_11,57,0.139894,0.407146
trial_11,58,0.149617,0.965122
trial_11,59,0.050054,0.381142
trial_11,60,0.352819,3.413676
trial_11,61,0.282888,0.447359
trial_11,62,0.081272,0.451807
trial_11,63,0.260411,0.874525
trial_11,64,0.053260,0.608178
trial_11,65,0.481569,1.035633
trial_11,66,0.091319,0.511962
trial_11,67,0.191614,0.467579
trial_11,68,0.050099,2.179383
trial_11,69,0.027509,0.525092
trial_11,70,0.184504,0.419980
trial_11,71,0.069568,1.394251
trial_11,72,0.116377,0.496697
trial_11,73,0.095350,0.345662
trial_11,74,0.169913,0.465955
trial_11,75,0.006563,0.507762
trial_11,76,0.042540,0.800412
trial_11,77,0.195383,0.482869
trial_11,78,0.038371,0.312767
trial_11,79,0.059012,0.453254
trial_11,80,0.145467,0.571665
trial_11,81,0.416081,2.292635
trial_11,82,0.093176,1.446420
trial_11,83,0.152299,0.825907
trial_11,84,0.240639,2.399246
trial_11,85,0.072361,1.469693
trial_11,86,0.044083,2.133034
trial_11,87,0.054780,0.801106
trial_11,88,0.074345,0.785154
trial_11,89,0.054685,1.194164
trial_11,90,0.028635,0.709918
trial_11,91,0.150090,0.938351
trial_11,92,0.235550,1.688127
trial_11,93,0.134651,2.330118
trial_11,94,0.137495,0.656918
trial_11,95,0.004002,0.586221
trial_11,96,0.015319,0.583007
trial_11,97,0.355465,0.885053
trial_11,98,0.309643,1.805832
trial_11,99,0.311144,1.150555
trial_11,100,0.270865,0.651087
trial_11,101,0.134163,0.700397
trial_11,102,0.111179,0.864508
trial_11,103,0.177740,0.861168
trial_11,104,0.026376,0.820820
trial_11,105,0.005562,1.053241
trial_11,106,0.090781,0.883606
trial_11,107,0.212544,0.509870
trial_11,108,0.062684,3.737785
trial_11,109,0.120500,1.188224
trial_11,110,0.087032,1.002633
trial_11,111,0.231719,0.999178
trial_11,112,0.048175,1.010933
trial_11,113,0.355874,1.289532
trial_11,114,0.016450,0.783522
trial_11,115,0.104709,1.673373
trial_11,116,0.411535,0.829666
trial_11,117,0.181192,0.851071
trial_11,118,0.190497,0.712842
trial_11,119,0.178387,1.483859
trial_11,120,0.299361,1.703157
trial_11,121,0.153305,0.716836
trial_11,122,0.138845,0.662086
trial_11,123,0.353861,1.006257
trial_11,124,0.160595,1.047325
trial_11,125,0.193248,0.798182
trial_11,126,0.134340,1.667200
trial_11,127,0.180914,1.059858
trial_11,128,0.308589,0.699852
trial_11,129,0.489882,1.424631
trial_11,130,0.300677,3.551331
trial_11,131,0.161019,0.566719
trial_11,132,0.140349,1.279147
trial_11,133,0.268119,3.011323
trial_11,134,0.129135,0.832741
trial_11,135,0.077170,0.722521
trial_11,136,0.278245,0.939844
trial_11,137,0.618787,1.997072
trial_11,138,0.049516,0.541984
trial_11,139,0.088926,0.372854
trial_11,140,0.254973,0.504564
trial_11,141,0.000673,0.816323
trial_11,142,0.043375,0.972161
trial_11,143,0.192903,1.869172
trial_11,144,0.152050,0.582820
trial_11,145,0.042057,0.681872
trial_11,146,0.059473,1.463201
trial_11,147,0.387331,1.598659
trial_11,148,0.102422,0.764234
trial_11,149,0.085612,1.793628
trial_11,150,0.404581,0.694743
trial_11,151,0.230319,0.879285
trial_11,152,0.284127,0.974513
trial_11,153,0.271737,1.521956
trial_11,154,0.445488,1.211316
trial_11,155,0.052836,1.271974
trial_11,156,0.062505,0.739874
trial_11,157,0.126315,1.627249
trial_11,158,0.304041,1.227289
trial_11,159,0.081143,0.467802
trial_11,160,0.141087,1.105808
trial_11,161,0.255948,0.643745
trial_11,162,0.027343,0.454248
trial_11,163,0.074510,0.839349
trial_11,164,0.085257,0.489816
trial_11,165,0.355479,0.952671
trial_11,166,0.188725,0.998561
trial_11,167,0.038998,0.425227
trial_11,168,0.050333,0.825475
trial_11,169,0.056811,0.451622
trial_11,170,0.021913,0.745233
trial_11,171,0.065301,1.050326
trial_11,172,0.172020,0.862004
trial_11,173,0.033550,0.555561
trial_11,174,0.117445,0.733835
trial_11,175,0.250330,0.649741
trial_11,176,0.010488,0.801269
trial_11,177,0.127955,0.983055
trial_11,178,0.155947,0.629761
trial_11,179,0.274236,0.720423
trial_11,180,0.163259,1.489485
trial_11,181,0.034347,1.246070
trial_11,182,0.083295,0.431186
trial_11,183,0.189158,0.512654
trial_11,184,0.093226,1.065417
trial_11,185,0.027509,0.609889
trial_11,186,0.363687,0.612540
trial_11,187,0.203016,1.358610
trial_11,188,0.090536,0.476390
trial_11,189,0.124570,0.750859
trial_11,190,0.023054,0.545380
trial_11,191,0.070247,0.522157
trial_11,192,0.147699,0.828947
trial_11,193,0.218401,0.653209
trial_11,194,0.129101,0.548325
trial_11,195,0.282038,0.628793
trial_11,196,0.344901,0.856385
trial_11,197,0.025919,0.469137
trial_11,198,0.232848,0.647710
trial_11,199,0.193351,1.203058
trial_11,200,0.358341,0.661480
trial_11,201,0.131609,0.874288
trial_11,202,0.140637,0.484461
trial_11,203,0.228090,0.498729
trial_11,204,0.141266,0.728450
trial_11,205,0.086382,0.802342
trial_11,206,0.013779,0.493850
trial_11,207,0.083728,0.312829
trial_11,208,0.173334,0.608042
trial_11,209,0.164316,1.728878
trial_11,210,0.168383,1.843259
trial_11,211,0.142559,1.227063
trial_11,212,0.271955,1.348519
trial_11,213,0.070653,0.866351
trial_11,214,0.047336,0.842352
trial_11,215,0.058464,1.169009
trial_11,216,0.129287,0.883481
trial_11,217,0.046298,1.035559
trial_11,218,0.464024,1.985028
trial_11,219,0.042733,6.094697
trial_11,220,0.313965,1.344916
trial_11,221,0.320678,0.744138
trial_11,222,0.223446,0.695225
trial_11,223,0.229560,0.570493
trial_11,224,0.067799,0.485923
trial_11,225,0.062916,0.764272
trial_11,226,0.136495,0.799255
trial_11,227,0.255771,0.684041
trial_11,228,0.073760,0.800851
trial_11,229,0.145938,0.985358
trial_11,230,0.128907,1.188705
trial_11,231,0.152719,1.057481
trial_11,232,0.088129,1.304462
trial_11,233,0.015545,1.163034
trial_11,234,0.113827,0.681527
trial_11,235,0.297355,1.322568
trial_11,236,0.260169,0.753620
trial_11,237,0.077931,0.895115
trial_11,238,0.249213,0.612821
trial_11,239,0.064353,0.679180
trial_11,240,0.239557,1.144640
trial_11,241,0.082677,0.677015
trial_11,242,0.039287,0.593931
trial_11,243,0.092206,1.043157
trial_11,244,0.214072,1.024091
trial_11,245,0.212513,2.210210
trial_11,246,0.055521,0.841814
trial_11,247,0.057132,0.802324
trial_11,248,0.083635,0.710586
trial_11,249,0.280629,1.292292
trial_11,250,0.139284,0.883531
trial_11,251,0.050777,0.679857
trial_11,252,0.059260,0.652135
trial_11,253,0.038491,1.122893
trial_11,254,0.000306,2.158550
trial_11,255,0.516053,2.456568
trial_11,256,0.096830,1.004363
trial_11,257,0.290685,1.608429
trial_11,258,0.083684,0.508714
trial_11,259,0.144395,0.666034
trial_11,260,0.047250,0.423565
trial_11,261,0.009342,0.777367
trial_11,262,0.083502,0.793901
trial_11,263,0.037873,0.603760
trial_11,264,0.088606,0.673824
trial_11,265,0.120665,0.997681
trial_11,266,0.236023,0.744111
trial_11,267,0.043761,1.133011
trial_11,268,0.091458,0.462593
trial_11,269,0.014901,0.851957
trial_11,270,0.008013,0.414627
trial_11,271,0.036922,0.793131
trial_11,272,0.068019,0.546268
trial_11,273,0.141924,0.716344
trial_11,274,0.188858,0.507720
trial_11,275,0.135054,0.669019
trial_11,276,0.441206,1.990655
trial_11,277,0.093835,0.866170
trial_11,278,0.088454,0.721191
trial_11,279,0.284172,0.505924
trial_11,280,0.082834,1.126022
trial_11,281,0.235181,1.705664
trial_11,282,0.702570,2.196457
trial_11,283,0.034514,0.856584
trial_11,284,0.114260,0.765584
trial_11,285,0.128527,0.627157
trial_11,286,0.117409,1.123920
trial_11,287,0.059662,0.726987
trial_11,288,0.009352,0.931183
trial_11,289,0.133744,0.661182
trial_11,290,0.065047,0.799725
trial_11,291,0.280876,0.919224
trial_11,292,0.083128,1.477874
trial_11,293,0.054170,1.004769
trial_11,294,0.233229,0.450441
trial_11,295,0.119157,0.615294
trial_11,296,0.317673,1.677107
trial_11,297,0.222041,0.533950
trial_11,298,0.160523,0.579918
trial_11,299,0.027595,0.340001
trial_11,300,0.279128,0.515051
trial_11,301,0.092938,0.587581
trial_11,302,0.040686,0.936555
trial_11,303,0.032921,0.690700
trial_11,304,0.045738,0.396878
trial_11,305,0.259341,1.051123
trial_11,306,0.090100,0.657133
trial_11,307,0.028958,0.884625
trial_11,308,0.081487,1.761685
trial_11,309,0.340294,1.032584
trial_11,310,0.480601,1.557850
trial_11,311,0.008152,1.296961
trial_11,312,0.807453,3.715593
trial_11,313,0.191181,1.129854
trial_11,314,0.107886,1.371134
trial_11,315,0.048695,1.313056
trial_11,316,0.131179,1.078122
trial_11,317,0.060432,0.756833
trial_11,318,0.249069,0.851030
trial_11,319,0.110339,1.172966
trial_11,320,0.367569,2.269555
trial_11,321,0.060392,1.356624
trial_11,322,0.025749,0.926200
trial_11,323,0.302656,1.588100
trial_11,324,0.321016,0.862763
trial_11,325,0.131917,0.644748
trial_11,326,0.121511,1.140019
trial_11,327,0.348710,1.348139
trial_11,328,0.246911,0.891519
trial_11,329,0.415080,2.914532
trial_11,330,0.028926,1.693820
trial_11,331,0.346058,0.780254
trial_11,332,0.293795,1.018354
trial_11,333,0.031746,1.191666
trial_11,334,0.191737,1.121820
trial_11,335,0.041142,1.370339
trial_11,336,0.115630,1.168049
trial_11,337,0.298098,1.671590
trial_11,338,0.574884,2.800932
trial_11,339,0.000803,0.735313
trial_11,340,0.091359,0.514685
trial_11,341,0.140306,4.716542
trial_11,342,0.239341,0.689766
trial_11,343,0.106880,1.128343
trial_11,344,0.268948,1.576419
trial_11,345,2.204760,10.617076
trial_11,346,0.110044,2.922960
trial_11,347,0.195468,1.755776
trial_11,348,0.031014,2.680536
trial_11,349,0.064915,0.769668
trial_11,350,0.223016,1.694401
trial_11,351,0.164181,2.622956
trial_11,352,0.097251,0.779960
trial_11,353,0.025340,1.398946
trial_11,354,0.304057,1.426435
trial_11,355,0.039759,0.620554
trial_11,356,0.051931,0.700525
trial_11,357,0.230215,2.036142
trial_11,358,0.078801,0.694250
trial_11,359,0.104558,0.769817
trial_11,360,0.126821,0.622764
trial_11,361,0.078614,2.658233
trial_11,362,0.380518,2.617436
trial_11,363,0.295734,0.997551
trial_11,364,0.128891,0.585872
trial_11,365,0.175668,0.651206
trial_11,366,0.217045,0.960956
trial_11,367,0.063057,0.749385
trial_11,368,0.023364,0.778404
trial_11,369,0.008719,0.645007
trial_11,370,0.060445,1.451218
trial_11,371,0.130063,0.754349
trial_11,372,0.020245,0.797123
trial_11,373,0.159444,0.855905
trial_11,374,0.584293,1.766867
trial_11,375,0.119241,0.445673
trial_11,376,0.064225,0.788015
trial_11,377,0.004378,0.626560
trial_11,378,0.223298,0.525335
trial_11,379,0.191072,0.376013
trial_11,380,0.198564,0.846485
trial_11,381,0.030395,0.746044
trial_11,382,0.294825,0.685704
trial_11,383,0.047907,1.123173
trial_11,384,0.021810,0.403931
trial_11,385,0.280438,1.226667
trial_11,386,0.525366,2.713745
trial_11,387,0.346305,3.137890
trial_11,388,0.090283,0.508885
trial_11,389,0.383151,0.806639
trial_11,390,0.165501,1.007262
trial_11,391,0.084606,1.069855
trial_11,392,0.536445,1.462504
trial_11,393,0.254814,1.060318
trial_11,394,0.088924,0.745512
trial_11,395,0.060043,0.882608
trial_11,396,0.183141,0.644215
trial_11,397,0.024504,0.734544
trial_11,398,0.052434,0.808895
trial_11,399,0.173341,0.978438
trial_11,400,0.164935,1.081730
trial_11,401,0.217508,1.006631
trial_11,402,0.133026,1.481473
trial_11,403,0.016486,0.746758
trial_11,404,0.067019,0.555955
trial_11,405,0.096768,0.601880
trial_11,406,0.075181,0.546302
trial_11,407,0.097845,0.441174
trial_11,408,0.219816,0.712365
trial_11,409,0.018176,0.914036
trial_11,410,0.239995,0.859016
trial_11,411,0.040594,1.432612
trial_11,412,0.075199,0.605155
trial_11,413,0.131727,1.144663
trial_11,414,0.232554,0.662793
trial_11,415,0.094895,1.026684
trial_11,416,0.291071,6.760608
trial_11,417,0.039008,0.786944
trial_11,418,0.297608,0.704625
trial_11,419,0.727995,1.561116
trial_11,420,0.321390,1.049506
trial_11,421,0.059326,0.533400
trial_11,422,0.081234,1.225634
trial_11,423,0.095673,0.470336
trial_11,424,0.030082,0.596140
trial_11,425,0.118927,0.406984
trial_11,426,0.064142,0.454270
trial_11,427,0.023168,0.836660
trial_11,428,0.127591,1.313348
trial_11,429,0.254320,0.684267
trial_11,430,0.066999,0.451724
trial_11,431,0.226849,1.230190
trial_11,432,0.008002,0.965783
trial_11,433,0.197967,0.550236
trial_11,434,0.170011,1.174832
trial_11,435,0.590041,4.958295
trial_11,436,0.219239,0.699059
trial_11,437,0.482230,1.789055
trial_11,438,0.657079,2.115555
trial_11,439,0.044078,1.100043
trial_11,440,0.185567,1.926662
trial_11,441,0.361377,1.729273
trial_11,442,0.099689,0.784658
trial_11,443,0.146877,0.837911
trial_11,444,0.338148,0.950396
trial_11,445,0.247527,1.047257
trial_11,446,0.077801,1.319203
trial_11,447,0.271998,1.122324
trial_11,448,0.115755,0.652022
trial_11,449,0.237367,1.599047
trial_11,450,0.086920,1.510420
trial_11,451,0.044691,1.074083
trial_11,452,0.104423,0.715790
trial_11,453,0.054203,2.116326
trial_11,454,0.260481,0.708813
trial_11,455,0.219375,0.897816
trial_11,456,0.029829,1.217155
trial_11,457,0.033876,0.434738
trial_11,458,0.206024,1.146846
trial_11,459,0.152814,0.881802
trial_11,460,0.213528,0.707162
trial_11,461,0.119149,0.596942
trial_11,462,0.010741,1.165280
trial_11,463,0.118510,1.252776
trial_11,464,0.326852,0.909099
trial_11,465,0.038764,1.021308
trial_11,466,0.026116,0.521090
trial_11,467,0.096201,1.324217
trial_11,468,0.179470,0.533381
trial_11,469,1.023201,3.331993
trial_11,470,0.315146,0.743675
trial_11,471,0.299041,0.876148
trial_11,472,0.052511,1.035020
trial_11,473,0.050792,0.694700
trial_11,474,0.057925,2.829820
trial_11,475,0.025696,3.813383
trial_11,476,0.396635,3.209440
trial_11,477,0.075172,0.747242
trial_11,478,0.079479,0.533732
trial_11,479,0.061233,0.400442
trial_11,480,0.017379,1.036451
trial_11,481,0.202821,2.687749
trial_11,482,0.184874,1.734616
trial_11,483,0.293744,2.359931
trial_11,484,0.218371,1.081745
trial_11,485,0.267612,0.664907
trial_11,486,0.221406,0.793328
trial_11,487,0.270141,0.980696
trial_11,488,0.112133,0.591748
trial_11,489,0.031781,0.625657
trial_11,490,0.173831,0.830511
trial_11,491,0.154014,0.459381
trial_11,492,0.032414,0.676845
trial_11,493,0.002201,1.082240
trial_11,494,0.075360,0.656991
trial_11,495,0.025622,0.735202
trial_11,496,0.172189,0.565107
trial_11,497,0.241422,1.111676
trial_11,498,0.144586,0.455740
trial_11,499,0.148661,1.005366
trial_11,500,0.222222,1.229967
trial_11,501,0.119505,0.410675
trial_11,502,0.071122,0.512958
trial_11,503,0.183764,0.434141
trial_11,504,0.127713,0.748694
trial_11,505,0.043637,0.909041
trial_11,506,0.059111,0.719830
trial_11,507,0.336814,1.853649
trial_11,508,0.148776,0.737132
trial_11,509,0.073835,0.846324
trial_11,510,0.223332,1.066343
trial_11,511,0.022735,0.410496
trial_11,512,0.904768,2.989357
trial_11,513,0.294696,1.822289
trial_11,514,0.751878,2.379685
trial_11,515,0.000883,3.426099
trial_11,516,0.049505,0.940239
trial_11,517,0.000227,2.449588
trial_11,518,0.298503,1.177555
trial_11,519,0.080119,0.978013
trial_11,520,0.173539,0.600647
trial_11,521,0.131302,0.410202
trial_11,522,0.145942,0.602366
trial_11,523,0.393644,1.659851
trial_11,524,0.047063,0.845313
trial_11,525,0.267359,1.367769
trial_11,526,0.017139,0.843281
trial_11,527,0.252074,0.895447
trial_11,528,0.278292,1.323985
trial_11,529,0.003689,0.803648
trial_11,530,0.008158,0.607831
trial_11,531,0.059380,1.403584
trial_11,532,0.137802,0.521720
trial_11,533,0.119895,0.567083
trial_11,534,0.027047,0.562144
trial_11,535,0.184208,0.855631
trial_11,536,0.314081,1.287545
trial_11,537,0.339100,1.492719
trial_11,538,0.055248,0.756824
trial_11,539,0.226985,0.981245
trial_11,540,0.192564,0.842212
trial_11,541,0.236609,0.710385
trial_11,542,0.075777,2.637910
trial_11,543,0.176623,0.577888
trial_11,544,0.021584,0.430860
trial_11,545,0.073947,1.225527
trial_11,546,0.000714,1.015564
trial_11,547,0.161583,0.882431
trial_11,548,0.161304,0.773343
trial_11,549,0.104590,0.793832
trial_11,550,0.262748,1.056071
trial_11,551,0.199514,0.635146
trial_11,552,0.090056,1.060865
trial_11,553,0.181891,1.171878
trial_11,554,0.004591,2.186509
trial_11,555,0.111774,0.696371
trial_11,556,0.540737,0.821008
trial_11,557,0.043133,1.083066
trial_11,558,0.077037,0.527040
trial_11,559,0.114099,0.817027
trial_11,560,0.302953,0.843930
trial_11,561,0.272568,1.278284
trial_11,562,0.221124,1.187608
trial_11,563,0.054699,1.153384
trial_11,564,0.425924,1.380603
trial_11,565,0.175922,1.782559
trial_11,566,0.211275,1.086661
trial_11,567,0.400274,1.367884
trial_11,568,0.088290,0.967976
trial_11,569,0.183111,0.640127
trial_11,570,0.103102,1.061316
trial_11,571,0.062053,0.601962
trial_11,572,0.350722,0.689970
trial_11,573,0.190090,0.530289
trial_11,574,0.117564,0.384979
trial_11,575,0.478767,4.640231
trial_11,576,0.264789,2.329239
trial_11,577,0.009664,0.688999
trial_11,578,0.076797,1.282963
trial_11,579,0.237901,0.857688
trial_11,580,0.115327,0.550564
trial_11,581,0.211880,0.915971
trial_11,582,0.141791,0.645494
trial_11,583,0.085332,1.374377
trial_11,584,0.019773,0.451766
trial_11,585,0.041224,0.888069
trial_11,586,0.013925,0.596163
trial_11,587,0.076852,0.699635
trial_11,588,0.179926,0.531065
trial_11,589,2.384134,16.542365
trial_11,590,0.336984,1.312306
trial_11,591,0.120289,1.297048
trial_11,592,0.202413,1.182846
trial_11,593,0.074128,0.683469
trial_11,594,0.030971,0.591331
trial_11,595,0.006359,1.512332
trial_11,596,0.267793,1.021065
trial_11,597,0.064928,1.019345
trial_11,598,0.047601,0.667368
trial_11,599,0.274719,0.870385
trial_11,600,0.092107,0.576807
trial_11,601,0.134978,2.939205
trial_11,602,0.001825,0.908669
trial_11,603,0.122381,1.215441
trial_11,604,0.165621,0.551674
trial_11,605,0.120780,0.782325
trial_11,606,0.317187,0.820793
trial_11,607,0.057129,1.037631
trial_11,608,0.029904,0.672335
trial_11,609,0.104276,1.290837
trial_11,610,0.151076,0.838337
trial_11,611,0.047451,0.425223
trial_11,612,0.008591,0.439779
trial_11,613,0.395216,1.001305
trial_11,614,0.255047,1.281444
trial_11,615,0.027411,0.354103
trial_11,616,0.121191,0.662936
trial_11,617,0.156940,0.878320
trial_11,618,0.011794,0.477512
trial_11,619,0.833995,5.217430
trial_11,620,0.083746,0.587991
trial_11,621,0.239218,0.535283
trial_11,622,0.429937,1.603878
trial_11,623,0.118888,0.430819
trial_11,624,0.255383,1.584323
trial_11,625,0.251334,0.962508
trial_11,626,0.067477,0.870402
trial_11,627,0.062535,1.506933
trial_11,628,0.188127,1.095763
trial_11,629,0.079390,0.492820
trial_11,630,0.032697,0.812943
trial_11,631,0.123441,0.925436
trial_11,632,0.000815,0.524450
trial_11,633,0.113697,0.606298
trial_11,634,0.064572,0.975250
trial_11,635,0.024953,1.301918
trial_11,636,0.123348,1.040203
trial_11,637,0.317689,1.435646
trial_11,638,0.432507,0.815542
trial_11,639,0.349949,1.031581
trial_11,640,0.175079,0.503892
trial_11,641,0.142525,0.942268
trial_11,642,0.068208,0.560990
trial_11,643,0.172208,1.851997
trial_11,644,0.494347,1.478278
trial_11,645,0.461442,1.276307
trial_11,646,0.316311,2.400368
trial_11,647,0.059718,1.483268
trial_11,648,0.628978,3.828607
trial_11,649,0.069622,0.816892
trial_11,650,0.225495,1.521206
trial_11,651,0.456488,1.108575
trial_11,652,1.157182,4.299666
trial_11,653,0.064954,0.649651
trial_11,654,0.133813,0.766354
trial_11,655,0.138420,0.471677
trial_11,656,0.157615,1.278190
trial_11,657,0.087861,2.201400
trial_11,658,0.241613,1.141163
trial_11,659,0.244188,1.065308
trial_11,660,0.078433,0.698745
trial_11,661,0.034762,0.678276
trial_11,662,0.225398,1.553071
trial_11,663,0.077194,1.430777
trial_11,664,0.269410,0.853876
trial_11,665,0.073788,1.074422
trial_11,666,0.283496,1.869106
trial_11,667,0.342850,1.055930
trial_11,668,0.209647,0.650446
trial_11,669,0.137312,0.595076
trial_11,670,0.009329,0.563071
trial_11,671,0.037463,1.296482
trial_11,672,0.009021,0.553751
trial_11,673,0.988622,6.556963
trial_11,674,0.211789,0.683469
trial_11,675,0.093866,0.850448
trial_11,676,0.108644,1.516816
trial_11,677,0.055101,0.848177
trial_11,678,0.260285,0.850143
trial_11,679,0.039412,2.497686
trial_11,680,0.160637,0.571535
trial_11,681,0.181696,0.406274
trial_11,682,0.186491,2.094517
trial_11,683,0.320487,0.962920
trial_11,684,0.224760,3.490913
trial_11,685,0.306028,2.550359
trial_11,686,0.242560,0.822471
trial_11,687,0.079707,0.982823
trial_11,688,0.036804,0.496556
trial_11,689,0.121530,1.055538
trial_11,690,0.071496,1.263031
trial_11,691,0.233191,0.774143
trial_11,692,0.297676,0.538332
trial_11,693,0.271939,0.980055
trial_11,694,0.309842,1.009057
trial_11,695,0.143115,0.570379
trial_11,696,0.314406,1.319827
trial_11,697,0.509947,1.549528
trial_11,698,0.101015,0.472688
trial_11,699,0.140502,0.503063
trial_11,700,0.013144,0.826194
trial_11,701,0.099727,1.230126
trial_11,702,0.122735,1.041275
trial_11,703,0.416996,2.312021
trial_11,704,0.104702,0.776351
trial_11,705,0.027116,0.689944
trial_11,706,0.257517,1.280761
trial_11,707,0.109949,0.693551
trial_11,708,0.141500,0.798157
trial_11,709,0.395775,2.102923
trial_11,710,0.328266,2.390803
trial_11,711,0.096984,1.252071
trial_11,712,0.197533,0.832928
trial_11,713,0.115706,1.953757
trial_11,714,0.151100,0.796635
trial_11,715,0.064825,0.469885
trial_11,716,0.188023,0.909460
trial_11,717,0.040500,0.595345
trial_11,718,0.045779,1.052804
trial_11,719,0.006972,0.527994
trial_11,720,0.552106,1.995538
trial_11,721,0.141161,0.571140
trial_11,722,0.024166,0.533107
trial_11,723,0.107173,0.391363
trial_11,724,0.278755,1.911168
trial_11,725,0.299088,1.225787
trial_11,726,0.316817,1.303399
trial_11,727,0.068842,1.723753
trial_11,728,0.220471,0.701621
trial_11,729,0.405431,0.809783
trial_11,730,0.005416,0.707597
trial_11,731,0.166659,0.801439
trial_11,732,0.092299,0.857263
trial_11,733,0.024938,0.611729
trial_11,734,0.032645,0.568220
trial_11,735,0.124582,1.142697
trial_11,736,0.187697,0.768580
trial_11,737,0.181287,1.098267
trial_11,738,0.175719,1.314192
trial_11,739,0.074710,0.895476
trial_11,740,0.027556,0.400606
trial_11,741,0.109510,0.799229
trial_11,742,0.234879,0.722284
trial_11,743,0.497304,3.023116
trial_11,744,0.286571,0.866506
trial_11,745,0.183679,0.519753
trial_11,746,0.005417,0.550162
trial_11,747,0.095930,0.427042
trial_11,748,0.129630,0.885239
trial_11,749,0.026420,1.583474
trial_11,750,0.087691,0.826835
trial_11,751,0.011068,1.466413
trial_11,752,0.189734,0.760893
trial_11,753,0.240880,1.220584
trial_11,754,0.000951,0.507115
trial_11,755,0.021508,0.786563
trial_11,756,0.101037,0.639009
trial_11,757,0.378270,0.957559
trial_11,758,0.205029,0.948349
trial_11,759,0.035246,1.332856
trial_11,760,0.197722,0.987110
trial_11,761,0.137006,0.922884
trial_11,762,0.177983,1.519041
trial_11,763,0.191441,0.804094
trial_11,764,0.031507,1.248442
trial_11,765,0.136662,1.117092
trial_11,766,0.420548,1.769054
trial_11,767,0.057783,1.246139
trial_11,768,0.109752,0.827739
trial_11,769,0.128101,0.719242
trial_11,770,0.308346,3.310833
trial_11,771,0.064096,0.715426
trial_11,772,2.557660,10.509620
trial_11,773,0.477613,3.226852
trial_11,774,0.044037,2.097760
trial_11,775,0.044181,0.908476
trial_11,776,0.186257,1.864890
trial_11,777,0.102903,1.915486
trial_11,778,0.099887,0.964894
trial_11,779,0.053136,1.143946
trial_11,780,0.020717,0.653282
trial_11,781,0.124482,1.475039
trial_11,782,0.092019,1.177512
trial_11,783,0.127026,1.523980
trial_11,784,0.187258,0.643748
trial_11,785,0.067748,0.664262
trial_11,786,0.049581,1.248833
trial_11,787,0.322439,0.762384
trial_11,788,0.139218,3.327616
trial_11,789,0.130426,0.762715
trial_11,790,0.018527,0.855850
trial_11,791,0.143705,1.075220
trial_11,792,0.118082,0.657757
trial_11,793,0.385124,1.164927
trial_11,794,0.312061,1.890170
trial_11,795,0.143046,1.438827
trial_11,796,0.001696,0.952686
trial_11,797,0.056561,1.044856
trial_11,798,0.043551,0.906995
trial_11,799,0.027871,0.565077
trial_11,800,0.061366,0.973510
trial_11,801,0.127420,1.801594
trial_11,802,0.051180,0.842244
trial_11,803,0.021345,0.493273
trial_11,804,0.041188,0.711393
trial_11,805,0.141459,0.984493
trial_11,806,0.068888,2.527248
trial_11,807,0.126533,0.713241
trial_11,808,0.006934,0.638710
trial_11,809,0.053863,0.600223
trial_11,810,0.182715,0.869651
trial_11,811,0.154164,0.915052
trial_11,812,0.075732,1.625781
trial_11,813,0.174270,2.902630
trial_11,814,0.158076,2.469421
trial_11,815,0.129768,0.526349
trial_11,816,0.232630,1.001494
trial_11,817,0.031971,0.637084
trial_11,818,0.353331,1.882536
trial_11,819,0.277224,1.431568
trial_11,820,0.158876,4.759878
trial_11,821,0.259601,0.672965
trial_11,822,0.280168,1.558938
trial_11,823,0.183250,0.889837
trial_11,824,0.179167,0.725008
trial_11,825,0.025713,2.294948
trial_11,826,0.282561,3.612879
trial_11,827,0.029079,0.996414
trial_11,828,0.255113,1.006534
trial_11,829,0.104055,1.238526
trial_11,830,0.032143,0.696009
trial_11,831,0.167616,2.378892
trial_11,832,0.357485,1.081671
trial_11,833,0.232680,1.022501
trial_11,834,0.234811,0.934417
trial_11,835,0.109854,0.836924
trial_11,836,0.010396,0.524823
trial_11,837,0.313868,2.434519
trial_11,838,0.148593,1.142188
trial_11,839,0.021825,1.017566
trial_11,840,0.156581,1.188387
trial_11,841,0.176815,1.812025
trial_11,842,0.011243,0.613883
trial_11,843,0.482515,1.037355
trial_11,844,0.417476,0.773675
trial_11,845,0.079338,0.595560
trial_11,846,0.053754,0.522275
trial_11,847,0.492953,1.004699
trial_11,848,0.075683,1.261593
trial_11,849,0.167090,0.545512
trial_11,850,0.015495,1.129885
trial_11,851,0.052200,0.952897
trial_11,852,0.200631,1.736153
trial_11,853,0.144402,0.572607
trial_11,854,0.080662,0.524065
trial_11,855,0.258255,0.972973
trial_11,856,0.475652,1.757110
trial_11,857,0.165784,1.471118
trial_11,858,0.028582,0.538615
trial_11,859,0.014204,0.970942
trial_11,860,0.011526,0.851890
trial_11,861,0.001724,0.441665
trial_11,862,0.004378,0.608644
trial_11,863,0.212115,0.817697
trial_11,864,0.088388,0.739380
trial_11,865,0.106402,0.602531
trial_11,866,0.215628,1.213970
trial_11,867,0.118996,0.650570
trial_11,868,0.158974,1.020020
trial_11,869,0.334325,1.987786
trial_11,870,0.126796,0.872027
trial_11,871,0.169791,1.501714
trial_11,872,0.096309,1.988027
trial_11,873,0.043288,0.628326
trial_11,874,0.174199,0.502087
trial_11,875,0.267710,1.151825
trial_11,876,0.071588,0.938964
trial_11,877,0.073157,0.683070
trial_11,878,0.144501,0.771759
trial_11,879,0.015756,0.542930
trial_11,880,0.088475,1.266391
trial_11,881,0.040678,0.615178
trial_11,882,0.413372,0.704306
trial_11,883,0.123824,0.533167
trial_11,884,0.258687,1.244487
trial_11,885,0.153108,0.531683
trial_11,886,0.002113,0.516369
trial_11,887,0.286143,5.066777
trial_11,888,0.023383,1.111924
trial_11,889,0.058110,0.801229
trial_11,890,0.143589,1.133360
trial_11,891,0.293018,0.825224
trial_11,892,0.091486,0.775997
trial_11,893,0.157625,1.518358
trial_11,894,0.201849,1.256571
trial_11,895,0.021193,0.882117
trial_11,896,0.026751,1.100322
trial_11,897,0.073918,0.940464
trial_11,898,0.014957,1.249126
trial_11,899,0.392334,1.117665
trial_11,900,0.042417,0.756904
trial_11,901,0.006794,0.417051
trial_11,902,0.406144,1.811117
trial_11,903,0.122631,0.480717
trial_11,904,0.069492,0.640058
trial_11,905,0.055517,1.345466
trial_11,906,0.024439,0.692285
trial_11,907,0.006779,0.763925
trial_11,908,0.059640,0.405613
trial_11,909,0.174526,2.870525
trial_11,910,0.128466,0.373547
trial_11,911,0.046264,0.559355
trial_11,912,0.068373,0.715397
trial_11,913,0.073241,0.915982
trial_11,914,0.264137,0.887491
trial_11,915,0.201552,0.895829
trial_11,916,0.049757,0.625764
trial_11,917,0.055271,0.899091
trial_11,918,0.146656,0.857337
trial_11,919,0.678811,2.281661
trial_11,920,0.268333,0.987582
trial_11,921,0.007078,0.604205
trial_11,922,0.404001,0.884877
trial_11,923,0.202663,0.814164
trial_11,924,0.046868,2.380773
trial_11,925,0.080819,2.872849
trial_11,926,0.106084,0.905693
trial_11,927,0.084114,1.146809
trial_11,928,0.077746,1.055597
trial_11,929,0.046948,0.880849
trial_11,930,0.112648,0.867594
trial_11,931,0.215489,3.386809
trial_11,932,0.093503,0.851715
trial_11,933,0.469152,1.968605
trial_11,934,0.074422,1.283152
trial_11,935,0.150182,0.541098
trial_11,936,0.595579,2.197577
trial_11,937,0.223586,2.152957
trial_11,938,0.005570,0.600776
trial_11,939,0.039270,1.080848
trial_11,940,0.397303,0.931441
trial_11,941,0.005261,0.870400
trial_11,942,0.166801,0.835139
trial_11,943,0.367075,1.503064
trial_11,944,0.286927,0.653578
trial_11,945,0.000068,0.813270
trial_11,946,0.177201,0.688163
trial_11,947,0.278428,0.759430
trial_11,948,0.126721,1.401657
trial_11,949,0.008218,2.205896
trial_11,950,0.170901,0.723993
trial_11,951,0.036056,0.623803
trial_11,952,0.088596,1.156745
trial_11,953,0.005768,0.933659
trial_11,954,0.173083,0.933533
trial_11,955,0.146633,1.472706
trial_11,956,0.014972,1.638899
trial_11,957,0.429275,1.987477
trial_11,958,0.081673,1.458084
trial_11,959,0.142560,1.762575
trial_11,960,0.487264,1.695194
trial_11,961,0.026691,2.109998
trial_11,962,0.168585,12.114783
trial_11,963,0.359531,2.836699
trial_11,964,0.019396,0.505642
trial_11,965,0.202811,0.940545
trial_11,966,0.259673,2.061416
trial_11,967,0.183965,1.474881
trial_11,968,0.009759,1.101583
trial_11,969,0.277871,0.957564
trial_11,970,0.074602,1.044749
trial_11,971,0.123239,0.842333
trial_11,972,0.510245,1.766705
trial_11,973,0.019617,0.697343
trial_11,974,0.075834,1.529534
trial_11,975,0.089471,1.521509
trial_11,976,0.084623,0.977709
trial_11,977,0.256125,0.622100
trial_11,978,0.528911,1.069523
trial_11,979,0.071324,0.569969
trial_11,980,0.090076,0.680175
trial_11,981,0.339404,2.022446
trial_11,982,0.250673,2.280322
trial_11,983,0.243271,1.078088
trial_11,984,0.093799,1.113747
trial_11,985,0.221203,1.491485
trial_11,986,0.094575,1.320856
trial_11,987,0.032648,0.980690
trial_11,988,0.909854,4.188399
trial_11,989,0.294682,1.135517
trial_11,990,0.244791,1.664393
trial_11,991,0.149333,1.317693
trial_11,992,0.002264,2.566411
trial_11,993,0.006738,1.433868
trial_11,994,0.253619,1.365674
trial_11,995,0.057443,1.322053
trial_11,996,0.424238,1.055562
trial_11,997,0.033245,3.055983
trial_11,998,0.076960,0.617608
trial_11,999,0.239466,0.573527
trial_11,1000,0.097615,1.435312
trial_12,1,0.178668,0.725516
trial_12,2,0.079776,0.547503
trial_13,1,0.148705,0.639242
trial_13,2,0.040186,0.411262
trial_13,3,0.065763,0.482444
trial_13,4,0.058377,0.621130
trial_13,5,0.033381,1.083166
trial_13,6,0.114188,0.578054
trial_13,7,0.081597,0.513662
trial_13,8,0.000658,0.811752
trial_13,9,0.082097,1.979814
trial_13,10,0.155405,2.136875
trial_13,11,0.029098,1.554100
trial_13,12,0.189686,1.033060
trial_13,13,0.771645,3.944002
trial_13,14,0.105569,0.736503
trial_13,15,0.206653,0.703272
trial_13,16,0.051192,0.543301
trial_13,17,0.321632,1.438867
trial_13,18,0.150204,0.921055
trial_13,19,0.042837,0.945370
trial_13,20,0.182177,0.666068
trial_13,21,0.102408,1.698324
trial_13,22,0.157610,0.715692
trial_13,23,0.445901,1.440981
trial_13,24,0.225954,1.237732
trial_13,25,0.003272,1.131213
trial_13,26,0.307343,2.070513
trial_13,27,0.259725,0.646940
trial_13,28,1.277504,4.577476
trial_13,29,0.039913,1.117906
trial_13,30,0.155894,0.819352
trial_13,31,0.274827,0.718291
trial_13,32,0.018453,0.539972
trial_13,33,0.014558,1.419182
trial_13,34,0.343715,6.735401
trial_13,35,0.238928,1.824864
trial_13,36,0.240704,1.616478
trial_13,37,0.318852,2.238810
trial_13,38,0.271455,1.364015
trial_13,39,0.064039,1.351142
trial_13,40,0.033448,1.458769
trial_13,41,0.151062,0.531201
trial_13,42,0.107480,0.553654
trial_13,43,0.110699,0.542197
trial_13,44,0.029818,0.683921
trial_13,45,0.268670,1.329689
trial_13,46,0.058831,1.258654
trial_13,47,0.183334,1.137126
trial_13,48,0.136583,1.076757
trial_13,49,0.215753,0.927765
trial_13,50,0.373917,1.253913
trial_13,51,0.053199,0.740734
trial_13,52,0.459308,0.926080
trial_13,53,0.381310,1.531872
trial_13,54,0.179215,1.375109
trial_13,55,0.061277,0.929704
trial_13,56,0.248829,0.646442
trial_13,57,0.250348,0.755893
trial_13,58,0.062396,0.819518
trial_13,59,0.025247,0.575081
trial_13,60,0.248921,2.164256
trial_13,61,0.104673,0.532715
trial_13,62,0.064497,0.938492
trial_13,63,0.354030,1.088612
trial_13,64,0.457309,0.881456
trial_13,65,0.130668,2.217371
trial_13,66,0.024279,0.744772
trial_13,67,0.104243,0.592430
trial_13,68,0.068652,2.585870
trial_13,69,0.059527,0.557121
trial_13,70,0.103032,0.626514
trial_13,71,0.291062,1.425259
trial_13,72,0.084129,0.455859
trial_14,1,0.036924,0.587271
trial_14,2,0.110020,0.429898
trial_14,3,0.179689,0.512193
trial_14,4,0.127302,0.595448
trial_14,5,0.115340,1.163594
trial_14,6,0.044874,0.606822
trial_14,7,0.124464,0.571220
trial_14,8,0.027341,0.812454
trial_14,9,0.510788,2.967863
trial_14,10,0.109326,1.316776
trial_14,11,0.156174,0.801912
trial_14,12,0.207788,1.093940
trial_14,13,0.186191,3.769753
trial_14,14,0.071798,0.540799
trial_14,15,0.236537,0.716031
trial_14,16,0.141326,0.511361
trial_14,17,0.183929,1.479942
trial_14,18,0.310588,1.042452
trial_14,19,0.015849,1.005721
trial_14,20,0.118261,0.564140
trial_14,21,0.037061,1.366333
trial_14,22,0.051293,0.670428
trial_14,23,0.338815,1.365569
trial_14,24,0.059611,2.561626
trial_14,25,0.106980,1.106554
trial_14,26,0.160952,1.816047
trial_14,27,0.171558,0.638451
trial_14,28,1.321480,4.048201
trial_14,29,0.095405,1.244174
trial_14,30,0.356281,0.853062
trial_14,31,0.286307,0.768110
trial_14,32,0.025692,0.610882
trial_14,33,0.091049,0.977801
trial_14,34,0.005607,7.082543
trial_14,35,0.215334,1.794939
trial_14,36,0.421763,1.688582
trial_14,37,0.460759,2.170171
trial_14,38,0.276926,1.216667
trial_14,39,0.108884,1.760516
trial_14,40,0.089098,2.413436
trial_14,41,0.213463,0.941053
trial_14,42,0.029307,0.743935
trial_14,43,0.064149,0.748088
trial_14,44,0.046377,0.803786
trial_14,45,0.472098,1.500538
trial_14,46,0.429847,1.189154
trial_14,47,0.075280,1.128752
trial_14,48,0.043141,0.673725
trial_14,49,0.244685,1.097734
trial_14,50,0.451910,1.035046
trial_14,51,0.080703,0.717994
trial_14,52,0.192538,0.726368
trial_14,53,0.511942,1.893404
trial_14,54,0.106040,1.471471
trial_14,55,0.007256,0.865023
trial_14,56,0.104832,0.662096
trial_15,1,0.225937,0.668859
trial_15,2,0.021669,0.584951
trial_16,1,0.049148,0.634219
trial_16,2,0.096592,0.621451
trial_17,1,0.074078,0.685519
trial_17,2,0.097743,0.585755
trial_18,1,0.257828,0.738517
trial_18,2,0.238960,0.589422
trial_19,1,0.016966,0.687009
trial_19,2,0.010766,0.625195
trial_20,1,0.039451,0.742847
trial_20,2,0.126549,0.690195
trial_21,1,0.160581,0.818022
trial_21,2,0.119452,0.725475
trial_22,1,0.095547,0.781608
trial_22,2,0.223192,0.764560
trial_23,1,0.224847,0.845627
trial_23,2,0.196431,0.778088
trial_24,1,0.361217,0.907119
trial_24,2,0.048396,0.761807
trial_25,1,0.193346,0.873241
trial_25,2,0.153332,0.747929
trial_26,1,0.235951,0.908821
trial_26,2,0.030854,0.730663
trial_27,1,0.267083,0.943004
trial_27,2,0.133407,0.779583
trial_28,1,0.024457,0.983849
trial_28,2,0.164156,0.832306
trial_29,1,0.090846,0.998082
trial_29,2,0.052419,0.858649
