replica,eps_ate,pehe,co2_kg
0,0.008562,0.689142,
1,0.110227,0.782015,
2,0.188511,0.98324,
3,0.332227,1.127713,
4,0.141821,1.111582,
5,0.190485,0.82265,
