trial_id,replica,eps_ate,pehe
trial_0,1,0.062327,0.763264
trial_0,2,0.241186,1.136657
trial_0,3,0.365742,0.999070
trial_0,4,0.607210,1.407460
trial_0,5,0.175349,1.432894
trial_0,6,0.007117,0.871204
trial_0,7,0.053268,1.259706
trial_0,8,0.159096,1.346444
trial_0,9,1.957369,5.017635
trial_0,10,0.049575,1.810818
trial_0,11,0.159674,1.046870
trial_0,12,0.210363,1.580973
trial_0,13,1.450836,7.639474
trial_0,14,0.101316,1.269568
trial_0,15,0.223246,1.296986
trial_0,16,0.051922,1.346909
trial_0,17,0.182373,1.788721
trial_0,18,0.260475,1.314549
trial_0,19,0.031994,1.255420
trial_0,20,0.023448,1.220042
trial_0,21,0.284954,2.119067
trial_0,22,0.279320,1.322246
trial_0,23,0.024309,1.485391
trial_0,24,0.138245,1.673112
trial_0,25,0.187937,1.154958
trial_0,26,0.208902,2.774065
trial_0,27,0.062515,1.341080
trial_0,28,1.502415,6.862428
trial_0,29,0.205081,1.128843
trial_0,30,0.071468,0.954382
trial_0,31,0.154169,1.083381
trial_0,32,0.187562,0.938057
trial_0,33,0.125762,1.232070
trial_0,34,0.804252,8.806106
trial_0,35,0.159599,1.095422
trial_0,36,0.085614,1.532293
trial_0,37,0.231229,2.102601
trial_0,38,0.088744,0.853137
trial_0,39,0.205441,1.482839
trial_0,40,0.322928,1.030706
trial_0,41,0.031599,0.634137
trial_0,42,0.024555,0.862900
trial_0,43,0.030261,1.054516
trial_0,44,0.303855,1.302495
trial_0,45,0.358559,1.509913
trial_0,46,0.406112,1.232841
trial_0,47,0.145932,1.121263
trial_0,48,0.021254,1.091564
trial_0,49,0.369145,2.213306
trial_0,50,0.004032,0.866531
trial_0,51,0.341195,0.936962
trial_0,52,0.266027,1.528648
trial_0,53,0.042717,2.562432
trial_0,54,0.106220,1.663439
trial_0,55,0.093352,0.725049
trial_0,56,0.315617,0.633340
trial_0,57,0.337931,0.716885
trial_0,58,0.448692,1.592155
trial_0,59,0.094946,0.817292
trial_0,60,0.276563,3.947914
trial_0,61,0.247429,0.754504
trial_0,62,0.296882,0.859454
trial_0,63,0.106215,0.719400
trial_0,64,0.268049,0.861720
trial_0,65,0.236691,1.399644
trial_0,66,0.106453,0.939640
trial_0,67,0.168989,0.939849
trial_0,68,1.060540,4.745955
trial_0,69,0.029440,1.292380
trial_0,70,0.224396,0.921505
trial_0,71,0.101515,1.832695
trial_0,72,0.115969,0.681436
trial_0,73,0.016501,1.053815
trial_0,74,0.216177,1.040643
trial_0,75,0.103030,0.867879
trial_0,76,0.300464,1.852161
trial_0,77,0.286161,1.036506
trial_0,78,0.064049,0.856218
trial_0,79,0.141576,0.871470
trial_0,80,0.025072,0.870672
trial_0,81,0.025359,4.025789
trial_0,82,0.145964,2.404802
trial_0,83,0.181205,0.977063
trial_0,84,0.585018,5.177985
trial_0,85,0.148042,3.102503
trial_0,86,0.002478,2.531546
trial_0,87,0.412723,0.910810
trial_0,88,0.170126,0.625365
trial_0,89,0.145887,0.758385
trial_0,90,0.080329,0.826740
trial_0,91,0.096011,0.982010
trial_0,92,0.099560,1.392235
trial_0,93,0.079948,2.332880
trial_0,94,0.155711,0.616510
trial_0,95,0.058564,0.821367
trial_0,96,0.112618,0.789329
trial_0,97,0.073805,1.081316
trial_0,98,0.157351,1.502110
trial_0,99,0.120138,0.759731
trial_0,100,0.079477,0.592466
trial_0,101,0.167634,0.890118
trial_0,102,0.008566,0.676791
trial_0,103,0.055237,0.555449
trial_0,104,0.022769,0.782687
trial_0,105,0.148553,0.914111
trial_0,106,0.238224,0.846533
trial_0,107,0.111017,0.549862
trial_0,108,0.249136,5.276066
trial_0,109,0.267509,1.200010
trial_0,110,0.047216,1.371999
trial_0,111,0.391818,0.854804
trial_0,112,0.034715,0.839854
trial_0,113,0.251183,0.813818
trial_0,114,0.050090,0.680248
trial_0,115,0.096274,1.216623
trial_0,116,0.391443,0.669232
trial_0,117,0.004425,1.016573
trial_0,118,0.182658,0.617286
trial_0,119,0.011443,1.957923
trial_0,120,0.063224,1.100538
trial_0,121,0.230580,0.783984
trial_0,122,0.099463,0.488637
trial_0,123,0.414839,0.764919
trial_0,124,0.117834,1.164461
trial_0,125,0.055026,1.739817
trial_0,126,0.146159,1.412404
trial_0,127,0.213846,1.104122
trial_0,128,0.386933,0.667070
trial_0,129,0.179695,1.236573
trial_0,130,0.143097,3.424884
trial_0,131,0.420223,1.007964
trial_0,132,0.170586,1.203815
trial_0,133,0.854360,3.060320
trial_0,134,0.015926,0.996128
trial_0,135,0.207119,0.651302
trial_0,136,0.139904,0.811294
trial_0,137,0.015637,1.278586
trial_0,138,0.143901,0.520506
trial_0,139,0.122224,0.430084
trial_0,140,0.143068,0.498489
trial_0,141,0.061184,0.936922
trial_0,142,0.176860,0.916506
trial_0,143,0.406146,2.022830
trial_0,144,0.018143,0.811177
trial_0,145,0.048941,0.865826
trial_0,146,0.284353,0.975186
trial_0,147,0.217595,1.149186
trial_0,148,0.339863,0.644822
trial_0,149,0.078260,1.843404
trial_0,150,0.256176,0.713737
trial_0,151,0.262661,0.797619
trial_0,152,0.360992,0.725960
trial_0,153,0.279428,0.743159
trial_0,154,0.006701,0.601584
trial_0,155,0.044606,0.667708
trial_0,156,0.285826,0.917751
trial_0,157,0.059421,1.180896
trial_0,158,0.036640,1.163061
trial_0,159,0.002686,0.258812
trial_0,160,0.196382,0.828086
trial_0,161,0.305452,0.550026
trial_0,162,0.210018,0.283654
trial_0,163,0.253240,0.795212
trial_0,164,0.225599,0.749575
trial_0,165,0.057992,0.629005
trial_0,166,0.213063,0.794217
trial_0,167,0.045075,0.588222
trial_0,168,0.058384,0.540161
trial_0,169,0.097201,0.443485
trial_0,170,0.013681,0.688098
trial_0,171,0.078444,0.695709
trial_0,172,0.233860,0.614355
trial_0,173,0.255173,0.714103
trial_0,174,0.008133,0.729226
trial_0,175,0.023540,0.909998
trial_0,176,0.082367,0.686261
trial_0,177,0.064844,1.086287
trial_0,178,0.395733,0.640740
trial_0,179,0.108530,0.622522
trial_0,180,0.220623,1.560432
trial_0,181,0.288711,1.916359
trial_0,182,0.381387,0.683540
trial_0,183,0.287736,0.808657
trial_0,184,0.246088,1.212176
trial_0,185,0.120142,0.365501
trial_0,186,0.170737,0.649214
trial_0,187,0.176911,1.089227
trial_0,188,0.457873,0.865122
trial_0,189,0.100710,0.727186
trial_0,190,0.179078,0.592980
trial_0,191,0.143470,0.529102
trial_0,192,0.115685,0.738947
trial_0,193,0.231187,0.707320
trial_0,194,0.259843,0.856849
trial_0,195,0.315279,0.726752
trial_0,196,0.187950,0.878330
trial_0,197,0.436890,0.861541
trial_0,198,0.143939,0.628031
trial_0,199,0.231943,1.126959
trial_0,200,0.318279,0.648419
trial_0,201,0.176169,0.544938
trial_0,202,0.132081,0.413955
trial_0,203,0.175183,0.538734
trial_0,204,0.069494,0.664974
trial_0,205,0.131395,0.722682
trial_0,206,0.202413,0.498152
trial_0,207,0.085654,0.503261
trial_0,208,0.206882,0.764142
trial_0,209,0.466558,2.127064
trial_0,210,0.016888,1.970011
trial_0,211,0.142093,0.798541
trial_0,212,0.245804,0.388587
trial_0,213,0.252513,0.426509
trial_0,214,0.170593,0.539028
trial_0,215,0.106786,0.339269
trial_0,216,0.074447,0.391611
trial_0,217,0.104927,0.487611
trial_0,218,0.060145,2.227133
trial_0,219,0.337346,5.656667
trial_0,220,0.149268,1.279143
trial_0,221,0.367537,0.474666
trial_0,222,0.342624,0.500764
trial_0,223,0.271108,0.477995
trial_0,224,0.096230,0.367309
trial_0,225,0.353432,0.951316
trial_0,226,0.303571,0.865225
trial_0,227,0.261300,0.363785
trial_0,228,0.006525,0.530021
trial_0,229,0.326667,0.758860
trial_0,230,0.007196,0.537885
trial_0,231,0.104019,0.646574
trial_0,232,0.003421,0.520792
trial_0,233,0.077539,0.717446
trial_0,234,0.048555,0.168897
trial_0,235,0.011736,1.146221
trial_0,236,0.112249,0.272821
trial_0,237,0.324916,0.595543
trial_0,238,0.251637,0.400033
trial_0,239,0.025927,0.550682
trial_0,240,0.159631,0.877276
trial_0,241,0.209541,0.420147
trial_0,242,0.176241,0.349579
trial_0,243,0.114102,0.702493
trial_0,244,0.003829,0.846364
trial_0,245,0.058989,2.814119
trial_0,246,0.060140,0.754333
trial_0,247,0.037245,0.446314
trial_0,248,0.083050,0.504289
trial_0,249,0.458657,1.022739
trial_0,250,0.139398,0.634067
trial_0,251,0.028723,0.324945
trial_0,252,0.073928,0.498577
trial_0,253,0.196579,0.333546
trial_0,254,0.308500,2.047145
trial_0,255,0.332480,3.755794
trial_0,256,0.183789,0.714724
trial_0,257,0.182541,1.583802
trial_0,258,0.364509,0.743812
trial_0,259,0.032246,0.355137
trial_0,260,0.121728,0.284301
trial_0,261,0.153564,0.509813
trial_0,262,0.061273,0.798238
trial_0,263,0.075350,0.723435
trial_0,264,0.211326,0.546026
trial_0,265,0.016493,0.490544
trial_0,266,0.083659,0.663036
trial_0,267,0.193470,1.855994
trial_0,268,0.092409,0.362837
trial_0,269,0.068374,0.564163
trial_0,270,0.257716,0.473598
trial_0,271,0.001558,0.479678
trial_0,272,0.369021,0.548686
trial_0,273,0.044499,0.447818
trial_0,274,0.286326,0.508638
trial_0,275,0.078714,0.506179
trial_0,276,0.029953,1.445572
trial_0,277,0.006994,0.679868
trial_0,278,0.063140,0.362529
trial_0,279,0.095441,0.352144
trial_0,280,0.184325,0.907309
trial_0,281,0.019314,1.500783
trial_0,282,0.173337,2.063786
trial_0,283,0.112764,0.940328
trial_0,284,0.075855,0.599640
trial_0,285,0.031889,0.269711
trial_0,286,0.081067,0.747212
trial_0,287,0.064480,0.598367
trial_0,288,0.187427,0.925575
trial_0,289,0.017399,0.441033
trial_0,290,0.114752,0.460054
trial_0,291,0.053933,0.747652
trial_0,292,0.172399,0.680410
trial_0,293,0.135337,0.806334
trial_0,294,0.055585,0.178166
trial_0,295,0.059140,0.428627
trial_0,296,0.250655,1.192056
trial_0,297,0.141832,0.464029
trial_0,298,0.180812,0.572559
trial_0,299,0.198991,0.306558
trial_0,300,0.363605,0.575870
trial_0,301,0.033972,0.322922
trial_0,302,0.344249,0.636866
trial_0,303,0.459099,0.758185
trial_0,304,0.045144,0.303421
trial_0,305,0.166324,0.408920
trial_0,306,0.096191,0.497544
trial_0,307,0.169779,0.738918
trial_0,308,0.243613,0.938110
trial_0,309,0.098099,0.671726
trial_0,310,0.124186,1.033515
trial_0,311,0.340102,1.057580
trial_0,312,0.400559,3.334257
trial_0,313,0.026393,0.538525
trial_0,314,0.268040,0.821019
trial_0,315,0.061166,0.739162
trial_0,316,0.161915,0.780646
trial_0,317,0.078444,0.518777
trial_0,318,0.154196,0.493347
trial_0,319,0.303502,1.005125
trial_0,320,0.107537,1.793819
trial_0,321,0.060366,0.960866
trial_0,322,0.154047,0.498155
trial_0,323,0.600348,1.407543
trial_0,324,0.457353,0.625831
trial_0,325,0.099270,0.250197
trial_0,326,0.278853,0.554406
trial_0,327,0.315566,0.764837
trial_0,328,0.447353,0.811000
trial_0,329,0.105154,2.909217
trial_0,330,0.213794,0.726782
trial_0,331,0.017081,0.737510
trial_0,332,0.315680,0.650394
trial_0,333,0.106129,0.718964
trial_0,334,0.395004,0.497323
trial_0,335,0.056143,0.659611
trial_0,336,0.165230,0.556110
trial_0,337,0.324499,0.975844
trial_0,338,0.308730,1.880094
trial_0,339,0.292672,0.614772
trial_0,340,0.147561,0.288467
trial_0,341,0.379323,4.349182
trial_0,342,0.020766,0.415501
trial_0,343,0.178561,0.688027
trial_0,344,0.121667,1.553151
trial_0,345,1.553843,6.808867
trial_0,346,0.025121,1.513829
trial_0,347,0.150611,0.548036
trial_0,348,0.050000,1.277126
trial_0,349,0.081240,0.458052
trial_0,350,0.088725,0.819410
trial_0,351,0.445866,1.398981
trial_0,352,0.158220,0.601816
trial_0,353,0.001394,0.414993
trial_0,354,0.204537,1.294706
trial_0,355,0.055277,0.253075
trial_0,356,0.006195,0.235632
trial_0,357,0.282440,1.326243
trial_0,358,0.180438,0.319356
trial_0,359,0.132112,0.424576
trial_0,360,0.055374,0.265194
trial_0,361,0.190585,1.098804
trial_0,362,0.219824,3.227679
trial_0,363,0.006951,0.478552
trial_0,364,0.180445,0.433059
trial_0,365,0.161256,0.502596
trial_0,366,0.005585,0.719516
trial_0,367,0.139084,0.384098
trial_0,368,0.159178,0.420609
trial_0,369,0.100080,0.448399
trial_0,370,0.077998,0.727763
trial_0,371,0.059837,0.400019
trial_0,372,0.106462,0.418901
trial_0,373,0.298636,0.563511
trial_0,374,0.104548,1.286303
trial_0,375,0.067943,0.327006
trial_0,376,0.075035,0.497490
trial_0,377,0.051394,0.638973
trial_0,378,0.001239,0.330089
trial_0,379,0.081420,0.409247
trial_0,380,0.046826,0.503918
trial_0,381,0.025717,0.339816
trial_0,382,0.257925,0.510131
trial_0,383,0.421729,2.122622
trial_0,384,0.020868,0.373950
trial_0,385,0.275127,1.022752
trial_0,386,0.019406,1.585248
trial_0,387,0.350928,1.606664
trial_0,388,0.209095,0.499575
trial_0,389,0.150309,0.391548
trial_0,390,0.019404,0.530958
trial_0,391,0.291103,0.799840
trial_0,392,0.020409,0.659108
trial_0,393,0.040796,0.662513
trial_0,394,0.063766,0.661946
trial_0,395,0.188957,0.522597
trial_0,396,0.133301,0.429770
trial_0,397,0.142411,0.431945
trial_0,398,0.013609,0.362120
trial_0,399,0.031636,0.474624
trial_0,400,0.176781,0.684987
trial_0,401,0.171105,0.607632
trial_0,402,0.006754,0.952304
trial_0,403,0.050822,0.289357
trial_0,404,0.244313,0.443817
trial_0,405,0.083485,0.373407
trial_0,406,0.094540,0.442878
trial_0,407,0.037818,0.306567
trial_0,408,0.139579,0.463524
trial_0,409,0.061455,0.525559
trial_0,410,0.156587,0.610811
trial_0,411,0.367280,1.192675
trial_0,412,0.008455,0.240888
trial_0,413,0.068281,0.809984
trial_0,414,0.349401,0.533676
trial_0,415,0.001366,0.619711
trial_0,416,0.645875,2.600015
trial_0,417,0.039261,0.315481
trial_0,418,0.130199,0.338897
trial_0,419,0.193978,0.989403
trial_0,420,0.065635,0.326180
trial_0,421,0.042243,0.444758
trial_0,422,0.203406,0.748635
trial_0,423,0.024805,0.203542
trial_0,424,0.056227,0.182295
trial_0,425,0.163201,0.385192
trial_0,426,0.142118,0.282129
trial_0,427,0.095302,0.553929
trial_0,428,0.003795,0.678331
trial_0,429,0.123841,0.396626
trial_0,430,0.043295,0.445418
trial_0,431,0.111458,0.718268
trial_0,432,0.184774,0.547984
trial_0,433,0.100415,0.406170
trial_0,434,0.203670,0.673618
trial_0,435,0.148115,3.852211
trial_0,436,0.014492,0.271992
trial_0,437,0.236884,0.806947
trial_0,438,0.451840,1.041152
trial_0,439,0.056271,0.706325
trial_0,440,0.176068,0.877175
trial_0,441,0.629589,1.969015
trial_0,442,0.031904,0.383765
trial_0,443,0.034414,0.335282
trial_0,444,0.237569,0.483826
trial_0,445,0.312663,0.562033
trial_0,446,0.174042,0.668692
trial_0,447,0.103122,0.678370
trial_0,448,0.014153,0.300119
trial_0,449,0.113052,0.912998
trial_0,450,0.082211,0.498462
trial_0,451,0.222577,0.609003
trial_0,452,0.145233,0.540383
trial_0,453,0.120772,0.694521
trial_0,454,0.108863,0.303946
trial_0,455,0.106568,0.437905
trial_0,456,0.323986,0.759979
trial_0,457,0.030833,0.278511
trial_0,458,0.172051,0.639918
trial_0,459,0.150332,0.381497
trial_0,460,0.210623,0.529204
trial_0,461,0.010678,0.320617
trial_0,462,0.280904,0.645515
trial_0,463,0.002669,0.397958
trial_0,464,0.050901,0.399018
trial_0,465,0.058095,0.674175
trial_0,466,0.086790,0.411313
trial_0,467,0.123936,0.591103
trial_0,468,0.210554,0.384786
trial_0,469,0.358804,2.028927
trial_0,470,0.267669,0.506955
trial_0,471,0.162909,0.463184
trial_0,472,0.336172,0.812607
trial_0,473,0.015969,0.434453
trial_0,474,0.143313,1.672868
trial_0,475,0.266076,1.498860
trial_0,476,0.556782,2.076047
trial_0,477,0.146450,0.403123
trial_0,478,0.014436,0.378514
trial_0,479,0.018779,0.608273
trial_0,480,0.274017,0.634108
trial_0,481,0.449445,1.393585
trial_0,482,0.127978,0.595350
trial_0,483,0.207052,1.247444
trial_0,484,0.073376,0.985396
trial_0,485,0.050520,0.332189
trial_0,486,0.021363,0.548818
trial_0,487,0.308243,0.594324
trial_0,488,0.015405,0.325259
trial_0,489,0.099530,0.407715
trial_0,490,0.147632,0.860587
trial_0,491,0.111989,0.376516
trial_0,492,0.059505,0.396670
trial_0,493,0.141887,0.658541
trial_0,494,0.011462,0.475034
trial_0,495,0.076894,0.621923
trial_0,496,0.043301,0.424456
trial_0,497,0.296541,0.611443
trial_0,498,0.162171,0.371709
trial_0,499,0.172946,0.601952
trial_0,500,0.258503,1.211536
trial_0,501,0.102343,0.472472
trial_0,502,0.123095,0.323696
trial_0,503,0.104740,0.456824
trial_0,504,0.016878,0.525259
trial_0,505,0.100146,0.569150
trial_0,506,0.151879,0.489208
trial_0,507,0.003585,1.036479
trial_0,508,0.094373,0.488906
trial_0,509,0.155439,0.679500
trial_0,510,0.003462,0.579360
trial_0,511,0.093483,0.363058
trial_0,512,0.474224,2.801464
trial_0,513,0.198222,0.714424
trial_0,514,0.117807,0.875830
trial_0,515,0.130566,2.129050
trial_0,516,0.168580,0.583782
trial_0,517,0.184763,1.891983
trial_0,518,0.134595,0.508471
trial_0,519,0.135458,0.423528
trial_0,520,0.031838,0.376827
trial_0,521,0.103748,0.375941
trial_0,522,0.082103,0.498419
trial_0,523,0.073374,1.149080
trial_0,524,0.138580,0.425389
trial_0,525,0.009306,0.985543
trial_0,526,0.151855,0.474527
trial_0,527,0.046011,0.396842
trial_0,528,0.328320,0.559111
trial_0,529,0.048430,0.406301
trial_0,530,0.094408,0.616731
trial_0,531,0.065565,0.579888
trial_0,532,0.164055,0.420247
trial_0,533,0.095476,0.410326
trial_0,534,0.148055,0.261172
trial_0,535,0.203597,0.631999
trial_0,536,0.386196,1.034159
trial_0,537,0.079262,0.980219
trial_0,538,0.213914,0.420034
trial_0,539,0.131420,0.696772
trial_0,540,0.059011,0.405171
trial_0,541,0.236905,0.386769
trial_0,542,0.096306,1.380088
trial_0,543,0.097918,0.423690
trial_0,544,0.145678,0.249044
trial_0,545,0.025567,0.522254
trial_0,546,0.008020,0.612647
trial_0,547,0.204343,0.371162
trial_0,548,0.165784,0.524968
trial_0,549,0.106023,0.618135
trial_0,550,0.037872,0.445704
trial_0,551,0.279263,0.491918
trial_0,552,0.004306,0.871987
trial_0,553,0.093582,0.472957
trial_0,554,0.425922,1.423252
trial_0,555,0.028022,0.346863
trial_0,556,0.332937,0.619825
trial_0,557,0.128457,0.304268
trial_0,558,0.020591,0.186918
trial_0,559,0.046171,0.466746
trial_0,560,0.130243,0.475003
trial_0,561,0.058870,0.693154
trial_0,562,0.228955,0.590763
trial_0,563,0.156527,0.670083
trial_0,564,0.031488,0.551262
trial_0,565,0.501404,0.871735
trial_0,566,0.174382,0.559801
trial_0,567,0.135273,0.686110
trial_0,568,0.154696,0.461375
trial_0,569,0.040165,0.495839
trial_0,570,0.234528,0.694340
trial_0,571,0.244902,0.431822
trial_0,572,0.053254,0.336425
trial_0,573,0.322483,0.556228
trial_0,574,0.047448,0.387084
trial_0,575,0.105711,1.573164
trial_0,576,0.625694,2.511342
trial_0,577,0.154073,0.317904
trial_0,578,0.241240,1.193123
trial_0,579,0.080833,0.350391
trial_0,580,0.120118,0.347945
trial_0,581,0.357129,0.750412
trial_0,582,0.085205,0.380774
trial_0,583,0.301942,0.687524
trial_0,584,0.001735,0.293579
trial_0,585,0.162178,0.731203
trial_0,586,0.121146,0.335279
trial_0,587,0.026231,0.573052
trial_0,588,0.155686,0.354555
trial_0,589,2.635279,16.566235
trial_0,590,0.153970,0.722758
trial_0,591,0.155637,0.593001
trial_0,592,0.055450,0.537651
trial_0,593,0.139971,0.441802
trial_0,594,0.109608,0.296472
trial_0,595,0.306593,1.071052
trial_0,596,0.096626,0.602800
trial_0,597,0.143823,0.383650
trial_0,598,0.071305,0.532262
trial_0,599,0.026185,0.523068
trial_0,600,0.113165,0.299397
trial_0,601,0.202743,1.064654
trial_0,602,0.042706,0.561196
trial_0,603,0.013539,0.652753
trial_0,604,0.004509,0.336535
trial_0,605,0.256711,0.599339
trial_0,606,0.043804,0.479728
trial_0,607,0.022932,0.467388
trial_0,608,0.103898,0.355147
trial_0,609,0.155418,0.804760
trial_0,610,0.068179,0.477841
trial_0,611,0.110502,0.461198
trial_0,612,0.207441,0.347149
trial_0,613,0.259194,0.521455
trial_0,614,0.172233,0.747399
trial_0,615,0.144129,0.328686
trial_0,616,0.049376,0.356515
trial_0,617,0.025380,0.427755
trial_0,618,0.288373,0.358039
trial_0,619,1.629854,6.607526
trial_0,620,0.070004,0.351403
trial_0,621,0.140957,0.328520
trial_0,622,0.655576,4.562390
trial_0,623,0.114001,0.305917
trial_0,624,0.161483,0.688234
trial_0,625,0.308850,0.674667
trial_0,626,0.221221,0.591755
trial_0,627,0.114473,1.286513
trial_0,628,0.279416,0.548103
trial_0,629,0.140650,0.359703
trial_0,630,0.025821,0.510288
trial_0,631,0.143115,0.798008
trial_0,632,0.125591,0.556177
trial_0,633,0.026447,0.369391
trial_0,634,0.247380,0.971247
trial_0,635,0.010936,0.679867
trial_0,636,0.013879,0.446392
trial_0,637,0.177907,1.065018
trial_0,638,0.183943,0.672119
trial_0,639,0.094602,0.449640
trial_0,640,0.227531,0.410687
trial_0,641,0.047967,0.456391
trial_0,642,0.129453,0.329627
trial_0,643,0.166896,1.008858
trial_0,644,0.128902,0.841788
trial_0,645,0.012386,0.573998
trial_0,646,0.320009,1.331835
trial_0,647,0.103782,1.803961
trial_0,648,0.174358,1.620276
trial_0,649,0.080209,0.460957
trial_0,650,0.317034,0.841432
trial_0,651,0.172975,0.708032
trial_0,652,0.546384,1.505357
trial_0,653,0.026986,0.362257
trial_0,654,0.136404,0.456729
trial_0,655,0.048735,0.382773
trial_0,656,0.080764,0.870831
trial_0,657,0.026275,1.038735
trial_0,658,0.502913,0.943942
trial_0,659,0.364963,0.578279
trial_0,660,0.026984,0.497088
trial_0,661,0.104004,0.662776
trial_0,662,0.133688,0.386591
trial_0,663,0.042063,0.377403
trial_0,664,0.180621,0.307652
trial_0,665,0.008153,0.684200
trial_0,666,0.239754,1.133321
trial_0,667,0.049763,0.449412
trial_0,668,0.195087,0.400736
trial_0,669,0.113154,0.334798
trial_0,670,0.057156,0.212305
trial_0,671,0.268581,0.452259
trial_0,672,0.196486,0.411933
trial_0,673,0.664888,4.482602
trial_0,674,0.136156,0.504065
trial_0,675,0.336285,0.692517
trial_0,676,0.006522,1.093069
trial_0,677,0.094170,0.657258
trial_0,678,0.132690,0.592031
trial_0,679,0.023418,1.655511
trial_0,680,0.051438,0.311438
trial_0,681,0.196473,0.446129
trial_0,682,0.099628,0.802130
trial_0,683,0.097114,0.359922
trial_0,684,0.457827,1.927992
trial_0,685,0.064539,1.153527
trial_0,686,0.137066,0.376098
trial_0,687,0.197407,0.511298
trial_0,688,0.071724,0.414437
trial_0,689,0.262274,0.558190
trial_0,690,0.047915,0.646253
trial_0,691,0.282619,0.415964
trial_0,692,0.065079,0.289710
trial_0,693,0.243291,0.552343
trial_0,694,0.361267,0.607372
trial_0,695,0.091968,0.391135
trial_0,696,0.092466,0.986218
trial_0,697,0.095447,1.104705
trial_0,698,0.074173,0.213422
trial_0,699,0.064214,0.317072
trial_0,700,0.151457,0.392672
trial_0,701,0.093931,0.692217
trial_0,702,0.095562,0.393065
trial_0,703,0.154271,1.008116
trial_0,704,0.049858,0.315956
trial_0,705,0.017361,0.294432
trial_0,706,0.046590,0.501729
trial_0,707,0.076965,0.368642
trial_0,708,0.105766,0.394923
trial_0,709,0.124182,0.988396
trial_0,710,0.067341,0.753290
trial_0,711,0.054223,0.514724
trial_0,712,0.231184,0.448741
trial_0,713,0.258551,1.528118
trial_0,714,0.109256,0.318204
trial_0,715,0.016868,0.308161
trial_0,716,0.227278,0.946915
trial_0,717,0.089534,0.263882
trial_0,718,0.040928,0.636130
trial_0,719,0.009851,0.223980
trial_0,720,0.168295,0.985838
trial_0,721,0.115392,0.357283
trial_0,722,0.210504,0.521043
trial_0,723,0.037695,0.223001
trial_0,724,0.104817,2.007760
trial_0,725,0.107462,0.664284
trial_0,726,0.085397,1.041109
trial_0,727,0.326054,0.771382
trial_0,728,0.070395,0.417256
trial_0,729,0.390302,0.545067
trial_0,730,0.237338,0.471774
trial_0,731,0.067809,0.608905
trial_0,732,0.112375,0.567644
trial_0,733,0.074115,0.371438
trial_0,734,0.132276,0.270784
trial_0,735,0.013853,0.884715
trial_0,736,0.165708,0.548365
trial_0,737,0.130506,0.568527
trial_0,738,0.197962,0.893373
trial_0,739,0.000508,0.304355
trial_0,740,0.158107,0.417859
trial_0,741,0.006115,0.584234
trial_0,742,0.069684,0.592547
trial_0,743,0.688129,2.729291
trial_0,744,0.072060,0.367678
trial_0,745,0.177869,0.491004
trial_0,746,0.159557,0.355291
trial_0,747,0.162801,0.338018
trial_0,748,0.026636,0.503755
trial_0,749,0.132615,0.572697
trial_0,750,0.065752,0.354814
trial_0,751,0.145551,0.919013
trial_0,752,0.278848,0.652535
trial_0,753,0.435584,0.881518
trial_0,754,0.071380,0.317555
trial_0,755,0.025488,0.416191
trial_0,756,0.172097,0.471674
trial_0,757,0.214066,0.634366
trial_0,758,0.318498,0.739252
trial_0,759,0.216920,1.049994
trial_0,760,0.121274,0.591125
trial_0,761,0.242842,0.691859
trial_0,762,0.204882,0.695386
trial_0,763,0.018910,0.542193
trial_0,764,0.068818,0.941155
trial_0,765,0.089238,0.730729
trial_0,766,0.088951,1.200674
trial_0,767,0.093633,0.607061
trial_0,768,0.179430,0.428190
trial_0,769,0.142286,0.430066
trial_0,770,0.557750,3.810175
trial_0,771,0.104555,0.342642
trial_0,772,0.268022,5.808734
trial_0,773,0.305259,0.482455
trial_0,774,0.004064,0.826691
trial_0,775,0.064418,0.434680
trial_0,776,0.218774,0.722092
trial_0,777,0.071344,0.492673
trial_0,778,0.068822,0.418917
trial_0,779,0.026438,0.388790
trial_0,780,0.290187,0.411058
trial_0,781,0.228063,0.573969
trial_0,782,0.242081,0.659144
trial_0,783,0.097495,0.614285
trial_0,784,0.062447,0.450284
trial_0,785,0.092525,0.503103
trial_0,786,0.070414,0.731873
trial_0,787,0.161995,0.428893
trial_0,788,0.343585,1.441948
trial_0,789,0.039559,0.364157
trial_0,790,0.247646,0.459079
trial_0,791,0.249012,0.606096
trial_0,792,0.012681,0.291857
trial_0,793,0.384743,0.822714
trial_0,794,0.034147,1.209481
trial_0,795,0.206187,1.149400
trial_0,796,0.105672,0.431821
trial_0,797,0.003258,0.428819
trial_0,798,0.124061,0.557578
trial_0,799,0.057125,0.421161
trial_0,800,0.095049,0.588177
trial_0,801,0.062539,0.609525
trial_0,802,0.178186,0.565166
trial_0,803,0.053696,0.342044
trial_0,804,0.029363,0.360902
trial_0,805,0.056229,0.706765
trial_0,806,0.110976,1.036575
trial_0,807,0.118485,0.338690
trial_0,808,0.178338,0.284763
trial_0,809,0.002570,0.404913
trial_0,810,0.126150,0.478912
trial_0,811,0.037552,0.637031
trial_0,812,0.098151,0.643077
trial_0,813,0.511390,1.661335
trial_0,814,0.033580,1.136855
trial_0,815,0.043754,0.343466
trial_0,816,0.231171,0.495930
trial_0,817,0.025066,0.477372
trial_0,818,0.069813,0.966209
trial_0,819,0.112140,0.714374
trial_0,820,0.018017,1.884919
trial_0,821,0.017983,0.352476
trial_0,822,0.010104,0.556987
trial_0,823,0.252050,0.602436
trial_0,824,0.135409,0.250940
trial_0,825,0.082692,0.519950
trial_0,826,0.310357,3.741001
trial_0,827,0.341835,0.850101
trial_0,828,0.022350,0.486124
trial_0,829,0.053676,0.597260
trial_0,830,0.135481,0.381785
trial_0,831,0.091273,1.018131
trial_0,832,0.091248,0.514646
trial_0,833,0.324712,0.616869
trial_0,834,0.179656,0.524175
trial_0,835,0.033606,0.400834
trial_0,836,0.046575,0.202918
trial_0,837,0.404891,1.138134
trial_0,838,0.146774,0.604972
trial_0,839,0.040460,0.531648
trial_0,840,0.095318,0.633641
trial_0,841,0.254493,1.373117
trial_0,842,0.087623,0.237775
trial_0,843,0.168027,0.622037
trial_0,844,0.105256,0.358574
trial_0,845,0.052499,0.408923
trial_0,846,0.096931,0.344394
trial_0,847,0.031764,0.401351
trial_0,848,0.011177,1.247526
trial_0,849,0.155745,0.285535
trial_0,850,0.215874,0.752886
trial_0,851,0.214438,0.458671
trial_0,852,0.284115,0.829159
trial_0,853,0.085699,0.294874
trial_0,854,0.123262,0.245256
trial_0,855,0.088897,0.632264
trial_0,856,0.349164,1.144517
trial_0,857,0.004360,0.491019
trial_0,858,0.034365,0.453490
trial_0,859,0.146082,0.519098
trial_0,860,0.229178,0.493690
trial_0,861,0.193527,0.428197
trial_0,862,0.196768,0.438896
trial_0,863,0.026621,0.350420
trial_0,864,0.032957,0.354566
trial_0,865,0.075472,0.380315
trial_0,866,0.033553,0.799434
trial_0,867,0.114297,0.443675
trial_0,868,0.190197,0.631792
trial_0,869,0.098461,1.309285
trial_0,870,0.123508,0.447491
trial_0,871,0.090647,0.575834
trial_0,872,0.247738,1.607020
trial_0,873,0.007950,0.232102
trial_0,874,0.121863,0.403592
trial_0,875,0.005457,0.512005
trial_0,876,0.295542,0.579331
trial_0,877,0.111737,0.432313
trial_0,878,0.000366,0.523101
trial_0,879,0.062286,0.311585
trial_0,880,0.461503,0.898835
trial_0,881,0.059485,0.422718
trial_0,882,0.140493,0.570830
trial_0,883,0.002163,0.359675
trial_0,884,0.132284,0.761498
trial_0,885,0.192865,0.318105
trial_0,886,0.022010,0.339056
trial_0,887,0.644751,3.247894
trial_0,888,0.047949,0.513867
trial_0,889,0.083799,0.381536
trial_0,890,0.234031,0.638323
trial_0,891,0.286609,0.621067
trial_0,892,0.042983,0.593090
trial_0,893,0.053932,0.610485
trial_0,894,0.170036,0.651438
trial_0,895,0.137389,0.656016
trial_0,896,0.120738,0.707985
trial_0,897,0.121320,0.383981
trial_0,898,0.061389,0.411563
trial_0,899,0.125394,0.633986
trial_0,900,0.050886,0.487232
trial_0,901,0.068288,0.316171
trial_0,902,0.000115,0.671241
trial_0,903,0.228468,0.394862
trial_0,904,0.062887,0.358931
trial_0,905,0.286304,0.653038
trial_0,906,0.115707,0.524457
trial_0,907,0.242068,0.476319
trial_0,908,0.076020,0.233742
trial_0,909,0.228589,1.208218
trial_0,910,0.036627,0.461510
trial_0,911,0.197294,0.387390
trial_0,912,0.015782,0.415778
trial_0,913,0.178249,0.652868
trial_0,914,0.314017,0.929652
trial_0,915,0.117032,0.537421
trial_0,916,0.033861,0.345928
trial_0,917,0.051110,0.462960
trial_0,918,0.180890,0.579762
trial_0,919,0.212678,1.068870
trial_0,920,0.037414,0.622427
trial_0,921,0.249440,0.485612
trial_0,922,0.065709,0.363965
trial_0,923,0.010352,0.726299
trial_0,924,0.280441,1.806337
trial_0,925,0.231810,1.171769
trial_0,926,0.208574,0.584836
trial_0,927,0.095547,0.431281
trial_0,928,0.098668,0.634449
trial_0,929,0.134063,0.483530
trial_0,930,0.118762,0.568490
trial_0,931,0.233257,1.596762
trial_0,932,0.180233,0.446960
trial_0,933,0.071844,0.797832
trial_0,934,0.173530,0.583324
trial_0,935,0.179484,0.402457
trial_0,936,0.006610,1.162410
trial_0,937,0.131482,0.604952
trial_0,938,0.023643,0.371203
trial_0,939,0.122984,0.560393
trial_0,940,0.297542,0.570996
trial_0,941,0.000085,0.585501
trial_0,942,0.030008,0.320154
trial_0,943,0.083678,0.566835
trial_0,944,0.129509,0.438031
trial_0,945,0.118672,0.520279
trial_0,946,0.074251,0.467781
trial_0,947,0.020740,0.449433
trial_0,948,0.191446,0.727804
trial_0,949,0.024732,1.538232
trial_0,950,0.123031,0.382901
trial_0,951,0.074186,0.295168
trial_0,952,0.121191,0.509246
trial_0,953,0.011011,0.400009
trial_0,954,0.158243,0.410161
trial_0,955,0.003495,0.516496
trial_0,956,0.107509,0.434178
trial_0,957,0.231909,0.919557
trial_0,958,0.002874,0.448277
trial_0,959,0.246093,0.865177
trial_0,960,0.100726,0.665907
trial_0,961,0.152142,0.672682
trial_0,962,0.933632,11.594861
trial_0,963,0.031200,0.654012
trial_0,964,0.142016,0.388971
trial_0,965,0.041294,0.556482
trial_0,966,0.126142,0.664401
trial_0,967,0.001596,0.832311
trial_0,968,0.085466,0.304439
trial_0,969,0.326819,0.515349
trial_0,970,0.017084,0.481501
trial_0,971,0.087510,0.266702
trial_0,972,0.236294,1.146061
trial_0,973,0.013442,0.512604
trial_0,974,0.123404,0.984719
trial_0,975,0.420995,0.956541
trial_0,976,0.010600,0.556831
trial_0,977,0.240292,0.459522
trial_0,978,0.097208,0.601138
trial_0,979,0.238251,0.407289
trial_0,980,0.102283,0.479520
trial_0,981,0.093354,0.772915
trial_0,982,0.281914,0.820729
trial_0,983,0.129676,0.325767
trial_0,984,0.126917,0.454145
trial_0,985,0.051028,0.795562
trial_0,986,0.076398,0.657373
trial_0,987,0.179898,0.473704
trial_0,988,0.694506,1.890582
trial_0,989,0.210308,0.494016
trial_0,990,0.068185,0.458228
trial_0,991,0.043250,0.593760
trial_0,992,0.319204,0.989208
trial_0,993,0.159198,0.667568
trial_0,994,0.197033,0.633500
trial_0,995,0.169689,0.549730
trial_0,996,0.049713,0.327921
trial_0,997,0.488695,3.075726
trial_0,998,0.119508,0.389966
trial_0,999,0.102233,0.290736
trial_0,1000,0.029949,0.623156
trial_1,1,0.140223,0.390516
trial_1,2,0.081250,0.425211
trial_1,3,0.139110,0.399657
trial_1,4,0.176103,0.436330
trial_1,5,0.047162,0.497356
trial_1,6,0.087204,0.321206
trial_1,7,0.173692,0.399643
trial_1,8,0.070142,0.384367
trial_1,9,0.099138,1.143749
trial_1,10,0.256588,0.829220
trial_1,11,0.027776,0.464853
trial_1,12,0.043214,0.372199
trial_1,13,0.106508,1.834342
trial_1,14,0.012848,0.272820
trial_1,15,0.246792,0.451319
trial_1,16,0.263939,0.430118
trial_1,17,0.072134,0.676247
trial_1,18,0.142726,0.552286
trial_1,19,0.126513,0.423558
trial_1,20,0.033760,0.599633
trial_1,21,0.013906,0.691239
trial_1,22,0.074577,0.383835
trial_1,23,0.023028,0.474356
trial_1,24,0.003568,0.401042
trial_1,25,0.118960,0.505411
trial_1,26,0.054175,0.935363
trial_1,27,0.007900,0.501000
trial_1,28,0.260549,1.918177
trial_1,29,0.148593,0.417926
trial_1,30,0.008868,0.455186
trial_1,31,0.081585,0.355142
trial_1,32,0.065582,0.437724
trial_1,33,0.036484,0.398318
trial_1,34,0.164908,2.729776
trial_1,35,0.375891,0.855740
trial_1,36,0.053580,0.464741
trial_1,37,0.047483,0.745156
trial_1,38,0.051721,0.459476
trial_1,39,0.046933,0.611989
trial_1,40,0.077989,0.468204
trial_1,41,0.106125,0.254253
trial_1,42,0.141526,0.325595
trial_1,43,0.150949,0.345780
trial_1,44,0.243371,0.449011
trial_1,45,0.026337,0.479515
trial_1,46,0.046143,0.439126
trial_1,47,0.002636,0.354326
trial_1,48,0.246801,0.373846
trial_1,49,0.074697,0.563589
trial_1,50,0.308479,0.533398
trial_1,51,0.199852,0.379690
trial_1,52,0.125779,0.412926
trial_1,53,0.075882,0.748736
trial_1,54,0.183703,0.506163
trial_1,55,0.033862,0.330676
trial_1,56,0.070615,0.283839
trial_1,57,0.260333,0.403290
trial_1,58,0.283301,0.666215
trial_1,59,0.030988,0.279425
trial_1,60,0.389125,2.186847
trial_1,61,0.020026,0.316848
trial_1,62,0.028237,0.321283
trial_1,63,0.168233,0.494784
trial_1,64,0.045114,0.407761
trial_1,65,0.208117,0.583752
trial_1,66,0.069224,0.326868
trial_1,67,0.095970,0.315393
trial_1,68,0.366147,0.958236
trial_1,69,0.034910,0.250574
trial_1,70,0.008611,0.187691
trial_1,71,0.109343,0.776204
trial_1,72,0.195281,0.280174
trial_1,73,0.049253,0.265229
trial_1,74,0.035982,0.267466
trial_1,75,0.233842,0.289295
trial_1,76,0.194561,0.473056
trial_1,77,0.015673,0.205702
trial_1,78,0.109686,0.267355
trial_1,79,0.076041,0.308247
trial_1,80,0.017606,0.237448
trial_1,81,0.111258,1.206582
trial_1,82,0.443060,0.868407
trial_1,83,0.154659,0.415867
trial_1,84,0.166624,1.794086
trial_1,85,0.414624,0.789833
trial_1,86,0.027167,0.816868
trial_1,87,0.245415,0.473989
trial_1,88,0.033885,0.365838
trial_1,89,0.077726,0.374425
trial_1,90,0.182105,0.489716
trial_1,91,0.034997,0.621308
trial_1,92,0.300259,0.579976
trial_1,93,0.114151,0.905814
trial_1,94,0.272409,0.443198
trial_1,95,0.105103,0.315569
trial_1,96,0.016493,0.571712
trial_1,97,0.176751,0.616994
trial_1,98,0.169668,0.598122
trial_1,99,0.029939,0.587721
trial_1,100,0.190125,0.831044
trial_1,101,0.124058,0.395205
trial_1,102,0.099502,0.389584
trial_1,103,0.002536,0.486206
trial_1,104,0.177418,0.477113
trial_1,105,0.023976,0.542446
trial_1,106,0.004271,0.324291
trial_1,107,0.028851,0.287254
trial_1,108,0.129581,1.092939
trial_1,109,0.131086,0.545106
trial_1,110,0.050005,0.483551
trial_1,111,0.248121,0.557806
trial_1,112,0.317993,0.481192
trial_1,113,0.090575,0.591736
trial_1,114,0.011389,0.269981
trial_1,115,0.029959,0.629497
trial_1,116,0.439722,0.548604
trial_1,117,0.113637,0.414525
trial_1,118,0.029806,0.418840
trial_1,119,0.141487,1.185232
trial_1,120,0.200447,0.563469
trial_1,121,0.190504,0.586750
trial_1,122,0.141935,0.325559
trial_1,123,0.145993,0.382627
trial_1,124,0.038881,0.500144
trial_1,125,0.001655,0.470143
trial_1,126,0.034616,0.908817
trial_1,127,0.231525,0.450802
trial_1,128,0.205982,0.363136
trial_1,129,0.057268,0.567430
trial_1,130,0.058157,1.581994
trial_1,131,0.043440,0.330829
trial_1,132,0.167159,0.554566
trial_1,133,0.531898,1.833291
trial_1,134,0.129867,0.534410
trial_1,135,0.161551,0.415361
trial_1,136,0.058059,0.376090
trial_1,137,0.183919,0.617485
trial_1,138,0.077220,0.411008
trial_1,139,0.263835,0.388575
trial_1,140,0.008365,0.253760
trial_1,141,0.083141,0.421630
trial_1,142,0.074832,0.599541
trial_1,143,0.274983,1.027996
trial_1,144,0.181356,0.523327
trial_1,145,0.124289,0.337552
trial_1,146,0.150157,0.942947
trial_1,147,0.016665,0.757699
trial_1,148,0.185446,0.425916
trial_1,149,0.049101,0.929103
trial_1,150,0.028487,0.327323
trial_1,151,0.215523,0.590038
trial_1,152,0.193058,0.485404
trial_1,153,0.262963,0.492880
trial_1,154,0.078693,0.340785
trial_1,155,0.124119,0.498295
trial_1,156,0.341264,0.681336
trial_1,157,0.111260,0.513910
trial_1,158,0.220542,0.610020
trial_1,159,0.018717,0.187480
trial_1,160,0.114544,0.620520
trial_1,161,0.196799,0.439686
trial_1,162,0.255109,0.357202
trial_1,163,0.231714,0.443006
trial_1,164,0.155284,0.277995
trial_1,165,0.059201,0.429351
trial_1,166,0.034184,0.501081
trial_1,167,0.020849,0.242734
trial_1,168,0.027251,0.304851
trial_1,169,0.107756,0.243784
trial_1,170,0.083853,0.374911
trial_1,171,0.079910,0.333040
trial_1,172,0.061472,0.365133
trial_1,173,0.022232,0.356197
trial_1,174,0.006935,0.399537
trial_1,175,0.001255,0.239931
trial_1,176,0.079585,0.377733
trial_1,177,0.085165,0.402397
trial_1,178,0.184659,0.369180
trial_1,179,0.015676,0.308041
trial_1,180,0.111232,0.712820
trial_1,181,0.034425,0.935492
trial_1,182,0.318372,0.465995
trial_1,183,0.070521,0.264279
trial_1,184,0.063314,0.585519
trial_1,185,0.194984,0.378848
trial_1,186,0.075401,0.247104
trial_1,187,0.082304,0.474748
trial_1,188,0.230294,0.435433
trial_1,189,0.069840,0.319993
trial_1,190,0.079453,0.233924
trial_1,191,0.155090,0.343235
trial_1,192,0.210393,0.523896
trial_1,193,0.123874,0.372296
trial_1,194,0.050102,0.269265
trial_1,195,0.077427,0.338859
trial_1,196,0.010265,0.478290
trial_1,197,0.282143,0.428856
trial_1,198,0.237726,0.420250
trial_1,199,0.093819,0.546917
trial_1,200,0.223711,0.383853
trial_1,201,0.044704,0.418718
trial_1,202,0.109481,0.215386
trial_1,203,0.055258,0.175208
trial_1,204,0.086298,0.408176
trial_1,205,0.158155,0.364640
trial_1,206,0.101600,0.361514
trial_1,207,0.006741,0.263601
trial_1,208,0.258521,0.486352
trial_1,209,0.234273,1.871376
trial_1,210,0.183432,0.908707
trial_1,211,0.127127,0.457607
trial_1,212,0.195298,0.321151
trial_1,213,0.004619,0.473508
trial_1,214,0.003165,0.289938
trial_1,215,0.098347,0.286988
trial_1,216,0.005536,0.290794
trial_1,217,0.139438,0.458105
trial_1,218,0.122809,1.150360
trial_1,219,0.538229,8.204604
trial_1,220,0.016245,0.552098
trial_1,221,0.209356,0.434650
trial_1,222,0.341629,0.476099
trial_1,223,0.228283,0.441282
trial_1,224,0.149791,0.373082
trial_1,225,0.359957,0.653272
trial_1,226,0.018535,0.467161
trial_1,227,0.107465,0.487434
trial_1,228,0.190479,0.366540
trial_1,229,0.198245,0.756784
trial_1,230,0.081774,0.394041
trial_1,231,0.150071,0.777568
trial_1,232,0.137776,0.365339
trial_1,233,0.068835,0.464907
trial_1,234,0.049949,0.321391
trial_1,235,0.035622,0.504254
trial_1,236,0.158628,0.295082
trial_1,237,0.124717,0.387708
trial_1,238,0.157170,0.382282
trial_1,239,0.077946,0.317102
trial_1,240,0.374236,0.587357
trial_1,241,0.125331,0.398250
trial_1,242,0.034592,0.270055
trial_1,243,0.081650,0.484762
trial_1,244,0.004857,0.431704
trial_1,245,0.259845,1.272460
trial_1,246,0.042659,0.542391
trial_1,247,0.040256,0.427838
trial_1,248,0.168720,0.388598
trial_1,249,0.053776,0.508715
trial_1,250,0.091189,0.520115
trial_1,251,0.032782,0.256739
trial_1,252,0.203602,0.550101
trial_1,253,0.105420,0.295604
trial_1,254,0.200886,0.806427
trial_1,255,0.092666,1.149855
trial_1,256,0.105522,0.367362
trial_1,257,0.081711,0.749032
trial_1,258,0.442182,0.565916
trial_1,259,0.027076,0.338310
trial_1,260,0.084838,0.295047
trial_1,261,0.189464,0.367143
trial_1,262,0.058817,0.480155
trial_1,263,0.172957,0.390346
trial_1,264,0.013991,0.421269
trial_1,265,0.033898,0.376605
trial_1,266,0.267128,0.418429
trial_1,267,0.177879,1.185651
trial_1,268,0.214342,0.397086
trial_1,269,0.031103,0.274079
trial_1,270,0.081714,0.238826
trial_1,271,0.296371,0.471709
trial_1,272,0.261032,0.415355
trial_1,273,0.056343,0.346968
trial_1,274,0.175537,0.312383
trial_1,275,0.049364,0.379817
trial_1,276,0.196556,0.821323
trial_1,277,0.122567,0.479773
trial_1,278,0.022009,0.334057
trial_1,279,0.005898,0.352408
trial_1,280,0.092819,0.557014
trial_1,281,0.099259,0.683811
trial_1,282,0.345880,1.361634
trial_1,283,0.010842,0.504413
trial_1,284,0.306644,0.516244
trial_1,285,0.021833,0.398955
trial_1,286,0.021918,0.463888
trial_1,287,0.171297,0.452506
trial_1,288,0.029587,0.794731
trial_1,289,0.105389,0.490146
trial_1,290,0.084957,0.538408
trial_1,291,0.007451,0.465798
trial_1,292,0.116227,0.613917
trial_1,293,0.140504,0.539808
trial_1,294,0.042173,0.261383
trial_1,295,0.003725,0.414513
trial_1,296,0.275584,1.018042
trial_1,297,0.238864,0.482885
trial_1,298,0.106713,0.510828
trial_1,299,0.034763,0.237815
trial_1,300,0.117217,0.474667
trial_1,301,0.011078,0.433192
trial_1,302,0.147393,0.589767
trial_1,303,0.223409,0.566752
trial_1,304,0.055715,0.275910
trial_1,305,0.082927,0.469804
trial_1,306,0.135715,0.375824
trial_1,307,0.059382,0.418926
trial_1,308,0.100463,0.491706
trial_1,309,0.167529,0.529623
trial_1,310,0.224560,0.928197
trial_1,311,0.104403,0.706166
trial_1,312,0.076494,0.638047
trial_1,313,0.101485,0.368873
trial_1,314,0.043737,0.494539
trial_1,315,0.094760,0.447370
trial_1,316,0.047987,0.495019
trial_1,317,0.061051,0.450504
trial_1,318,0.204474,0.740641
trial_1,319,0.069954,0.597562
trial_1,320,0.041178,0.954052
trial_1,321,0.156705,0.522169
trial_1,322,0.122518,0.369709
trial_1,323,0.184196,0.552222
trial_1,324,0.343485,0.516448
trial_1,325,0.147788,0.390071
trial_1,326,0.196102,0.459342
trial_1,327,0.210684,0.640074
trial_1,328,0.480311,0.688236
trial_1,329,0.171694,2.640742
trial_1,330,0.255065,0.621299
trial_1,331,0.147829,0.480807
trial_1,332,0.319396,0.551507
trial_1,333,0.096662,0.442897
trial_1,334,0.268717,0.464648
trial_1,335,0.049140,0.421682
trial_1,336,0.152756,0.414461
trial_1,337,0.068747,0.569126
trial_1,338,0.157093,1.234074
trial_1,339,0.121922,0.477622
trial_1,340,0.145270,0.426663
trial_1,341,0.113344,4.005940
trial_1,342,0.076096,0.292426
trial_1,343,0.185935,0.439140
trial_1,344,0.021835,0.866671
trial_1,345,1.666055,8.153151
trial_1,346,0.092316,0.928860
trial_1,347,0.280124,0.618342
trial_1,348,0.298854,0.813783
trial_1,349,0.001654,0.421323
trial_1,350,0.104692,0.538077
trial_1,351,0.089589,0.776281
trial_1,352,0.007362,0.474865
trial_1,353,0.085672,0.384169
trial_1,354,0.309749,0.577530
trial_1,355,0.175514,0.295912
trial_1,356,0.227618,0.348495
trial_1,357,0.006745,0.541689
trial_1,358,0.013808,0.301922
trial_1,359,0.218670,0.393879
trial_1,360,0.064874,0.305158
trial_1,361,0.004461,0.843358
trial_1,362,0.094203,1.702646
trial_1,363,0.100728,0.533914
trial_1,364,0.155902,0.326825
trial_1,365,0.175358,0.420541
trial_1,366,0.134576,0.490779
trial_1,367,0.119865,0.507860
trial_1,368,0.052032,0.301122
trial_1,369,0.000820,0.263301
trial_1,370,0.111552,0.434507
trial_1,371,0.108205,0.363615
trial_1,372,0.126874,0.451665
trial_1,373,0.035142,0.384288
trial_1,374,0.185906,0.734148
trial_1,375,0.157643,0.332288
trial_1,376,0.261405,0.439804
trial_1,377,0.060120,0.611625
trial_1,378,0.046316,0.271141
trial_1,379,0.248152,0.468860
trial_1,380,0.054779,0.369232
trial_1,381,0.018224,0.308010
trial_1,382,0.210478,0.407095
trial_1,383,0.331162,1.508444
trial_1,384,0.139371,0.331578
trial_1,385,0.300780,0.826067
trial_1,386,0.177124,0.920918
trial_1,387,0.150893,0.994577
trial_1,388,0.109300,0.425250
trial_1,389,0.049044,0.347282
trial_1,390,0.102859,0.493906
trial_1,391,0.026877,0.597641
trial_1,392,0.203054,0.428465
trial_1,393,0.083366,0.414301
trial_1,394,0.154976,0.382473
trial_1,395,0.129527,0.493171
trial_1,396,0.018011,0.208417
trial_1,397,0.000248,0.346904
trial_1,398,0.009681,0.375324
trial_1,399,0.165268,0.574772
trial_1,400,0.040096,0.474420
trial_1,401,0.176679,0.516542
trial_1,402,0.219443,0.718629
trial_1,403,0.060393,0.382006
trial_1,404,0.228807,0.324560
trial_1,405,0.094334,0.461014
trial_1,406,0.334027,0.697499
trial_1,407,0.031675,0.285679
trial_1,408,0.054989,0.339617
trial_1,409,0.023711,0.454615
trial_1,410,0.109814,0.467352
trial_1,411,0.345472,0.630858
trial_1,412,0.052157,0.312612
trial_1,413,0.165601,0.574335
trial_1,414,0.236604,0.388766
trial_1,415,0.112021,0.411404
trial_1,416,0.261329,2.477713
trial_1,417,0.269770,0.543542
trial_1,418,0.336214,0.612575
trial_1,419,0.217125,0.892897
trial_1,420,0.209755,0.678652
trial_1,421,0.052045,0.371076
trial_1,422,0.231396,0.722683
trial_1,423,0.019227,0.255696
trial_1,424,0.001918,0.321138
trial_1,425,0.181487,0.370408
trial_1,426,0.152298,0.264960
trial_1,427,0.028131,0.366751
trial_1,428,0.450667,0.719052
trial_1,429,0.128350,0.350769
trial_1,430,0.000987,0.304660
trial_1,431,0.089201,0.417741
trial_1,432,0.149488,0.631289
trial_1,433,0.008996,0.380664
trial_1,434,0.300312,0.661447
trial_1,435,0.033902,1.560827
trial_1,436,0.250653,0.633116
trial_1,437,0.165299,0.889986
trial_1,438,0.355762,0.825611
trial_1,439,0.037851,0.546290
trial_1,440,0.178247,0.635820
trial_1,441,0.226518,0.786221
trial_1,442,0.102155,0.348835
trial_1,443,0.036597,0.385814
trial_1,444,0.307727,0.538873
trial_1,445,0.024968,0.384434
trial_1,446,0.001155,0.484923
trial_1,447,0.060523,0.641685
trial_1,448,0.118394,0.441583
trial_1,449,0.079277,0.533360
trial_1,450,0.156208,0.683471
trial_1,451,0.198040,0.451120
trial_1,452,0.154546,0.408286
trial_1,453,0.008272,0.431470
trial_1,454,0.224169,0.402460
trial_1,455,0.063344,0.359054
trial_1,456,0.266222,0.549073
trial_1,457,0.257971,0.439452
trial_1,458,0.011425,0.471584
trial_1,459,0.209345,0.444708
trial_1,460,0.198979,0.477407
trial_1,461,0.003739,0.326135
trial_1,462,0.191993,0.477043
trial_1,463,0.187497,0.329226
trial_1,464,0.060344,0.290598
trial_1,465,0.056408,0.407555
trial_1,466,0.118456,0.409800
trial_1,467,0.093780,0.561208
trial_1,468,0.112479,0.366530
trial_1,469,0.093668,1.170936
trial_1,470,0.217173,0.556911
trial_1,471,0.049289,0.402686
trial_1,472,0.343215,0.531877
trial_1,473,0.001175,0.493645
trial_1,474,0.045191,0.980824
trial_1,475,0.114573,0.967530
trial_1,476,0.093197,0.939427
trial_1,477,0.164923,0.547622
trial_1,478,0.146415,0.447055
trial_1,479,0.059433,0.466927
trial_1,480,0.051295,0.541306
trial_1,481,0.007805,1.457220
trial_1,482,0.220328,0.577348
trial_1,483,0.002249,0.610351
trial_1,484,0.065369,0.630590
trial_1,485,0.098862,0.283838
trial_1,486,0.014527,0.453174
trial_1,487,0.426277,0.561316
trial_1,488,0.065762,0.470865
trial_1,489,0.025301,0.488301
trial_1,490,0.042218,0.518957
trial_1,491,0.199607,0.392813
trial_1,492,0.038214,0.451069
trial_1,493,0.072347,0.452814
trial_1,494,0.070941,0.459510
trial_1,495,0.124467,0.471387
trial_1,496,0.140331,0.379919
trial_1,497,0.226091,0.530927
trial_1,498,0.158764,0.310993
trial_1,499,0.063092,0.623866
trial_1,500,0.257070,0.702114
trial_1,501,0.117895,0.367190
trial_1,502,0.200476,0.371167
trial_1,503,0.023821,0.285138
trial_1,504,0.080555,0.392725
trial_1,505,0.039062,0.620453
trial_1,506,0.050815,0.343455
trial_1,507,0.114493,0.673976
trial_1,508,0.130792,0.394329
trial_1,509,0.064064,0.635328
trial_1,510,0.008722,0.409738
trial_1,511,0.001426,0.335767
trial_1,512,0.224191,2.791823
trial_1,513,0.136075,0.483086
trial_1,514,0.030184,0.571598
trial_1,515,0.079728,1.943598
trial_1,516,0.065202,0.420006
trial_1,517,0.020560,1.105829
trial_1,518,0.281971,0.655939
trial_1,519,0.038755,0.365539
trial_1,520,0.169307,0.348148
trial_1,521,0.059188,0.313862
trial_1,522,0.010377,0.378615
trial_1,523,0.070349,0.657871
trial_1,524,0.245575,0.600177
trial_1,525,0.011972,0.750014
trial_1,526,0.114636,0.363322
trial_1,527,0.066087,0.311026
trial_1,528,0.287833,0.514299
trial_1,529,0.022679,0.418047
trial_1,530,0.056421,0.451414
trial_1,531,0.166296,0.467083
trial_1,532,0.176862,0.439458
trial_1,533,0.052572,0.257580
trial_1,534,0.108122,0.332022
trial_1,535,0.306965,0.500650
trial_1,536,0.385251,0.981889
trial_1,537,0.079637,0.946008
trial_1,538,0.067171,0.344366
trial_1,539,0.075182,0.484172
trial_1,540,0.114303,0.406398
trial_1,541,0.227217,0.453312
trial_1,542,0.058895,1.060010
trial_1,543,0.090072,0.321800
trial_1,544,0.124087,0.284598
trial_1,545,0.001326,0.456500
trial_1,546,0.009757,0.624313
trial_1,547,0.086594,0.431415
trial_1,548,0.040516,0.334802
trial_1,549,0.030834,0.412496
trial_1,550,0.053094,0.457611
trial_1,551,0.117665,0.313981
trial_1,552,0.108141,0.535739
trial_1,553,0.200409,0.392600
trial_1,554,0.262661,0.854997
trial_1,555,0.046303,0.273934
trial_1,556,0.364048,0.478076
trial_1,557,0.037649,0.362087
trial_1,558,0.050946,0.263566
trial_1,559,0.147457,0.280435
trial_1,560,0.231159,0.423694
trial_1,561,0.088029,0.439646
trial_1,562,0.144371,0.436225
trial_1,563,0.042988,0.397281
trial_1,564,0.057775,0.393238
trial_1,565,0.105707,0.622507
trial_1,566,0.254914,0.441985
trial_1,567,0.006073,0.434723
trial_1,568,0.091260,0.467657
trial_1,569,0.127666,0.484730
trial_1,570,0.081226,0.427719
trial_1,571,0.052127,0.277916
trial_1,572,0.022678,0.298298
trial_1,573,0.289261,0.429739
trial_1,574,0.097393,0.210677
trial_1,575,0.235481,0.828490
trial_1,576,0.052184,1.071748
trial_1,577,0.035914,0.327242
trial_1,578,0.050018,0.684753
trial_1,579,0.227392,0.395165
trial_1,580,0.129203,0.282674
trial_1,581,0.164872,0.515431
trial_1,582,0.247497,0.364013
trial_1,583,0.008604,0.429954
trial_1,584,0.081618,0.240358
trial_1,585,0.133495,0.504993
trial_1,586,0.150763,0.371372
trial_1,587,0.062846,0.374666
trial_1,588,0.090401,0.284597
trial_1,589,1.462888,13.461622
trial_1,590,0.126128,0.838816
trial_1,591,0.285817,0.555306
trial_1,592,0.026691,0.437402
trial_1,593,0.080026,0.356654
trial_1,594,0.010129,0.335748
trial_1,595,0.060216,0.588437
trial_1,596,0.262548,0.465809
trial_1,597,0.047523,0.434970
trial_1,598,0.149742,0.448890
trial_1,599,0.057677,0.432799
trial_1,600,0.046582,0.270620
trial_1,601,0.087986,0.594348
trial_1,602,0.117923,0.440983
trial_1,603,0.118930,0.568629
trial_1,604,0.112664,0.296034
trial_1,605,0.017260,0.421243
trial_1,606,0.022805,0.420229
trial_1,607,0.121924,0.332924
trial_1,608,0.110349,0.305820
trial_1,609,0.057380,0.454584
trial_1,610,0.122779,0.440611
trial_1,611,0.193270,0.614894
trial_1,612,0.065032,0.260476
trial_1,613,0.417083,0.564818
trial_1,614,0.037655,0.603759
trial_1,615,0.048629,0.315072
trial_1,616,0.022795,0.409089
trial_1,617,0.147332,0.450147
trial_1,618,0.240558,0.303682
trial_1,619,1.015292,5.967604
trial_1,620,0.022047,0.600360
trial_1,621,0.028350,0.313436
trial_1,622,0.367709,2.836295
trial_1,623,0.046471,0.333640
trial_1,624,0.022382,0.546383
trial_1,625,0.209222,0.583829
trial_1,626,0.171517,0.504748
trial_1,627,0.251157,1.236163
trial_1,628,0.224297,0.448365
trial_1,629,0.097688,0.465474
trial_1,630,0.120900,0.605278
trial_1,631,0.075757,0.622241
trial_1,632,0.168260,0.407680
trial_1,633,0.037287,0.461954
trial_1,634,0.163419,0.720995
trial_1,635,0.065501,0.536925
trial_1,636,0.265999,0.529989
trial_1,637,0.138550,0.722298
trial_1,638,0.081997,0.621516
trial_1,639,0.104362,0.508662
trial_1,640,0.388121,0.544860
trial_1,641,0.320325,0.637879
trial_1,642,0.037344,0.435525
trial_1,643,0.160059,0.667876
trial_1,644,0.110673,0.546546
trial_1,645,0.000392,0.563764
trial_1,646,0.203044,1.017936
trial_1,647,0.118237,2.043495
trial_1,648,0.186432,2.332665
trial_1,649,0.111589,0.562907
trial_1,650,0.035038,0.613443
trial_1,651,0.202974,0.715288
trial_1,652,0.234465,0.948960
trial_1,653,0.196947,0.485637
trial_1,654,0.201056,0.353183
trial_1,655,0.207782,0.386961
trial_1,656,0.029491,0.534276
trial_1,657,0.083426,0.680493
trial_1,658,0.237707,0.526435
trial_1,659,0.299392,0.575148
trial_1,660,0.042719,0.483582
trial_1,661,0.036840,0.427280
trial_1,662,0.342174,0.656374
trial_1,663,0.161170,0.435409
trial_1,664,0.198209,0.340546
trial_1,665,0.022741,0.693095
trial_1,666,0.016384,0.693576
trial_1,667,0.093924,0.453917
trial_1,668,0.170925,0.343144
trial_1,669,0.014933,0.309027
trial_1,670,0.065100,0.267291
trial_1,671,0.023616,0.305994
trial_1,672,0.378241,0.610639
trial_1,673,0.385798,3.044740
trial_1,674,0.129455,0.567580
trial_1,675,0.086594,0.363681
trial_1,676,0.352863,0.968409
trial_1,677,0.159020,0.468976
trial_1,678,0.032443,0.421942
trial_1,679,0.009665,0.698828
trial_1,680,0.002532,0.433311
trial_1,681,0.203829,0.355656
trial_1,682,0.102193,0.613460
trial_1,683,0.068249,0.450681
trial_1,684,0.304799,1.156712
trial_1,685,0.207262,0.734899
trial_1,686,0.006850,0.375961
trial_1,687,0.297232,0.455011
trial_1,688,0.164188,0.325718
trial_1,689,0.248407,0.520523
trial_1,690,0.067082,0.584618
trial_1,691,0.308197,0.455369
trial_1,692,0.081226,0.308714
trial_1,693,0.281802,0.451327
trial_1,694,0.470531,0.632654
trial_1,695,0.072189,0.307525
trial_1,696,0.027662,0.706351
trial_1,697,0.117809,1.195995
trial_1,698,0.207209,0.391091
trial_1,699,0.069436,0.358285
trial_1,700,0.010490,0.408089
trial_1,701,0.090115,0.548632
trial_1,702,0.019304,0.525446
trial_1,703,0.249360,0.827277
trial_1,704,0.099911,0.362318
trial_1,705,0.062659,0.349203
trial_1,706,0.065126,0.398278
trial_1,707,0.026890,0.379066
trial_1,708,0.287968,0.418289
trial_1,709,0.079903,1.009978
trial_1,710,0.092838,0.561919
trial_1,711,0.011053,0.374870
trial_1,712,0.336994,0.438336
trial_1,713,0.195602,0.796959
trial_1,714,0.143916,0.376337
trial_1,715,0.166320,0.369640
trial_1,716,0.135046,0.536327
trial_1,717,0.031299,0.291721
trial_1,718,0.075988,0.400065
trial_1,719,0.173398,0.303672
trial_1,720,0.005449,0.585425
trial_1,721,0.164959,0.416802
trial_1,722,0.013474,0.362950
trial_1,723,0.098422,0.208549
trial_1,724,0.039636,1.971790
trial_1,725,0.142870,0.540689
trial_1,726,0.364755,0.579385
trial_1,727,0.204405,0.670414
trial_1,728,0.124505,0.413878
trial_1,729,0.407871,0.500153
trial_1,730,0.171503,0.422668
trial_1,731,0.031510,0.332187
trial_1,732,0.150280,0.335155
trial_1,733,0.097652,0.330018
trial_1,734,0.078802,0.280230
trial_1,735,0.005244,0.492254
trial_1,736,0.127326,0.431198
trial_1,737,0.066943,0.422200
trial_1,738,0.175027,0.780590
trial_1,739,0.048223,0.235963
trial_1,740,0.088313,0.352520
trial_1,741,0.089311,0.334817
trial_1,742,0.166277,0.554197
trial_1,743,0.275752,1.324074
trial_1,744,0.051744,0.302527
trial_1,745,0.192885,0.430304
trial_1,746,0.025770,0.398504
trial_1,747,0.028406,0.227960
trial_1,748,0.041614,0.459895
trial_1,749,0.094497,0.400580
trial_1,750,0.018082,0.369268
trial_1,751,0.084539,0.525672
trial_1,752,0.521622,0.835737
trial_1,753,0.372492,0.693274
trial_1,754,0.048576,0.319804
trial_1,755,0.001779,0.367221
trial_1,756,0.112399,0.345647
trial_1,757,0.053108,0.412496
trial_1,758,0.217921,0.621841
trial_1,759,0.099056,0.696638
trial_1,760,0.003715,0.460322
trial_1,761,0.285803,0.538454
trial_1,762,0.162861,0.540339
trial_1,763,0.024446,0.327594
trial_1,764,0.040587,0.621948
trial_1,765,0.008691,0.498041
trial_1,766,0.026840,0.566060
trial_1,767,0.104155,0.440580
trial_1,768,0.081903,0.284552
trial_1,769,0.110464,0.399480
trial_1,770,0.285088,1.630257
trial_1,771,0.203992,0.554804
trial_1,772,0.355902,3.706383
trial_1,773,0.141905,0.650988
trial_1,774,0.084187,0.734393
trial_1,775,0.056911,0.574647
trial_1,776,0.609980,0.788578
trial_1,777,0.387581,0.922645
trial_1,778,0.032852,0.568285
trial_1,779,0.076961,0.399685
trial_1,780,0.315280,0.431193
trial_1,781,0.406211,0.666298
trial_1,782,0.030707,0.529700
trial_1,783,0.225554,0.563040
trial_1,784,0.008894,0.276621
trial_1,785,0.097937,0.369639
trial_1,786,0.233787,0.867471
trial_1,787,0.198933,0.401298
trial_1,788,0.148169,0.772002
trial_1,789,0.167398,0.441682
trial_1,790,0.199472,0.430830
trial_1,791,0.341610,0.567473
trial_1,792,0.064661,0.301531
trial_1,793,0.336811,0.650116
trial_1,794,0.018080,1.085204
trial_1,795,0.078673,0.776148
trial_1,796,0.229523,0.434330
trial_1,797,0.026159,0.336742
trial_1,798,0.059393,0.385501
trial_1,799,0.052994,0.345343
trial_1,800,0.180116,0.495743
trial_1,801,0.140786,0.514970
trial_1,802,0.154485,0.425278
trial_1,803,0.025895,0.321542
trial_1,804,0.016141,0.492931
trial_1,805,0.046825,0.590893
trial_1,806,0.129699,0.841876
trial_1,807,0.211297,0.339424
trial_1,808,0.183442,0.261598
trial_1,809,0.045373,0.237959
trial_1,810,0.141779,0.363653
trial_1,811,0.079330,0.496643
trial_1,812,0.058840,0.492067
trial_1,813,0.188470,0.785009
trial_1,814,0.081395,0.885882
trial_1,815,0.077599,0.392255
trial_1,816,0.282689,0.451570
trial_1,817,0.268119,0.495458
trial_1,818,0.096787,0.602785
trial_1,819,0.044416,0.554978
trial_1,820,0.128467,1.267842
trial_1,821,0.011620,0.429877
trial_1,822,0.014198,0.417451
trial_1,823,0.001447,0.549485
trial_1,824,0.244066,0.338862
trial_1,825,0.102366,0.508424
trial_1,826,0.336994,2.780302
trial_1,827,0.093130,0.651979
trial_1,828,0.167507,0.633498
trial_1,829,0.083796,0.437271
trial_1,830,0.029984,0.323993
trial_1,831,0.244089,0.583315
trial_1,832,0.211507,0.523342
trial_1,833,0.070746,0.554788
trial_1,834,0.352619,0.638407
trial_1,835,0.281811,0.525105
trial_1,836,0.360754,0.435922
trial_1,837,0.473611,0.883398
trial_1,838,0.079434,0.479119
trial_1,839,0.046126,0.429544
trial_1,840,0.080192,0.465380
trial_1,841,0.102758,0.736770
trial_1,842,0.119838,0.287065
trial_1,843,0.136235,0.670669
trial_1,844,0.083366,0.472691
trial_1,845,0.163137,0.316331
trial_1,846,0.166176,0.338693
trial_1,847,0.040087,0.459486
trial_1,848,0.095683,1.077879
trial_1,849,0.161493,0.310082
trial_1,850,0.080984,0.525145
trial_1,851,0.070683,0.288099
trial_1,852,0.427228,0.694537
trial_1,853,0.132815,0.306430
trial_1,854,0.091265,0.265250
trial_1,855,0.197964,0.528995
trial_1,856,0.162765,0.542371
trial_1,857,0.130999,0.488817
trial_1,858,0.138617,0.410205
trial_1,859,0.020526,0.367150
trial_1,860,0.277684,0.462928
trial_1,861,0.192387,0.341580
trial_1,862,0.007907,0.314734
trial_1,863,0.153102,0.649145
trial_1,864,0.000595,0.405841
trial_1,865,0.042564,0.303063
trial_1,866,0.074355,0.538780
trial_1,867,0.107690,0.418518
trial_1,868,0.236915,0.420598
trial_1,869,0.133401,0.798447
trial_1,870,0.015440,0.517926
trial_1,871,0.155205,0.541362
trial_1,872,0.127430,0.594489
trial_1,873,0.189423,0.362326
trial_1,874,0.162833,0.393787
trial_1,875,0.081492,0.398620
trial_1,876,0.270126,0.454344
trial_1,877,0.036222,0.351744
trial_1,878,0.110677,0.446391
trial_1,879,0.037395,0.326828
trial_1,880,0.247780,0.584220
trial_1,881,0.040559,0.278237
trial_1,882,0.039838,0.409311
trial_1,883,0.073496,0.466016
trial_1,884,0.132714,0.565765
trial_1,885,0.209223,0.426853
trial_1,886,0.110674,0.282535
trial_1,887,0.638831,2.875852
trial_1,888,0.205851,1.364074
trial_1,889,0.216330,0.405945
trial_1,890,0.460887,0.669213
trial_1,891,0.252695,0.510661
trial_1,892,0.032670,0.493938
trial_1,893,0.078429,0.535803
trial_1,894,0.184642,0.477806
trial_1,895,0.132892,0.546777
trial_1,896,0.148688,0.605958
trial_1,897,0.006523,0.372227
trial_1,898,0.081498,0.381203
trial_1,899,0.014610,0.481996
trial_1,900,0.086277,0.485919
trial_1,901,0.048371,0.298825
trial_1,902,0.038797,0.757151
trial_1,903,0.203721,0.304671
trial_1,904,0.036074,0.344710
trial_1,905,0.163834,0.555989
trial_1,906,0.174543,0.382913
trial_1,907,0.050000,0.317185
trial_1,908,0.048367,0.236806
trial_1,909,0.072581,0.915363
trial_1,910,0.317309,0.665822
trial_1,911,0.015000,0.210658
trial_1,912,0.100530,0.393669
trial_1,913,0.036093,0.537458
trial_1,914,0.239526,0.457374
trial_1,915,0.243332,0.556518
trial_1,916,0.090920,0.303692
trial_1,917,0.258873,0.436636
trial_1,918,0.103325,0.498906
trial_1,919,0.326177,0.702485
trial_1,920,0.071308,0.481723
trial_1,921,0.186569,0.323887
trial_1,922,0.136778,0.626277
trial_1,923,0.196088,0.503116
trial_1,924,0.468654,2.540445
trial_1,925,0.267977,0.880043
trial_1,926,0.197254,0.496824
trial_1,927,0.173523,0.496376
trial_1,928,0.120656,0.486441
trial_1,929,0.178853,0.553887
trial_1,930,0.117460,0.649996
trial_1,931,0.011079,1.106599
trial_1,932,0.069375,0.483659
trial_1,933,0.044512,0.929801
trial_1,934,0.047800,0.579756
trial_1,935,0.058480,0.415750
trial_1,936,0.152720,0.844218
trial_1,937,0.137415,0.611058
trial_1,938,0.110842,0.352853
trial_1,939,0.096929,0.614671
trial_1,940,0.014976,0.424308
trial_1,941,0.082641,0.661965
trial_1,942,0.005015,0.312495
trial_1,943,0.055566,0.499778
trial_1,944,0.090205,0.265228
trial_1,945,0.120754,0.472847
trial_1,946,0.235313,0.460682
trial_1,947,0.003333,0.392209
trial_1,948,0.220151,0.697567
trial_1,949,0.161446,0.931469
trial_1,950,0.039605,0.328494
trial_1,951,0.097256,0.322982
trial_1,952,0.078091,0.414261
trial_1,953,0.092557,0.441390
trial_1,954,0.071020,0.407329
trial_1,955,0.099611,0.479225
trial_1,956,0.005296,0.354058
trial_1,957,0.335915,1.318762
trial_1,958,0.111500,0.454475
trial_1,959,0.051647,0.701690
trial_1,960,0.052156,0.580975
trial_1,961,0.141628,0.490126
trial_1,962,0.453094,8.071709
trial_1,963,0.111909,0.722085
trial_1,964,0.026552,0.231206
trial_1,965,0.107171,0.509588
trial_1,966,0.027903,0.557811
trial_1,967,0.094782,0.720070
trial_1,968,0.050685,0.273847
trial_1,969,0.046621,0.408478
trial_1,970,0.089948,0.400601
trial_1,971,0.167026,0.338820
trial_1,972,0.338241,0.753808
trial_1,973,0.170946,0.478747
trial_1,974,0.074199,0.690954
trial_1,975,0.277410,0.615265
trial_1,976,0.012054,0.438232
trial_1,977,0.202720,0.473266
trial_1,978,0.091165,0.404001
trial_1,979,0.109855,0.250721
trial_1,980,0.124837,0.388051
trial_1,981,0.086370,0.586112
trial_1,982,0.108877,0.593980
trial_1,983,0.218445,0.338265
trial_1,984,0.149558,0.448163
trial_1,985,0.297326,0.594756
trial_1,986,0.060189,0.473515
trial_1,987,0.051597,0.391636
trial_1,988,0.392555,1.449264
trial_1,989,0.093204,0.421119
trial_1,990,0.021679,0.455975
trial_1,991,0.152093,0.339597
trial_1,992,0.062952,0.411693
trial_1,993,0.091428,0.540824
trial_1,994,0.166149,0.504026
trial_1,995,0.131502,0.427042
trial_1,996,0.019434,0.299046
trial_1,997,0.117603,2.909135
trial_1,998,0.181672,0.526578
trial_1,999,0.048425,0.295643
trial_1,1000,0.275540,0.478186
trial_2,1,0.090069,0.339650
trial_2,2,0.044319,0.375729
trial_2,3,0.178531,0.445634
trial_2,4,0.155179,0.519887
trial_2,5,0.218024,0.587435
trial_2,6,0.041108,0.380944
trial_2,7,0.122450,0.377400
trial_2,8,0.027935,0.447568
trial_2,9,0.321570,0.746080
trial_2,10,0.281649,0.468602
trial_2,11,0.106904,0.541919
trial_2,12,0.092385,0.428637
trial_2,13,0.002511,1.669290
trial_2,14,0.009977,0.544054
trial_2,15,0.126076,0.323847
trial_2,16,0.219803,0.612145
trial_2,17,0.006110,0.607594
trial_2,18,0.399856,0.699347
trial_2,19,0.058848,0.532959
trial_2,20,0.168736,0.559575
trial_2,21,0.085168,0.596754
trial_2,22,0.169134,0.574200
trial_2,23,0.058631,0.506523
trial_2,24,0.155471,0.664030
trial_2,25,0.262866,0.475459
trial_2,26,0.163695,0.831605
trial_2,27,0.016689,0.533971
trial_2,28,0.147857,1.797383
trial_2,29,0.105906,0.770440
trial_2,30,0.248820,0.598295
trial_2,31,0.036132,0.419838
trial_2,32,0.297936,0.436667
trial_2,33,0.212488,0.735763
trial_2,34,0.071271,1.569969
trial_2,35,0.335372,0.682271
trial_2,36,0.057710,0.596551
trial_2,37,0.142455,0.738608
trial_2,38,0.144655,0.980516
trial_2,39,0.072219,0.609740
trial_2,40,0.087373,0.901972
trial_2,41,0.150573,0.482765
trial_2,42,0.110299,0.378062
trial_2,43,0.096301,0.367919
trial_2,44,0.121885,0.503074
trial_2,45,0.141112,0.718510
trial_2,46,0.100429,0.476460
trial_2,47,0.119573,0.480529
trial_2,48,0.095543,0.440670
trial_2,49,0.083021,0.605848
trial_2,50,0.220379,0.495747
trial_2,51,0.151673,0.397859
trial_2,52,0.148991,0.499003
trial_2,53,0.143670,1.105008
trial_2,54,0.030907,0.651301
trial_2,55,0.146468,0.558282
trial_2,56,0.028050,0.452051
trial_2,57,0.121472,0.553427
trial_2,58,0.097061,0.671616
trial_2,59,0.073457,0.379559
trial_2,60,0.142619,2.234369
trial_2,61,0.079721,0.288184
trial_2,62,0.136866,0.432770
trial_2,63,0.185043,0.498961
trial_2,64,0.139071,0.467094
trial_2,65,0.502180,0.891203
trial_2,66,0.024316,0.326812
trial_2,67,0.224849,0.421256
trial_2,68,0.307194,1.156056
trial_2,69,0.244868,0.443031
trial_2,70,0.276486,0.467777
trial_2,71,0.085566,0.813539
trial_2,72,0.073980,0.343135
trial_2,73,0.129749,0.363452
trial_2,74,0.044416,0.502591
trial_2,75,0.255663,0.425762
trial_2,76,0.076018,0.481708
trial_2,77,0.033433,0.259392
trial_2,78,0.021688,0.374588
trial_2,79,0.124273,0.367518
trial_2,80,0.236371,0.493901
trial_2,81,0.207106,1.187047
trial_2,82,0.342959,0.807015
trial_2,83,0.390082,0.637672
trial_2,84,0.230467,2.414021
trial_2,85,0.444032,1.062478
trial_2,86,0.432155,1.118145
trial_2,87,0.020628,0.506909
trial_2,88,0.056166,0.366518
trial_2,89,0.152425,0.814242
trial_2,90,0.068090,0.587911
trial_2,91,0.105173,0.721133
trial_2,92,0.347848,1.070404
trial_2,93,0.021359,1.029033
trial_2,94,0.230794,0.453494
trial_2,95,0.175985,0.499051
trial_2,96,0.080196,0.535374
trial_2,97,0.265677,0.634379
trial_2,98,0.196785,0.795608
trial_2,99,0.128323,0.511266
trial_2,100,0.394375,0.485984
trial_2,101,0.339459,0.601304
trial_2,102,0.137133,0.439799
trial_2,103,0.015816,0.504307
trial_2,104,0.156685,0.509215
trial_2,105,0.133645,0.658263
trial_2,106,0.032363,0.390396
trial_2,107,0.237079,0.437292
trial_2,108,0.044774,1.173673
trial_2,109,0.296108,0.616696
trial_2,110,0.037784,0.556821
trial_2,111,0.340658,0.567001
trial_2,112,0.123025,0.646480
trial_2,113,0.215001,0.603980
trial_2,114,0.245580,0.638866
trial_2,115,0.204714,0.714199
trial_2,116,0.291420,0.443146
trial_2,117,0.095105,0.645069
trial_2,118,0.043368,0.537532
trial_2,119,0.088332,1.315316
trial_2,120,0.215426,0.758889
trial_2,121,0.193016,0.551476
trial_2,122,0.120747,0.355097
trial_2,123,0.178340,0.510317
trial_2,124,0.147424,0.783838
trial_2,125,0.226392,0.700130
trial_2,126,0.312130,1.048339
trial_2,127,0.093350,0.582750
trial_2,128,0.235723,0.420222
trial_2,129,0.282085,0.698239
trial_2,130,0.276375,2.078564
trial_2,131,0.102215,0.490851
trial_2,132,0.020151,0.668383
trial_2,133,0.021360,1.805169
trial_2,134,0.043029,0.526959
trial_2,135,0.222542,0.421055
trial_2,136,0.089338,0.440894
trial_2,137,0.155944,0.909376
trial_2,138,0.088165,0.473397
trial_2,139,0.104039,0.385116
trial_2,140,0.081177,0.395474
trial_2,141,0.003674,0.515964
trial_2,142,0.000196,0.508328
trial_2,143,0.602902,1.213628
trial_2,144,0.093184,0.413816
trial_2,145,0.052209,0.390557
trial_2,146,0.451690,0.924452
trial_2,147,0.152218,0.873258
trial_2,148,0.156802,0.392465
trial_2,149,0.040500,0.736275
trial_2,150,0.015570,0.425656
trial_2,151,0.007163,0.573478
trial_2,152,0.199556,0.568858
trial_2,153,0.304976,0.574967
trial_2,154,0.051247,0.370049
trial_2,155,0.019051,0.533746
trial_2,156,0.229267,0.496583
trial_2,157,0.130629,0.765067
trial_2,158,0.097138,0.829139
trial_2,159,0.155632,0.313972
trial_2,160,0.440153,0.684012
trial_2,161,0.263495,0.481491
trial_2,162,0.254764,0.383316
trial_2,163,0.094889,0.560745
trial_2,164,0.055410,0.219947
trial_2,165,0.263404,0.531743
trial_2,166,0.050659,0.592016
trial_2,167,0.200428,0.397939
trial_2,168,0.011270,0.373385
trial_2,169,0.108395,0.382586
trial_2,170,0.117863,0.531977
trial_2,171,0.060472,0.500888
trial_2,172,0.018871,0.355861
trial_2,173,0.046765,0.359164
trial_2,174,0.037851,0.409796
trial_2,175,0.148162,0.355253
trial_2,176,0.166513,0.463437
trial_2,177,0.087904,0.667134
trial_2,178,0.227410,0.360061
trial_2,179,0.047677,0.455989
trial_2,180,0.487361,1.370635
trial_2,181,0.020567,1.094673
trial_2,182,0.281675,0.450164
trial_2,183,0.044478,0.515247
trial_2,184,0.022449,0.786676
trial_2,185,0.132875,0.428300
trial_2,186,0.127279,0.518070
trial_2,187,0.201425,0.689200
trial_2,188,0.325628,0.518194
trial_2,189,0.095347,0.561343
trial_2,190,0.084434,0.380648
trial_2,191,0.083296,0.365336
trial_2,192,0.175838,0.600670
trial_2,193,0.246376,0.488758
trial_2,194,0.097733,0.498978
trial_2,195,0.149278,0.512207
trial_2,196,0.061030,0.515844
trial_2,197,0.094109,0.504452
trial_2,198,0.100768,0.438731
trial_2,199,0.130216,0.622216
trial_2,200,0.367589,0.556699
trial_2,201,0.184418,0.553895
trial_2,202,0.044966,0.289420
trial_2,203,0.075237,0.242871
trial_2,204,0.016098,0.476484
trial_2,205,0.103748,0.608028
trial_2,206,0.138323,0.393041
trial_2,207,0.146524,0.327186
trial_2,208,0.213006,0.505179
trial_2,209,0.007824,1.487753
trial_2,210,0.071292,1.388313
trial_2,211,0.051143,0.472039
trial_2,212,0.171803,0.285420
trial_2,213,0.075034,0.579913
trial_2,214,0.014758,0.383940
trial_2,215,0.032948,0.376120
trial_2,216,0.004297,0.403097
trial_2,217,0.090718,0.413347
trial_2,218,0.072466,1.335666
trial_2,219,0.069420,3.000547
trial_2,220,0.051472,0.950358
trial_2,221,0.295761,0.528877
trial_2,222,0.202534,0.520336
trial_2,223,0.188381,0.536529
trial_2,224,0.190089,0.524852
trial_2,225,0.047124,0.756640
trial_2,226,0.166353,0.563178
trial_2,227,0.046325,0.473097
trial_2,228,0.218989,0.543120
trial_2,229,0.138318,0.734169
trial_2,230,0.017910,0.434779
trial_2,231,0.042214,0.965506
trial_2,232,0.126598,0.459309
trial_2,233,0.123696,0.507256
trial_2,234,0.078151,0.365070
trial_2,235,0.023907,0.585776
trial_2,236,0.315753,0.446408
trial_2,237,0.104651,0.589804
trial_2,238,0.148251,0.393967
trial_2,239,0.175910,0.499441
trial_2,240,0.084455,0.570438
trial_2,241,0.078240,0.504738
trial_2,242,0.082682,0.327419
trial_2,243,0.017894,0.530172
trial_2,244,0.061479,0.570162
trial_2,245,0.255794,1.741497
trial_2,246,0.029885,0.556420
trial_2,247,0.036877,0.417869
trial_2,248,0.219615,0.488150
trial_2,249,0.296562,0.655000
trial_2,250,0.044793,0.571476
trial_2,251,0.072020,0.368907
trial_2,252,0.197795,0.563528
trial_2,253,0.171379,0.306502
trial_2,254,0.228698,0.887526
trial_2,255,0.250198,1.264207
trial_2,256,0.182041,0.508259
trial_2,257,0.002630,0.741231
trial_2,258,0.151798,0.425269
trial_2,259,0.035585,0.389996
trial_2,260,0.121651,0.267153
trial_2,261,0.192359,0.434474
trial_2,262,0.120249,0.532539
trial_2,263,0.159809,0.424310
trial_2,264,0.198791,0.500020
trial_2,265,0.090394,0.442045
trial_2,266,0.046645,0.559142
trial_2,267,0.105943,1.206048
trial_2,268,0.090536,0.334774
trial_2,269,0.053383,0.412281
trial_2,270,0.085748,0.303055
trial_2,271,0.078743,0.440364
trial_2,272,0.225008,0.437110
trial_2,273,0.031124,0.451017
trial_2,274,0.069884,0.571771
trial_2,275,0.018596,0.536433
trial_2,276,0.205273,1.443947
trial_2,277,0.020992,0.586249
trial_2,278,0.009434,0.373896
trial_2,279,0.200656,0.454624
trial_2,280,0.169563,0.662790
trial_2,281,0.091262,0.794099
trial_2,282,0.411619,1.411785
trial_2,283,0.026179,0.628878
trial_2,284,0.139184,0.475709
trial_2,285,0.222693,0.526470
trial_2,286,0.049311,0.661044
trial_2,287,0.101306,0.522707
trial_2,288,0.187303,0.899317
trial_2,289,0.091821,0.450614
trial_2,290,0.020458,0.582131
trial_2,291,0.140722,0.811357
trial_2,292,0.021738,0.817964
trial_2,293,0.012807,0.902470
trial_2,294,0.172418,0.311145
trial_2,295,0.159209,0.461883
trial_2,296,0.408023,1.044146
trial_2,297,0.154992,0.469096
trial_2,298,0.173818,0.627541
trial_2,299,0.226477,0.404914
trial_2,300,0.262548,0.486954
trial_2,301,0.235008,0.501308
trial_2,302,0.137625,0.523219
trial_2,303,0.182361,0.457881
trial_2,304,0.147550,0.310025
trial_2,305,0.105952,0.448746
trial_2,306,0.076655,0.514524
trial_2,307,0.016830,0.447338
trial_2,308,0.011657,0.729182
trial_2,309,0.152122,0.509876
trial_2,310,0.174667,1.000242
trial_2,311,0.276916,0.734681
trial_2,312,0.110750,1.041981
trial_2,313,0.003638,0.383104
trial_2,314,0.005872,0.619384
trial_2,315,0.132721,0.495873
trial_2,316,0.045228,0.865061
trial_2,317,0.032474,0.415201
trial_2,318,0.171421,0.597403
trial_2,319,0.056747,0.584879
trial_2,320,0.148789,1.125593
trial_2,321,0.040155,0.734581
trial_2,322,0.105233,0.380089
trial_2,323,0.374917,1.154135
trial_2,324,0.465196,0.625566
trial_2,325,0.112959,0.331253
trial_2,326,0.254313,0.576851
trial_2,327,0.152497,0.787182
trial_2,328,0.224448,0.544313
trial_2,329,0.094959,2.507030
trial_2,330,0.161108,1.483603
trial_2,331,0.142386,0.599068
trial_2,332,0.010751,0.645877
trial_2,333,0.068565,0.908676
trial_2,334,0.520012,0.818828
trial_2,335,0.163253,0.612919
trial_2,336,0.104528,0.546410
trial_2,337,0.131445,0.894446
trial_2,338,0.413111,1.834063
trial_2,339,0.129618,0.453078
trial_2,340,0.147432,0.458374
trial_2,341,0.231283,3.688017
trial_2,342,0.318506,0.623609
trial_2,343,0.037704,0.522894
trial_2,344,0.007623,0.877142
trial_2,345,1.337480,5.301811
trial_2,346,0.227069,1.578276
trial_2,347,0.220943,0.584813
trial_2,348,0.153200,1.017825
trial_2,349,0.012436,0.495512
trial_2,350,0.021591,0.681914
trial_2,351,0.017314,1.408204
trial_2,352,0.036180,0.600178
trial_2,353,0.053712,0.359544
trial_2,354,0.243646,0.970754
trial_2,355,0.013500,0.312025
trial_2,356,0.093939,0.323166
trial_2,357,0.235542,1.046156
trial_2,358,0.095397,0.386602
trial_2,359,0.039651,0.369638
trial_2,360,0.023202,0.334738
trial_2,361,0.129512,1.088063
trial_2,362,0.103899,2.120890
trial_2,363,0.125923,0.551782
trial_2,364,0.338906,0.483100
trial_2,365,0.089051,0.447786
trial_2,366,0.178710,0.604380
trial_2,367,0.049355,0.324477
trial_2,368,0.106498,0.341346
trial_2,369,0.036952,0.371680
trial_2,370,0.007264,0.676215
trial_2,371,0.095255,0.375774
trial_2,372,0.045319,0.523977
trial_2,373,0.194633,0.644116
trial_2,374,0.138832,0.949890
trial_2,375,0.045433,0.339917
trial_2,376,0.139134,0.376508
trial_2,377,0.049371,0.656316
trial_2,378,0.054544,0.348046
trial_2,379,0.360237,0.516185
trial_2,380,0.036553,0.525218
trial_2,381,0.016532,0.368101
trial_2,382,0.165125,0.436313
trial_2,383,0.377876,1.533558
trial_2,384,0.010593,0.301045
trial_2,385,0.332612,0.925792
trial_2,386,0.034308,1.346507
trial_2,387,0.001306,1.210937
trial_2,388,0.158074,0.346402
trial_2,389,0.139263,0.407870
trial_2,390,0.002383,0.539306
trial_2,391,0.021812,0.648138
trial_2,392,0.336724,0.695300
trial_2,393,0.247302,0.705973
trial_2,394,0.027732,0.516137
trial_2,395,0.225026,0.524145
trial_2,396,0.111717,0.300118
trial_2,397,0.083529,0.528253
trial_2,398,0.086057,0.513559
trial_2,399,0.033779,0.686917
trial_2,400,0.115477,0.527031
trial_2,401,0.083513,0.515938
trial_2,402,0.298837,0.869078
trial_2,403,0.053174,0.482237
trial_2,404,0.228099,0.358480
trial_2,405,0.048479,0.393340
trial_2,406,0.251335,0.545750
trial_2,407,0.147238,0.367046
trial_2,408,0.023839,0.441889
trial_2,409,0.033688,0.412007
trial_2,410,0.356170,0.669064
trial_2,411,0.156915,0.759610
trial_2,412,0.027621,0.343397
trial_2,413,0.151301,0.833604
trial_2,414,0.187985,0.474286
trial_2,415,0.195423,0.567860
trial_2,416,0.149367,1.647278
trial_2,417,0.070522,0.350884
trial_2,418,0.319613,0.575752
trial_2,419,0.043500,1.071116
trial_2,420,0.052260,0.397828
trial_2,421,0.104625,0.383846
trial_2,422,0.162740,0.734835
trial_2,423,0.068929,0.247448
trial_2,424,0.061614,0.302727
trial_2,425,0.045815,0.283420
trial_2,426,0.006262,0.207038
trial_2,427,0.033095,0.507870
trial_2,428,0.139584,0.596753
trial_2,429,0.265452,0.476735
trial_2,430,0.002189,0.385397
trial_2,431,0.066938,0.586812
trial_2,432,0.145599,0.625659
trial_2,433,0.078544,0.469655
trial_2,434,0.096913,0.869948
trial_2,435,0.549171,3.093329
trial_2,436,0.056620,0.251397
trial_2,437,0.307383,1.271940
trial_2,438,0.317920,0.878057
trial_2,439,0.032998,0.684432
trial_2,440,0.012709,0.614196
trial_2,441,0.238151,0.773912
trial_2,442,0.064726,0.360024
trial_2,443,0.087851,0.402469
trial_2,444,0.130404,0.463319
trial_2,445,0.110075,0.412531
trial_2,446,0.033825,0.619424
trial_2,447,0.088146,0.651314
trial_2,448,0.095039,0.432862
trial_2,449,0.035646,0.958102
trial_2,450,0.212198,0.546010
trial_2,451,0.176442,0.621828
trial_2,452,0.135948,0.448681
trial_2,453,0.338401,0.765243
trial_2,454,0.040968,0.380199
trial_2,455,0.048513,0.421613
trial_2,456,0.126048,0.580898
trial_2,457,0.246056,0.463417
trial_2,458,0.029411,0.690233
trial_2,459,0.107984,0.485213
trial_2,460,0.190751,0.457984
trial_2,461,0.135446,0.511805
trial_2,462,0.236351,0.731310
trial_2,463,0.074768,0.527060
trial_2,464,0.169389,0.443578
trial_2,465,0.033483,0.551370
trial_2,466,0.140305,0.401965
trial_2,467,0.227077,0.537603
trial_2,468,0.167794,0.443777
trial_2,469,0.136021,1.487492
trial_2,470,0.112228,0.534335
trial_2,471,0.129341,0.486264
trial_2,472,0.259539,0.579246
trial_2,473,0.061606,0.648535
trial_2,474,0.369902,1.523292
trial_2,475,0.452205,1.931801
trial_2,476,0.067654,1.592484
trial_2,477,0.045642,0.341345
trial_2,478,0.133709,0.400845
trial_2,479,0.078470,0.452502
trial_2,480,0.253560,0.566485
trial_2,481,0.453822,1.274066
trial_2,482,0.152471,0.612793
trial_2,483,0.148721,0.956902
trial_2,484,0.242262,0.717993
trial_2,485,0.091317,0.369696
trial_2,486,0.012259,0.581135
trial_2,487,0.323344,0.592836
trial_2,488,0.285143,0.561151
trial_2,489,0.028146,0.453940
trial_2,490,0.006300,0.619312
trial_2,491,0.021367,0.283207
trial_2,492,0.116515,0.476150
trial_2,493,0.334736,0.665562
trial_2,494,0.085585,0.457036
trial_2,495,0.013205,0.495676
trial_2,496,0.076500,0.381967
trial_2,497,0.058968,0.553697
trial_2,498,0.049962,0.312739
trial_2,499,0.168245,0.701990
trial_2,500,0.191022,0.943866
trial_2,501,0.218073,0.482206
trial_2,502,0.106275,0.409707
trial_2,503,0.184083,0.344134
trial_2,504,0.038373,0.438309
trial_2,505,0.070012,0.693770
trial_2,506,0.084860,0.411523
trial_2,507,0.035626,0.769947
trial_2,508,0.189571,0.416210
trial_2,509,0.086049,0.624399
trial_2,510,0.106887,0.586555
trial_2,511,0.002524,0.359494
trial_2,512,0.661082,2.939219
trial_2,513,0.084775,0.500394
trial_2,514,0.032278,0.679172
trial_2,515,0.019105,2.346274
trial_2,516,0.187771,0.529649
trial_2,517,0.032439,1.638399
trial_2,518,0.211485,0.456852
trial_2,519,0.062228,0.520614
trial_2,520,0.028896,0.430212
trial_2,521,0.082716,0.421346
trial_2,522,0.175864,0.426536
trial_2,523,0.136879,0.839321
trial_2,524,0.170200,0.545800
trial_2,525,0.000381,0.986268
trial_2,526,0.194726,0.409089
trial_2,527,0.092623,0.419408
trial_2,528,0.148824,0.495268
trial_2,529,0.028241,0.398761
trial_2,530,0.045964,0.455392
trial_2,531,0.138954,0.664302
trial_2,532,0.242317,0.523185
trial_2,533,0.146563,0.409333
trial_2,534,0.105187,0.334713
trial_2,535,0.220198,0.603196
trial_2,536,0.352136,1.141317
trial_2,537,0.112574,1.134941
trial_2,538,0.024969,0.406449
trial_2,539,0.163242,0.690444
trial_2,540,0.048960,0.315533
trial_2,541,0.331588,0.517864
trial_2,542,0.253627,1.151556
trial_2,543,0.344363,0.419387
trial_2,544,0.040367,0.254628
trial_2,545,0.188821,0.482231
trial_2,546,0.072060,0.613609
trial_2,547,0.308334,0.508940
trial_2,548,0.102027,0.524138
trial_2,549,0.202386,0.502344
trial_2,550,0.210795,0.527590
trial_2,551,0.222741,0.394318
trial_2,552,0.000072,0.670937
trial_2,553,0.032385,0.382315
trial_2,554,0.165809,1.251106
trial_2,555,0.096604,0.277855
trial_2,556,0.512386,0.647738
trial_2,557,0.020748,0.402539
trial_2,558,0.066551,0.218089
trial_2,559,0.073561,0.364535
trial_2,560,0.231473,0.383220
trial_2,561,0.297734,0.625030
trial_2,562,0.279449,0.633397
trial_2,563,0.218762,0.511712
trial_2,564,0.220657,0.512554
trial_2,565,0.189472,0.763610
trial_2,566,0.180061,0.454344
trial_2,567,0.060532,0.501161
trial_2,568,0.246709,0.457569
trial_2,569,0.177488,0.462579
trial_2,570,0.089242,0.581798
trial_2,571,0.011622,0.346254
trial_2,572,0.107098,0.285856
trial_2,573,0.236851,0.431391
trial_2,574,0.078061,0.256037
trial_2,575,0.026646,1.454635
trial_2,576,0.156055,1.934946
trial_2,577,0.013618,0.487719
trial_2,578,0.098401,0.906833
trial_2,579,0.169089,0.437172
trial_2,580,0.303830,0.477741
trial_2,581,0.226339,0.565563
trial_2,582,0.002628,0.294780
trial_2,583,0.119511,0.714625
trial_2,584,0.014761,0.300543
trial_2,585,0.188446,0.614990
trial_2,586,0.150743,0.366389
trial_2,587,0.047484,0.478009
trial_2,588,0.027577,0.306754
trial_2,589,2.249815,16.800842
trial_2,590,0.209675,0.504309
trial_2,591,0.295946,0.572527
trial_2,592,0.190187,0.585988
trial_2,593,0.009616,0.385159
trial_2,594,0.096593,0.263558
trial_2,595,0.321642,0.851003
trial_2,596,0.101304,0.493025
trial_2,597,0.042423,0.389334
trial_2,598,0.185690,0.469477
trial_2,599,0.006292,0.483712
trial_2,600,0.036656,0.314785
trial_2,601,0.078562,0.885525
trial_2,602,0.045326,0.551129
trial_2,603,0.101336,0.581789
trial_2,604,0.179062,0.411050
trial_2,605,0.063903,0.469275
trial_2,606,0.035491,0.484800
trial_2,607,0.033214,0.292721
trial_2,608,0.016528,0.348495
trial_2,609,0.217031,0.701001
trial_2,610,0.227232,0.555166
trial_2,611,0.240194,0.468526
trial_2,612,0.048052,0.350297
trial_2,613,0.505599,0.707701
trial_2,614,0.158840,0.759068
trial_2,615,0.065858,0.284475
trial_2,616,0.004050,0.377393
trial_2,617,0.099026,0.607968
trial_2,618,0.151405,0.251381
trial_2,619,1.504638,5.592866
trial_2,620,0.023451,0.420978
trial_2,621,0.015237,0.311042
trial_2,622,0.274369,2.725785
trial_2,623,0.274028,0.402869
trial_2,624,0.018803,0.706089
trial_2,625,0.343264,0.656144
trial_2,626,0.099845,0.499486
trial_2,627,0.238865,0.939277
trial_2,628,0.404890,0.704187
trial_2,629,0.082159,0.349450
trial_2,630,0.077587,0.517398
trial_2,631,0.091371,0.826565
trial_2,632,0.017192,0.443790
trial_2,633,0.008721,0.512086
trial_2,634,0.018691,1.135157
trial_2,635,0.142066,0.606256
trial_2,636,0.127689,0.486712
trial_2,637,0.146146,0.909431
trial_2,638,0.059247,0.495541
trial_2,639,0.130196,0.452636
trial_2,640,0.206028,0.402897
trial_2,641,0.255609,0.445114
trial_2,642,0.132579,0.574356
trial_2,643,0.167184,0.859566
trial_2,644,0.087391,0.791388
trial_2,645,0.074777,0.599039
trial_2,646,0.145682,1.060097
trial_2,647,0.006773,1.936499
trial_2,648,0.228652,2.306669
trial_2,649,0.046634,0.519268
trial_2,650,0.038576,0.845194
trial_2,651,0.021463,0.689883
trial_2,652,0.453891,1.300795
trial_2,653,0.023707,0.632041
trial_2,654,0.145158,0.459732
trial_2,655,0.060498,0.302527
trial_2,656,0.111062,0.637971
trial_2,657,0.166753,0.795531
trial_2,658,0.190590,0.588714
trial_2,659,0.305126,0.701067
trial_2,660,0.000845,0.600261
trial_2,661,0.095376,0.554385
trial_2,662,0.164035,0.558885
trial_2,663,0.129598,0.557517
trial_2,664,0.231188,0.411562
trial_2,665,0.056316,0.956056
trial_2,666,0.224335,1.063451
trial_2,667,0.120299,0.532732
trial_2,668,0.187138,0.486492
trial_2,669,0.073910,0.364124
trial_2,670,0.108886,0.427934
trial_2,671,0.079803,0.432222
trial_2,672,0.235308,0.492890
trial_2,673,0.870448,4.833097
trial_2,674,0.200998,0.627996
trial_2,675,0.147024,0.446355
trial_2,676,0.162087,1.039011
trial_2,677,0.197121,0.514156
trial_2,678,0.025774,0.631229
trial_2,679,0.020659,0.870700
trial_2,680,0.004749,0.325366
trial_2,681,0.153336,0.318549
trial_2,682,0.104470,0.915696
trial_2,683,0.057874,0.522360
trial_2,684,0.298659,1.703893
trial_2,685,0.182263,0.740485
trial_2,686,0.044431,0.447051
trial_2,687,0.243853,0.475120
trial_2,688,0.165991,0.325777
trial_2,689,0.332076,0.643247
trial_2,690,0.163236,0.640187
trial_2,691,0.257888,0.393657
trial_2,692,0.074391,0.288102
trial_2,693,0.169414,0.504730
trial_2,694,0.475636,0.645696
trial_2,695,0.081209,0.368368
trial_2,696,0.063484,0.671139
trial_2,697,0.026007,0.859813
trial_2,698,0.228996,0.377779
trial_2,699,0.017723,0.303099
trial_2,700,0.018965,0.426421
trial_2,701,0.077939,0.699741
trial_2,702,0.043006,0.412047
trial_2,703,0.243573,0.850738
trial_2,704,0.050507,0.340555
trial_2,705,0.015233,0.314543
trial_2,706,0.067138,0.462617
trial_2,707,0.008353,0.403474
trial_2,708,0.236362,0.448156
trial_2,709,0.092806,0.922346
trial_2,710,0.231610,0.602578
trial_2,711,0.130002,0.505543
trial_2,712,0.000474,0.421653
trial_2,713,0.273675,1.226577
trial_2,714,0.116162,0.348108
trial_2,715,0.049998,0.378183
trial_2,716,0.245668,0.943799
trial_2,717,0.018044,0.380249
trial_2,718,0.028658,0.577892
trial_2,719,0.010888,0.323192
trial_2,720,0.147287,0.822144
trial_2,721,0.152919,0.394023
trial_2,722,0.188119,0.425254
trial_2,723,0.068179,0.263496
trial_2,724,0.064020,2.084135
trial_2,725,0.146994,0.641588
trial_2,726,0.280558,0.563989
trial_2,727,0.210706,0.710571
trial_2,728,0.081364,0.401221
trial_2,729,0.344022,0.513276
trial_2,730,0.086020,0.438821
trial_2,731,0.009469,0.520591
trial_2,732,0.066346,0.490854
trial_2,733,0.126084,0.469246
trial_2,734,0.053788,0.268261
trial_2,735,0.163929,0.685084
trial_2,736,0.170594,0.399407
trial_2,737,0.048589,0.526655
trial_2,738,0.334412,0.941742
trial_2,739,0.101393,0.357497
trial_2,740,0.109250,0.375046
trial_2,741,0.015958,0.524485
trial_2,742,0.069525,0.429705
trial_2,743,0.500177,1.483749
trial_2,744,0.014560,0.376862
trial_2,745,0.107412,0.411573
trial_2,746,0.007182,0.262371
trial_2,747,0.086324,0.334985
trial_2,748,0.223494,0.643560
trial_2,749,0.069872,0.586777
trial_2,750,0.079690,0.382029
trial_2,751,0.153690,0.676123
trial_2,752,0.239939,0.586244
trial_2,753,0.182078,0.624901
trial_2,754,0.032181,0.298286
trial_2,755,0.071561,0.434771
trial_2,756,0.203189,0.464401
trial_2,757,0.051858,0.545382
trial_2,758,0.035646,0.592811
trial_2,759,0.069544,1.025307
trial_2,760,0.106235,0.585119
trial_2,761,0.129967,0.618410
trial_2,762,0.084335,0.618299
trial_2,763,0.069686,0.511841
trial_2,764,0.133381,0.727564
trial_2,765,0.115287,0.615469
trial_2,766,0.232706,1.082327
trial_2,767,0.083924,0.573606
trial_2,768,0.238312,0.597003
trial_2,769,0.154116,0.428722
trial_2,770,0.275781,2.420927
trial_2,771,0.068260,0.375571
trial_2,772,1.007716,4.792431
trial_2,773,0.197163,0.447608
trial_2,774,0.221321,0.797070
trial_2,775,0.064354,0.403025
trial_2,776,0.263710,0.792126
trial_2,777,0.085696,0.479316
trial_2,778,0.271159,0.515353
trial_2,779,0.047519,0.636896
trial_2,780,0.171594,0.368044
trial_2,781,0.178216,0.694096
trial_2,782,0.099386,0.637103
trial_2,783,0.044705,0.648454
trial_2,784,0.091244,0.423545
trial_2,785,0.016929,0.358387
trial_2,786,0.249805,1.019111
trial_2,787,0.139553,0.475882
trial_2,788,0.007215,1.251265
trial_2,789,0.090124,0.421460
trial_2,790,0.213774,0.492447
trial_2,791,0.218327,0.569528
trial_2,792,0.204112,0.337639
trial_2,793,0.221722,0.580541
trial_2,794,0.229004,1.014218
trial_2,795,0.161868,1.001440
trial_2,796,0.078223,0.406765
trial_2,797,0.021670,0.385037
trial_2,798,0.035275,0.465766
trial_2,799,0.109728,0.409792
trial_2,800,0.125649,0.510306
trial_2,801,0.079207,0.547677
trial_2,802,0.183607,0.608867
trial_2,803,0.149206,0.342339
trial_2,804,0.010337,0.383619
trial_2,805,0.043643,0.780778
trial_2,806,0.313605,1.289638
trial_2,807,0.194113,0.419987
trial_2,808,0.117849,0.335172
trial_2,809,0.149191,0.392397
trial_2,810,0.036149,0.450119
trial_2,811,0.008487,0.462276
trial_2,812,0.148634,0.675820
trial_2,813,0.153481,0.767479
trial_2,814,0.174621,1.014400
trial_2,815,0.021842,0.485621
trial_2,816,0.368058,0.589766
trial_2,817,0.168348,0.487325
trial_2,818,0.060925,0.678321
trial_2,819,0.061320,0.859380
trial_2,820,0.030440,1.872471
trial_2,821,0.111784,0.337924
trial_2,822,0.195645,0.619432
trial_2,823,0.036738,0.522274
trial_2,824,0.134189,0.271932
trial_2,825,0.034111,0.521006
trial_2,826,0.359895,3.165866
trial_2,827,0.009883,0.672192
trial_2,828,0.184325,0.550604
trial_2,829,0.068036,0.598626
trial_2,830,0.167298,0.402085
trial_2,831,0.043969,0.883421
trial_2,832,0.125355,0.600793
trial_2,833,0.009331,0.513013
trial_2,834,0.296839,0.568274
trial_2,835,0.370004,0.528247
trial_2,836,0.033664,0.231709
trial_2,837,0.265531,1.019461
trial_2,838,0.035333,0.508667
trial_2,839,0.049245,0.479756
trial_2,840,0.006175,0.563230
trial_2,841,0.023078,1.110868
trial_2,842,0.127082,0.419025
trial_2,843,0.170384,0.549859
trial_2,844,0.128852,0.360456
trial_2,845,0.062198,0.320179
trial_2,846,0.052265,0.389976
trial_2,847,0.146110,0.396881
trial_2,848,0.013728,0.960686
trial_2,849,0.071265,0.279947
trial_2,850,0.344381,0.823985
trial_2,851,0.117007,0.332420
trial_2,852,0.048647,0.934408
trial_2,853,0.149917,0.416907
trial_2,854,0.135116,0.349069
trial_2,855,0.169397,0.623332
trial_2,856,0.066193,0.724483
trial_2,857,0.026583,0.581049
trial_2,858,0.008932,0.566425
trial_2,859,0.039559,0.537732
trial_2,860,0.388567,0.631555
trial_2,861,0.198810,0.372825
trial_2,862,0.066059,0.376267
trial_2,863,0.215819,0.476030
trial_2,864,0.065124,0.361920
trial_2,865,0.004462,0.345951
trial_2,866,0.229812,0.652235
trial_2,867,0.040760,0.398985
trial_2,868,0.259261,0.661410
trial_2,869,0.041240,1.013415
trial_2,870,0.044551,0.840924
trial_2,871,0.139735,0.573194
trial_2,872,0.262049,1.075594
trial_2,873,0.044954,0.262733
trial_2,874,0.187077,0.407702
trial_2,875,0.095697,0.521127
trial_2,876,0.179008,0.499516
trial_2,877,0.216484,0.501384
trial_2,878,0.093930,0.548377
trial_2,879,0.089398,0.369470
trial_2,880,0.350428,0.720844
trial_2,881,0.141014,0.359614
trial_2,882,0.154858,0.429940
trial_2,883,0.290708,0.486368
trial_2,884,0.356803,0.709732
trial_2,885,0.296057,0.422443
trial_2,886,0.074043,0.315111
trial_2,887,0.474919,3.141165
trial_2,888,0.119449,0.577315
trial_2,889,0.216551,0.335824
trial_2,890,0.346183,0.677180
trial_2,891,0.132578,0.449079
trial_2,892,0.112049,0.641550
trial_2,893,0.003716,0.547838
trial_2,894,0.135845,0.620582
trial_2,895,0.222030,0.526941
trial_2,896,0.053456,0.842037
trial_2,897,0.120759,0.414024
trial_2,898,0.204514,0.472039
trial_2,899,0.203695,0.653212
trial_2,900,0.086852,0.393805
trial_2,901,0.101867,0.377719
trial_2,902,0.178235,0.762128
trial_2,903,0.183899,0.397004
trial_2,904,0.064431,0.401080
trial_2,905,0.317361,0.775676
trial_2,906,0.010035,0.368679
trial_2,907,0.071263,0.401422
trial_2,908,0.003308,0.240696
trial_2,909,0.162334,1.052749
trial_2,910,0.019455,0.506547
trial_2,911,0.095777,0.338923
trial_2,912,0.003912,0.392399
trial_2,913,0.104454,0.485578
trial_2,914,0.115296,0.565132
trial_2,915,0.280472,0.517062
trial_2,916,0.005338,0.376165
trial_2,917,0.128718,0.345829
trial_2,918,0.102571,0.399177
trial_2,919,0.303098,0.802253
trial_2,920,0.047766,0.637974
trial_2,921,0.138315,0.326099
trial_2,922,0.135047,0.539365
trial_2,923,0.087760,0.602289
trial_2,924,0.071835,1.606384
trial_2,925,0.052996,1.423637
trial_2,926,0.011088,0.450372
trial_2,927,0.074220,0.513720
trial_2,928,0.130168,0.542783
trial_2,929,0.089090,0.482510
trial_2,930,0.170320,0.559804
trial_2,931,0.316419,1.414845
trial_2,932,0.077783,0.480806
trial_2,933,0.315627,0.867444
trial_2,934,0.165633,0.413881
trial_2,935,0.124939,0.384101
trial_2,936,0.030925,1.031361
trial_2,937,0.155812,0.494615
trial_2,938,0.048104,0.339697
trial_2,939,0.029733,0.531522
trial_2,940,0.210929,0.581789
trial_2,941,0.100885,0.541546
trial_2,942,0.135942,0.450490
trial_2,943,0.125456,0.600134
trial_2,944,0.202863,0.474958
trial_2,945,0.045882,0.412399
trial_2,946,0.062485,0.376312
trial_2,947,0.061752,0.588022
trial_2,948,0.346868,0.865839
trial_2,949,0.344384,0.926139
trial_2,950,0.170740,0.389542
trial_2,951,0.092837,0.361063
trial_2,952,0.015592,0.466581
trial_2,953,0.105331,0.530655
trial_2,954,0.056092,0.444463
trial_2,955,0.021512,0.660599
trial_2,956,0.179034,0.456832
trial_2,957,0.554666,1.596354
trial_2,958,0.019398,0.599070
trial_2,959,0.138204,0.770565
trial_2,960,0.109754,0.696345
trial_2,961,0.076082,0.648364
trial_2,962,0.661436,10.287451
trial_2,963,0.070115,0.632992
trial_2,964,0.001194,0.245306
trial_2,965,0.356266,0.604118
trial_2,966,0.061025,0.600801
trial_2,967,0.169670,0.905307
trial_2,968,0.189922,0.376209
trial_2,969,0.167550,0.356851
trial_2,970,0.097754,0.485327
trial_2,971,0.123983,0.284169
trial_2,972,0.077022,0.863789
trial_2,973,0.149522,0.498571
trial_2,974,0.021769,0.857933
trial_2,975,0.257479,0.643566
trial_2,976,0.042318,0.531354
trial_2,977,0.244973,0.525275
trial_2,978,0.266245,0.650956
trial_2,979,0.225980,0.384710
trial_2,980,0.023445,0.358233
trial_2,981,0.044502,0.647287
trial_2,982,0.310625,0.687315
trial_2,983,0.186766,0.299599
trial_2,984,0.071561,0.427034
trial_2,985,0.147494,0.541541
trial_2,986,0.119676,0.426456
trial_2,987,0.032725,0.401671
trial_2,988,0.654378,1.760114
trial_2,989,0.195222,0.499440
trial_2,990,0.133099,0.578191
trial_2,991,0.120892,0.562193
trial_2,992,0.127472,0.740491
trial_2,993,0.048960,0.633904
trial_2,994,0.102981,0.508916
trial_2,995,0.018624,0.506926
trial_2,996,0.035056,0.306904
trial_2,997,0.354000,2.155063
trial_2,998,0.217208,0.526098
trial_2,999,0.096859,0.252367
trial_2,1000,0.124259,0.556880
trial_3,1,0.177379,0.366263
trial_3,2,0.060192,0.427186
trial_3,3,0.117704,0.357971
trial_3,4,0.103465,0.457164
trial_3,5,0.043046,0.620939
trial_3,6,0.034239,0.270726
trial_3,7,0.009597,0.459845
trial_3,8,0.031593,0.388290
trial_3,9,0.274458,1.317615
trial_3,10,0.408887,0.660262
trial_3,11,0.026175,0.533680
trial_3,12,0.020060,0.390503
trial_3,13,0.417540,1.998812
trial_3,14,0.106074,0.553853
trial_3,15,0.086790,0.357325
trial_3,16,0.132214,0.368785
trial_3,17,0.307783,0.673438
trial_3,18,0.169010,0.568679
trial_3,19,0.115505,0.507171
trial_3,20,0.068889,0.335909
trial_3,21,0.261581,0.801160
trial_3,22,0.058808,0.556857
trial_3,23,0.002954,0.588124
trial_3,24,0.030499,0.631237
trial_3,25,0.082305,0.412838
trial_3,26,0.225340,0.923666
trial_3,27,0.096786,0.448394
trial_3,28,0.051683,1.931376
trial_3,29,0.110835,0.435774
trial_3,30,0.044467,0.517333
trial_3,31,0.033049,0.392403
trial_3,32,0.084461,0.334221
trial_3,33,0.018038,0.518226
trial_3,34,0.181063,1.937338
trial_3,35,0.235549,0.580476
trial_3,36,0.030919,0.666625
trial_3,37,0.079569,0.843729
trial_3,38,0.041683,0.400493
trial_3,39,0.117196,0.683831
trial_3,40,0.352944,0.712405
trial_3,41,0.140414,0.452724
trial_3,42,0.171009,0.427503
trial_3,43,0.110094,0.457851
trial_3,44,0.353926,0.682285
trial_3,45,0.026038,0.657330
trial_3,46,0.036832,0.619035
trial_3,47,0.196354,0.544215
trial_3,48,0.148172,0.426152
trial_3,49,0.099526,0.661790
trial_3,50,0.293564,0.549401
trial_3,51,0.187482,0.442690
trial_3,52,0.083788,0.491102
trial_3,53,0.095030,1.163633
trial_3,54,0.077558,0.729202
trial_3,55,0.148906,0.496604
trial_3,56,0.025957,0.465667
trial_3,57,0.083674,0.433250
trial_3,58,0.054426,0.715431
trial_3,59,0.053103,0.390924
trial_3,60,0.410343,2.620443
trial_3,61,0.121344,0.444525
trial_3,62,0.088227,0.331561
trial_3,63,0.020908,0.525163
trial_3,64,0.048876,0.528389
trial_3,65,0.239230,0.885051
trial_3,66,0.012699,0.367269
trial_3,67,0.030494,0.378875
trial_3,68,0.321632,1.979919
trial_3,69,0.034780,0.398582
trial_3,70,0.112446,0.407626
trial_3,71,0.163944,0.829920
trial_3,72,0.135795,0.461087
trial_3,73,0.080214,0.366005
trial_3,74,0.193369,0.477055
trial_3,75,0.177896,0.432204
trial_3,76,0.175841,0.636488
trial_3,77,0.150557,0.395700
trial_3,78,0.038663,0.414585
trial_3,79,0.064339,0.330692
trial_3,80,0.100292,0.438457
trial_3,81,0.356897,1.303089
trial_3,82,0.317498,0.917861
trial_3,83,0.237015,0.566654
trial_3,84,0.417410,3.742480
trial_3,85,0.369777,1.125728
trial_3,86,0.392677,1.088576
trial_3,87,0.067383,0.449437
trial_3,88,0.221825,0.368429
trial_3,89,0.216575,0.438688
trial_3,90,0.182623,0.535241
trial_3,91,0.102422,0.658892
trial_3,92,0.419419,0.709034
trial_3,93,0.088214,0.943494
trial_3,94,0.219969,0.456979
trial_3,95,0.140319,0.491649
trial_3,96,0.075011,0.579162
trial_3,97,0.142103,0.672624
trial_3,98,0.345460,0.883963
trial_3,99,0.030711,0.451302
trial_3,100,0.150427,0.414738
trial_3,101,0.021180,0.482591
trial_3,102,0.130710,0.537639
trial_3,103,0.050308,0.466163
trial_3,104,0.124814,0.607408
trial_3,105,0.190755,0.556604
trial_3,106,0.004376,0.432231
trial_3,107,0.167664,0.439989
trial_3,108,0.290944,2.343463
trial_3,109,0.217332,0.606419
trial_3,110,0.047496,0.670407
trial_3,111,0.331572,0.825364
trial_3,112,0.126015,0.522312
trial_3,113,0.006594,0.654698
trial_3,114,0.342259,0.705873
trial_3,115,0.010589,0.777475
trial_3,116,0.199798,0.360187
trial_3,117,0.006478,0.601242
trial_3,118,0.013552,0.512964
trial_3,119,0.079381,1.553100
trial_3,120,0.306020,0.867165
trial_3,121,0.212316,0.548307
trial_3,122,0.038582,0.360826
trial_3,123,0.154825,0.506793
trial_3,124,0.190410,0.848272
trial_3,125,0.045088,0.730192
trial_3,126,0.006611,1.241701
trial_3,127,0.322815,0.806038
trial_3,128,0.287866,0.457112
trial_3,129,0.139430,0.680224
trial_3,130,0.212227,1.879782
trial_3,131,1.888098,1.960660
trial_3,132,0.018862,0.720858
trial_3,133,0.436779,2.306872
trial_3,134,0.131843,0.647378
trial_3,135,0.176891,0.428094
trial_3,136,0.066959,0.529480
trial_3,137,0.044120,0.782067
trial_3,138,0.481000,0.749458
trial_3,139,0.108111,0.461600
trial_3,140,0.059078,0.402009
trial_3,141,0.258908,0.743394
trial_3,142,0.055540,0.633097
trial_3,143,0.185328,1.096529
trial_3,144,0.150856,0.370486
trial_3,145,0.044736,0.429404
trial_3,146,0.385624,1.186226
trial_3,147,0.016052,0.790795
trial_3,148,0.070703,0.363551
trial_3,149,0.236081,1.215947
trial_3,150,0.041508,0.514419
trial_3,151,0.214161,0.503774
trial_3,152,0.315541,0.733272
trial_3,153,0.242406,0.557283
trial_3,154,0.086651,0.535139
trial_3,155,0.152443,0.514432
trial_3,156,0.368184,0.577175
trial_3,157,0.058809,1.071766
trial_3,158,0.064622,0.801247
trial_3,159,0.542835,0.668512
trial_3,160,0.229927,0.741850
trial_3,161,0.267657,0.544058
trial_3,162,0.142891,0.443732
trial_3,163,0.105935,0.688391
trial_3,164,0.296023,0.476095
trial_3,165,0.006859,0.388214
trial_3,166,0.127564,0.488107
trial_3,167,0.004188,0.407688
trial_3,168,0.077689,0.435012
trial_3,169,0.029656,0.374640
trial_3,170,0.014345,0.510843
trial_3,171,0.108210,0.615947
trial_3,172,0.229629,0.530893
trial_3,173,0.073377,0.410447
trial_3,174,0.040042,0.533439
trial_3,175,0.033032,0.401276
trial_3,176,0.124462,0.562829
trial_3,177,0.128027,0.748953
trial_3,178,0.128959,0.455165
trial_3,179,0.013335,0.409677
trial_3,180,0.092479,1.215680
trial_3,181,0.256763,1.134565
trial_3,182,0.282173,0.438181
trial_3,183,0.158589,0.536403
trial_3,184,0.129023,0.805626
trial_3,185,0.055957,0.405113
trial_3,186,0.056386,0.543993
trial_3,187,0.128388,0.724781
trial_3,188,0.403673,0.644394
trial_3,189,0.359667,0.603592
trial_3,190,0.056941,0.430029
trial_3,191,0.002459,0.322074
trial_3,192,0.280312,0.684208
trial_3,193,0.098343,0.538229
trial_3,194,0.213102,0.633466
trial_3,195,0.229228,0.532871
trial_3,196,0.100534,0.556753
trial_3,197,0.087902,0.524858
trial_3,198,0.307367,0.591589
trial_3,199,0.125846,0.768979
trial_3,200,0.328943,0.535236
trial_3,201,0.141889,0.517124
trial_3,202,0.055926,0.275408
trial_3,203,0.072534,0.224278
trial_3,204,0.228538,0.625314
trial_3,205,0.101646,0.594423
trial_3,206,0.359248,0.513473
trial_3,207,0.220451,0.452701
trial_3,208,0.059312,0.493467
trial_3,209,0.119273,1.550222
trial_3,210,0.071812,1.549963
trial_3,211,0.007334,0.570086
trial_3,212,0.286828,0.368231
trial_3,213,0.324102,0.653652
trial_3,214,0.000789,0.454275
trial_3,215,0.013437,0.423747
trial_3,216,0.079708,0.460547
trial_3,217,0.116080,0.565877
trial_3,218,0.086324,1.237509
trial_3,219,0.476202,3.771420
trial_3,220,0.294503,0.895985
trial_3,221,0.301677,0.501774
trial_3,222,0.430167,0.557656
trial_3,223,0.228554,0.488690
trial_3,224,0.373572,0.531788
trial_3,225,0.025534,0.634311
trial_3,226,0.053137,0.527987
trial_3,227,0.069739,0.379392
trial_3,228,0.263184,0.589470
trial_3,229,0.184215,1.044615
trial_3,230,0.020459,0.575336
trial_3,231,0.151158,0.672404
trial_3,232,0.205980,0.368910
trial_3,233,0.005820,0.660296
trial_3,234,0.012534,0.315112
trial_3,235,0.214078,0.745625
trial_3,236,0.158086,0.367183
trial_3,237,0.297284,0.761964
trial_3,238,0.044059,0.504704
trial_3,239,0.062653,0.500430
trial_3,240,0.005425,0.628130
trial_3,241,0.013956,0.392996
trial_3,242,0.009798,0.348199
trial_3,243,0.072819,0.633591
trial_3,244,0.067518,0.754548
trial_3,245,0.212329,1.333465
trial_3,246,0.144469,0.718215
trial_3,247,0.045926,0.456067
trial_3,248,0.014723,0.407650
trial_3,249,0.284989,0.668947
trial_3,250,0.021445,0.589721
trial_3,251,0.037044,0.378119
trial_3,252,0.070222,0.514425
trial_3,253,0.199665,0.443739
trial_3,254,0.072569,1.272225
trial_3,255,0.443403,2.440739
trial_3,256,0.190546,0.615475
trial_3,257,0.126887,1.045486
trial_3,258,0.075798,0.466795
trial_3,259,0.077150,0.483820
trial_3,260,0.000170,0.260012
trial_3,261,0.170091,0.468054
trial_3,262,0.004336,0.535866
trial_3,263,0.138763,0.412226
trial_3,264,0.100520,0.435392
trial_3,265,0.109878,0.509212
trial_3,266,0.267974,0.599205
trial_3,267,0.272925,0.846874
trial_3,268,0.086738,0.320933
trial_3,269,0.051856,0.448700
trial_3,270,0.071154,0.294069
trial_3,271,0.006026,0.509049
trial_3,272,0.226899,0.415745
trial_3,273,0.053871,0.415982
trial_3,274,0.313166,0.468118
trial_3,275,0.190448,0.860868
trial_3,276,0.121174,1.043316
trial_3,277,0.094177,0.541048
trial_3,278,0.118843,0.436334
trial_3,279,0.274418,0.454296
trial_3,280,0.214777,0.645791
trial_3,281,0.175423,0.788037
trial_3,282,0.286762,1.475318
trial_3,283,0.060162,0.708638
trial_3,284,0.191683,0.540657
trial_3,285,0.001892,0.333121
trial_3,286,0.053598,0.513969
trial_3,287,0.013441,0.457731
trial_3,288,0.013944,0.871134
trial_3,289,0.102674,0.466869
trial_3,290,0.115386,0.555937
trial_3,291,0.040786,0.744039
trial_3,292,0.096666,0.559249
trial_3,293,0.076965,0.532219
trial_3,294,0.051381,0.262081
trial_3,295,0.034571,0.332096
trial_3,296,0.040067,0.765423
trial_3,297,0.206223,0.417728
trial_3,298,0.114294,0.542908
trial_3,299,0.437383,0.481856
trial_3,300,0.248227,0.407919
trial_3,301,0.071752,0.395650
trial_3,302,0.170697,0.526831
trial_3,303,0.356289,0.608501
trial_3,304,0.125697,0.256269
trial_3,305,0.019998,0.443909
trial_3,306,0.057088,0.495056
trial_3,307,0.096737,0.457473
trial_3,308,0.065782,0.671024
trial_3,309,0.068048,0.452026
trial_3,310,0.013652,1.017287
trial_3,311,0.104787,0.731304
trial_3,312,0.197643,1.306347
trial_3,313,0.038157,0.515368
trial_3,314,0.220536,0.522406
trial_3,315,0.122450,0.469684
trial_3,316,0.026216,0.701137
trial_3,317,0.122971,0.423567
trial_3,318,0.310038,0.536420
trial_3,319,0.053843,0.692553
trial_3,320,0.126645,0.884562
trial_3,321,0.291206,0.839774
trial_3,322,0.187985,0.397586
trial_3,323,0.336949,1.165639
trial_3,324,0.428777,0.547296
trial_3,325,0.009680,0.372362
trial_3,326,0.316792,0.597177
trial_3,327,0.176832,0.725401
trial_3,328,0.392785,0.684162
trial_3,329,0.126855,2.854375
trial_3,330,0.122870,0.773149
trial_3,331,0.128244,0.503258
trial_3,332,0.526377,0.773314
trial_3,333,0.053718,0.894851
trial_3,334,0.373115,0.539424
trial_3,335,0.133103,0.533650
trial_3,336,0.000737,0.441107
trial_3,337,0.009001,0.589192
trial_3,338,0.288808,1.507546
trial_3,339,0.265341,0.549259
trial_3,340,0.099222,0.477892
trial_3,341,0.329728,3.461471
trial_3,342,0.190335,0.603671
trial_3,343,0.074388,0.457625
trial_3,344,0.041767,1.048075
trial_3,345,0.544982,4.971733
trial_3,346,0.303912,1.295935
trial_3,347,0.137695,0.434279
trial_3,348,0.180731,0.697944
trial_3,349,0.153545,0.476586
trial_3,350,0.096300,0.613823
trial_3,351,0.116642,0.741979
trial_3,352,0.169601,0.510139
trial_3,353,0.089053,0.369023
trial_3,354,0.218424,0.768487
trial_3,355,0.138348,0.388695
trial_3,356,0.107429,0.326408
trial_3,357,0.195611,0.728284
trial_3,358,0.070125,0.387350
trial_3,359,0.103443,0.390879
trial_3,360,0.052475,0.408120
trial_3,361,0.127163,0.808069
trial_3,362,0.022567,2.206508
trial_3,363,0.036129,0.616443
trial_3,364,0.194296,0.427524
trial_3,365,0.023913,0.323697
trial_3,366,0.167633,0.666270
trial_3,367,0.065771,0.384952
trial_3,368,0.013583,0.393476
trial_3,369,0.139366,0.325902
trial_3,370,0.005112,0.558458
trial_3,371,0.011278,0.344323
trial_3,372,0.035445,0.455174
trial_3,373,0.025968,0.465746
trial_3,374,0.124484,0.798317
trial_3,375,0.189332,0.325629
trial_3,376,0.225545,0.499694
trial_3,377,0.052063,0.747157
trial_3,378,0.103480,0.433310
trial_3,379,0.152372,0.414640
trial_3,380,0.009305,0.421100
trial_3,381,0.176331,0.375129
trial_3,382,0.217077,0.484088
trial_3,383,0.447144,1.635598
trial_3,384,0.166790,0.380373
trial_3,385,0.233139,0.994605
trial_3,386,0.119996,0.885292
trial_3,387,0.003309,0.795847
trial_3,388,0.194954,0.405737
trial_3,389,0.028683,0.331949
trial_3,390,0.049293,0.491002
trial_3,391,0.078130,0.471832
trial_3,392,0.001930,0.570007
trial_3,393,0.097445,0.539773
trial_3,394,0.003784,0.424945
trial_3,395,0.216898,0.494719
trial_3,396,0.045897,0.276665
trial_3,397,0.025095,0.302256
trial_3,398,0.028054,0.343632
trial_3,399,0.099522,0.541401
trial_3,400,0.160268,0.408400
trial_3,401,0.339778,0.546820
trial_3,402,0.259241,0.851679
trial_3,403,0.103626,0.424015
trial_3,404,0.268706,0.450688
trial_3,405,0.112311,0.468179
trial_3,406,0.159371,0.541746
trial_3,407,0.091915,0.288073
trial_3,408,0.048689,0.423418
trial_3,409,0.022248,0.490357
trial_3,410,0.165258,0.442994
trial_3,411,0.036074,0.621243
trial_3,412,0.029901,0.302165
trial_3,413,0.039508,0.753752
trial_3,414,0.101060,0.389094
trial_3,415,0.033425,0.470741
trial_3,416,0.560498,1.640663
trial_3,417,0.006285,0.385612
trial_3,418,0.238107,0.484026
trial_3,419,0.028145,0.857936
trial_3,420,0.011310,0.521278
trial_3,421,0.029488,0.343857
trial_3,422,0.303359,0.769960
trial_3,423,0.000788,0.302506
trial_3,424,0.060552,0.218919
trial_3,425,0.053281,0.364010
trial_3,426,0.075130,0.207309
trial_3,427,0.053204,0.417177
trial_3,428,0.248622,0.597193
trial_3,429,0.143263,0.369532
trial_3,430,0.067599,0.368255
trial_3,431,0.043306,0.464204
trial_3,432,0.095125,0.690389
trial_3,433,0.229448,0.529046
trial_3,434,0.353951,0.906032
trial_3,435,0.353250,2.434825
trial_3,436,0.052247,0.368098
trial_3,437,0.093314,0.834519
trial_3,438,0.828772,1.057651
trial_3,439,0.182209,0.522188
trial_3,440,0.107146,0.750668
trial_3,441,0.447872,1.129163
trial_3,442,0.058966,0.391825
trial_3,443,0.129860,0.382028
trial_3,444,0.200147,0.491112
trial_3,445,0.267490,0.514522
trial_3,446,0.168367,0.628902
trial_3,447,0.015664,0.799598
trial_3,448,0.034775,0.453956
trial_3,449,0.030024,0.859342
trial_3,450,0.155828,0.422783
trial_3,451,0.132306,0.626898
trial_3,452,0.099692,0.467826
trial_3,453,0.045134,0.466894
trial_3,454,0.077611,0.386173
trial_3,455,0.034196,0.404687
trial_3,456,0.039953,0.566966
trial_3,457,0.102206,0.270235
trial_3,458,0.085697,0.557832
trial_3,459,0.232790,0.413583
trial_3,460,0.103283,0.440544
trial_3,461,0.043493,0.356699
trial_3,462,0.105056,0.692261
trial_3,463,0.042557,0.352702
trial_3,464,0.049064,0.338107
trial_3,465,0.043257,0.546407
trial_3,466,0.097773,0.395217
trial_3,467,0.386899,0.692525
trial_3,468,0.225989,0.406926
trial_3,469,0.172842,1.209482
trial_3,470,0.080984,0.433612
trial_3,471,0.141346,0.422246
trial_3,472,0.339717,0.662993
trial_3,473,0.166276,0.447973
trial_3,474,0.021779,1.191250
trial_3,475,0.365432,2.046612
trial_3,476,0.062446,1.976390
trial_3,477,0.250692,0.456085
trial_3,478,0.004734,0.352094
trial_3,479,0.175762,0.609592
trial_3,480,0.084450,0.591237
trial_3,481,0.283181,1.019730
trial_3,482,0.076800,0.628478
trial_3,483,0.039485,0.982884
trial_3,484,0.036831,0.693936
trial_3,485,0.005325,0.341180
trial_3,486,0.014885,0.483794
trial_3,487,0.349076,0.584160
trial_3,488,0.099025,0.362971
trial_3,489,0.065755,0.439529
trial_3,490,0.011437,0.585934
trial_3,491,0.036503,0.376606
trial_3,492,0.158093,0.416863
trial_3,493,0.166938,0.555140
trial_3,494,0.180465,0.494615
trial_3,495,0.085580,0.520347
trial_3,496,0.020879,0.354031
trial_3,497,0.212788,0.637057
trial_3,498,0.233664,0.369267
trial_3,499,0.067003,0.510964
trial_3,500,0.373126,0.902042
trial_3,501,0.201469,0.480977
trial_3,502,0.192853,0.392975
trial_3,503,0.085853,0.309815
trial_3,504,0.012454,0.505994
trial_3,505,0.112157,0.667147
trial_3,506,0.167674,0.403349
trial_3,507,0.208245,0.809807
trial_3,508,0.169017,0.388371
trial_3,509,0.247215,0.573389
trial_3,510,0.080500,0.388962
trial_3,511,0.049199,0.310040
trial_3,512,0.306131,2.392468
trial_3,513,0.163418,0.527829
trial_3,514,0.026018,0.524622
trial_3,515,0.126812,1.442781
trial_3,516,0.121728,0.503108
trial_3,517,0.450776,1.348920
trial_3,518,0.205697,0.436633
trial_3,519,0.119820,0.407564
trial_3,520,0.034665,0.333365
trial_3,521,0.021758,0.306090
trial_3,522,0.026047,0.351838
trial_3,523,0.142646,0.780591
trial_3,524,0.153719,0.392048
trial_3,525,0.005502,0.671727
trial_3,526,0.114155,0.451080
trial_3,527,0.065526,0.304822
trial_3,528,0.188135,0.447994
trial_3,529,0.220509,0.446729
trial_3,530,0.174846,0.454970
trial_3,531,0.165666,0.495565
trial_3,532,0.217424,0.445932
trial_3,533,0.113871,0.380604
trial_3,534,0.073125,0.204155
trial_3,535,0.094608,0.492442
trial_3,536,0.337080,1.103340
trial_3,537,0.190031,0.910034
trial_3,538,0.059306,0.409699
trial_3,539,0.058127,0.648187
trial_3,540,0.015568,0.363377
trial_3,541,0.184462,0.419141
trial_3,542,0.137716,1.022158
trial_3,543,0.156534,0.269466
trial_3,544,0.109735,0.209726
trial_3,545,0.046386,0.387922
trial_3,546,0.071251,0.623857
trial_3,547,0.126554,0.368771
trial_3,548,0.085807,0.419963
trial_3,549,0.026218,0.458901
trial_3,550,0.016724,0.400182
trial_3,551,0.064464,0.271307
trial_3,552,0.083154,0.636065
trial_3,553,0.070587,0.453073
trial_3,554,0.382504,0.961125
trial_3,555,0.131239,0.292206
trial_3,556,0.306373,0.527493
trial_3,557,0.091229,0.378687
trial_3,558,0.141651,0.268475
trial_3,559,0.062954,0.313585
trial_3,560,0.162806,0.447637
trial_3,561,0.117719,0.730217
trial_3,562,0.127906,0.644330
trial_3,563,0.196886,0.513126
trial_3,564,0.036350,0.508073
trial_3,565,0.319976,0.745233
trial_3,566,0.127549,0.418958
trial_3,567,0.105281,0.573592
trial_3,568,0.294421,0.500691
trial_3,569,0.043656,0.354067
trial_3,570,0.242240,0.683096
trial_3,571,0.270449,0.339537
trial_3,572,0.013215,0.222341
trial_3,573,0.244724,0.466462
trial_3,574,0.054801,0.279733
trial_3,575,0.406529,1.247872
trial_3,576,0.060489,1.159694
trial_3,577,0.148176,0.262349
trial_3,578,0.132708,0.738955
trial_3,579,0.020309,0.253724
trial_3,580,0.201754,0.339334
trial_3,581,0.213765,0.597326
trial_3,582,0.034103,0.372502
trial_3,583,0.062304,0.564144
trial_3,584,0.071986,0.282316
trial_3,585,0.142398,0.495835
trial_3,586,0.035903,0.324591
trial_3,587,0.059390,0.504128
trial_3,588,0.082090,0.288993
trial_3,589,1.599450,12.682412
trial_3,590,0.016142,0.588259
trial_3,591,0.005072,0.455867
trial_3,592,0.193610,0.471627
trial_3,593,0.052483,0.351028
trial_3,594,0.100542,0.242721
trial_3,595,0.392443,0.780721
trial_3,596,0.049723,0.401521
trial_3,597,0.170982,0.377538
trial_3,598,0.046040,0.458171
trial_3,599,0.092315,0.453085
trial_3,600,0.046561,0.294792
trial_3,601,0.043940,0.679961
trial_3,602,0.091231,0.476737
trial_3,603,0.040668,0.504432
trial_3,604,0.009456,0.356808
trial_3,605,0.108046,0.533626
trial_3,606,0.101241,0.440927
trial_3,607,0.142348,0.398129
trial_3,608,0.034437,0.327118
trial_3,609,0.080642,0.556016
trial_3,610,0.150679,0.492288
trial_3,611,0.156506,0.447052
trial_3,612,0.235400,0.420982
trial_3,613,0.234852,0.584636
trial_3,614,0.104043,0.728315
trial_3,615,0.114268,0.283588
trial_3,616,0.052275,0.304208
trial_3,617,0.076784,0.483212
trial_3,618,0.332656,0.376048
trial_3,619,1.190212,5.935266
trial_3,620,0.059234,0.342808
trial_3,621,0.114067,0.338942
trial_3,622,0.409344,3.140693
trial_3,623,0.089483,0.300908
trial_3,624,0.144633,0.647639
trial_3,625,0.354948,0.640620
trial_3,626,0.050346,0.488220
trial_3,627,0.054865,0.785694
trial_3,628,0.195969,0.586072
trial_3,629,0.090593,0.320331
trial_3,630,0.260449,0.511202
trial_3,631,0.132744,0.769345
trial_3,632,0.344692,0.533590
trial_3,633,0.088486,0.398635
trial_3,634,0.105636,0.755692
trial_3,635,0.032297,0.661769
trial_3,636,0.204125,0.553515
trial_3,637,0.076508,0.924483
trial_3,638,0.143760,0.670408
trial_3,639,0.092057,0.410841
trial_3,640,0.307335,0.423153
trial_3,641,0.129059,0.416155
trial_3,642,0.115705,0.475548
trial_3,643,0.024656,0.552656
trial_3,644,0.102220,0.660669
trial_3,645,0.004382,0.403064
trial_3,646,0.099641,0.843602
trial_3,647,0.223481,1.558890
trial_3,648,0.011648,1.849526
trial_3,649,0.052625,0.613539
trial_3,650,0.219241,0.758081
trial_3,651,0.114982,0.664102
trial_3,652,0.206883,1.362421
trial_3,653,0.122952,0.594534
trial_3,654,0.212568,0.530775
trial_3,655,0.066409,0.380993
trial_3,656,0.053942,0.642455
trial_3,657,0.053885,0.729362
trial_3,658,0.384658,0.741033
trial_3,659,0.323923,0.601672
trial_3,660,0.073397,0.497222
trial_3,661,0.151459,0.563440
trial_3,662,0.299130,0.550804
trial_3,663,0.236142,0.516115
trial_3,664,0.094021,0.314979
trial_3,665,0.100507,0.807235
trial_3,666,0.149774,0.777388
trial_3,667,0.085811,0.376673
trial_3,668,0.113000,0.268679
trial_3,669,0.029253,0.310546
trial_3,670,0.123394,0.241401
trial_3,671,0.135551,0.360462
trial_3,672,0.317719,0.464487
trial_3,673,0.253420,3.101157
trial_3,674,0.020986,0.587844
trial_3,675,0.341799,0.546122
trial_3,676,0.083191,0.650195
trial_3,677,0.046379,0.511223
trial_3,678,0.177614,0.719139
trial_3,679,0.129741,1.118838
trial_3,680,0.087258,0.392089
trial_3,681,0.012643,0.267728
trial_3,682,0.262581,0.678736
trial_3,683,0.192463,0.613359
trial_3,684,0.142333,1.299612
trial_3,685,0.265388,0.788045
trial_3,686,0.057726,0.346890
trial_3,687,0.126967,0.372676
trial_3,688,0.092206,0.355937
trial_3,689,0.274762,0.589965
trial_3,690,0.159199,0.547977
trial_3,691,0.201390,0.387213
trial_3,692,0.109167,0.188938
trial_3,693,0.250160,0.525444
trial_3,694,0.654800,0.810774
trial_3,695,0.108983,0.416264
trial_3,696,0.097013,0.563868
trial_3,697,0.232527,0.807992
trial_3,698,0.168506,0.306489
trial_3,699,0.168713,0.335135
trial_3,700,0.086443,0.401177
trial_3,701,0.142466,0.663778
trial_3,702,0.035090,0.458377
trial_3,703,0.042144,0.792009
trial_3,704,0.018429,0.302821
trial_3,705,0.022265,0.324003
trial_3,706,0.137545,0.521561
trial_3,707,0.102794,0.402957
trial_3,708,0.233021,0.403584
trial_3,709,0.205237,0.843549
trial_3,710,0.048695,0.628668
trial_3,711,0.055599,0.527915
trial_3,712,0.232963,0.470520
trial_3,713,0.120863,0.984653
trial_3,714,0.059471,0.295993
trial_3,715,0.125942,0.346863
trial_3,716,0.344103,0.807518
trial_3,717,0.026101,0.292292
trial_3,718,0.165978,0.487719
trial_3,719,0.165033,0.292165
trial_3,720,0.143786,0.770080
trial_3,721,0.242462,0.495392
trial_3,722,0.317270,0.559367
trial_3,723,0.071034,0.231149
trial_3,724,0.085589,1.562732
trial_3,725,0.061770,0.529114
trial_3,726,0.246413,0.646899
trial_3,727,0.240952,0.658437
trial_3,728,0.073354,0.433905
trial_3,729,0.490970,0.595740
trial_3,730,0.021176,0.341924
trial_3,731,0.069803,0.438070
trial_3,732,0.125737,0.494720
trial_3,733,0.206037,0.393754
trial_3,734,0.159315,0.231761
trial_3,735,0.014045,0.714759
trial_3,736,0.060767,0.473593
trial_3,737,0.136117,0.549931
trial_3,738,0.106173,0.986882
trial_3,739,0.139871,0.279685
trial_3,740,0.057464,0.303675
trial_3,741,0.023001,0.346365
trial_3,742,0.034784,0.474080
trial_3,743,0.073615,1.264743
trial_3,744,0.079626,0.421020
trial_3,745,0.151535,0.411800
trial_3,746,0.033322,0.372705
trial_3,747,0.242327,0.357783
trial_3,748,0.126041,0.382628
trial_3,749,0.024059,0.452409
trial_3,750,0.062206,0.373596
trial_3,751,0.126262,0.678093
trial_3,752,0.144463,0.499536
trial_3,753,0.173792,0.559262
trial_3,754,0.008314,0.325567
trial_3,755,0.017263,0.436810
trial_3,756,0.323874,0.449491
trial_3,757,0.163112,0.528404
trial_3,758,0.191205,0.634400
trial_3,759,0.043270,0.863673
trial_3,760,0.144566,0.412721
trial_3,761,0.052214,0.458712
trial_3,762,0.276055,0.684264
trial_3,763,0.085111,0.431123
trial_3,764,0.067471,0.693219
trial_3,765,0.020112,0.501930
trial_3,766,0.061836,0.932812
trial_3,767,0.102781,0.551110
trial_3,768,0.203648,0.459018
trial_3,769,0.118747,0.443143
trial_3,770,0.553219,3.017486
trial_3,771,0.123215,0.309146
trial_3,772,0.029712,4.434396
trial_3,773,0.081524,0.399356
trial_3,774,0.046432,0.494235
trial_3,775,0.091889,0.339027
trial_3,776,0.024814,0.589844
trial_3,777,0.139338,0.495349
trial_3,778,0.299996,0.422236
trial_3,779,0.009895,0.463662
trial_3,780,0.200303,0.320900
trial_3,781,0.317745,0.679231
trial_3,782,0.125695,0.543506
trial_3,783,0.113854,0.496873
trial_3,784,0.065243,0.274009
trial_3,785,0.113532,0.381827
trial_3,786,0.217756,0.863684
trial_3,787,0.108655,0.354008
trial_3,788,0.429710,1.194696
trial_3,789,0.025117,0.440524
trial_3,790,0.058935,0.415907
trial_3,791,0.413504,0.600888
trial_3,792,0.124525,0.257291
trial_3,793,0.252555,0.880479
trial_3,794,0.113057,1.031987
trial_3,795,0.100762,0.652855
trial_3,796,0.066756,0.406957
trial_3,797,0.113683,0.320543
trial_3,798,0.103189,0.418709
trial_3,799,0.062962,0.405301
trial_3,800,0.090695,0.466252
trial_3,801,0.072079,0.650934
trial_3,802,0.060726,0.589257
trial_3,803,0.160997,0.305752
trial_3,804,0.046784,0.385458
trial_3,805,0.017900,0.658501
trial_3,806,0.017589,1.005942
trial_3,807,0.150864,0.309635
trial_3,808,0.193353,0.354197
trial_3,809,0.064287,0.261381
trial_3,810,0.183419,0.442355
trial_3,811,0.004173,0.446793
trial_3,812,0.021259,0.520272
trial_3,813,0.146337,0.891196
trial_3,814,0.066661,1.105125
trial_3,815,0.031252,0.312883
trial_3,816,0.147925,0.336057
trial_3,817,0.131552,0.458473
trial_3,818,0.117908,0.854443
trial_3,819,0.006906,1.216257
trial_3,820,0.020732,1.427351
trial_3,821,0.063643,0.377524
trial_3,822,0.003409,0.524907
trial_3,823,0.078279,0.515281
trial_3,824,0.200395,0.309214
trial_3,825,0.046219,0.479461
trial_3,826,0.384018,2.869000
trial_3,827,0.374449,0.685548
trial_3,828,0.193535,0.604377
trial_3,829,0.281482,0.656828
trial_3,830,0.135502,0.369730
trial_3,831,0.019124,0.653787
trial_3,832,0.154461,0.446188
trial_3,833,0.043781,0.477919
trial_3,834,0.062175,0.515222
trial_3,835,0.048994,0.390118
trial_3,836,0.060758,0.226256
trial_3,837,0.394740,1.013884
trial_3,838,0.086897,0.484691
trial_3,839,0.124139,0.391054
trial_3,840,0.082490,0.463772
trial_3,841,0.007106,0.787484
trial_3,842,0.068571,0.424233
trial_3,843,0.177631,0.605278
trial_3,844,0.183164,0.380102
trial_3,845,0.026717,0.319185
trial_3,846,0.227890,0.445026
trial_3,847,0.062652,0.408318
trial_3,848,0.061143,0.894501
trial_3,849,0.145750,0.259905
trial_3,850,0.159399,0.547275
trial_3,851,0.077721,0.338521
trial_3,852,0.230201,0.667206
trial_3,853,0.255877,0.575007
trial_3,854,0.131774,0.244643
trial_3,855,0.097503,0.545994
trial_3,856,0.212306,0.611862
trial_3,857,0.137371,0.501520
trial_3,858,0.160505,0.483152
trial_3,859,0.145068,0.438769
trial_3,860,0.230450,0.460884
trial_3,861,0.140004,0.399199
trial_3,862,0.239835,0.427856
trial_3,863,0.379995,0.528704
trial_3,864,0.086125,0.327834
trial_3,865,0.084477,0.313628
trial_3,866,0.119725,0.460327
trial_3,867,0.035489,0.349565
trial_3,868,0.334340,0.541292
trial_3,869,0.004185,0.806771
trial_3,870,0.068839,0.561107
trial_3,871,0.068358,0.479190
trial_3,872,0.324246,1.357052
trial_3,873,0.145967,0.273890
trial_3,874,0.055245,0.276401
trial_3,875,0.054701,0.432892
trial_3,876,0.351355,0.575207
trial_3,877,0.211973,0.508447
trial_3,878,0.122806,0.507292
trial_3,879,0.063255,0.233974
trial_3,880,0.001633,0.644268
trial_3,881,0.150638,0.380700
trial_3,882,0.109518,0.334553
trial_3,883,0.026230,0.392600
trial_3,884,0.136535,0.666636
trial_3,885,0.213442,0.357266
trial_3,886,0.089609,0.297753
trial_3,887,0.578388,3.027597
trial_3,888,0.093991,0.488010
trial_3,889,0.083176,0.317364
trial_3,890,0.310434,0.647366
trial_3,891,0.128461,0.483551
trial_3,892,0.098476,0.541622
trial_3,893,0.055040,0.438041
trial_3,894,0.082004,0.447566
trial_3,895,0.037948,0.434833
trial_3,896,0.165743,0.472322
trial_3,897,0.053912,0.471785
trial_3,898,0.045806,0.366763
trial_3,899,0.000349,0.465960
trial_3,900,0.118211,0.440271
trial_3,901,0.060994,0.319444
trial_3,902,0.161397,0.782565
trial_3,903,0.227019,0.376724
trial_3,904,0.128352,0.370620
trial_3,905,0.063471,0.528387
trial_3,906,0.036069,0.421245
trial_3,907,0.213688,0.449583
trial_3,908,0.065324,0.245228
trial_3,909,0.172559,1.028212
trial_3,910,0.201547,0.486014
trial_3,911,0.065516,0.314480
trial_3,912,0.089455,0.502766
trial_3,913,0.042207,0.541777
trial_3,914,0.155798,0.687766
trial_3,915,0.205042,0.482742
trial_3,916,0.025893,0.290969
trial_3,917,0.074961,0.384342
trial_3,918,0.000491,0.499349
trial_3,919,0.247978,0.622390
trial_3,920,0.029907,0.567546
trial_3,921,0.157428,0.337132
trial_3,922,0.099733,0.450325
trial_3,923,0.039152,0.687696
trial_3,924,0.271057,2.096328
trial_3,925,0.224345,1.206244
trial_3,926,0.122541,0.435245
trial_3,927,0.062328,0.596661
trial_3,928,0.144298,0.778456
trial_3,929,0.073640,0.412112
trial_3,930,0.308500,0.609516
trial_3,931,0.127597,1.181676
trial_3,932,0.212486,0.431120
trial_3,933,0.248516,0.792770
trial_3,934,0.022583,0.560666
trial_3,935,0.201030,0.373100
trial_3,936,0.084739,0.969697
trial_3,937,0.020767,0.603661
trial_3,938,0.157928,0.342912
trial_3,939,0.089632,0.504323
trial_3,940,0.259888,0.538688
trial_3,941,0.108645,0.400498
trial_3,942,0.031042,0.400306
trial_3,943,0.045617,0.563027
trial_3,944,0.161441,0.280924
trial_3,945,0.012967,0.451694
trial_3,946,0.240384,0.477657
trial_3,947,0.353770,0.586649
trial_3,948,0.332477,0.759192
trial_3,949,0.242972,0.950409
trial_3,950,0.138603,0.434554
trial_3,951,0.336548,0.460633
trial_3,952,0.037374,0.497206
trial_3,953,0.072918,0.530360
trial_3,954,0.130376,0.364907
trial_3,955,0.025429,0.498463
trial_3,956,0.118212,0.440168
trial_3,957,0.258797,0.915221
trial_3,958,0.142170,0.731557
trial_3,959,0.077190,0.671370
trial_3,960,0.251785,0.792601
trial_3,961,0.225180,0.729609
trial_3,962,1.107095,11.379955
trial_3,963,0.061700,0.493163
trial_3,964,0.010201,0.196808
trial_3,965,0.029158,0.503860
trial_3,966,0.053942,0.512670
trial_3,967,0.114837,0.838853
trial_3,968,0.132739,0.310368
trial_3,969,0.298297,0.470493
trial_3,970,0.014727,0.560549
trial_3,971,0.088923,0.250110
trial_3,972,0.050743,0.813105
trial_3,973,0.004230,0.458339
trial_3,974,0.081734,0.821112
trial_3,975,0.389186,0.725177
trial_3,976,0.059043,0.429826
trial_3,977,0.300882,0.475553
trial_3,978,0.172177,0.606732
trial_3,979,0.252656,0.369654
trial_3,980,0.195077,0.412491
trial_3,981,0.009269,0.507610
trial_3,982,0.363713,0.643497
trial_3,983,0.115241,0.307717
trial_3,984,0.100054,0.371428
trial_3,985,0.292510,0.731333
trial_3,986,0.127834,0.560347
trial_3,987,0.154202,0.429352
trial_3,988,0.339568,1.596197
trial_3,989,0.037738,0.344617
trial_3,990,0.035142,0.499883
trial_3,991,0.105619,0.511331
trial_3,992,0.164361,0.727811
trial_3,993,0.101841,0.516023
trial_3,994,0.106860,0.639978
trial_3,995,0.157219,0.565632
trial_3,996,0.030097,0.334710
trial_3,997,0.044652,2.074255
trial_3,998,0.063128,0.467503
trial_3,999,0.121878,0.265140
trial_3,1000,0.169549,0.561286
trial_4,1,0.034859,0.488725
trial_4,2,0.007554,0.316679
trial_4,3,0.027917,0.355635
trial_4,4,0.187004,0.517461
trial_4,5,0.090367,0.509418
trial_4,6,0.085626,0.307829
trial_4,7,0.192315,0.332596
trial_4,8,0.185649,0.412451
trial_4,9,0.389134,1.091569
trial_4,10,0.325969,0.627121
trial_4,11,0.044373,0.486170
trial_4,12,0.204466,0.394125
trial_4,13,0.408396,1.583833
trial_4,14,0.126149,0.362690
trial_4,15,0.208504,0.454270
trial_4,16,0.135339,0.494206
trial_4,17,0.195249,0.460348
trial_4,18,0.019446,0.563622
trial_4,19,0.259885,0.627948
trial_4,20,0.077512,0.305978
trial_4,21,0.085994,0.702023
trial_4,22,0.044707,0.473743
trial_4,23,0.056688,0.457468
trial_4,24,0.057006,0.648030
trial_4,25,0.118117,0.422862
trial_4,26,0.085507,0.942028
trial_4,27,0.019525,0.466019
trial_4,28,0.197913,1.154541
trial_4,29,0.011546,0.424206
trial_4,30,0.192402,0.532792
trial_4,31,0.112310,0.444121
trial_4,32,0.118049,0.341075
trial_4,33,0.005548,0.405606
trial_4,34,0.036933,1.694183
trial_4,35,0.356203,0.858415
trial_4,36,0.220737,0.629782
trial_4,37,0.111305,0.458626
trial_4,38,0.030691,0.596958
trial_4,39,0.173201,0.585552
trial_4,40,0.049459,0.487667
trial_4,41,0.095164,0.239245
trial_4,42,0.092537,0.363550
trial_4,43,0.099780,0.298041
trial_4,44,0.182666,0.495277
trial_4,45,0.097083,0.501106
trial_4,46,0.175935,0.453275
trial_4,47,0.053839,0.324109
trial_4,48,0.142420,0.342525
trial_4,49,0.038482,0.499791
trial_4,50,0.286188,0.546500
trial_4,51,0.192306,0.313091
trial_4,52,0.078346,0.401650
trial_4,53,0.027981,0.544723
trial_4,54,0.144720,0.466528
trial_4,55,0.218432,0.450525
trial_4,56,0.100678,0.347220
trial_4,57,0.143576,0.351262
trial_4,58,0.115656,0.674949
trial_4,59,0.149269,0.317525
trial_4,60,0.401635,1.542227
trial_4,61,0.100197,0.312374
trial_4,62,0.138457,0.378537
trial_4,63,0.192187,0.517483
trial_4,64,0.135025,0.438372
trial_4,65,0.243756,0.734847
trial_4,66,0.011532,0.319063
trial_4,67,0.179705,0.339441
trial_4,68,0.199394,0.721961
trial_4,69,0.099914,0.455844
trial_4,70,0.054279,0.198451
trial_4,71,0.195601,0.694962
trial_4,72,0.099526,0.241077
trial_4,73,0.021863,0.258987
trial_4,74,0.048211,0.299329
trial_4,75,0.029830,0.199747
trial_4,76,0.023455,0.395088
trial_4,77,0.000378,0.270042
trial_4,78,0.141443,0.229658
trial_4,79,0.057598,0.235985
trial_4,80,0.209418,0.317895
trial_4,81,0.360242,1.129439
trial_4,82,0.200414,0.511173
trial_4,83,0.339011,0.539925
trial_4,84,0.345659,3.194735
trial_4,85,0.259896,0.854001
trial_4,86,0.012706,0.547709
trial_4,87,0.102019,0.388392
trial_4,88,0.184244,0.295949
trial_4,89,0.054102,0.315416
trial_4,90,0.086612,0.469752
trial_4,91,0.107747,0.501955
trial_4,92,0.078620,0.525230
trial_4,93,0.030774,0.937065
trial_4,94,0.189658,0.398977
trial_4,95,0.132611,0.321140
trial_4,96,0.016404,0.528439
trial_4,97,0.222951,0.547790
trial_4,98,0.472601,0.839280
trial_4,99,0.125784,0.542712
trial_4,100,0.061330,0.481606
trial_4,101,0.067693,0.365738
trial_4,102,0.198462,0.445097
trial_4,103,0.057129,0.429562
trial_4,104,0.059281,0.459468
trial_4,105,0.100606,0.425690
trial_4,106,0.032172,0.383465
trial_4,107,0.114333,0.288205
trial_4,108,0.005479,1.287581
trial_4,109,0.332394,0.801991
trial_4,110,0.092333,0.630337
trial_4,111,0.247711,0.600859
trial_4,112,0.331210,0.715083
trial_4,113,0.263822,0.594170
trial_4,114,0.020096,0.309452
trial_4,115,0.010712,0.890803
trial_4,116,0.398733,0.510019
trial_4,117,0.175840,0.465893
trial_4,118,0.030384,0.614575
trial_4,119,0.094203,1.411902
trial_4,120,0.340188,0.572271
trial_4,121,0.294522,0.668497
trial_4,122,0.000138,0.270453
trial_4,123,0.291684,0.432468
trial_4,124,0.127467,0.521644
trial_4,125,0.040607,0.560693
trial_4,126,0.239529,0.673459
trial_4,127,0.241595,0.445275
trial_4,128,0.140088,0.298552
trial_4,129,0.035620,0.499743
trial_4,130,0.113555,1.018515
trial_4,131,0.076697,0.323998
trial_4,132,0.298328,0.576631
trial_4,133,0.085580,0.874885
trial_4,134,0.199781,0.481426
trial_4,135,0.054995,0.246083
trial_4,136,0.064032,0.431121
trial_4,137,0.278524,0.699648
trial_4,138,0.036480,0.397533
trial_4,139,0.206106,0.275124
trial_4,140,0.021652,0.311811
trial_4,141,0.028844,0.391975
trial_4,142,0.039321,0.591712
trial_4,143,0.137345,0.673650
trial_4,144,0.133950,0.424554
trial_4,145,0.170238,0.363876
trial_4,146,0.150404,0.896679
trial_4,147,0.101089,0.619600
trial_4,148,0.133465,0.349078
trial_4,149,0.010867,0.768059
trial_4,150,0.123132,0.300243
trial_4,151,0.034352,0.406016
trial_4,152,0.155209,0.405052
trial_4,153,0.130325,0.379101
trial_4,154,0.011945,0.319896
trial_4,155,0.099879,0.416387
trial_4,156,0.394681,0.556176
trial_4,157,0.273838,0.834376
trial_4,158,0.119127,0.447997
trial_4,159,0.008005,0.151881
trial_4,160,0.291213,0.539066
trial_4,161,0.109528,0.369850
trial_4,162,0.007691,0.227046
trial_4,163,0.143340,0.399761
trial_4,164,0.136248,0.264438
trial_4,165,0.095991,0.377218
trial_4,166,0.109600,0.417024
trial_4,167,0.069428,0.239383
trial_4,168,0.088242,0.354304
trial_4,169,0.020376,0.279385
trial_4,170,0.023261,0.323004
trial_4,171,0.066098,0.365288
trial_4,172,0.093248,0.437213
trial_4,173,0.007863,0.368434
trial_4,174,0.226512,0.414243
trial_4,175,0.018781,0.232251
trial_4,176,0.095655,0.393469
trial_4,177,0.044040,0.567636
trial_4,178,0.309415,0.377546
trial_4,179,0.189698,0.401681
trial_4,180,0.152354,0.474107
trial_4,181,0.076311,0.865312
trial_4,182,0.058619,0.481716
trial_4,183,0.038167,0.230534
trial_4,184,0.019600,0.512646
trial_4,185,0.220139,0.333085
trial_4,186,0.028420,0.298107
trial_4,187,0.165060,0.519271
trial_4,188,0.280690,0.475459
trial_4,189,0.015180,0.271594
trial_4,190,0.105070,0.324994
trial_4,191,0.078293,0.399452
trial_4,192,0.230676,0.506454
trial_4,193,0.160449,0.313124
trial_4,194,0.201758,0.330847
trial_4,195,0.038841,0.325068
trial_4,196,0.031385,0.425685
trial_4,197,0.077753,0.325945
trial_4,198,0.282526,0.415410
trial_4,199,0.267480,0.445580
trial_4,200,0.399260,0.537475
trial_4,201,0.009309,0.324093
trial_4,202,0.110236,0.243404
trial_4,203,0.149071,0.232332
trial_4,204,0.133530,0.354150
trial_4,205,0.122479,0.398020
trial_4,206,0.127938,0.313266
trial_4,207,0.169134,0.321389
trial_4,208,0.154322,0.377829
trial_4,209,0.127933,1.296602
trial_4,210,0.135617,0.579836
trial_4,211,0.023416,0.366965
trial_4,212,0.326596,0.452320
trial_4,213,0.010085,0.275244
trial_4,214,0.073225,0.398652
trial_4,215,0.071712,0.247028
trial_4,216,0.092866,0.304791
trial_4,217,0.011218,0.309182
trial_4,218,0.085399,1.516238
trial_4,219,0.972959,8.865515
trial_4,220,0.036032,0.644286
trial_4,221,0.162051,0.360567
trial_4,222,0.028732,0.467142
trial_4,223,0.115937,0.346703
trial_4,224,0.027235,0.336664
trial_4,225,0.428187,0.715516
trial_4,226,0.057672,0.536612
trial_4,227,0.236617,0.358477
trial_4,228,0.161449,0.386299
trial_4,229,0.241644,0.714897
trial_4,230,0.225622,0.457388
trial_4,231,0.147443,0.531668
trial_4,232,0.149221,0.385075
trial_4,233,0.137809,0.438722
trial_4,234,0.029819,0.198822
trial_4,235,0.102920,0.445302
trial_4,236,0.090710,0.237184
trial_4,237,0.168067,0.472402
trial_4,238,0.102073,0.318651
trial_4,239,0.023822,0.332808
trial_4,240,0.039541,0.370012
trial_4,241,0.276652,0.427122
trial_4,242,0.012365,0.210250
trial_4,243,0.200047,0.570636
trial_4,244,0.048576,0.662527
trial_4,245,0.066647,1.655140
trial_4,246,0.044680,0.507248
trial_4,247,0.074256,0.421652
trial_4,248,0.142152,0.389112
trial_4,249,0.099964,0.377679
trial_4,250,0.009715,0.477014
trial_4,251,0.075895,0.375419
trial_4,252,0.110920,0.421507
trial_4,253,0.041104,0.193547
trial_4,254,0.179681,0.819564
trial_4,255,0.089898,1.977221
trial_4,256,0.088845,0.502797
trial_4,257,0.053602,0.701785
trial_4,258,0.107092,0.467869
trial_4,259,0.013458,0.498918
trial_4,260,0.059266,0.377065
trial_4,261,0.361011,0.586192
trial_4,262,0.129093,0.885277
trial_4,263,0.124645,0.485575
trial_4,264,0.241414,1.381007
trial_4,265,0.119062,0.939961
trial_4,266,0.167580,0.963632
trial_4,267,0.029204,1.049896
trial_4,268,0.092828,0.467917
trial_4,269,0.030290,0.504667
trial_4,270,0.027380,0.499789
trial_4,271,0.034828,0.792785
trial_4,272,0.231090,0.514303
trial_4,273,0.020823,0.705045
trial_4,274,0.160602,0.525836
trial_4,275,0.099655,0.800009
trial_4,276,0.242022,1.452858
trial_4,277,0.047163,0.458948
trial_4,278,0.184563,0.594129
trial_4,279,0.265372,0.474227
trial_4,280,0.118873,0.785829
trial_4,281,0.196164,0.595691
trial_4,282,0.368680,1.775015
trial_4,283,0.149364,0.546062
trial_4,284,0.299982,0.634772
trial_4,285,0.106908,0.498370
trial_4,286,0.041237,0.503141
trial_4,287,0.273256,0.546253
trial_4,288,0.021607,0.721829
trial_4,289,0.178542,0.868968
trial_4,290,0.117940,0.904869
trial_4,291,0.066270,0.658314
trial_4,292,0.009656,0.654092
trial_4,293,0.104493,0.523909
trial_4,294,0.093437,0.361404
trial_4,295,0.075020,0.566251
trial_4,296,0.279238,1.135491
trial_4,297,0.344761,0.553549
trial_4,298,0.091436,0.409480
trial_4,299,0.230833,0.317962
trial_4,300,0.535561,0.656401
trial_4,301,0.091608,0.513980
trial_4,302,0.114019,0.483393
trial_4,303,0.297720,0.528416
trial_4,304,0.095956,0.452476
trial_4,305,0.098467,0.886339
trial_4,306,0.131911,0.353424
trial_4,307,0.103935,0.544571
trial_4,308,0.047643,0.793459
trial_4,309,0.016419,0.812341
trial_4,310,0.013239,2.564428
trial_4,311,0.129971,1.161887
trial_4,312,0.622890,4.824477
trial_4,313,0.073982,1.117680
trial_4,314,0.297949,1.061110
trial_4,315,0.034866,0.951672
trial_4,316,0.129205,0.959527
trial_4,317,0.199032,0.762821
trial_4,318,0.200341,0.608238
trial_4,319,0.259999,0.797013
trial_4,320,0.280900,1.242970
trial_4,321,0.404359,3.802885
trial_4,322,0.053213,0.705758
trial_4,323,0.318524,1.807043
trial_4,324,0.824663,1.658382
trial_4,325,0.030007,0.867173
trial_4,326,0.184789,1.290398
trial_4,327,0.043646,1.588080
trial_4,328,0.456956,1.073452
trial_4,329,0.297051,4.841971
trial_4,330,1.152497,3.498714
trial_4,331,0.473196,1.686786
trial_4,332,0.091529,1.073303
trial_4,333,0.133793,2.277298
trial_4,334,0.276845,0.596722
trial_4,335,0.099805,1.112354
trial_4,336,0.165124,1.026589
trial_4,337,0.441935,1.479324
trial_4,338,0.213585,4.807734
trial_4,339,0.042839,0.772905
trial_4,340,0.053878,0.400425
trial_4,341,0.358498,5.386891
trial_4,342,0.296009,2.074301
trial_4,343,0.188680,1.527891
trial_4,344,0.201008,2.838969
trial_4,345,1.914508,11.567685
trial_4,346,0.044465,3.185691
trial_4,347,0.283512,1.702813
trial_4,348,0.252599,2.733109
trial_4,349,0.275935,1.144813
trial_4,350,0.088038,1.673752
trial_4,351,0.294042,2.351637
trial_4,352,0.207597,2.052130
trial_4,353,0.262737,1.567287
trial_4,354,0.365280,1.438099
trial_4,355,0.046978,0.480355
trial_4,356,0.231111,0.738642
trial_4,357,0.170452,2.008008
trial_4,358,0.207944,0.913373
trial_4,359,0.103309,0.576986
trial_4,360,0.185059,0.759650
trial_4,361,0.195314,1.435526
trial_4,362,0.093394,3.964242
trial_4,363,0.183439,1.017057
trial_4,364,0.237579,0.512665
trial_4,365,0.249296,0.776652
trial_4,366,0.243067,0.867377
trial_4,367,0.089976,0.817545
trial_4,368,0.087877,0.650668
trial_4,369,0.183206,0.465203
trial_4,370,0.148660,1.073293
trial_4,371,0.035619,0.720066
trial_4,372,0.220945,1.176277
trial_4,373,0.217421,1.564733
trial_4,374,0.402793,4.494610
trial_4,375,0.088935,0.448116
trial_4,376,0.268505,0.660885
trial_4,377,0.065513,0.632465
trial_4,378,0.033965,0.361010
trial_4,379,0.225553,0.422808
trial_4,380,0.348562,0.928148
trial_4,381,0.033846,0.388819
trial_4,382,0.173846,0.511857
trial_4,383,0.436392,1.676893
trial_4,384,0.294497,0.521386
trial_4,385,0.399652,1.259530
trial_4,386,0.169154,1.766681
trial_4,387,0.510155,2.025563
trial_4,388,0.290743,0.631060
trial_4,389,0.270177,0.786834
trial_4,390,0.089242,0.613548
trial_4,391,0.259120,0.786440
trial_4,392,0.146702,0.795594
trial_4,393,0.454824,1.274720
trial_4,394,0.050819,1.030304
trial_4,395,0.261047,0.740107
trial_4,396,0.308056,0.453884
trial_4,397,0.152023,0.529652
trial_4,398,0.057632,0.860697
trial_4,399,0.072971,0.898560
trial_4,400,0.151409,0.836155
trial_4,401,0.401200,0.875431
trial_4,402,0.308104,1.728755
trial_4,403,0.009838,0.697975
trial_4,404,0.414341,0.646985
trial_4,405,0.271204,0.687767
trial_4,406,0.253292,0.623711
trial_4,407,0.007864,0.423574
trial_4,408,0.001315,0.635010
trial_4,409,0.262156,0.851389
trial_4,410,0.191177,0.629427
trial_4,411,0.351373,1.314847
trial_4,412,0.087100,0.524782
trial_4,413,0.094123,0.955416
trial_4,414,0.224605,0.602130
trial_4,415,0.016617,0.568284
trial_4,416,0.424058,4.403108
trial_4,417,0.058489,0.868053
trial_4,418,0.510579,0.762254
trial_4,419,0.132958,2.132370
trial_4,420,0.047948,1.079278
trial_4,421,0.160560,0.408082
trial_4,422,0.124511,0.956953
trial_4,423,0.069957,0.553016
trial_4,424,0.056677,0.565318
trial_4,425,0.003763,0.423253
trial_4,426,0.180870,0.419338
trial_4,427,0.025286,0.497657
trial_4,428,0.187908,0.799977
trial_4,429,0.006823,0.781360
trial_4,430,0.042490,0.438347
trial_4,431,0.132700,1.783229
trial_4,432,0.059550,0.592402
trial_4,433,0.068144,0.617449
trial_4,434,0.068318,1.880420
trial_4,435,1.854640,9.188793
trial_4,436,0.005688,0.649952
trial_4,437,0.583751,1.679683
trial_4,438,0.289751,2.057749
trial_4,439,0.361177,2.458416
trial_4,440,0.712836,3.466022
trial_4,441,1.291879,4.173125
trial_4,442,0.127811,0.625858
trial_4,443,0.091148,0.771878
trial_4,444,0.343350,0.897783
trial_4,445,0.107947,1.352637
trial_4,446,0.199085,1.790477
trial_4,447,0.213232,1.595906
trial_4,448,0.015806,0.672867
trial_4,449,0.147286,1.484461
trial_4,450,0.235491,2.710909
trial_4,451,0.028216,1.238829
trial_4,452,0.300723,0.959986
trial_4,453,0.422895,3.291638
trial_4,454,0.304596,0.527106
trial_4,455,0.072925,0.765812
trial_4,456,0.258827,1.215412
trial_4,457,0.035516,0.379892
trial_4,458,0.105011,0.939679
trial_4,459,0.242208,1.283622
trial_4,460,0.057157,0.758367
trial_4,461,0.037821,0.527501
trial_4,462,0.298384,1.822142
trial_4,463,0.135799,1.017341
trial_4,464,0.123503,0.557251
trial_4,465,0.094529,0.784541
trial_4,466,0.058174,0.387209
trial_4,467,0.009037,0.895370
trial_4,468,0.187158,0.459078
trial_4,469,0.009390,2.408575
trial_4,470,0.173730,0.802104
trial_4,471,0.406314,0.618667
trial_4,472,0.170040,0.794954
trial_4,473,0.008538,0.738567
trial_4,474,0.472431,1.883379
trial_4,475,0.576739,2.977940
trial_4,476,0.141358,2.140267
trial_4,477,0.440870,0.844451
trial_4,478,0.148206,0.468770
trial_4,479,0.061019,0.395067
trial_4,480,0.161690,0.571591
trial_4,481,0.023588,1.127975
trial_4,482,0.050750,1.434308
trial_4,483,0.194945,1.680440
trial_4,484,0.270921,2.973178
trial_4,485,0.046314,0.599948
trial_4,486,0.075122,1.077957
trial_4,487,0.230063,1.054655
trial_4,488,0.093974,0.612146
trial_4,489,0.030503,0.561990
trial_4,490,0.144971,0.978266
trial_4,491,0.000856,0.397561
trial_4,492,0.110504,0.785120
trial_4,493,0.075598,1.334758
trial_4,494,0.105180,0.653441
trial_4,495,0.024202,0.672389
trial_4,496,0.180972,0.503094
trial_4,497,0.278365,0.925100
trial_4,498,0.112113,0.516283
trial_4,499,0.139640,1.697371
trial_4,500,0.559532,3.730870
trial_4,501,0.230282,0.595144
trial_4,502,0.112104,0.577478
trial_4,503,0.314417,0.517926
trial_4,504,0.001941,0.518584
trial_4,505,0.087777,1.008316
trial_4,506,0.241081,0.621652
trial_4,507,0.586692,2.922207
trial_4,508,0.200226,0.725823
trial_4,509,0.086834,0.870049
trial_4,510,0.007752,0.643253
trial_4,511,0.257601,0.549870
trial_4,512,0.790309,3.653969
trial_4,513,0.363414,1.573538
trial_4,514,0.193259,2.179541
trial_4,515,0.967669,15.135544
trial_4,516,0.082539,1.576745
trial_4,517,2.384942,7.625097
trial_4,518,0.208163,1.372657
trial_4,519,0.193003,1.863479
trial_4,520,0.100826,0.692840
trial_4,521,0.020920,0.572731
trial_4,522,0.164626,0.528113
trial_4,523,0.624675,3.318880
trial_4,524,0.236917,0.848843
trial_4,525,0.103064,3.290985
trial_4,526,0.049229,0.677956
trial_4,527,0.144851,0.666447
trial_4,528,0.429330,1.254289
trial_4,529,0.041651,0.762807
trial_4,530,0.008863,0.550808
trial_4,531,0.086680,1.336563
trial_4,532,0.197751,0.605811
trial_4,533,0.005909,0.544492
trial_4,534,0.018115,0.457474
trial_4,535,0.061740,1.250426
trial_4,536,0.186771,1.645224
trial_4,537,0.248797,1.400135
trial_4,538,0.028668,0.549824
trial_4,539,0.044546,0.844434
trial_4,540,0.160493,0.525402
trial_4,541,0.288482,0.504866
trial_4,542,0.064969,1.822936
trial_4,543,0.285342,0.865486
trial_4,544,0.264976,0.571086
trial_4,545,0.003580,0.795274
trial_4,546,0.226373,0.988539
trial_4,547,0.160546,0.736552
trial_4,548,0.087908,0.594798
trial_4,549,0.030176,0.571641
trial_4,550,0.137113,0.901343
trial_4,551,0.125391,0.497100
trial_4,552,0.169654,1.418459
trial_4,553,0.103227,0.847206
trial_4,554,0.287540,2.428447
trial_4,555,0.059854,0.480049
trial_4,556,0.317965,0.529579
trial_4,557,0.150731,1.363479
trial_4,558,0.249283,0.538177
trial_4,559,0.228981,0.566231
trial_4,560,0.146758,0.929840
trial_4,561,0.162112,2.193915
trial_4,562,0.479272,1.258140
trial_4,563,0.375696,1.205038
trial_4,564,0.209487,1.150654
trial_4,565,0.248606,1.718120
trial_4,566,0.090412,0.877443
trial_4,567,0.068190,1.904262
trial_4,568,0.214559,0.768654
trial_4,569,0.083339,0.662036
trial_4,570,0.138948,1.384911
trial_4,571,0.165935,0.738246
trial_4,572,0.177174,0.725974
trial_4,573,0.055512,0.575918
trial_4,574,0.047219,0.443717
trial_4,575,0.391981,2.162434
trial_4,576,0.230818,3.276323
trial_4,577,0.092126,0.630665
trial_4,578,0.140004,1.314905
trial_4,579,0.260210,0.822030
trial_4,580,0.227103,0.680762
trial_4,581,0.184679,1.031183
trial_4,582,0.085810,0.598353
trial_4,583,0.299079,1.994374
trial_4,584,0.059161,0.458764
trial_4,585,0.141880,0.882739
trial_4,586,0.196369,0.655536
trial_4,587,0.188779,0.718966
trial_4,588,0.018261,0.438192
trial_4,589,1.988723,18.608280
trial_4,590,0.500940,1.705473
trial_4,591,0.073731,1.031515
trial_4,592,0.279843,0.865122
trial_4,593,0.103487,0.502987
trial_4,594,0.201971,0.488098
trial_4,595,0.252125,1.369566
trial_4,596,0.296264,0.774105
trial_4,597,0.080762,1.060021
trial_4,598,0.169904,0.516573
trial_4,599,0.038703,0.648330
trial_4,600,0.019732,0.367649
trial_4,601,0.072922,1.714077
trial_4,602,0.070155,0.940768
trial_4,603,0.040567,0.882797
trial_4,604,0.030789,0.570058
trial_4,605,0.128090,0.530078
trial_4,606,0.187943,0.655483
trial_4,607,0.003654,0.530622
trial_4,608,0.111598,0.442268
trial_4,609,0.152000,0.669390
trial_4,610,0.077018,0.894890
trial_4,611,0.175618,0.575575
trial_4,612,0.154306,0.373448
trial_4,613,0.289813,0.750337
trial_4,614,0.236980,0.968822
trial_4,615,0.179315,0.517070
trial_4,616,0.147888,0.617450
trial_4,617,0.186422,0.666478
trial_4,618,0.142673,0.370044
trial_4,619,2.600372,12.413560
trial_4,620,0.218079,0.857754
trial_4,621,0.127309,0.576412
trial_4,622,0.542930,5.624542
trial_4,623,0.103759,0.726298
trial_4,624,0.492295,2.525045
trial_4,625,0.312733,1.120731
trial_4,626,0.301586,0.876415
trial_4,627,0.599549,2.461452
trial_4,628,0.011027,1.656221
trial_4,629,0.072037,0.604376
trial_4,630,0.034808,0.746983
trial_4,631,0.195590,2.284169
trial_4,632,0.145620,1.457036
trial_4,633,0.252081,0.723368
trial_4,634,0.668534,2.930878
trial_4,635,0.260994,2.801646
trial_4,636,0.018563,1.010094
trial_4,637,0.471325,2.600278
trial_4,638,0.055425,0.627883
trial_4,639,0.185883,0.998544
trial_4,640,0.293755,0.524511
trial_4,641,0.502140,1.196477
trial_4,642,0.077149,0.662314
trial_4,643,0.318952,2.656563
trial_4,644,0.758132,2.735509
trial_4,645,0.179703,1.522227
trial_4,646,0.381052,4.122245
trial_4,647,0.021058,3.974809
trial_4,648,0.296428,7.637692
trial_4,649,0.017994,0.941214
trial_4,650,0.342334,1.899808
trial_4,651,0.287019,1.782193
trial_4,652,0.992657,3.798590
trial_4,653,0.068069,0.937432
trial_4,654,0.308741,0.764389
trial_4,655,0.021910,0.453915
trial_4,656,0.101150,1.717297
trial_4,657,0.196040,2.771481
trial_4,658,0.645727,1.860314
trial_4,659,0.118423,2.066339
trial_4,660,0.107428,1.532967
trial_4,661,0.300483,2.546614
trial_4,662,0.389264,1.482567
trial_4,663,0.125417,1.492008
trial_4,664,0.084434,0.724881
trial_4,665,0.253784,1.696799
trial_4,666,0.476601,2.217369
trial_4,667,0.147906,0.973762
trial_4,668,0.328365,0.514439
trial_4,669,0.242506,0.409784
trial_4,670,0.087166,0.327877
trial_4,671,0.046702,1.258688
trial_4,672,0.254210,0.636421
trial_4,673,3.103243,9.654342
trial_4,674,0.260069,0.643222
trial_4,675,0.039759,1.009146
trial_4,676,0.126939,2.660084
trial_4,677,0.206011,0.936059
trial_4,678,0.140161,0.781961
trial_4,679,1.123321,5.300492
trial_4,680,0.133183,0.406794
trial_4,681,0.015896,0.428191
trial_4,682,0.257381,2.412107
trial_4,683,0.020852,0.664863
trial_4,684,0.409955,4.553741
trial_4,685,0.743202,5.309783
trial_4,686,0.289589,1.396027
trial_4,687,0.170518,0.914775
trial_4,688,0.166542,0.609878
trial_4,689,0.212329,1.257478
trial_4,690,0.034434,1.376920
trial_4,691,0.154969,0.482339
trial_4,692,0.030775,0.471316
trial_4,693,0.481996,0.986382
trial_4,694,0.212633,0.904680
trial_4,695,0.141307,0.509347
trial_4,696,0.036089,2.465505
trial_4,697,0.383879,3.769910
trial_4,698,0.343712,0.557295
trial_4,699,0.061654,0.590943
trial_4,700,0.051868,0.770458
trial_4,701,0.059180,1.399705
trial_4,702,0.154517,0.777376
trial_4,703,0.081389,2.985542
trial_4,704,0.002922,0.628458
trial_4,705,0.133763,0.434620
trial_4,706,0.323028,1.715557
trial_4,707,0.003224,0.657165
trial_4,708,0.333806,0.786664
trial_4,709,0.117277,2.959813
trial_4,710,0.438335,2.751526
trial_4,711,0.309730,1.667873
trial_4,712,0.208619,0.561267
trial_4,713,0.278638,3.025217
trial_4,714,0.051141,0.596828
trial_4,715,0.088741,0.544306
trial_4,716,0.325843,2.338341
trial_4,717,0.037057,0.631508
trial_4,718,0.127303,0.874564
trial_4,719,0.390656,0.574169
trial_4,720,0.713396,3.038011
trial_4,721,0.135898,0.688029
trial_4,722,0.274519,0.714059
trial_4,723,0.119854,0.384942
trial_4,724,0.797329,6.033977
trial_4,725,0.443474,3.416706
trial_4,726,0.248260,3.924467
trial_4,727,0.458086,1.681325
trial_4,728,0.148916,0.752990
trial_4,729,0.374584,0.662842
trial_4,730,0.089086,0.651799
trial_4,731,0.097355,0.965043
trial_4,732,0.287492,0.770750
trial_4,733,0.055733,0.637488
trial_4,734,0.110860,0.381354
trial_4,735,0.116723,1.436409
trial_4,736,0.206360,1.302938
trial_4,737,0.239632,1.028077
trial_4,738,0.062911,2.554536
trial_4,739,0.127769,0.927298
trial_4,740,0.402035,0.693092
trial_4,741,0.095415,0.776483
trial_4,742,0.050127,0.677738
trial_4,743,1.398836,7.950959
trial_4,744,0.134415,0.864132
trial_4,745,0.010159,0.564789
trial_4,746,0.086285,0.549053
trial_4,747,0.113177,0.465654
trial_4,748,0.086905,0.909947
trial_4,749,0.174410,1.145875
trial_4,750,0.026613,0.544098
trial_4,751,0.570100,2.024042
trial_4,752,0.076342,0.584567
trial_4,753,0.820099,2.922383
trial_4,754,0.007879,0.475068
trial_4,755,0.211639,0.872598
trial_4,756,0.063744,0.489411
trial_4,757,0.088132,0.873209
trial_4,758,0.532736,1.536064
trial_4,759,0.210923,2.260807
trial_4,760,0.426430,1.588720
trial_4,761,0.465803,1.542158
trial_4,762,0.143375,1.217331
trial_4,763,0.103770,0.755576
trial_4,764,0.022970,1.593651
trial_4,765,0.096682,1.138105
trial_4,766,0.126618,1.928510
trial_4,767,0.077036,1.694428
trial_4,768,0.212979,0.769126
trial_4,769,0.016519,0.746800
trial_4,770,1.280532,9.076004
trial_4,771,0.058533,0.850396
trial_4,772,1.168989,21.883389
trial_4,773,0.336688,1.109193
trial_4,774,0.092269,2.036635
trial_4,775,0.024075,0.660025
trial_4,776,0.168227,2.660168
trial_4,777,0.110789,1.399143
trial_4,778,0.111807,0.830600
trial_4,779,0.301427,1.259563
trial_4,780,0.165620,0.572065
trial_4,781,0.180679,1.047525
trial_4,782,0.106170,0.724430
trial_4,783,0.007062,1.414247
trial_4,784,0.014764,0.603588
trial_4,785,0.014296,0.665935
trial_4,786,0.475948,2.578859
trial_4,787,0.305773,0.787752
trial_4,788,0.784410,6.763683
trial_4,789,0.005266,0.717221
trial_4,790,0.360665,0.901965
trial_4,791,0.244626,0.925332
trial_4,792,0.099453,0.435869
trial_4,793,0.508427,1.277905
trial_4,794,0.200130,2.218844
trial_4,795,0.217621,1.451419
trial_4,796,0.820610,1.442135
trial_4,797,0.033789,0.752327
trial_4,798,0.098476,0.576467
trial_4,799,0.488634,0.709789
trial_4,800,0.208893,0.862815
trial_4,801,0.018390,1.227439
trial_4,802,0.183482,0.947958
trial_4,803,0.067872,0.403344
trial_4,804,0.023637,0.587966
trial_4,805,0.041337,0.769759
trial_4,806,0.483300,3.281494
trial_4,807,0.061655,0.766030
trial_4,808,0.504766,0.655176
trial_4,809,0.058124,0.478277
trial_4,810,0.290969,0.788901
trial_4,811,0.244662,0.859729
trial_4,812,0.135362,1.944772
trial_4,813,0.313662,4.483925
trial_4,814,0.667334,4.003009
trial_4,815,0.276846,0.761865
trial_4,816,0.352433,1.082499
trial_4,817,0.138492,1.001925
trial_4,818,0.475362,1.944139
trial_4,819,0.246652,2.201380
trial_4,820,1.019131,6.476128
trial_4,821,0.105833,1.094265
trial_4,822,0.198481,1.606274
trial_4,823,0.267536,1.223727
trial_4,824,0.315011,0.693378
trial_4,825,0.003162,1.857540
trial_4,826,0.115114,4.356120
trial_4,827,0.310067,2.946887
trial_4,828,0.165211,1.051864
trial_4,829,0.055052,1.111264
trial_4,830,0.001274,0.626820
trial_4,831,0.025832,1.892299
trial_4,832,0.065458,0.918407
trial_4,833,0.335436,1.896392
trial_4,834,0.433793,1.502920
trial_4,835,0.088898,0.855483
trial_4,836,0.005951,0.544545
trial_4,837,0.307250,2.756653
trial_4,838,0.461584,1.348367
trial_4,839,0.019216,1.538079
trial_4,840,0.072959,1.642701
trial_4,841,0.734143,3.728657
trial_4,842,0.138054,0.636460
trial_4,843,0.423669,2.168712
trial_4,844,0.194729,0.657890
trial_4,845,0.008732,0.506492
trial_4,846,0.183647,0.571248
trial_4,847,0.077166,0.956687
trial_4,848,0.105589,2.048900
trial_4,849,0.046005,0.478402
trial_4,850,0.492063,1.376667
trial_4,851,0.037727,0.889428
trial_4,852,0.219683,1.856319
trial_4,853,0.394015,0.680094
trial_4,854,0.282318,0.545410
trial_4,855,0.099390,0.679465
trial_4,856,0.118679,2.380262
trial_4,857,0.133883,2.640593
trial_4,858,0.082150,0.524379
trial_4,859,0.254004,0.943020
trial_4,860,0.272792,0.759292
trial_4,861,0.061691,0.495754
trial_4,862,0.040625,0.635632
trial_4,863,0.048749,0.708938
trial_4,864,0.245404,0.838799
trial_4,865,0.133433,0.675297
trial_4,866,0.063345,1.841988
trial_4,867,0.256678,0.697482
trial_4,868,0.025693,1.914398
trial_4,869,0.276497,3.920016
trial_4,870,0.183502,0.951706
trial_4,871,0.414056,1.531673
trial_4,872,0.288863,2.794978
trial_4,873,0.042096,0.521982
trial_4,874,0.171283,0.519223
trial_4,875,0.061650,0.879863
trial_4,876,0.214896,0.991640
trial_4,877,0.067853,0.590595
trial_4,878,0.011937,0.642775
trial_4,879,0.346250,0.541575
trial_4,880,0.251193,1.692335
trial_4,881,0.046135,0.695502
trial_4,882,0.109027,0.595641
trial_4,883,0.058598,0.631707
trial_4,884,0.039521,2.223812
trial_4,885,0.107588,0.606456
trial_4,886,0.036653,0.633193
trial_4,887,0.051117,7.960626
trial_4,888,0.062018,1.444543
trial_4,889,0.344583,0.968313
trial_4,890,0.636495,1.852768
trial_4,891,0.154046,0.940872
trial_4,892,0.084378,0.719961
trial_4,893,0.602631,3.122325
trial_4,894,0.626085,2.398649
trial_4,895,0.204378,1.095263
trial_4,896,0.256063,1.236667
trial_4,897,0.020580,0.945544
trial_4,898,0.036694,1.607232
trial_4,899,0.155882,1.180764
trial_4,900,0.260255,0.857317
trial_4,901,0.037899,0.494755
trial_4,902,0.082193,1.546639
trial_4,903,0.411335,0.595445
trial_4,904,0.162045,0.659876
trial_4,905,0.139827,0.901312
trial_4,906,0.187216,0.803621
trial_4,907,0.038882,0.608093
trial_4,908,0.269779,0.453486
trial_4,909,0.183393,2.424281
trial_4,910,0.029748,0.490557
trial_4,911,0.211235,0.481436
trial_4,912,0.292883,0.881906
trial_4,913,0.007101,1.639823
trial_4,914,0.232453,0.749563
trial_4,915,0.199248,0.938138
trial_4,916,0.108122,0.894810
trial_4,917,0.322913,0.866724
trial_4,918,0.354848,1.047382
trial_4,919,0.557572,2.277137
trial_4,920,0.098087,1.112351
trial_4,921,0.022824,0.413538
trial_4,922,0.061574,0.544329
trial_4,923,0.299218,1.047311
trial_4,924,0.351212,3.454842
trial_4,925,0.359892,3.509502
trial_4,926,0.209334,1.342557
trial_4,927,0.078161,1.152825
trial_4,928,0.280983,1.645289
trial_4,929,0.099673,0.918532
trial_4,930,0.255228,0.896485
trial_4,931,0.420745,7.310769
trial_4,932,0.065605,1.032654
trial_4,933,1.132716,3.927021
trial_4,934,0.399978,1.746818
trial_4,935,0.126462,0.746977
trial_4,936,0.616992,3.170933
trial_4,937,0.165034,1.519801
trial_4,938,0.202000,0.533613
trial_4,939,0.200743,1.368154
trial_4,940,0.189284,1.022250
trial_4,941,0.053425,0.853260
trial_4,942,0.303470,0.650100
trial_4,943,0.177239,0.986156
trial_4,944,0.238530,0.622409
trial_4,945,0.170421,0.784081
trial_4,946,0.309655,0.710515
trial_4,947,0.108839,0.738368
trial_4,948,0.237013,2.364379
trial_4,949,0.053722,4.447526
trial_4,950,0.196887,0.727414
trial_4,951,0.183494,0.639955
trial_4,952,0.316517,0.987811
trial_4,953,0.088577,0.897177
trial_4,954,0.004576,0.889624
trial_4,955,0.115872,1.350853
trial_4,956,0.215424,1.575806
trial_4,957,0.809381,7.071355
trial_4,958,0.256902,1.834660
trial_4,959,0.797754,2.606324
trial_4,960,0.097378,2.733848
trial_4,961,0.051009,2.065490
trial_4,962,0.374636,18.412100
trial_4,963,0.219003,2.275645
trial_4,964,0.010424,0.588673
trial_4,965,0.029179,0.892822
trial_4,966,0.153127,1.700288
trial_4,967,0.290463,3.865193
trial_4,968,0.103085,0.805753
trial_4,969,0.194282,0.715004
trial_4,970,0.019511,0.989835
trial_4,971,0.212950,0.674001
trial_4,972,0.390060,2.095318
trial_4,973,0.045309,0.803865
trial_4,974,0.698571,3.211901
trial_4,975,0.073665,1.627347
trial_4,976,0.150481,1.200380
trial_4,977,0.250497,0.663210
trial_4,978,0.326057,0.948633
trial_4,979,0.455769,0.643418
trial_4,980,0.300777,0.665401
trial_4,981,0.059785,1.576480
trial_4,982,0.125123,1.111146
trial_4,983,0.182096,0.710538
trial_4,984,0.004888,0.859091
trial_4,985,0.295077,1.299287
trial_4,986,0.030146,0.956170
trial_4,987,0.194076,0.673514
trial_4,988,0.961316,5.930328
trial_4,989,0.199325,0.707450
trial_4,990,0.043104,2.010770
trial_4,991,0.307701,1.279429
trial_4,992,0.285426,2.294940
trial_4,993,0.304919,1.314463
trial_4,994,0.163600,1.275797
trial_4,995,0.100333,0.768309
trial_4,996,0.167078,0.478729
trial_4,997,1.741144,9.107215
trial_4,998,0.167255,0.638929
trial_4,999,0.143518,0.445319
trial_4,1000,0.301506,1.521678
trial_5,1,0.064827,0.635829
trial_5,2,0.320304,0.622565
trial_5,3,0.062246,0.539959
trial_5,4,0.060356,0.512428
trial_5,5,0.167898,1.037302
trial_5,6,0.178311,0.570716
trial_5,7,0.164163,0.532453
trial_5,8,0.075350,0.568868
trial_5,9,0.372182,5.278606
trial_5,10,0.166404,2.011469
trial_5,11,0.392812,0.875474
trial_5,12,0.525644,1.212530
trial_5,13,1.507053,7.921181
trial_5,14,0.177813,0.601907
trial_5,15,0.244636,0.619574
trial_5,16,0.266609,0.631977
trial_5,17,0.275552,1.039956
trial_5,18,0.373583,0.880161
trial_5,19,0.096478,0.824389
trial_5,20,0.029804,0.559434
trial_5,21,0.117769,1.644826
trial_5,22,0.209419,0.598168
trial_5,23,0.010002,1.309470
trial_5,24,0.115519,1.117066
trial_5,25,0.285546,0.879019
trial_5,26,0.440719,2.369993
trial_5,27,0.065179,0.700003
trial_5,28,0.462355,4.719873
trial_5,29,0.061461,1.298572
trial_5,30,0.007733,0.914940
trial_5,31,0.075220,0.736230
trial_5,32,0.178840,0.574842
trial_5,33,0.072869,0.970265
trial_5,34,0.502708,6.404719
trial_5,35,0.643468,1.805206
trial_5,36,0.490623,1.766966
trial_5,37,0.094678,1.944714
trial_5,38,0.103753,0.938984
trial_5,39,0.447811,1.577445
trial_5,40,0.113380,1.401305
trial_5,41,0.082619,0.638967
trial_5,42,0.032009,0.542405
trial_5,43,0.127626,0.728497
trial_5,44,0.189121,0.631582
trial_5,45,0.090755,0.719134
trial_5,46,0.168151,1.065169
trial_5,47,0.067177,0.861108
trial_5,48,0.517764,0.767448
trial_5,49,0.012332,0.724682
trial_5,50,0.175747,0.720938
trial_5,51,0.171003,0.699038
trial_5,52,0.506926,0.941064
trial_5,53,0.116261,2.483271
trial_5,54,0.053660,1.503084
trial_5,55,0.215645,0.766790
trial_5,56,0.131780,0.430787
trial_5,57,0.180943,0.561749
trial_5,58,0.166876,0.916752
trial_5,59,0.164343,0.424449
trial_5,60,0.813821,3.103519
trial_5,61,0.007153,0.527926
trial_5,62,0.321486,0.760655
trial_5,63,0.415922,0.983169
trial_5,64,0.382940,0.931842
trial_5,65,0.203784,1.745469
trial_5,66,0.082343,0.753345
trial_5,67,0.252197,0.637843
trial_5,68,0.952888,2.192864
trial_5,69,0.228584,0.653546
trial_5,70,0.011435,0.436795
trial_5,71,0.030017,1.039682
trial_5,72,0.248724,0.611578
trial_5,73,0.021404,0.444947
trial_5,74,0.098760,0.505635
trial_5,75,0.234594,0.441187
trial_5,76,0.010533,0.718837
trial_5,77,0.101289,0.321206
trial_5,78,0.018497,0.352168
trial_5,79,0.182918,0.338650
trial_5,80,0.134300,0.428117
trial_5,81,0.132756,1.972628
trial_5,82,0.010201,2.069510
trial_5,83,0.360410,0.917766
trial_5,84,0.474892,5.038904
trial_5,85,0.415699,1.983317
trial_5,86,0.088095,2.481286
trial_5,87,0.142039,0.731256
trial_5,88,0.214939,0.385722
trial_5,89,0.011383,0.640872
trial_5,90,0.076231,0.548226
trial_5,91,0.057288,0.629895
trial_5,92,0.224141,0.928580
trial_5,93,0.041036,1.684292
trial_5,94,0.106751,0.490639
trial_5,95,0.129587,0.522348
trial_5,96,0.274491,0.758681
trial_5,97,0.161633,0.867381
trial_5,98,0.081156,1.089757
trial_5,99,0.348027,0.986227
trial_5,100,0.114191,0.682221
trial_5,101,0.108879,0.850418
trial_5,102,0.172567,0.712420
trial_5,103,0.225352,0.643026
trial_5,104,0.232831,0.490755
trial_5,105,0.133815,0.736341
trial_5,106,0.028897,0.599801
trial_5,107,0.052561,0.341592
trial_5,108,0.476542,2.624618
trial_5,109,0.189626,0.789233
trial_5,110,0.003129,0.755835
trial_5,111,0.276808,0.579460
trial_5,112,0.117189,0.633929
trial_5,113,0.436317,1.028371
trial_5,114,0.228165,0.594780
trial_5,115,0.297768,1.195572
trial_5,116,0.401751,0.529573
trial_5,117,0.040416,0.492181
trial_5,118,0.115866,0.619315
trial_5,119,0.350843,1.520348
trial_5,120,0.220257,0.887147
trial_5,121,0.189390,0.676161
trial_5,122,0.001139,0.300611
trial_5,123,0.123903,0.415830
trial_5,124,0.059216,0.725694
trial_5,125,0.053361,0.630010
trial_5,126,0.117153,0.770349
trial_5,127,0.298786,0.646393
trial_5,128,0.181380,0.349322
trial_5,129,0.061462,0.775100
trial_5,130,0.239918,2.048277
trial_5,131,0.170049,0.428731
trial_5,132,0.022346,0.466382
trial_5,133,0.230174,2.174947
trial_5,134,0.189968,0.676041
trial_5,135,0.197381,0.623820
trial_5,136,0.005516,0.423587
trial_5,137,0.011687,0.805335
trial_5,138,0.003879,0.423878
trial_5,139,0.073627,0.303490
trial_5,140,0.107055,0.359226
trial_5,141,0.012950,0.550042
trial_5,142,0.207622,0.771540
trial_5,143,0.374132,1.315518
trial_5,144,0.139503,0.611049
trial_5,145,0.095769,0.612016
trial_5,146,0.043958,1.523476
trial_5,147,0.135194,1.472603
trial_5,148,0.106724,1.224761
trial_5,149,0.307738,2.040631
trial_5,150,0.054192,0.387033
trial_5,151,0.100198,0.522814
trial_5,152,0.353765,0.906429
trial_5,153,0.308860,0.656724
trial_5,154,0.214317,0.531627
trial_5,155,0.019131,0.469351
trial_5,156,0.129494,0.548557
trial_5,157,0.160557,1.017429
trial_5,158,0.134374,0.913037
trial_5,159,0.057797,0.241252
trial_5,160,0.284407,0.660242
trial_5,161,0.088637,0.544107
trial_5,162,0.268616,0.402625
trial_5,163,0.023928,0.439345
trial_5,164,0.096610,0.278992
trial_5,165,0.149506,0.548845
trial_5,166,0.027378,0.946209
trial_5,167,0.148998,0.428810
trial_5,168,0.093483,0.377276
trial_5,169,0.177881,0.404944
trial_5,170,0.190290,0.555296
trial_5,171,0.062486,0.564441
trial_5,172,0.015398,0.358976
trial_5,173,0.114952,0.318878
trial_5,174,0.124842,0.359202
trial_5,175,0.065661,0.360589
trial_5,176,0.083255,0.447291
trial_5,177,0.018153,0.578233
trial_5,178,0.148329,0.381494
trial_5,179,0.085594,0.439407
trial_5,180,0.347996,1.316667
trial_5,181,0.137624,1.116184
trial_5,182,0.220612,0.432937
trial_5,183,0.123203,0.483580
trial_5,184,0.211394,0.927599
trial_5,185,0.152086,0.553915
trial_5,186,0.195955,0.532654
trial_5,187,0.023356,0.620404
trial_5,188,0.302561,0.585278
trial_5,189,0.351923,1.604320
trial_5,190,0.059544,1.003243
trial_5,191,0.062534,0.389177
trial_5,192,0.098033,0.652073
trial_5,193,0.339536,0.615783
trial_5,194,0.174794,0.528638
trial_5,195,0.012849,0.710491
trial_5,196,0.186763,0.835689
trial_5,197,0.054842,0.618983
trial_5,198,0.246068,0.473556
trial_5,199,1.038694,2.419282
trial_5,200,0.367908,0.928426
trial_5,201,0.059201,0.914488
trial_5,202,0.329488,0.562857
trial_5,203,0.088935,0.365869
trial_5,204,0.274331,0.925543
trial_5,205,0.038791,1.322941
trial_5,206,0.029544,0.390498
trial_5,207,0.135140,0.394564
trial_5,208,0.160568,0.569818
trial_5,209,0.039228,3.138837
trial_5,210,0.033146,3.705834
trial_5,211,0.174000,1.794714
trial_5,212,0.099285,0.476018
trial_5,213,0.499543,0.854135
trial_5,214,0.016669,0.580562
trial_5,215,0.011288,0.700078
trial_5,216,0.497648,0.758690
trial_5,217,0.049761,0.732639
trial_5,218,0.050959,2.826328
trial_5,219,3.787904,20.491163
trial_5,220,0.113144,3.585312
trial_5,221,0.710714,0.937841
trial_5,222,0.179702,0.580449
trial_5,223,0.135830,0.581941
trial_5,224,0.093885,0.551017
trial_5,225,0.024173,1.279008
trial_5,226,0.359886,1.074204
trial_5,227,0.075159,0.483747
trial_5,228,0.156720,0.637013
trial_5,229,0.262084,2.089251
trial_5,230,0.225664,1.324872
trial_5,231,0.385759,1.952474
trial_5,232,0.320114,1.132692
trial_5,233,0.161186,1.154647
trial_5,234,0.038307,0.474018
trial_5,235,0.387975,1.371623
trial_5,236,0.322732,0.681530
trial_5,237,0.509149,1.850573
trial_5,238,0.211705,0.745394
trial_5,239,0.079870,0.606040
trial_5,240,0.005650,0.890911
trial_5,241,0.295330,0.603978
trial_5,242,0.162029,0.392464
trial_5,243,0.159048,0.963239
trial_5,244,0.062171,1.832750
trial_5,245,0.487768,5.336267
trial_5,246,0.238875,1.553475
trial_5,247,0.239068,0.738680
trial_5,248,0.149225,0.709310
trial_5,249,0.436523,1.417864
trial_5,250,0.132121,0.956645
trial_5,251,0.204479,0.646361
trial_5,252,0.068319,0.654099
trial_5,253,0.080602,0.693324
trial_5,254,0.526563,7.112068
trial_5,255,4.286000,15.625598
trial_5,256,0.360957,0.973151
trial_5,257,0.173460,2.321440
trial_5,258,0.262477,0.677333
trial_5,259,0.174217,0.652550
trial_5,260,0.250662,0.454984
trial_5,261,0.327218,1.169380
trial_5,262,0.490391,1.604025
trial_5,263,0.003612,0.616890
trial_5,264,0.173503,1.011366
trial_5,265,0.095406,0.801809
trial_5,266,0.108903,0.721959
trial_5,267,0.107664,2.277682
trial_5,268,0.038610,0.518829
trial_5,269,0.125934,0.871968
trial_5,270,0.008844,0.381464
trial_5,271,0.161724,0.669876
trial_5,272,0.117860,0.482591
trial_5,273,0.209005,0.783654
trial_5,274,0.043373,0.462748
trial_5,275,0.277242,0.629827
trial_5,276,0.470916,2.981294
trial_5,277,0.226306,1.400018
trial_5,278,0.149444,0.422130
trial_5,279,0.329566,0.557128
trial_5,280,0.385684,1.560711
trial_5,281,0.090188,3.720584
trial_5,282,0.948309,3.636162
trial_5,283,0.077308,1.289739
trial_5,284,0.068190,0.780431
trial_5,285,0.030408,0.416610
trial_5,286,0.296636,0.969348
trial_5,287,0.333369,1.112444
trial_5,288,0.160696,1.426369
trial_5,289,0.125773,0.639726
trial_5,290,0.196883,0.503204
trial_5,291,0.075259,0.682479
trial_5,292,0.123257,1.009683
trial_5,293,0.091535,1.188182
trial_5,294,0.199164,0.597664
trial_5,295,0.023542,0.585638
trial_5,296,0.031964,1.542660
trial_5,297,0.245343,0.706495
trial_5,298,0.101656,0.990524
trial_5,299,0.047931,0.516502
trial_5,300,0.444732,0.678243
trial_5,301,0.029108,0.588968
trial_5,302,0.041194,0.866858
trial_5,303,0.174214,0.872852
trial_5,304,0.322424,0.642316
trial_5,305,0.259912,1.152062
trial_5,306,0.053042,0.759476
trial_5,307,0.218180,0.819412
trial_5,308,0.611194,3.605512
trial_5,309,0.158059,1.280232
trial_5,310,0.291241,2.763865
trial_5,311,0.172644,1.606246
trial_5,312,0.857547,4.803748
trial_5,313,0.012051,0.858266
trial_5,314,0.315059,1.101056
trial_5,315,0.372009,1.103281
trial_5,316,0.119322,1.035835
trial_5,317,0.000967,0.752789
trial_5,318,0.031064,0.495212
trial_5,319,0.238922,0.682043
trial_5,320,0.132131,1.419013
trial_5,321,0.312072,1.634076
trial_5,322,0.285335,0.711532
trial_5,323,0.094877,0.920536
trial_5,324,0.510514,1.234672
trial_5,325,0.062785,0.867429
trial_5,326,0.074856,0.648693
trial_5,327,0.117790,0.944272
trial_5,328,0.569189,1.159617
trial_5,329,0.361476,3.852157
trial_5,330,1.224024,3.915223
trial_5,331,0.274470,1.542677
trial_5,332,0.426040,0.853619
trial_5,333,0.018690,1.935536
trial_5,334,0.537452,0.744357
trial_5,335,0.129556,0.590008
trial_5,336,0.125445,0.896052
trial_5,337,0.142705,0.985937
trial_5,338,0.185870,1.917047
trial_5,339,0.095525,0.856144
trial_5,340,0.015378,0.462803
trial_5,341,0.427348,6.373449
trial_5,342,0.458558,0.964253
trial_5,343,0.021437,1.263171
trial_5,344,0.199962,1.587219
trial_5,345,2.320507,9.367867
trial_5,346,0.737948,5.273750
trial_5,347,0.543195,1.948242
trial_5,348,0.337090,2.036035
trial_5,349,0.238568,1.065064
trial_5,350,0.301050,2.398656
trial_5,351,0.013678,2.174955
trial_5,352,0.079128,1.221913
trial_5,353,0.139828,1.245425
trial_5,354,0.187954,1.989558
trial_5,355,0.110601,0.543383
trial_5,356,0.244565,0.686300
trial_5,357,0.550973,3.140392
trial_5,358,0.137653,0.891547
trial_5,359,0.187088,0.941763
trial_5,360,0.180451,0.720945
trial_5,361,0.391452,2.353785
trial_5,362,0.255435,4.303235
trial_5,363,0.264668,1.428339
trial_5,364,0.185267,0.755097
trial_5,365,0.060694,0.652205
trial_5,366,0.822415,1.655671
trial_5,367,0.064458,0.782570
trial_5,368,0.155248,0.560514
trial_5,369,0.250416,0.673492
trial_5,370,0.288607,2.020897
trial_5,371,0.011228,0.808902
trial_5,372,0.092635,1.197090
trial_5,373,0.003005,1.579097
trial_5,374,0.549142,2.969068
trial_5,375,0.063484,0.535007
trial_5,376,0.111516,0.793187
trial_5,377,0.005165,0.735043
trial_5,378,0.070281,0.426758
trial_5,379,0.206266,0.472683
trial_5,380,0.199191,0.776352
trial_5,381,0.049943,0.536523
trial_5,382,0.171107,0.534757
trial_5,383,0.676357,2.577273
trial_5,384,0.239715,0.494271
trial_5,385,0.114593,1.671990
trial_5,386,0.697591,4.925894
trial_5,387,1.713025,6.827491
trial_5,388,0.388094,0.775769
trial_5,389,0.098418,0.772260
trial_5,390,0.045156,1.272661
trial_5,391,0.129749,1.432902
trial_5,392,0.377357,1.148413
trial_5,393,0.086864,1.930654
trial_5,394,0.027167,1.537132
trial_5,395,0.061886,0.599038
trial_5,396,0.026152,0.484833
trial_5,397,0.382284,0.732178
trial_5,398,0.019025,0.837272
trial_5,399,0.212768,0.762698
trial_5,400,0.064683,0.746452
trial_5,401,0.284363,1.047932
trial_5,402,0.601017,2.873307
trial_5,403,0.073664,0.742127
trial_5,404,0.568592,0.953338
trial_5,405,0.060356,0.632242
trial_5,406,0.001401,0.612673
trial_5,407,0.145275,0.539417
trial_5,408,0.100857,0.677713
trial_5,409,0.108129,1.148110
trial_5,410,0.251527,1.057945
trial_5,411,0.683816,2.269300
trial_5,412,0.076612,0.534328
trial_5,413,0.257188,2.117958
trial_5,414,0.217261,0.795439
trial_5,415,0.153464,0.903795
trial_5,416,0.431893,9.308589
trial_5,417,0.182109,0.590884
trial_5,418,0.555371,0.832362
trial_5,419,0.028877,1.877037
trial_5,420,0.219079,1.085772
trial_5,421,0.060564,0.475247
trial_5,422,0.061289,1.233056
trial_5,423,0.219526,0.663003
trial_5,424,0.074982,0.669167
trial_5,425,0.052258,0.501777
trial_5,426,0.044102,0.388775
trial_5,427,0.053352,0.892088
trial_5,428,0.033436,1.505788
trial_5,429,0.119193,0.770403
trial_5,430,0.050916,0.488461
trial_5,431,0.164131,1.804182
trial_5,432,0.477738,1.270185
trial_5,433,0.071580,0.607004
trial_5,434,0.178397,1.660478
trial_5,435,0.591766,7.264693
trial_5,436,0.300624,0.585218
trial_5,437,0.331196,1.591629
trial_5,438,0.995014,2.215486
trial_5,439,0.292868,2.262359
trial_5,440,0.818930,2.847337
trial_5,441,0.459817,2.149729
trial_5,442,0.059316,0.566839
trial_5,443,0.110702,0.729907
trial_5,444,0.115353,0.578544
trial_5,445,0.161755,0.977513
trial_5,446,0.059690,0.958853
trial_5,447,0.009789,0.950543
trial_5,448,0.281261,0.780123
trial_5,449,0.170299,0.924165
trial_5,450,0.039692,1.016582
trial_5,451,0.069000,0.926327
trial_5,452,0.038229,0.708274
trial_5,453,0.092181,1.116318
trial_5,454,0.242128,0.588307
trial_5,455,0.046953,0.731670
trial_5,456,0.266347,1.287664
trial_5,457,0.071645,0.349172
trial_5,458,0.050583,0.767839
trial_5,459,0.084331,1.169183
trial_5,460,0.074492,0.672528
trial_5,461,0.011105,0.446299
trial_5,462,0.002689,0.856166
trial_5,463,0.013816,0.929082
trial_5,464,0.117688,0.483119
trial_5,465,0.254054,0.891853
trial_5,466,0.276068,0.520496
trial_5,467,0.005762,0.655917
trial_5,468,0.127058,0.455160
trial_5,469,0.257496,2.953582
trial_5,470,0.613902,0.946497
trial_5,471,0.429983,0.837054
trial_5,472,0.111066,0.875266
trial_5,473,0.204622,1.099958
trial_5,474,0.342163,2.468210
trial_5,475,0.889279,4.545041
trial_5,476,1.055162,4.363208
trial_5,477,0.239249,1.094378
trial_5,478,0.069276,0.620916
trial_5,479,0.056111,0.678086
trial_5,480,0.371920,0.900859
trial_5,481,0.272109,2.282592
trial_5,482,0.001740,1.477890
trial_5,483,0.362295,2.108288
trial_5,484,0.063117,2.150948
trial_5,485,0.014380,0.584465
trial_5,486,0.139198,0.936815
trial_5,487,0.314047,0.736097
trial_5,488,0.038105,0.590793
trial_5,489,0.102487,0.491116
trial_5,490,0.091167,0.709290
trial_5,491,0.151190,0.415342
trial_5,492,0.204163,0.784754
trial_5,493,0.453904,1.200394
trial_5,494,0.223634,0.610763
trial_5,495,0.100760,0.549672
trial_5,496,0.001861,0.507743
trial_5,497,0.179107,0.586507
trial_5,498,0.054637,0.582230
trial_5,499,0.022035,0.816200
trial_5,500,0.512844,2.004651
trial_5,501,0.006405,0.492402
trial_5,502,0.199449,0.690747
trial_5,503,0.033929,0.363414
trial_5,504,0.059339,0.627505
trial_5,505,0.077795,0.754989
trial_5,506,0.050774,0.632034
trial_5,507,0.394956,2.430831
trial_5,508,0.036485,0.692189
trial_5,509,0.010219,2.216961
trial_5,510,0.189874,1.212211
trial_5,511,0.229816,0.629681
trial_5,512,0.631298,5.257416
trial_5,513,0.169271,1.262823
trial_5,514,0.005785,1.700348
trial_5,515,0.830742,7.687714
trial_5,516,0.091398,0.978750
trial_5,517,0.451860,4.316585
trial_5,518,0.002858,0.849049
trial_5,519,0.120305,0.847216
trial_5,520,0.189954,0.541375
trial_5,521,0.168882,0.481918
trial_5,522,0.224103,0.537332
trial_5,523,0.539305,1.507626
trial_5,524,0.012150,0.564183
trial_5,525,0.140519,1.382208
trial_5,526,0.017248,0.730595
trial_5,527,0.025855,0.614650
trial_5,528,0.120570,0.737420
trial_5,529,0.040482,0.663022
trial_5,530,0.056560,0.530635
trial_5,531,0.046287,1.044472
trial_5,532,0.093001,0.651278
trial_5,533,0.098054,0.538014
trial_5,534,0.409873,0.713537
trial_5,535,0.192995,1.070687
trial_5,536,0.389451,1.278312
trial_5,537,0.229373,1.473901
trial_5,538,0.394584,0.811879
trial_5,539,0.264404,1.239257
trial_5,540,0.023002,0.683520
trial_5,541,0.156853,0.574999
trial_5,542,0.245509,2.125162
trial_5,543,0.142386,0.651695
trial_5,544,0.279615,0.443314
trial_5,545,0.133232,0.994887
trial_5,546,0.074694,0.911662
trial_5,547,0.293975,0.800565
trial_5,548,0.022327,0.711575
trial_5,549,0.018979,0.766234
trial_5,550,0.217943,0.710024
trial_5,551,0.173408,0.556172
trial_5,552,0.078363,0.821789
trial_5,553,0.018238,0.812054
trial_5,554,0.300397,1.720683
trial_5,555,0.026529,0.479123
trial_5,556,0.430606,0.650281
trial_5,557,0.083686,0.707861
trial_5,558,0.012280,0.574396
trial_5,559,0.005239,0.457574
trial_5,560,0.219863,0.985995
trial_5,561,0.016168,0.738839
trial_5,562,0.269677,0.982117
trial_5,563,0.253860,0.914450
trial_5,564,0.197311,0.660679
trial_5,565,0.192087,1.086361
trial_5,566,0.173884,0.790521
trial_5,567,0.066213,1.039097
trial_5,568,0.381748,0.794290
trial_5,569,0.058943,0.632662
trial_5,570,0.027713,0.975206
trial_5,571,0.468491,0.753806
trial_5,572,0.198674,0.553847
trial_5,573,0.046411,0.514486
trial_5,574,0.044703,0.382062
trial_5,575,0.031870,1.248800
trial_5,576,0.164805,1.567532
trial_5,577,0.144705,0.454910
trial_5,578,0.073413,1.492976
trial_5,579,0.212080,0.725194
trial_5,580,0.153140,0.504854
trial_5,581,0.098552,0.935635
trial_5,582,0.096670,0.811991
trial_5,583,0.207261,1.261496
trial_5,584,0.120864,0.575872
trial_5,585,0.347681,0.861466
trial_5,586,0.102118,0.585476
trial_5,587,0.073488,0.754384
trial_5,588,0.039613,0.471108
trial_5,589,2.260680,18.796665
trial_5,590,0.479411,1.574532
trial_5,591,0.196937,1.423723
trial_5,592,0.229656,2.131531
trial_5,593,0.184096,0.897328
trial_5,594,0.142703,0.565197
trial_5,595,0.066608,1.547521
trial_5,596,0.145519,0.863128
trial_5,597,0.124177,1.149020
trial_5,598,0.014752,0.655942
trial_5,599,0.157582,0.908091
trial_5,600,0.090465,0.445174
trial_5,601,0.329713,2.764367
trial_5,602,0.100598,1.330764
trial_5,603,0.026212,1.081723
trial_5,604,0.158977,0.493723
trial_5,605,0.075030,0.831963
trial_5,606,0.119725,0.705855
trial_5,607,0.229667,0.953909
trial_5,608,0.096562,0.650363
trial_5,609,0.500266,1.490415
trial_5,610,0.371149,0.937218
trial_5,611,0.007630,0.530434
trial_5,612,0.052866,0.482092
trial_5,613,0.230082,1.090959
trial_5,614,0.268993,2.093710
trial_5,615,0.206806,0.520000
trial_5,616,0.003428,0.681018
trial_5,617,0.058912,0.770010
trial_5,618,0.082708,0.369031
trial_5,619,2.368878,10.541144
trial_5,620,0.334661,0.799530
trial_5,621,0.166592,0.739368
trial_5,622,0.799436,5.953281
trial_5,623,0.074236,0.634574
trial_5,624,0.516669,2.643561
trial_5,625,0.408720,1.111017
trial_5,626,0.591134,1.040134
trial_5,627,0.509772,2.627900
trial_5,628,0.152174,1.512216
trial_5,629,0.025364,0.673105
trial_5,630,0.023939,0.822494
trial_5,631,0.012447,1.722747
trial_5,632,0.386269,1.622225
trial_5,633,0.024158,0.712916
trial_5,634,0.168718,1.618443
trial_5,635,0.199335,3.092107
trial_5,636,0.458930,1.187985
trial_5,637,0.374751,2.882757
trial_5,638,0.017023,0.795407
trial_5,639,0.125815,1.013941
trial_5,640,0.256740,0.542521
trial_5,641,0.411160,1.058865
trial_5,642,0.031666,0.491791
trial_5,643,0.317329,3.034917
trial_5,644,0.091762,1.307199
trial_5,645,0.224863,1.688953
trial_5,646,0.646110,3.479801
trial_5,647,0.165713,3.453434
trial_5,648,0.483720,5.863002
trial_5,649,0.110921,1.009415
trial_5,650,0.600539,2.444606
trial_5,651,0.300975,1.983582
trial_5,652,0.811596,3.579148
trial_5,653,0.367177,0.887968
trial_5,654,0.060731,0.931316
trial_5,655,0.087991,0.532488
trial_5,656,0.180956,1.565672
trial_5,657,0.018127,4.754974
trial_5,658,0.475712,0.998848
trial_5,659,0.173152,1.370415
trial_5,660,0.072890,1.282001
trial_5,661,0.088892,1.963221
trial_5,662,0.287229,1.195620
trial_5,663,0.360200,1.340280
trial_5,664,0.325093,0.828789
trial_5,665,0.031011,1.439956
trial_5,666,0.490755,1.998210
trial_5,667,0.042492,0.975377
trial_5,668,0.281236,0.518499
trial_5,669,0.091221,0.378434
trial_5,670,0.015194,0.423186
trial_5,671,0.012228,1.155325
trial_5,672,0.828114,1.072581
trial_5,673,2.265989,9.623341
trial_5,674,0.398719,0.774480
trial_5,675,0.128771,1.081200
trial_5,676,0.328390,2.911188
trial_5,677,0.097277,0.853085
trial_5,678,0.137358,0.613784
trial_5,679,0.367486,2.580342
trial_5,680,0.027563,0.474561
trial_5,681,0.130752,0.452012
trial_5,682,0.041426,1.725605
trial_5,683,0.154488,0.656985
trial_5,684,0.090376,4.055598
trial_5,685,0.299545,2.147768
trial_5,686,0.286607,0.702019
trial_5,687,0.000120,0.744871
trial_5,688,0.300107,0.557435
trial_5,689,0.608979,0.930730
trial_5,690,0.024626,0.866607
trial_5,691,0.102783,0.562351
trial_5,692,0.044181,0.524529
trial_5,693,0.107631,0.568305
trial_5,694,0.106084,0.893741
trial_5,695,0.055752,0.590074
trial_5,696,0.014060,1.628032
trial_5,697,0.249284,2.629827
trial_5,698,0.067815,0.575190
trial_5,699,0.209213,0.718647
trial_5,700,0.240872,0.833709
trial_5,701,0.072364,0.833771
trial_5,702,0.038306,0.690980
trial_5,703,0.626162,2.119905
trial_5,704,0.173768,0.847861
trial_5,705,0.057625,0.571748
trial_5,706,0.375217,1.216901
trial_5,707,0.061022,0.667480
trial_5,708,0.149907,0.704151
trial_5,709,0.359422,2.565768
trial_5,710,0.060819,2.142977
trial_5,711,0.735475,1.700808
trial_5,712,0.342602,0.707255
trial_5,713,0.039583,1.889811
trial_5,714,0.242006,0.752771
trial_5,715,0.046429,0.585072
trial_5,716,0.115721,1.177243
trial_5,717,0.157782,0.686638
trial_5,718,0.054462,0.889637
trial_5,719,0.014313,0.548057
trial_5,720,0.146464,1.407964
trial_5,721,0.056060,0.495418
trial_5,722,0.072393,0.496857
trial_5,723,0.216510,0.456350
trial_5,724,1.209853,6.108339
trial_5,725,0.267944,2.371039
trial_5,726,0.218288,3.427910
trial_5,727,0.014516,1.559423
trial_5,728,0.016695,0.649234
trial_5,729,0.291772,0.648262
trial_5,730,0.161017,0.644625
trial_5,731,0.018832,0.757969
trial_5,732,0.312208,0.912614
trial_5,733,0.043878,0.550752
trial_5,734,0.030482,0.393486
trial_5,735,0.102348,1.101239
trial_5,736,0.107310,1.067570
trial_5,737,0.233759,0.980884
trial_5,738,0.099714,1.110574
trial_5,739,0.015936,0.903179
trial_5,740,0.010161,0.528264
trial_5,741,0.228832,0.814023
trial_5,742,0.213238,0.594326
trial_5,743,0.473651,2.897405
trial_5,744,0.063786,0.619997
trial_5,745,0.221984,0.602048
trial_5,746,0.322504,0.616619
trial_5,747,0.077619,0.539783
trial_5,748,0.088835,0.945761
trial_5,749,0.018380,1.291334
trial_5,750,0.124336,0.492701
trial_5,751,0.374219,1.950082
trial_5,752,0.208971,0.568689
trial_5,753,0.357189,2.435230
trial_5,754,0.018521,0.474342
trial_5,755,0.053098,0.890675
trial_5,756,0.089498,0.456393
trial_5,757,0.140166,1.095497
trial_5,758,0.514695,1.518811
trial_5,759,0.351757,2.352468
trial_5,760,0.552432,1.652825
trial_5,761,0.555798,2.350923
trial_5,762,0.223273,1.509704
trial_5,763,0.064819,0.812130
trial_5,764,0.079763,2.130288
trial_5,765,0.065219,1.125056
trial_5,766,0.315925,2.347044
trial_5,767,0.064443,1.324195
trial_5,768,0.028497,0.832051
trial_5,769,0.053201,0.896798
trial_5,770,1.395890,6.117756
trial_5,771,0.179932,0.726409
trial_5,772,0.575298,11.406285
trial_5,773,0.092488,0.699540
trial_5,774,0.341655,1.924468
trial_5,775,0.765606,0.977308
trial_5,776,0.383288,2.250659
trial_5,777,0.435267,1.541495
trial_5,778,0.177913,0.733673
trial_5,779,0.183493,0.912023
trial_5,780,0.095340,0.548050
trial_5,781,0.076483,0.959455
trial_5,782,0.143385,0.944828
trial_5,783,0.204511,1.185836
trial_5,784,0.132363,0.500515
trial_5,785,0.046836,0.741373
trial_5,786,0.342000,2.534201
trial_5,787,0.281796,0.708975
trial_5,788,0.320393,2.693795
trial_5,789,0.261888,0.565524
trial_5,790,0.094482,0.988017
trial_5,791,0.188279,1.099549
trial_5,792,0.051822,0.369783
trial_5,793,0.484880,1.154919
trial_5,794,0.472967,2.274486
trial_5,795,0.171824,1.450949
trial_5,796,0.250283,1.112986
trial_5,797,0.069281,0.720186
trial_5,798,0.011302,0.764850
trial_5,799,0.105450,0.616890
trial_5,800,0.325071,0.923770
trial_5,801,0.014085,1.694685
trial_5,802,0.111563,0.911873
trial_5,803,0.063676,0.439496
trial_5,804,0.100438,0.634375
trial_5,805,0.052654,0.980227
trial_5,806,0.759793,3.361103
trial_5,807,0.055640,0.569662
trial_5,808,0.340999,0.541232
trial_5,809,0.221250,0.479303
trial_5,810,0.455011,0.799373
trial_5,811,0.138247,0.964035
trial_5,812,0.059203,2.589355
trial_5,813,0.694679,4.303938
trial_5,814,0.325603,7.016198
trial_5,815,0.010036,0.625143
trial_5,816,0.789533,1.185486
trial_5,817,0.063269,0.612163
trial_5,818,0.379506,2.037747
trial_5,819,0.698586,2.665507
trial_5,820,1.274611,8.951728
trial_5,821,0.002857,0.820760
trial_5,822,0.139763,1.417509
trial_5,823,0.155345,1.376828
trial_5,824,0.080329,0.464986
trial_5,825,0.096839,1.734895
trial_5,826,0.113893,4.581722
trial_5,827,0.065367,3.239214
trial_5,828,0.105179,0.701820
trial_5,829,0.200676,1.121224
trial_5,830,0.080844,0.645569
trial_5,831,0.123084,1.769815
trial_5,832,0.016245,0.921822
trial_5,833,0.171498,0.962858
trial_5,834,0.287254,1.387249
trial_5,835,0.059859,0.894015
trial_5,836,0.108837,0.499739
trial_5,837,0.276100,2.210238
trial_5,838,0.347443,1.113842
trial_5,839,0.049241,1.044394
trial_5,840,0.134050,1.198174
trial_5,841,0.125487,2.116161
trial_5,842,0.295131,0.677069
trial_5,843,0.464556,2.145882
trial_5,844,0.072541,0.502875
trial_5,845,0.214816,0.626588
trial_5,846,0.086706,0.458881
trial_5,847,0.378442,1.008377
trial_5,848,0.244028,2.253433
trial_5,849,0.265054,0.521435
trial_5,850,0.014912,1.181108
trial_5,851,0.069972,0.818089
trial_5,852,0.351507,2.102781
trial_5,853,0.312318,0.595066
trial_5,854,0.084567,0.453746
trial_5,855,0.059456,0.826789
trial_5,856,0.019744,1.692267
trial_5,857,0.518541,2.119311
trial_5,858,0.036467,0.555725
trial_5,859,0.038981,0.864410
trial_5,860,0.366863,0.832145
trial_5,861,0.154875,0.506195
trial_5,862,0.075962,0.660604
trial_5,863,0.171803,0.784239
trial_5,864,0.028384,0.676690
trial_5,865,0.019452,0.647445
trial_5,866,0.191562,1.302232
trial_5,867,0.000795,0.554728
trial_5,868,0.011078,1.664914
trial_5,869,0.108768,1.982499
trial_5,870,0.044249,0.700296
trial_5,871,0.146602,0.811066
trial_5,872,0.373457,1.788246
trial_5,873,0.420445,0.645457
trial_5,874,0.097738,0.429559
trial_5,875,0.187790,0.828216
trial_5,876,0.221993,0.972148
trial_5,877,0.032991,0.547023
trial_5,878,0.200913,0.624014
trial_5,879,0.276739,0.445803
trial_5,880,0.385928,1.848678
trial_5,881,0.018456,0.624732
trial_5,882,0.148455,0.511528
trial_5,883,0.108048,0.551926
trial_5,884,0.363949,1.964336
trial_5,885,0.301874,0.553770
trial_5,886,0.143202,0.566818
trial_5,887,0.401672,4.324864
trial_5,888,0.018795,1.460413
trial_5,889,0.109647,0.923946
trial_5,890,0.685205,1.894175
trial_5,891,0.320496,0.838016
trial_5,892,0.157325,0.652913
trial_5,893,0.075567,0.973444
trial_5,894,0.761719,2.294838
trial_5,895,0.432551,0.973660
trial_5,896,0.253562,1.587671
trial_5,897,0.089347,0.758650
trial_5,898,0.028698,0.931509
trial_5,899,0.096770,1.149000
trial_5,900,0.154549,0.899773
trial_5,901,0.115588,0.447929
trial_5,902,0.197880,2.175901
trial_5,903,0.441334,0.661916
trial_5,904,0.052052,0.564743
trial_5,905,0.015708,1.016693
trial_5,906,0.161331,0.633798
trial_5,907,0.058837,0.777741
trial_5,908,0.004170,0.403515
trial_5,909,0.503703,4.375775
trial_5,910,0.081224,0.463257
trial_5,911,0.261881,0.499319
trial_5,912,0.070105,0.937006
trial_5,913,0.185265,1.577804
trial_5,914,0.128149,0.779159
trial_5,915,0.177760,0.778548
trial_5,916,0.047947,0.823482
trial_5,917,0.114872,0.812601
trial_5,918,0.118082,1.004781
trial_5,919,0.213268,1.788164
trial_5,920,0.061926,1.354677
trial_5,921,0.114353,0.596805
trial_5,922,0.062759,0.538587
trial_5,923,0.159967,0.867349
trial_5,924,0.528928,3.557580
trial_5,925,0.834121,4.244590
trial_5,926,0.428679,1.091486
trial_5,927,0.127196,1.407538
trial_5,928,0.240303,1.690274
trial_5,929,0.018522,0.933961
trial_5,930,0.369415,0.945169
trial_5,931,0.435871,3.972480
trial_5,932,0.299131,1.009123
trial_5,933,0.052829,1.468312
trial_5,934,0.092746,1.098248
trial_5,935,0.201838,0.578904
trial_5,936,0.334983,1.332457
trial_5,937,0.134730,1.255507
trial_5,938,0.216303,0.499599
trial_5,939,0.006854,1.061440
trial_5,940,0.360393,0.637811
trial_5,941,0.110820,0.608856
trial_5,942,0.063450,0.565802
trial_5,943,0.053873,0.884063
trial_5,944,0.123339,0.358468
trial_5,945,0.201665,0.744874
trial_5,946,0.134805,0.727840
trial_5,947,0.114998,0.543583
trial_5,948,0.281087,1.806988
trial_5,949,0.054693,2.436634
trial_5,950,0.235510,0.647382
trial_5,951,0.145902,0.430889
trial_5,952,0.155297,0.677118
trial_5,953,0.113383,0.524982
trial_5,954,0.179201,0.788892
trial_5,955,0.045048,0.789862
trial_5,956,0.082278,1.450231
trial_5,957,0.479483,1.889024
trial_5,958,0.058064,0.989028
trial_5,959,0.092813,1.134204
trial_5,960,0.103329,1.307432
trial_5,961,0.042931,2.054043
trial_5,962,0.501243,9.895344
trial_5,963,0.037876,0.631911
trial_5,964,0.032826,0.263973
trial_5,965,0.128194,0.470713
trial_5,966,0.048482,0.529467
trial_5,967,0.076516,0.990954
trial_5,968,0.020837,0.334995
trial_5,969,0.014046,0.390014
trial_5,970,0.006943,0.479067
trial_5,971,0.090765,0.333571
trial_5,972,0.278212,0.891527
trial_5,973,0.286547,0.580583
trial_5,974,0.022669,0.703537
trial_5,975,0.087280,0.617390
trial_5,976,0.138918,0.473291
trial_5,977,0.390741,0.534279
trial_5,978,0.038531,0.392575
trial_5,979,0.074753,0.183754
trial_5,980,0.048659,0.346184
trial_5,981,0.136521,0.559374
trial_5,982,0.265906,0.580845
trial_5,983,0.088340,0.288557
trial_5,984,0.001380,0.343337
trial_5,985,0.143982,0.602407
trial_5,986,0.020763,0.621968
trial_5,987,0.142938,0.372935
trial_5,988,0.807666,2.533632
trial_5,989,0.166125,0.370013
trial_5,990,0.009934,0.443268
trial_5,991,0.016368,0.620385
trial_5,992,0.022458,0.439804
trial_5,993,0.219314,0.669793
trial_5,994,0.051057,0.359501
trial_5,995,0.108162,0.469319
trial_5,996,0.108478,0.483812
trial_5,997,0.412212,2.979758
trial_5,998,0.059694,0.524521
trial_5,999,0.000383,0.286646
trial_5,1000,0.215655,0.575056
trial_6,1,0.067690,0.449245
trial_6,2,0.110842,0.581289
trial_6,3,0.141832,0.312987
trial_6,4,0.191898,0.398239
trial_6,5,0.134683,0.420845
trial_6,6,0.051949,0.194974
trial_6,7,0.125572,0.245981
trial_6,8,0.274656,0.411526
trial_6,9,0.249252,1.127305
trial_6,10,0.337295,0.556690
trial_6,11,0.167971,0.441171
trial_6,12,0.155946,0.391086
trial_6,13,0.277606,0.702176
trial_6,14,0.094417,0.258329
trial_6,15,0.207557,0.409677
trial_6,16,0.073831,0.306321
trial_6,17,0.115334,0.421819
trial_6,18,0.007693,0.587916
trial_6,19,0.066425,0.351551
trial_6,20,0.049976,0.354936
trial_6,21,0.049500,0.521119
trial_6,22,0.003417,0.521192
trial_6,23,0.383556,0.503629
trial_6,24,0.135609,0.429032
trial_6,25,0.188409,0.527952
trial_6,26,0.158568,0.635432
trial_6,27,0.498287,0.620143
trial_6,28,0.150926,2.086812
trial_6,29,0.114958,0.384632
trial_6,30,0.155922,0.470041
trial_6,31,0.006216,0.314227
trial_6,32,0.058505,0.368700
trial_6,33,0.079185,0.426885
trial_6,34,0.298542,2.079367
trial_6,35,0.309707,0.956377
trial_6,36,0.329622,0.502703
trial_6,37,0.027195,0.467662
trial_6,38,0.088016,0.477754
trial_6,39,0.208421,0.603604
trial_6,40,0.122496,0.410081
trial_6,41,0.052473,0.297588
trial_6,42,0.133170,0.262763
trial_6,43,0.026407,0.333761
trial_6,44,0.296015,0.551658
trial_6,45,0.251450,0.517150
trial_6,46,0.006932,0.463725
trial_6,47,0.000333,0.424258
trial_6,48,0.068533,0.929925
trial_6,49,0.039165,0.612537
trial_6,50,0.097938,0.433331
trial_6,51,0.043317,0.360897
trial_6,52,0.186558,0.497343
trial_6,53,0.069618,0.852437
trial_6,54,0.045391,0.496931
trial_6,55,0.144502,0.523976
trial_6,56,0.180644,0.339291
trial_6,57,0.106345,0.275042
trial_6,58,0.031238,0.575720
trial_6,59,0.249404,0.338580
trial_6,60,0.104920,1.536953
trial_6,61,0.006983,0.337004
trial_6,62,0.091959,0.320072
trial_6,63,0.001353,0.358460
trial_6,64,0.019985,0.389499
trial_6,65,0.287148,0.652854
trial_6,66,0.174633,0.316596
trial_6,67,0.342124,0.469477
trial_6,68,0.270267,1.804798
trial_6,69,0.120073,0.375271
trial_6,70,0.065195,0.200909
trial_6,71,0.034836,0.708883
trial_6,72,0.321122,0.383268
trial_6,73,0.032214,0.295954
trial_6,74,0.083269,0.317185
trial_6,75,0.024959,0.176214
trial_6,76,0.010863,0.652055
trial_6,77,0.080461,0.293163
trial_6,78,0.126880,0.243620
trial_6,79,0.171410,0.272400
trial_6,80,0.100368,0.270549
trial_6,81,0.394721,1.341457
trial_6,82,0.268297,0.652528
trial_6,83,0.242724,0.691886
trial_6,84,0.638015,3.256385
trial_6,85,0.263462,0.578865
trial_6,86,0.033435,0.533795
trial_6,87,0.256824,0.566248
trial_6,88,0.142869,0.223889
trial_6,89,0.028959,0.451280
trial_6,90,0.078221,0.388134
trial_6,91,0.101888,0.458035
trial_6,92,0.072850,0.509149
trial_6,93,0.042729,1.154704
trial_6,94,0.050141,0.644067
trial_6,95,0.430422,0.561104
trial_6,96,0.401076,0.696987
trial_6,97,0.015779,0.480452
trial_6,98,0.140623,0.556405
trial_6,99,0.029588,0.397592
trial_6,100,0.249008,0.394393
trial_6,101,0.060850,0.467448
trial_6,102,0.258692,0.534267
trial_6,103,0.036543,0.395246
trial_6,104,0.070044,0.586344
trial_6,105,0.028349,0.732891
trial_6,106,0.000342,0.921786
trial_6,107,0.157015,0.387343
trial_6,108,0.302818,2.470861
trial_6,109,0.228908,1.001926
trial_6,110,0.345117,1.091329
trial_6,111,0.089185,1.313989
trial_6,112,0.204638,1.406021
trial_6,113,0.051181,1.055610
trial_6,114,0.021504,0.717708
trial_6,115,0.207996,3.065339
trial_6,116,0.470342,0.917096
trial_6,117,0.135196,0.949252
trial_6,118,0.022907,0.574048
trial_6,119,0.216979,1.605711
trial_6,120,0.362268,1.542446
trial_6,121,0.297939,0.743240
trial_6,122,0.042515,0.459798
trial_6,123,0.106219,0.983522
trial_6,124,0.471571,2.264084
trial_6,125,0.087132,0.672924
trial_6,126,0.089434,1.907361
trial_6,127,0.531155,1.087078
trial_6,128,0.372309,0.652153
trial_6,129,0.122416,1.286517
trial_6,130,0.975019,3.949124
trial_6,131,0.074463,0.494716
trial_6,132,0.208486,1.066010
trial_6,133,0.402146,3.513684
trial_6,134,0.257782,1.542409
trial_6,135,0.075130,0.716944
trial_6,136,0.040709,0.856790
trial_6,137,0.161899,1.272940
trial_6,138,0.010505,0.487918
trial_6,139,0.259421,0.494660
trial_6,140,0.164172,0.469526
trial_6,141,0.107651,0.660892
trial_6,142,0.014525,1.241185
trial_6,143,0.377209,3.298492
trial_6,144,0.024498,0.718936
trial_6,145,0.209234,0.557271
trial_6,146,0.279621,1.494726
trial_6,147,0.058306,1.516397
trial_6,148,0.300756,1.472247
trial_6,149,0.151662,2.813848
trial_6,150,0.068712,1.323556
trial_6,151,0.318598,1.253980
trial_6,152,0.469016,1.694822
trial_6,153,0.115678,1.502185
trial_6,154,0.089680,1.116064
trial_6,155,0.198026,1.124192
trial_6,156,0.284045,0.710546
trial_6,157,0.350585,2.889462
trial_6,158,0.211318,1.865915
trial_6,159,0.034201,0.278260
trial_6,160,0.187937,0.796768
trial_6,161,0.063269,0.730810
trial_6,162,0.118851,0.403291
trial_6,163,0.163278,0.860224
trial_6,164,0.089079,0.398007
trial_6,165,0.000932,0.712317
trial_6,166,0.018170,1.935396
trial_6,167,0.055671,0.489379
trial_6,168,0.159629,0.665659
trial_6,169,0.265851,0.526815
trial_6,170,0.373153,0.947624
trial_6,171,0.210316,1.266033
trial_6,172,0.032576,0.497743
trial_6,173,0.085369,0.347348
trial_6,174,0.051226,0.782102
trial_6,175,0.243829,0.598987
trial_6,176,0.192620,0.597505
trial_6,177,0.032439,1.407627
trial_6,178,0.031440,0.691716
trial_6,179,0.049564,0.541007
trial_6,180,0.434043,1.851277
trial_6,181,0.093674,2.029749
trial_6,182,0.182074,0.481568
trial_6,183,0.013411,0.557619
trial_6,184,0.073043,1.209900
trial_6,185,0.116653,0.621862
trial_6,186,0.097551,0.525201
trial_6,187,0.067817,0.935439
trial_6,188,0.179138,0.529997
trial_6,189,0.011580,0.733582
trial_6,190,0.033108,0.953486
trial_6,191,0.111739,0.493468
trial_6,192,0.200825,0.657901
trial_6,193,0.271573,0.651328
trial_6,194,0.378439,0.662415
trial_6,195,0.157564,0.619885
trial_6,196,0.262139,0.604141
trial_6,197,0.197741,0.583320
trial_6,198,0.389398,0.736392
trial_6,199,0.262038,0.774204
trial_6,200,0.207384,0.951747
trial_6,201,0.230227,1.058148
trial_6,202,0.143654,0.473165
trial_6,203,0.028875,0.360464
trial_6,204,0.171228,0.708463
trial_6,205,0.135466,1.481618
trial_6,206,0.008259,0.486916
trial_6,207,0.071154,0.339889
trial_6,208,0.154945,0.450186
trial_6,209,0.289082,2.825627
trial_6,210,0.619922,2.140322
trial_6,211,0.054363,1.510744
trial_6,212,0.259834,0.477514
trial_6,213,0.157898,0.518115
trial_6,214,0.179421,0.511572
trial_6,215,0.052172,0.479824
trial_6,216,0.287063,0.673725
trial_6,217,0.103646,0.496853
trial_6,218,0.260431,2.098176
trial_6,219,1.763004,12.958324
trial_6,220,0.151328,1.712968
trial_6,221,0.380571,0.553232
trial_6,222,0.293096,0.690893
trial_6,223,0.358736,0.594748
trial_6,224,0.217843,0.515215
trial_6,225,0.360654,1.412028
trial_6,226,0.189609,1.121620
trial_6,227,0.127262,0.553198
trial_6,228,0.191927,0.742386
trial_6,229,0.377696,1.759068
trial_6,230,0.054156,1.306989
trial_6,231,0.375594,1.522394
trial_6,232,0.094282,0.716434
trial_6,233,0.136997,1.186573
trial_6,234,0.063899,0.446369
trial_6,235,0.084411,1.043364
trial_6,236,0.044071,0.542102
trial_6,237,0.324590,1.458577
trial_6,238,0.089066,0.677302
trial_6,239,0.042042,0.618103
trial_6,240,0.038185,1.169992
trial_6,241,0.222052,0.561562
trial_6,242,0.028900,0.286882
trial_6,243,0.299237,1.017598
trial_6,244,0.000855,1.438855
trial_6,245,0.618166,4.666062
trial_6,246,0.158007,0.939028
trial_6,247,0.415690,0.635997
trial_6,248,0.162726,0.628777
trial_6,249,0.358530,0.890010
trial_6,250,0.061875,0.850449
trial_6,251,0.039067,0.498180
trial_6,252,0.230446,0.688618
trial_6,253,0.177331,0.700892
trial_6,254,0.106995,1.611713
trial_6,255,1.276969,5.645884
trial_6,256,0.048458,0.774776
trial_6,257,0.162030,1.751200
trial_6,258,0.003512,0.497428
trial_6,259,0.087878,0.587553
trial_6,260,0.114022,0.368362
trial_6,261,0.110837,0.974081
trial_6,262,0.131011,1.213499
trial_6,263,0.347555,0.581272
trial_6,264,0.388205,0.715739
trial_6,265,0.055203,0.906101
trial_6,266,0.019062,0.944176
trial_6,267,0.152388,1.986758
trial_6,268,0.000655,0.468189
trial_6,269,0.125779,1.144425
trial_6,270,0.107287,0.388390
trial_6,271,0.155117,0.503725
trial_6,272,0.365729,0.577666
trial_6,273,0.035795,0.771343
trial_6,274,0.287119,0.481445
trial_6,275,0.088665,0.518439
trial_6,276,0.066783,1.134414
trial_6,277,0.252717,0.786786
trial_6,278,0.000808,0.520645
trial_6,279,0.376485,0.599470
trial_6,280,0.653724,1.495388
trial_6,281,0.001447,1.362063
trial_6,282,0.115407,2.054653
trial_6,283,0.176120,1.052855
trial_6,284,0.015603,0.686906
trial_6,285,0.043906,0.474266
trial_6,286,0.106142,1.166050
trial_6,287,0.149329,1.350438
trial_6,288,0.153636,1.474493
trial_6,289,0.082046,0.704669
trial_6,290,0.141643,0.852821
trial_6,291,0.106919,0.899144
trial_6,292,0.140415,0.951563
trial_6,293,0.012796,1.519409
trial_6,294,0.079073,0.441857
trial_6,295,0.288901,0.776500
trial_6,296,0.182130,1.308736
trial_6,297,0.213921,0.770568
trial_6,298,0.082960,0.925242
trial_6,299,0.029856,0.586661
trial_6,300,0.272642,0.640723
trial_6,301,0.030595,0.591062
trial_6,302,0.134378,1.629938
trial_6,303,0.370292,0.831318
trial_6,304,0.036658,0.447300
trial_6,305,0.026621,0.876358
trial_6,306,0.060387,0.640545
trial_6,307,0.260028,0.642236
trial_6,308,0.064104,1.481162
trial_6,309,0.313476,1.197630
trial_6,310,0.096251,1.521582
trial_6,311,0.348909,3.334313
trial_6,312,0.842701,5.883803
trial_6,313,0.222885,1.333457
trial_6,314,0.049093,1.620139
trial_6,315,0.213618,1.047004
trial_6,316,0.084029,1.171218
trial_6,317,0.049165,0.912890
trial_6,318,0.032218,0.615688
trial_6,319,0.379886,1.567637
trial_6,320,0.132865,1.405610
trial_6,321,0.632868,3.703596
trial_6,322,0.272471,1.129883
trial_6,323,0.124471,1.463859
trial_6,324,0.797552,1.412907
trial_6,325,0.168208,0.762584
trial_6,326,0.344643,1.083827
trial_6,327,0.280560,1.062250
trial_6,328,0.255025,0.955777
trial_6,329,0.421971,3.639843
trial_6,330,0.794242,2.381965
trial_6,331,0.015356,1.055112
trial_6,332,0.059370,0.878831
trial_6,333,0.206728,2.380109
trial_6,334,0.468954,0.719909
trial_6,335,0.186654,0.957176
trial_6,336,0.104344,1.208751
trial_6,337,0.252945,0.928229
trial_6,338,0.043277,2.101284
trial_6,339,0.048974,0.849436
trial_6,340,0.381445,0.562545
trial_6,341,0.003636,2.998964
trial_6,342,0.395426,0.925667
trial_6,343,0.005325,1.166806
trial_6,344,0.154018,1.362900
trial_6,345,0.693516,6.374857
trial_6,346,0.557139,2.324269
trial_6,347,0.105396,1.447626
trial_6,348,0.148359,1.587768
trial_6,349,0.029132,0.856289
trial_6,350,0.075794,2.038017
trial_6,351,0.196259,2.017687
trial_6,352,0.246381,1.862620
trial_6,353,0.007256,1.400855
trial_6,354,0.319096,2.310134
trial_6,355,0.047579,0.474334
trial_6,356,0.263192,0.690993
trial_6,357,0.048107,2.181958
trial_6,358,0.025479,0.683589
trial_6,359,0.033386,0.843100
trial_6,360,0.309602,0.772757
trial_6,361,0.108724,1.088959
trial_6,362,0.064980,3.822210
trial_6,363,0.142393,1.619931
trial_6,364,0.174437,0.458219
trial_6,365,0.060003,0.660015
trial_6,366,0.106155,1.090085
trial_6,367,0.172376,0.710062
trial_6,368,0.040164,0.582540
trial_6,369,0.196147,0.579839
trial_6,370,0.156706,1.216624
trial_6,371,0.268463,0.801032
trial_6,372,0.004363,0.942938
trial_6,373,0.143546,1.867287
trial_6,374,0.034888,2.325485
trial_6,375,0.211346,0.463976
trial_6,376,0.546456,0.925344
trial_6,377,0.489203,0.789976
trial_6,378,0.085874,0.329381
trial_6,379,0.030441,0.394685
trial_6,380,0.030377,0.736645
trial_6,381,0.065797,0.472256
trial_6,382,0.246979,0.613843
trial_6,383,0.161147,2.289322
trial_6,384,0.221578,0.485416
trial_6,385,0.359083,1.925408
trial_6,386,0.148483,1.643149
trial_6,387,0.348061,2.711008
trial_6,388,0.041318,0.609009
trial_6,389,0.054376,0.748460
trial_6,390,0.086757,1.327360
trial_6,391,0.195937,1.332997
trial_6,392,0.062210,0.889123
trial_6,393,0.319689,1.460344
trial_6,394,0.206008,0.893365
trial_6,395,0.136463,0.632239
trial_6,396,0.162031,0.354013
trial_6,397,0.412085,0.685268
trial_6,398,0.068596,0.809548
trial_6,399,0.039487,0.723397
trial_6,400,0.259089,0.955063
trial_6,401,0.257670,1.019633
trial_6,402,0.011637,1.240510
trial_6,403,0.157515,0.541029
trial_6,404,0.308173,0.626979
trial_6,405,0.160576,0.530555
trial_6,406,0.084158,0.503541
trial_6,407,0.014508,0.357616
trial_6,408,0.013004,0.568478
trial_6,409,0.032935,0.677232
trial_6,410,0.096920,0.650541
trial_6,411,0.101330,1.038648
trial_6,412,0.060711,0.406180
trial_6,413,0.025117,1.047071
trial_6,414,0.288387,0.728068
trial_6,415,0.328995,0.719589
trial_6,416,1.794468,8.663901
trial_6,417,0.149562,0.486442
trial_6,418,0.485617,0.741090
trial_6,419,0.175433,1.226635
trial_6,420,0.259170,1.193948
trial_6,421,0.246165,0.532946
trial_6,422,0.105013,0.984629
trial_6,423,0.049254,0.504341
trial_6,424,0.032905,0.575100
trial_6,425,0.032681,0.462511
trial_6,426,0.028316,0.317077
trial_6,427,0.006269,0.964192
trial_6,428,0.162308,1.197875
trial_6,429,0.038635,0.652144
trial_6,430,0.063121,0.380093
trial_6,431,0.014100,0.984731
trial_6,432,0.184552,0.881811
trial_6,433,0.111796,0.465923
trial_6,434,0.101216,1.191826
trial_6,435,1.560322,3.281806
trial_6,436,0.050673,0.486431
trial_6,437,0.102220,1.259263
trial_6,438,0.448152,1.229126
trial_6,439,0.430744,1.962999
trial_6,440,0.366560,1.919713
trial_6,441,0.638871,2.629418
trial_6,442,0.269093,0.641506
trial_6,443,0.042463,0.787725
trial_6,444,0.273530,0.748728
trial_6,445,0.189525,1.027734
trial_6,446,0.102809,0.927218
trial_6,447,0.022651,1.149928
trial_6,448,0.005258,0.655552
trial_6,449,0.000496,0.962082
trial_6,450,0.220037,1.221991
trial_6,451,0.004271,0.614816
trial_6,452,0.068436,0.959532
trial_6,453,0.164542,1.029492
trial_6,454,0.233137,0.439864
trial_6,455,0.014048,0.762356
trial_6,456,0.105519,1.522621
trial_6,457,0.149173,0.457784
trial_6,458,0.044950,0.965888
trial_6,459,0.082269,0.980199
trial_6,460,0.023815,0.573379
trial_6,461,0.064512,0.479414
trial_6,462,0.148524,0.880884
trial_6,463,0.059120,0.982550
trial_6,464,0.064258,0.556094
trial_6,465,0.225018,0.836123
trial_6,466,0.048440,0.500453
trial_6,467,0.131349,0.685476
trial_6,468,0.074628,0.491879
trial_6,469,0.218450,2.398399
trial_6,470,0.210962,0.913254
trial_6,471,0.460876,0.898090
trial_6,472,0.156052,1.046994
trial_6,473,0.189244,1.027944
trial_6,474,0.471688,2.321025
trial_6,475,0.221054,2.162495
trial_6,476,0.540705,2.930142
trial_6,477,0.224928,0.823242
trial_6,478,0.026151,0.503492
trial_6,479,0.073991,0.509615
trial_6,480,0.429651,0.887793
trial_6,481,0.503350,1.440672
trial_6,482,0.136106,1.670103
trial_6,483,0.018263,2.088310
trial_6,484,0.452573,2.040861
trial_6,485,0.054375,0.477056
trial_6,486,0.196065,1.005631
trial_6,487,0.315204,0.795079
trial_6,488,0.064404,0.917326
trial_6,489,0.421345,0.766826
trial_6,490,0.013597,1.027243
trial_6,491,0.116099,0.432300
trial_6,492,0.078394,0.774894
trial_6,493,0.331391,1.354431
trial_6,494,0.202776,0.764370
trial_6,495,0.075849,0.662105
trial_6,496,0.096739,0.504668
trial_6,497,0.398922,0.899815
trial_6,498,0.022629,0.520821
trial_6,499,0.088966,0.898919
trial_6,500,0.498324,2.192463
trial_6,501,0.078340,0.459678
trial_6,502,0.118649,0.623258
trial_6,503,0.062673,0.390323
trial_6,504,0.088252,0.732458
trial_6,505,0.020210,0.767723
trial_6,506,0.159108,0.618752
trial_6,507,0.287961,1.980683
trial_6,508,0.137110,0.536515
trial_6,509,0.087824,2.309159
trial_6,510,0.600773,1.198498
trial_6,511,0.075366,0.515991
trial_6,512,0.362074,4.006861
trial_6,513,0.337021,1.325516
trial_6,514,0.088866,1.520285
trial_6,515,0.058729,2.521669
trial_6,516,0.318080,1.061416
trial_6,517,0.550520,4.218574
trial_6,518,0.285032,1.050575
trial_6,519,0.018342,1.073682
trial_6,520,0.365797,0.648528
trial_6,521,0.065492,0.413341
trial_6,522,0.031926,0.522248
trial_6,523,0.190555,2.365909
trial_6,524,0.186153,0.803876
trial_6,525,0.461623,2.448249
trial_6,526,0.097277,0.627099
trial_6,527,0.240444,0.700652
trial_6,528,0.201370,1.435227
trial_6,529,0.287076,0.934920
trial_6,530,0.073593,0.524264
trial_6,531,0.063353,1.119610
trial_6,532,0.091738,0.619938
trial_6,533,0.005829,0.504370
trial_6,534,0.056146,0.632195
trial_6,535,0.159325,1.439784
trial_6,536,0.328866,1.718884
trial_6,537,0.673581,1.866753
trial_6,538,0.365345,0.818047
trial_6,539,0.221881,1.541321
trial_6,540,0.120411,0.829428
trial_6,541,0.133821,0.716678
trial_6,542,0.117445,1.671748
trial_6,543,0.020793,0.750347
trial_6,544,0.023808,0.421944
trial_6,545,0.241828,1.347299
trial_6,546,0.259779,1.035361
trial_6,547,0.008980,0.707489
trial_6,548,0.109644,0.756840
trial_6,549,0.143892,0.693339
trial_6,550,0.120286,0.859544
trial_6,551,0.355592,0.623939
trial_6,552,0.247895,1.356620
trial_6,553,0.138350,0.962907
trial_6,554,0.676598,2.235500
trial_6,555,0.018449,0.847204
trial_6,556,0.249620,0.572564
trial_6,557,0.002222,1.314004
trial_6,558,0.198868,0.629674
trial_6,559,0.075628,0.727294
trial_6,560,0.143771,0.990273
trial_6,561,0.256302,2.011214
trial_6,562,0.297104,1.050922
trial_6,563,0.046826,0.985754
trial_6,564,0.251072,1.087186
trial_6,565,0.121582,1.217403
trial_6,566,0.016101,0.899501
trial_6,567,0.023242,1.209696
trial_6,568,0.164490,0.858140
trial_6,569,0.152280,0.638255
trial_6,570,0.012094,0.986357
trial_6,571,0.181598,0.785347
trial_6,572,0.049464,0.666922
trial_6,573,0.473193,0.693641
trial_6,574,0.188692,0.404379
trial_6,575,0.288355,2.270356
trial_6,576,0.109138,2.705052
trial_6,577,0.157159,0.637076
trial_6,578,0.087922,1.743157
trial_6,579,0.301496,0.790129
trial_6,580,0.050071,0.605794
trial_6,581,0.256446,0.971182
trial_6,582,0.011589,0.636911
trial_6,583,0.173798,0.985188
trial_6,584,0.329845,0.635970
trial_6,585,0.108572,0.819646
trial_6,586,0.141788,0.640990
trial_6,587,0.003124,0.826483
trial_6,588,0.126851,0.473935
trial_6,589,3.307349,22.458157
trial_6,590,0.040718,1.564144
trial_6,591,0.142734,1.125048
trial_6,592,0.181642,1.533841
trial_6,593,0.254853,0.699955
trial_6,594,0.213153,0.469651
trial_6,595,0.111080,2.564369
trial_6,596,0.163974,0.726594
trial_6,597,0.096959,0.689236
trial_6,598,0.164161,0.550261
trial_6,599,0.068895,0.759145
trial_6,600,0.194096,0.434037
trial_6,601,0.570080,2.305907
trial_6,602,0.247029,1.033372
trial_6,603,0.392849,1.169212
trial_6,604,0.059173,0.523232
trial_6,605,0.119973,0.748223
trial_6,606,0.138279,0.680484
trial_6,607,0.308250,0.956197
trial_6,608,0.121398,0.614410
trial_6,609,0.231286,1.464728
trial_6,610,0.139468,0.850667
trial_6,611,0.212172,0.493870
trial_6,612,0.407606,0.548305
trial_6,613,0.274229,0.865996
trial_6,614,0.150172,2.109103
trial_6,615,0.035951,0.356118
trial_6,616,0.150414,0.531818
trial_6,617,0.177675,0.608419
trial_6,618,0.280872,0.387494
trial_6,619,0.967025,4.425260
trial_6,620,0.096653,0.769359
trial_6,621,0.155322,0.527579
trial_6,622,1.151289,6.178257
trial_6,623,0.150442,0.440594
trial_6,624,0.739538,2.520234
trial_6,625,0.388068,1.304388
trial_6,626,0.107102,0.654319
trial_6,627,0.394080,2.167778
trial_6,628,0.473689,1.824111
trial_6,629,0.100556,0.451082
trial_6,630,0.128775,0.756130
trial_6,631,0.119330,1.513796
trial_6,632,0.277304,0.774110
trial_6,633,0.098378,0.570738
trial_6,634,0.187585,1.595731
trial_6,635,0.263370,1.263467
trial_6,636,0.232293,0.830631
trial_6,637,0.001127,1.644896
trial_6,638,0.148133,0.599108
trial_6,639,0.323949,0.759404
trial_6,640,0.419020,0.570842
trial_6,641,0.444213,0.910673
trial_6,642,0.078219,0.443735
trial_6,643,0.015331,1.244938
trial_6,644,0.299437,2.374020
trial_6,645,0.032660,0.700582
trial_6,646,0.587477,2.911130
trial_6,647,0.396437,3.202367
trial_6,648,0.185148,3.040216
trial_6,649,0.038209,0.805382
trial_6,650,0.332004,1.044701
trial_6,651,0.286510,0.708496
trial_6,652,0.246362,1.474668
trial_6,653,0.052051,0.767624
trial_6,654,0.209831,0.572460
trial_6,655,0.057362,0.332817
trial_6,656,0.179462,1.306994
trial_6,657,0.068946,1.698852
trial_6,658,0.281378,0.747761
trial_6,659,0.412948,1.385493
trial_6,660,0.197187,1.164354
trial_6,661,0.074982,0.833937
trial_6,662,0.326621,1.262743
trial_6,663,0.368310,1.201165
trial_6,664,0.258053,0.715903
trial_6,665,0.057246,1.265830
trial_6,666,0.415914,2.029268
trial_6,667,0.000478,0.991124
trial_6,668,0.230219,0.410537
trial_6,669,0.068142,0.312806
trial_6,670,0.087123,0.372944
trial_6,671,0.086838,0.639240
trial_6,672,0.288186,0.635781
trial_6,673,0.691075,5.332703
trial_6,674,0.175493,0.627627
trial_6,675,0.449299,1.283402
trial_6,676,0.532162,1.695364
trial_6,677,0.008979,0.917963
trial_6,678,0.254372,0.731056
trial_6,679,0.146284,2.076410
trial_6,680,0.040170,0.317702
trial_6,681,0.157124,0.430715
trial_6,682,0.059909,1.362334
trial_6,683,0.022701,0.702805
trial_6,684,0.202560,2.377253
trial_6,685,0.301845,1.427463
trial_6,686,0.074862,0.688960
trial_6,687,0.168835,0.710694
trial_6,688,0.031947,0.360257
trial_6,689,0.144825,0.781081
trial_6,690,0.210371,1.112352
trial_6,691,0.212386,0.497882
trial_6,692,0.038989,0.371545
trial_6,693,0.311487,0.696856
trial_6,694,0.156780,0.835872
trial_6,695,0.161732,0.399348
trial_6,696,0.083135,1.449304
trial_6,697,0.273519,2.626722
trial_6,698,0.059186,0.402857
trial_6,699,0.178244,0.561429
trial_6,700,0.016926,0.624340
trial_6,701,0.191180,1.249297
trial_6,702,0.242659,0.698025
trial_6,703,0.192418,1.740201
trial_6,704,0.069756,0.487891
trial_6,705,0.095586,0.299664
trial_6,706,0.199579,0.971291
trial_6,707,0.081136,0.580174
trial_6,708,0.642320,0.731224
trial_6,709,0.026183,1.111648
trial_6,710,0.514865,2.693104
trial_6,711,0.276324,1.040164
trial_6,712,0.246064,0.595751
trial_6,713,0.044828,1.213332
trial_6,714,0.186550,0.636118
trial_6,715,0.032369,0.504481
trial_6,716,0.191446,1.070216
trial_6,717,0.043882,0.529688
trial_6,718,0.038335,0.840491
trial_6,719,0.425786,0.568276
trial_6,720,0.039777,0.912293
trial_6,721,0.316137,0.606327
trial_6,722,0.223533,0.568666
trial_6,723,0.097604,0.388162
trial_6,724,0.392303,2.902144
trial_6,725,0.357006,1.348602
trial_6,726,0.182534,1.230488
trial_6,727,0.153580,1.694698
trial_6,728,0.050605,0.593461
trial_6,729,0.282414,0.616665
trial_6,730,0.007758,0.624551
trial_6,731,0.054461,0.721286
trial_6,732,0.064621,0.745107
trial_6,733,0.135165,0.664485
trial_6,734,0.065419,0.282817
trial_6,735,0.208514,1.219852
trial_6,736,0.001633,1.066709
trial_6,737,0.105396,0.744161
trial_6,738,0.392702,1.772742
trial_6,739,0.217307,1.000902
trial_6,740,0.291582,0.521972
trial_6,741,0.259221,0.762490
trial_6,742,0.068706,0.497159
trial_6,743,0.161039,4.784732
trial_6,744,0.105187,0.697624
trial_6,745,0.114871,0.506694
trial_6,746,0.242844,0.529532
trial_6,747,0.005807,0.442225
trial_6,748,0.114840,0.813913
trial_6,749,0.208388,1.300768
trial_6,750,0.183483,0.521801
trial_6,751,0.077768,1.658159
trial_6,752,0.231081,0.599172
trial_6,753,0.193029,1.866682
trial_6,754,0.060586,0.443208
trial_6,755,0.028445,0.799831
trial_6,756,0.261361,0.570216
trial_6,757,0.171098,1.069783
trial_6,758,0.445159,1.699380
trial_6,759,0.023289,2.224224
trial_6,760,0.424321,1.632113
trial_6,761,0.117068,1.310449
trial_6,762,0.326591,1.546088
trial_6,763,0.090205,0.677131
trial_6,764,0.228947,1.877005
trial_6,765,0.061369,1.184591
trial_6,766,0.039038,1.316835
trial_6,767,0.135954,0.925526
trial_6,768,0.210656,0.786938
trial_6,769,0.070169,0.633754
trial_6,770,0.756259,9.351946
trial_6,771,0.136304,0.710785
trial_6,772,3.589783,18.905884
trial_6,773,0.202172,0.678037
trial_6,774,0.252714,1.744976
trial_6,775,0.018282,0.449334
trial_6,776,0.038714,2.347323
trial_6,777,0.148139,1.061889
trial_6,778,0.049591,0.652358
trial_6,779,0.190467,0.854135
trial_6,780,0.033184,0.465335
trial_6,781,0.348530,0.875345
trial_6,782,0.276774,0.920280
trial_6,783,0.127561,0.801156
trial_6,784,0.154691,0.508986
trial_6,785,0.183823,0.602768
trial_6,786,0.210079,2.747287
trial_6,787,0.124127,0.648884
trial_6,788,0.479187,1.451714
trial_6,789,0.005669,0.602948
trial_6,790,0.148861,0.707131
trial_6,791,0.136787,1.103656
trial_6,792,0.058407,0.267466
trial_6,793,0.646146,1.452586
trial_6,794,0.162738,1.948738
trial_6,795,0.056127,0.920281
trial_6,796,0.011380,0.536486
trial_6,797,0.140936,0.805134
trial_6,798,0.176329,0.671144
trial_6,799,0.105266,0.492689
trial_6,800,0.208226,0.800561
trial_6,801,0.171094,0.621676
trial_6,802,0.141257,0.751255
trial_6,803,0.107446,0.411902
trial_6,804,0.021313,0.423527
trial_6,805,0.153637,0.604160
trial_6,806,0.467423,1.673679
trial_6,807,0.348861,0.559179
trial_6,808,0.188986,0.411639
trial_6,809,0.014466,0.280871
trial_6,810,0.200851,0.566549
trial_6,811,0.062014,0.613638
trial_6,812,0.069155,0.836851
trial_6,813,0.240155,0.947982
trial_6,814,0.109788,1.494130
trial_6,815,0.281878,0.655827
trial_6,816,0.388025,0.961389
trial_6,817,0.212837,0.477825
trial_6,818,0.048757,0.699486
trial_6,819,0.083886,0.898739
trial_6,820,0.092160,2.000820
trial_6,821,0.126568,0.660119
trial_6,822,0.061319,0.558143
trial_6,823,0.228648,0.506596
trial_6,824,0.209992,0.319208
trial_6,825,0.032728,0.504817
trial_6,826,0.259139,2.910914
trial_6,827,0.255554,0.598887
trial_6,828,0.104134,0.611742
trial_6,829,0.072627,0.663876
trial_6,830,0.070100,0.709556
trial_6,831,0.099422,0.612261
trial_6,832,0.181007,0.898032
trial_6,833,0.064196,0.590035
trial_6,834,0.330695,0.743085
trial_6,835,0.359808,0.602219
trial_6,836,0.110955,0.287105
trial_6,837,0.504709,1.102821
trial_6,838,0.042288,0.387652
trial_6,839,0.123077,0.548336
trial_6,840,0.047659,0.459039
trial_6,841,0.023263,0.865980
trial_6,842,0.059904,0.473404
trial_6,843,0.215757,1.056668
trial_6,844,0.173940,0.323576
trial_6,845,0.164148,0.363764
trial_6,846,0.001692,0.337009
trial_6,847,0.393288,0.603552
trial_6,848,0.184044,0.943473
trial_6,849,0.198397,0.367446
trial_6,850,0.286493,0.618241
trial_6,851,0.181256,0.403870
trial_6,852,0.188274,0.425891
trial_6,853,0.115164,0.477181
trial_6,854,0.042843,0.348929
trial_6,855,0.216764,0.530514
trial_6,856,0.479899,0.828204
trial_6,857,0.005819,0.649492
trial_6,858,0.113127,0.478865
trial_6,859,0.047249,0.369784
trial_6,860,0.333639,0.563307
trial_6,861,0.224911,0.411202
trial_6,862,0.115658,0.389196
trial_6,863,0.142322,0.419135
trial_6,864,0.011013,0.376239
trial_6,865,0.076595,0.358269
trial_6,866,0.104545,0.435217
trial_6,867,0.217833,0.514652
trial_6,868,0.256423,0.538167
trial_6,869,0.171895,0.777120
trial_6,870,0.138920,0.517254
trial_6,871,0.053477,0.391899
trial_6,872,0.202376,0.638336
trial_6,873,0.028790,0.392237
trial_6,874,0.078711,0.410556
trial_6,875,0.060777,0.435434
trial_6,876,0.270295,0.413490
trial_6,877,0.059840,0.349852
trial_6,878,0.127627,0.412243
trial_6,879,0.172224,0.463950
trial_6,880,0.150392,0.509020
trial_6,881,0.057966,0.390373
trial_6,882,0.014925,0.568236
trial_6,883,0.064634,0.518215
trial_6,884,0.056551,0.479099
trial_6,885,0.294584,0.530015
trial_6,886,0.142700,0.449460
trial_6,887,0.430687,3.174076
trial_6,888,0.176570,1.006687
trial_6,889,0.107677,0.944952
trial_6,890,0.497012,0.926375
trial_6,891,0.213211,0.456020
trial_6,892,0.056878,0.692183
trial_6,893,0.131967,0.557227
trial_6,894,0.329379,1.159100
trial_6,895,0.297040,0.682392
trial_6,896,0.248400,0.949280
trial_6,897,0.031688,0.373282
trial_6,898,0.158852,0.883036
trial_6,899,0.011533,0.448110
trial_6,900,0.130723,0.576573
trial_6,901,0.058106,0.303694
trial_6,902,0.082711,0.569971
trial_6,903,0.325437,0.427914
trial_6,904,0.064475,0.419075
trial_6,905,0.156260,0.482007
trial_6,906,0.121782,0.432234
trial_6,907,0.078173,0.332227
trial_6,908,0.117252,0.340559
trial_6,909,0.138632,1.665086
trial_6,910,0.134850,0.468103
trial_6,911,0.026361,0.324633
trial_6,912,0.068427,0.481802
trial_6,913,0.120193,0.588481
trial_6,914,0.012836,0.482516
trial_6,915,0.168959,0.389410
trial_6,916,0.025666,0.296416
trial_6,917,0.058655,0.235060
trial_6,918,0.152080,0.341619
trial_6,919,0.452000,0.956267
trial_6,920,0.030494,0.547804
trial_6,921,0.267416,0.404790
trial_6,922,0.093238,0.445920
trial_6,923,0.434951,0.656310
trial_6,924,0.117413,2.302311
trial_6,925,0.071251,1.289896
trial_6,926,0.003659,0.405034
trial_6,927,0.022499,0.419099
trial_6,928,0.142000,0.695966
trial_6,929,0.059208,0.354728
trial_6,930,0.294003,0.560429
trial_6,931,0.094896,1.701111
trial_6,932,0.150647,0.436421
trial_6,933,0.230099,0.534019
trial_6,934,0.175265,0.412607
trial_6,935,0.211581,0.493332
trial_6,936,0.029154,0.920365
trial_6,937,0.137409,0.622986
trial_6,938,0.092750,0.328259
trial_6,939,0.154990,0.485803
trial_6,940,0.201163,0.613218
trial_6,941,0.021739,0.330513
trial_6,942,0.007023,0.244617
trial_6,943,0.075925,0.434570
trial_6,944,0.095894,0.232620
trial_6,945,0.040787,0.286252
trial_6,946,0.155181,0.376034
trial_6,947,0.167723,0.410708
trial_6,948,0.210458,0.603049
trial_6,949,0.089697,0.816090
trial_6,950,0.042753,0.322955
trial_6,951,0.383048,0.501564
trial_6,952,0.074693,0.325942
trial_6,953,0.083438,0.337618
trial_6,954,0.246394,0.412835
trial_6,955,0.053750,0.475852
trial_6,956,0.069402,0.294145
trial_6,957,0.203023,1.130779
trial_6,958,0.225822,0.444131
trial_6,959,0.171570,0.719517
trial_6,960,0.000906,0.460427
trial_6,961,0.091133,0.494838
trial_6,962,1.099561,12.341539
trial_6,963,0.021894,0.618212
trial_6,964,0.098482,0.197537
trial_6,965,0.044302,0.369693
trial_6,966,0.059190,0.388016
trial_6,967,0.083587,0.635445
trial_6,968,0.017818,0.266668
trial_6,969,0.264658,0.432981
trial_6,970,0.124827,0.453437
trial_6,971,0.136015,0.283536
trial_6,972,0.117382,0.548988
trial_6,973,0.054670,0.447550
trial_6,974,0.107960,0.637589
trial_6,975,0.256742,0.501604
trial_6,976,0.024702,0.337466
trial_6,977,0.313864,0.528325
trial_6,978,0.257349,0.501802
trial_6,979,0.142354,0.216649
trial_6,980,0.155912,0.322183
trial_6,981,0.125540,0.481183
trial_6,982,0.306364,0.578398
trial_6,983,0.096368,0.329428
trial_6,984,0.095871,0.370691
trial_6,985,0.081500,0.503073
trial_6,986,0.055996,0.410128
trial_6,987,0.001134,0.445418
trial_6,988,0.251974,0.906409
trial_6,989,0.102134,0.479867
trial_6,990,0.035268,0.304112
trial_6,991,0.070274,0.549641
trial_6,992,0.185669,0.439117
trial_6,993,0.244548,0.700957
trial_6,994,0.197599,0.378154
trial_6,995,0.026937,0.353934
trial_6,996,0.007925,0.338874
trial_6,997,0.187742,2.108707
trial_6,998,0.085166,0.441587
trial_6,999,0.113541,0.291247
trial_6,1000,0.097887,0.339855
trial_7,1,0.068771,0.523800
trial_7,2,0.018760,0.322518
trial_7,3,0.096726,0.262591
trial_7,4,0.056498,0.332894
trial_7,5,0.237673,0.486025
trial_7,6,0.160459,0.245373
trial_7,7,0.302856,0.356628
trial_7,8,0.045321,0.340071
trial_7,9,0.383852,0.674070
trial_7,10,0.123427,0.428629
trial_7,11,0.071751,0.370185
trial_7,12,0.041377,0.303501
trial_7,13,0.102325,1.536290
trial_7,14,0.224024,0.887859
trial_7,15,0.044026,0.428278
trial_7,16,0.161032,0.334322
trial_7,17,0.179326,0.478877
trial_7,18,0.018319,0.456178
trial_7,19,0.032832,0.342208
trial_7,20,0.069069,0.671067
trial_7,21,0.035238,1.195632
trial_7,22,0.039324,0.342209
trial_7,23,0.144259,0.447739
trial_7,24,0.143788,0.481707
trial_7,25,0.005212,0.436451
trial_7,26,0.057318,0.425747
trial_7,27,0.014704,0.335406
trial_7,28,0.049114,2.107010
trial_7,29,0.126035,0.444228
trial_7,30,0.152407,0.326808
trial_7,31,0.148602,0.328042
trial_7,32,0.099600,0.384496
trial_7,33,0.038346,0.301303
trial_7,34,0.234421,1.896792
trial_7,35,0.281195,0.616690
trial_7,36,0.180823,0.411782
trial_7,37,0.098635,0.512418
trial_7,38,0.165464,0.468650
trial_7,39,0.209367,0.486807
trial_7,40,0.213395,0.414619
trial_7,41,0.003110,0.260377
trial_7,42,0.191275,0.339933
trial_7,43,0.156038,0.327364
trial_7,44,0.299840,0.487796
trial_7,45,0.006718,0.428383
trial_7,46,0.003904,0.371588
trial_7,47,0.061482,0.290516
trial_7,48,0.104333,0.320504
trial_7,49,0.093767,0.344606
trial_7,50,0.358000,0.576467
trial_7,51,0.129062,0.307561
trial_7,52,0.154041,0.403502
trial_7,53,0.033960,0.423265
trial_7,54,0.014550,0.379796
trial_7,55,0.089999,0.384110
trial_7,56,0.096058,0.258460
trial_7,57,0.210019,0.314509
trial_7,58,0.054058,0.467891
trial_7,59,0.019937,0.226102
trial_7,60,0.043000,1.808425
trial_7,61,0.173644,0.428470
trial_7,62,0.092320,0.252873
trial_7,63,0.112205,0.377413
trial_7,64,0.106234,0.402399
trial_7,65,0.180888,0.506193
trial_7,66,0.056305,0.310139
trial_7,67,0.069008,0.301257
trial_7,68,0.252671,0.499170
trial_7,69,0.048306,0.490990
trial_7,70,0.020206,0.306140
trial_7,71,0.089232,0.535943
trial_7,72,0.164203,0.316453
trial_7,73,0.074261,0.270296
trial_7,74,0.030647,0.336904
trial_7,75,0.200809,0.287240
trial_7,76,0.022440,0.329417
trial_7,77,0.092355,0.307951
trial_7,78,0.035743,0.237195
trial_7,79,0.013810,0.240875
trial_7,80,0.067465,0.305050
trial_7,81,0.349284,0.589100
trial_7,82,0.429898,1.662088
trial_7,83,0.248915,0.490898
trial_7,84,0.373564,2.740357
trial_7,85,0.296777,0.718415
trial_7,86,0.273400,0.461972
trial_7,87,0.233856,0.589888
trial_7,88,0.118965,0.271865
trial_7,89,0.017304,0.279153
trial_7,90,0.099005,0.381583
trial_7,91,0.131296,0.565149
trial_7,92,0.023686,0.446711
trial_7,93,0.119346,0.730858
trial_7,94,0.121367,0.366565
trial_7,95,0.088539,0.298227
trial_7,96,0.161784,0.487137
trial_7,97,0.219331,0.632539
trial_7,98,0.169958,0.580241
trial_7,99,0.059577,0.459328
trial_7,100,0.072821,0.312551
trial_7,101,0.069910,0.357212
trial_7,102,0.153698,0.425195
trial_7,103,0.113183,0.539951
trial_7,104,0.044190,0.375667
trial_7,105,0.066599,0.486956
trial_7,106,0.060341,0.339225
trial_7,107,0.019529,0.252780
trial_7,108,0.127322,1.048591
trial_7,109,0.083256,0.623715
trial_7,110,0.002916,0.411278
trial_7,111,0.200318,0.412155
trial_7,112,0.189961,0.378031
trial_7,113,0.090944,0.381578
trial_7,114,0.048150,0.387901
trial_7,115,0.155120,0.393713
trial_7,116,0.343484,0.452445
trial_7,117,0.043868,0.360454
trial_7,118,0.044705,0.374037
trial_7,119,0.130511,1.182409
trial_7,120,0.198732,0.345646
trial_7,121,0.324411,0.528238
trial_7,122,0.003224,0.261729
trial_7,123,0.171091,0.336835
trial_7,124,0.069077,0.444790
trial_7,125,0.190399,0.586095
trial_7,126,0.064721,0.512186
trial_7,127,0.297335,0.486019
trial_7,128,0.167593,0.258574
trial_7,129,0.158912,0.467277
trial_7,130,0.054297,0.897276
trial_7,131,0.035803,0.362082
trial_7,132,0.088602,0.335196
trial_7,133,0.176443,0.972880
trial_7,134,0.118853,0.440365
trial_7,135,0.034557,0.269790
trial_7,136,0.173865,0.383158
trial_7,137,0.063305,0.488236
trial_7,138,0.063609,0.395294
trial_7,139,0.144037,0.309399
trial_7,140,0.154491,0.273132
trial_7,141,0.080398,0.388468
trial_7,142,0.087103,0.430576
trial_7,143,0.073420,0.519965
trial_7,144,0.009832,0.530510
trial_7,145,0.054832,0.330498
trial_7,146,0.216856,1.150837
trial_7,147,0.009498,0.691343
trial_7,148,0.030479,0.418095
trial_7,149,0.041299,0.826507
trial_7,150,0.042961,0.260370
trial_7,151,0.146435,0.290093
trial_7,152,0.258691,0.436541
trial_7,153,0.251018,0.482088
trial_7,154,0.127055,0.385915
trial_7,155,0.030986,0.389351
trial_7,156,0.284089,0.595810
trial_7,157,0.348877,0.775021
trial_7,158,0.198940,0.436618
trial_7,159,0.000369,0.203566
trial_7,160,0.358754,0.505350
trial_7,161,0.162660,0.405120
trial_7,162,0.062641,0.259328
trial_7,163,0.003766,0.345561
trial_7,164,0.094079,0.267825
trial_7,165,0.013665,0.289815
trial_7,166,0.014212,0.467710
trial_7,167,0.080469,0.200674
trial_7,168,0.067344,0.286894
trial_7,169,0.087737,0.213737
trial_7,170,0.090402,0.319636
trial_7,171,0.025933,0.238903
trial_7,172,0.006783,0.516159
trial_7,173,0.034797,0.322781
trial_7,174,0.256723,0.397744
trial_7,175,0.035539,0.264255
trial_7,176,0.098396,0.450243
trial_7,177,0.088800,0.401358
trial_7,178,0.177504,0.281880
trial_7,179,0.083757,0.276686
trial_7,180,0.107757,0.628535
trial_7,181,0.088758,0.585073
trial_7,182,0.302081,0.506877
trial_7,183,0.022150,0.217055
trial_7,184,0.072625,0.493905
trial_7,185,0.326582,0.429522
trial_7,186,0.234041,0.450187
trial_7,187,0.193114,0.445392
trial_7,188,0.220396,0.397447
trial_7,189,0.039035,0.281494
trial_7,190,0.182569,0.325577
trial_7,191,0.121138,0.358754
trial_7,192,0.114863,0.331013
trial_7,193,0.292543,0.371682
trial_7,194,0.071876,0.317961
trial_7,195,0.131802,0.345006
trial_7,196,0.016873,0.436954
trial_7,197,0.108990,0.360868
trial_7,198,0.258230,0.394906
trial_7,199,0.127646,0.451829
trial_7,200,0.210383,0.452032
trial_7,201,0.041677,0.368087
trial_7,202,0.034639,0.177542
trial_7,203,0.002739,0.212350
trial_7,204,0.123510,0.384819
trial_7,205,0.135794,0.299119
trial_7,206,0.031327,0.334937
trial_7,207,0.114706,0.309396
trial_7,208,0.091038,0.317250
trial_7,209,0.195389,1.350124
trial_7,210,0.256405,0.510741
trial_7,211,0.053579,0.321785
trial_7,212,0.129223,0.277574
trial_7,213,0.039590,0.367946
trial_7,214,0.137872,0.359894
trial_7,215,0.033080,0.307529
trial_7,216,0.235727,0.365037
trial_7,217,0.159338,0.355653
trial_7,218,0.056191,1.214644
trial_7,219,1.895078,12.283435
trial_7,220,0.058886,0.722169
trial_7,221,0.126915,0.295061
trial_7,222,0.139253,0.320052
trial_7,223,0.293991,0.373449
trial_7,224,0.001351,0.283422
trial_7,225,0.229677,0.442609
trial_7,226,0.032862,0.347307
trial_7,227,0.205727,0.336436
trial_7,228,0.229061,0.346545
trial_7,229,0.164272,0.486669
trial_7,230,0.022499,0.363069
trial_7,231,0.139082,0.609614
trial_7,232,0.253979,0.382933
trial_7,233,0.016298,0.331286
trial_7,234,0.009909,0.221560
trial_7,235,0.068368,0.616942
trial_7,236,0.157181,0.262726
trial_7,237,0.238123,0.493138
trial_7,238,0.302900,0.502281
trial_7,239,0.074920,0.311768
trial_7,240,0.241543,0.365196
trial_7,241,0.137895,0.331552
trial_7,242,0.031854,0.196376
trial_7,243,0.024800,0.476479
trial_7,244,0.147509,0.573767
trial_7,245,0.286196,1.189612
trial_7,246,0.069318,0.452731
trial_7,247,0.059216,0.451845
trial_7,248,0.113906,0.357663
trial_7,249,0.233177,0.504431
trial_7,250,0.137569,0.538186
trial_7,251,0.012578,0.243324
trial_7,252,0.049484,0.435889
trial_7,253,0.103797,0.291431
trial_7,254,0.089799,0.489495
trial_7,255,0.456265,1.449838
trial_7,256,0.302867,0.938339
trial_7,257,0.097279,0.367235
trial_7,258,0.246973,0.466655
trial_7,259,0.153374,0.386936
trial_7,260,0.008106,0.210627
trial_7,261,0.216552,0.313620
trial_7,262,0.034623,0.405473
trial_7,263,0.053069,0.361944
trial_7,264,0.008653,0.749720
trial_7,265,0.014798,0.333624
trial_7,266,0.017229,0.443896
trial_7,267,0.118725,1.038925
trial_7,268,0.047695,0.247722
trial_7,269,0.018955,0.334821
trial_7,270,0.010066,0.257823
trial_7,271,0.008086,0.405170
trial_7,272,0.178238,0.420201
trial_7,273,0.102104,0.367500
trial_7,274,0.284760,0.406449
trial_7,275,0.086089,0.400958
trial_7,276,0.051252,0.559554
trial_7,277,0.036216,0.331512
trial_7,278,0.025510,0.230054
trial_7,279,0.080241,0.309869
trial_7,280,0.045892,0.368874
trial_7,281,0.190221,0.516790
trial_7,282,0.373022,0.855882
trial_7,283,0.023666,0.353040
trial_7,284,0.272890,0.433838
trial_7,285,0.038881,0.252144
trial_7,286,0.025388,0.431702
trial_7,287,0.146734,0.395016
trial_7,288,0.028808,0.460890
trial_7,289,0.137973,0.609407
trial_7,290,0.027266,0.438819
trial_7,291,0.020957,0.608717
trial_7,292,0.021177,0.552509
trial_7,293,0.081989,0.460499
trial_7,294,0.047083,0.204888
trial_7,295,0.008659,0.268003
trial_7,296,0.185360,0.444103
trial_7,297,0.189635,0.390750
trial_7,298,0.172179,0.553014
trial_7,299,0.136678,0.210877
trial_7,300,0.209242,0.401085
trial_7,301,0.146245,0.421388
trial_7,302,0.059365,0.529200
trial_7,303,0.211323,0.449492
trial_7,304,0.082495,0.183009
trial_7,305,0.112558,0.477267
trial_7,306,0.034001,0.305944
trial_7,307,0.074244,0.285773
trial_7,308,0.058351,0.452066
trial_7,309,0.218801,0.612116
trial_7,310,0.041311,0.991092
trial_7,311,0.169782,0.367439
trial_7,312,0.083965,0.378355
trial_7,313,0.033371,0.313103
trial_7,314,0.274037,0.474958
trial_7,315,0.122768,0.496842
trial_7,316,0.111508,0.330835
trial_7,317,0.038059,0.604613
trial_7,318,0.151430,0.600276
trial_7,319,0.054322,0.391161
trial_7,320,0.005267,0.377299
trial_7,321,0.108765,0.504305
trial_7,322,0.291572,0.410256
trial_7,323,0.141086,0.338053
trial_7,324,0.449603,0.618191
trial_7,325,0.055485,0.347640
trial_7,326,0.372945,0.538064
trial_7,327,0.299486,0.506520
trial_7,328,0.348409,0.440453
trial_7,329,0.097462,1.824099
trial_7,330,0.208680,0.779823
trial_7,331,0.148295,0.434665
trial_7,332,0.318346,0.550369
trial_7,333,0.108712,0.342127
trial_7,334,0.470156,0.566016
trial_7,335,0.065603,0.285561
trial_7,336,0.361078,0.484818
trial_7,337,0.119321,0.425320
trial_7,338,0.097275,0.825793
trial_7,339,0.174929,0.488447
trial_7,340,0.165957,0.308042
trial_7,341,0.034325,4.041344
trial_7,342,0.088282,0.652697
trial_7,343,0.099067,0.311814
trial_7,344,0.066669,0.554613
trial_7,345,0.577148,5.333068
trial_7,346,0.123512,0.619761
trial_7,347,0.107221,0.550448
trial_7,348,0.281356,0.452900
trial_7,349,0.105845,0.429052
trial_7,350,0.044624,0.372506
trial_7,351,0.044988,0.458358
trial_7,352,0.069668,0.519616
trial_7,353,0.061814,0.306474
trial_7,354,0.066308,0.444727
trial_7,355,0.053033,0.237817
trial_7,356,0.062129,0.230080
trial_7,357,0.047362,0.547861
trial_7,358,0.205069,0.398093
trial_7,359,0.252428,0.377597
trial_7,360,0.112034,0.356736
trial_7,361,0.119955,0.462943
trial_7,362,0.001898,1.520546
trial_7,363,0.193633,0.509182
trial_7,364,0.153975,0.279445
trial_7,365,0.150797,0.412619
trial_7,366,0.027597,0.375526
trial_7,367,0.294514,0.413143
trial_7,368,0.088023,0.328040
trial_7,369,0.026741,0.277426
trial_7,370,0.142023,0.458542
trial_7,371,0.112805,0.346419
trial_7,372,0.097613,0.424984
trial_7,373,0.106284,0.436621
trial_7,374,0.068038,0.480716
trial_7,375,0.354224,0.427859
trial_7,376,0.095224,0.304140
trial_7,377,0.003433,0.435765
trial_7,378,0.072137,0.232318
trial_7,379,0.240317,0.325087
trial_7,380,0.033768,0.305376
trial_7,381,0.029526,0.277598
trial_7,382,0.211473,0.378474
trial_7,383,0.451252,1.736101
trial_7,384,0.104819,0.299484
trial_7,385,0.392056,0.898411
trial_7,386,0.187883,0.628859
trial_7,387,0.139826,0.534348
trial_7,388,0.067665,0.575164
trial_7,389,0.108745,0.373124
trial_7,390,0.044972,0.529859
trial_7,391,0.232509,0.462402
trial_7,392,0.127794,0.304915
trial_7,393,0.202877,0.465372
trial_7,394,0.088331,0.393774
trial_7,395,0.265840,0.581578
trial_7,396,0.065939,0.241959
trial_7,397,0.066277,0.275825
trial_7,398,0.058173,0.363119
trial_7,399,0.087128,0.883227
trial_7,400,0.042174,0.367172
trial_7,401,0.166064,0.347003
trial_7,402,0.207806,0.883878
trial_7,403,0.052045,0.466016
trial_7,404,0.317936,0.431402
trial_7,405,0.088504,0.364697
trial_7,406,0.218768,0.464394
trial_7,407,0.173397,0.349086
trial_7,408,0.038500,0.328921
trial_7,409,0.112351,0.305907
trial_7,410,0.110350,0.411333
trial_7,411,0.050399,0.414079
trial_7,412,0.163133,0.326400
trial_7,413,0.095957,0.439745
trial_7,414,0.237269,0.392044
trial_7,415,0.193470,0.342764
trial_7,416,0.163360,1.507765
trial_7,417,0.169415,0.531535
trial_7,418,0.222851,0.465940
trial_7,419,0.065556,0.683627
trial_7,420,0.015191,0.497417
trial_7,421,0.164785,0.355418
trial_7,422,0.053168,0.507822
trial_7,423,0.055520,0.262350
trial_7,424,0.048697,0.272755
trial_7,425,0.032764,0.262714
trial_7,426,0.031137,0.172307
trial_7,427,0.012500,0.273991
trial_7,428,0.113661,0.492960
trial_7,429,0.145453,0.337335
trial_7,430,0.183109,0.361566
trial_7,431,0.057251,0.444972
trial_7,432,0.142049,0.712371
trial_7,433,0.087925,0.317726
trial_7,434,0.121116,0.369915
trial_7,435,0.255459,0.984468
trial_7,436,0.106599,0.491126
trial_7,437,0.128619,0.654896
trial_7,438,0.334688,0.481421
trial_7,439,0.095523,0.411465
trial_7,440,0.093832,0.661138
trial_7,441,0.269936,0.717365
trial_7,442,0.014444,0.541814
trial_7,443,0.060365,0.273212
trial_7,444,0.234718,0.535047
trial_7,445,0.232271,0.432853
trial_7,446,0.095444,0.331721
trial_7,447,0.054779,0.451800
trial_7,448,0.002958,0.430420
trial_7,449,0.023486,0.490377
trial_7,450,0.097382,0.405303
trial_7,451,0.048033,0.364161
trial_7,452,0.154971,0.406675
trial_7,453,0.038017,0.461963
trial_7,454,0.016785,0.192326
trial_7,455,0.084943,0.407030
trial_7,456,0.200832,0.352525
trial_7,457,0.107417,0.238370
trial_7,458,0.045164,0.392702
trial_7,459,0.094270,0.456117
trial_7,460,0.122249,0.304717
trial_7,461,0.153776,0.360277
trial_7,462,0.091111,0.381765
trial_7,463,0.046219,0.338362
trial_7,464,0.082766,0.305461
trial_7,465,0.021357,0.318962
trial_7,466,0.067902,0.363608
trial_7,467,0.186634,0.369454
trial_7,468,0.137289,0.253354
trial_7,469,0.322240,0.713349
trial_7,470,0.108022,0.622848
trial_7,471,0.181066,0.441565
trial_7,472,0.215404,0.346535
trial_7,473,0.064494,0.514083
trial_7,474,0.126746,0.469868
trial_7,475,0.158616,0.577586
trial_7,476,0.012869,0.546783
trial_7,477,0.207141,0.609276
trial_7,478,0.011953,0.338883
trial_7,479,0.023928,0.322228
trial_7,480,0.214066,0.499840
trial_7,481,0.119586,0.542444
trial_7,482,0.078406,0.363756
trial_7,483,0.077728,0.324298
trial_7,484,0.043122,0.421707
trial_7,485,0.033846,0.253101
trial_7,486,0.068088,0.311871
trial_7,487,0.363828,0.569678
trial_7,488,0.039351,0.318260
trial_7,489,0.105439,0.285065
trial_7,490,0.132226,0.487603
trial_7,491,0.002239,0.232255
trial_7,492,0.019107,0.348040
trial_7,493,0.251222,0.467684
trial_7,494,0.065722,0.393389
trial_7,495,0.025175,0.242198
trial_7,496,0.137241,0.263648
trial_7,497,0.153004,0.482684
trial_7,498,0.062590,0.282976
trial_7,499,0.106128,0.554931
trial_7,500,0.220537,0.682857
trial_7,501,0.187651,0.353181
trial_7,502,0.144456,0.344079
trial_7,503,0.030313,0.299746
trial_7,504,0.200687,0.404961
trial_7,505,0.039021,0.490010
trial_7,506,0.023806,0.294612
trial_7,507,0.058034,0.970124
trial_7,508,0.129379,0.362654
trial_7,509,0.090925,0.354869
trial_7,510,0.186718,0.497544
trial_7,511,0.111246,0.349176
trial_7,512,0.190505,1.668928
trial_7,513,0.054310,0.308551
trial_7,514,0.030813,0.346046
trial_7,515,0.648083,5.080882
trial_7,516,0.148599,0.386838
trial_7,517,0.061403,1.015560
trial_7,518,0.140485,0.633970
trial_7,519,0.091219,0.367114
trial_7,520,0.084842,0.244778
trial_7,521,0.055581,0.269566
trial_7,522,0.082834,0.331935
trial_7,523,0.069700,0.583009
trial_7,524,0.116802,0.506517
trial_7,525,0.042521,0.439912
trial_7,526,0.002677,0.338898
trial_7,527,0.065297,0.271963
trial_7,528,0.210420,0.409364
trial_7,529,0.090952,0.388748
trial_7,530,0.004838,0.367475
trial_7,531,0.351724,0.470930
trial_7,532,0.288099,0.434956
trial_7,533,0.127576,0.281868
trial_7,534,0.109473,0.426794
trial_7,535,0.230519,0.465149
trial_7,536,0.115526,0.512608
trial_7,537,0.115299,0.587158
trial_7,538,0.081870,0.560475
trial_7,539,0.036807,0.357800
trial_7,540,0.023541,0.474506
trial_7,541,0.107551,0.481455
trial_7,542,0.152028,0.445541
trial_7,543,0.197749,0.324293
trial_7,544,0.203227,0.281609
trial_7,545,0.081650,0.319204
trial_7,546,0.023349,0.467129
trial_7,547,0.207500,0.468422
trial_7,548,0.013008,0.349436
trial_7,549,0.032466,0.276298
trial_7,550,0.036254,0.488466
trial_7,551,0.000030,0.260497
trial_7,552,0.076283,0.408143
trial_7,553,0.066630,0.341954
trial_7,554,0.408804,0.689762
trial_7,555,0.010577,0.256954
trial_7,556,0.360719,0.444618
trial_7,557,0.027456,0.425996
trial_7,558,0.155069,0.274267
trial_7,559,0.091304,0.301324
trial_7,560,0.266402,0.376518
trial_7,561,0.081430,0.364398
trial_7,562,0.217652,0.408342
trial_7,563,0.213005,0.302535
trial_7,564,0.038459,0.248958
trial_7,565,0.221166,0.470794
trial_7,566,0.251466,0.350370
trial_7,567,0.125251,0.524324
trial_7,568,0.133220,0.389875
trial_7,569,0.061113,0.473180
trial_7,570,0.169552,0.335344
trial_7,571,0.098506,0.457045
trial_7,572,0.109208,0.316388
trial_7,573,0.308714,0.390972
trial_7,574,0.118465,0.229094
trial_7,575,0.035141,0.578195
trial_7,576,0.054990,0.505706
trial_7,577,0.027206,0.265045
trial_7,578,0.029296,0.290798
trial_7,579,0.213879,0.321572
trial_7,580,0.343779,0.459270
trial_7,581,0.217249,0.351927
trial_7,582,0.010635,0.279283
trial_7,583,0.011660,0.381780
trial_7,584,0.085741,0.301962
trial_7,585,0.157973,0.371158
trial_7,586,0.002026,0.380956
trial_7,587,0.005114,0.249313
trial_7,588,0.017120,0.242806
trial_7,589,2.475228,20.456364
trial_7,590,0.068262,0.357774
trial_7,591,0.125046,0.319507
trial_7,592,0.137026,0.256131
trial_7,593,0.041840,0.383652
trial_7,594,0.247093,0.336547
trial_7,595,0.284149,0.475666
trial_7,596,0.093401,0.412567
trial_7,597,0.114866,0.250030
trial_7,598,0.040348,0.440660
trial_7,599,0.028843,0.407237
trial_7,600,0.034752,0.247760
trial_7,601,0.282074,0.477002
trial_7,602,0.046805,0.343068
trial_7,603,0.041927,0.467508
trial_7,604,0.017474,0.302879
trial_7,605,0.174667,0.409423
trial_7,606,0.066234,0.516569
trial_7,607,0.246177,0.430072
trial_7,608,0.058910,0.311501
trial_7,609,0.140847,0.405974
trial_7,610,0.265443,0.638362
trial_7,611,0.163538,0.507832
trial_7,612,0.208527,0.318149
trial_7,613,0.198306,0.488409
trial_7,614,0.075598,0.432859
trial_7,615,0.096198,0.265111
trial_7,616,0.210497,0.486405
trial_7,617,0.168943,0.382288
trial_7,618,0.377335,0.420679
trial_7,619,1.594616,6.011106
trial_7,620,0.038311,0.520829
trial_7,621,0.158386,0.364449
trial_7,622,0.371054,2.585111
trial_7,623,0.084016,0.284425
trial_7,624,0.210092,0.437098
trial_7,625,0.249759,0.483007
trial_7,626,0.274906,0.424090
trial_7,627,0.023126,0.575816
trial_7,628,0.365075,0.571466
trial_7,629,0.022599,0.316881
trial_7,630,0.084660,0.524455
trial_7,631,0.083849,0.559818
trial_7,632,0.063928,0.332285
trial_7,633,0.036080,0.389007
trial_7,634,0.053634,0.358868
trial_7,635,0.048055,0.428752
trial_7,636,0.083486,0.367464
trial_7,637,0.102353,0.364804
trial_7,638,0.215326,0.606354
trial_7,639,0.261470,0.434220
trial_7,640,0.207685,0.351238
trial_7,641,0.320322,0.648723
trial_7,642,0.048439,0.274480
trial_7,643,0.034293,0.356327
trial_7,644,0.004184,0.614235
trial_7,645,0.011272,0.354897
trial_7,646,0.016673,0.620997
trial_7,647,0.113702,1.055323
trial_7,648,0.117641,0.938037
trial_7,649,0.214338,0.457444
trial_7,650,0.251629,0.535300
trial_7,651,0.168316,0.445194
trial_7,652,0.042996,0.587696
trial_7,653,0.192020,0.475822
trial_7,654,0.137682,0.332284
trial_7,655,0.021647,0.214192
trial_7,656,0.114441,0.414004
trial_7,657,0.119810,0.587560
trial_7,658,0.506492,0.639979
trial_7,659,0.245414,0.501976
trial_7,660,0.135935,0.444476
trial_7,661,0.068337,0.527015
trial_7,662,0.151641,0.681748
trial_7,663,0.099113,0.487200
trial_7,664,0.205053,0.340741
trial_7,665,0.136798,0.723535
trial_7,666,0.342532,0.744236
trial_7,667,0.054296,0.356842
trial_7,668,0.172187,0.272483
trial_7,669,0.204290,0.378939
trial_7,670,0.048720,0.187005
trial_7,671,0.009332,0.245531
trial_7,672,0.174963,0.361255
trial_7,673,0.320828,2.514394
trial_7,674,0.180595,0.469664
trial_7,675,0.235369,0.404854
trial_7,676,0.002567,0.342944
trial_7,677,0.046979,0.377580
trial_7,678,0.154709,0.305059
trial_7,679,0.106992,0.512841
trial_7,680,0.050888,0.415611
trial_7,681,0.169207,0.273745
trial_7,682,0.199713,0.824909
trial_7,683,0.100453,0.367187
trial_7,684,0.169848,0.726827
trial_7,685,0.076755,0.380153
trial_7,686,0.002909,0.265302
trial_7,687,0.173605,0.339883
trial_7,688,0.175275,0.272387
trial_7,689,0.157928,0.407962
trial_7,690,0.145262,0.553284
trial_7,691,0.079054,0.293274
trial_7,692,0.073551,0.212458
trial_7,693,0.290725,0.508437
trial_7,694,0.294218,0.576900
trial_7,695,0.254765,0.399259
trial_7,696,0.042294,0.389675
trial_7,697,0.233588,1.185339
trial_7,698,0.151537,0.269693
trial_7,699,0.136270,0.313754
trial_7,700,0.144640,0.328673
trial_7,701,0.052946,0.435626
trial_7,702,0.107053,0.572042
trial_7,703,0.153923,0.503290
trial_7,704,0.051761,0.305208
trial_7,705,0.063998,0.304602
trial_7,706,0.131892,0.336298
trial_7,707,0.025136,0.322601
trial_7,708,0.199159,0.392281
trial_7,709,0.121109,0.642063
trial_7,710,0.048318,0.416908
trial_7,711,0.080196,0.354612
trial_7,712,0.102739,0.395908
trial_7,713,0.169391,1.077723
trial_7,714,0.053925,0.329698
trial_7,715,0.069536,0.254105
trial_7,716,0.073923,0.694324
trial_7,717,0.171211,0.314993
trial_7,718,0.041238,0.333850
trial_7,719,0.028240,0.195140
trial_7,720,0.055363,0.339089
trial_7,721,0.119050,0.391731
trial_7,722,0.127620,0.370932
trial_7,723,0.051520,0.166734
trial_7,724,0.054377,1.733931
trial_7,725,0.108886,0.446142
trial_7,726,0.310295,0.557126
trial_7,727,0.222390,0.718853
trial_7,728,0.244449,0.493485
trial_7,729,0.252350,0.372407
trial_7,730,0.054058,0.341245
trial_7,731,0.034645,0.340088
trial_7,732,0.066291,0.286595
trial_7,733,0.149103,0.422879
trial_7,734,0.073400,0.236574
trial_7,735,0.036105,0.346127
trial_7,736,0.042263,0.383624
trial_7,737,0.144277,0.496653
trial_7,738,0.040565,0.483699
trial_7,739,0.119940,0.318152
trial_7,740,0.029932,0.311996
trial_7,741,0.108428,0.276022
trial_7,742,0.182646,0.546191
trial_7,743,0.292430,0.481025
trial_7,744,0.107137,0.445381
trial_7,745,0.206871,0.380842
trial_7,746,0.208597,0.383813
trial_7,747,0.171371,0.308163
trial_7,748,0.123177,0.349392
trial_7,749,0.003619,0.257757
trial_7,750,0.019466,0.241724
trial_7,751,0.308511,0.675415
trial_7,752,0.188141,0.406989
trial_7,753,0.279393,0.481727
trial_7,754,0.115864,0.377379
trial_7,755,0.083262,0.368743
trial_7,756,0.133168,0.314945
trial_7,757,0.031923,0.314146
trial_7,758,0.122403,0.383641
trial_7,759,0.131772,0.413756
trial_7,760,0.190827,0.451221
trial_7,761,0.197390,0.430522
trial_7,762,0.128305,0.536827
trial_7,763,0.071790,0.353127
trial_7,764,0.115769,0.584625
trial_7,765,0.080370,0.556562
trial_7,766,0.047647,0.523081
trial_7,767,0.185021,0.422616
trial_7,768,0.053252,0.296457
trial_7,769,0.191066,0.417230
trial_7,770,0.573984,2.605653
trial_7,771,0.092925,0.536867
trial_7,772,3.122951,15.492034
trial_7,773,0.149548,0.597653
trial_7,774,0.281974,0.461226
trial_7,775,0.016643,0.430886
trial_7,776,0.398242,0.773276
trial_7,777,0.177926,0.393927
trial_7,778,0.216294,0.508214
trial_7,779,0.090203,0.450681
trial_7,780,0.158275,0.408972
trial_7,781,0.218914,0.407270
trial_7,782,0.161385,0.713768
trial_7,783,0.088889,0.426126
trial_7,784,0.057599,0.361178
trial_7,785,0.015368,0.367317
trial_7,786,0.196450,0.834653
trial_7,787,0.186965,0.472082
trial_7,788,0.060476,0.402640
trial_7,789,0.074995,0.496317
trial_7,790,0.228876,0.440044
trial_7,791,0.323050,0.667286
trial_7,792,0.165116,0.261832
trial_7,793,0.071653,0.546959
trial_7,794,0.129629,1.084287
trial_7,795,0.134800,0.494877
trial_7,796,0.008066,0.308315
trial_7,797,0.085553,0.310533
trial_7,798,0.009106,0.317221
trial_7,799,0.141015,0.395586
trial_7,800,0.116905,0.457766
trial_7,801,0.002456,0.630350
trial_7,802,0.247864,0.453019
trial_7,803,0.077634,0.284464
trial_7,804,0.158329,0.373775
trial_7,805,0.006270,0.268938
trial_7,806,0.129068,0.513969
trial_7,807,0.259470,0.404894
trial_7,808,0.073832,0.213436
trial_7,809,0.045947,0.331523
trial_7,810,0.167690,0.380039
trial_7,811,0.013312,0.387179
trial_7,812,0.048733,0.547391
trial_7,813,0.042491,0.467934
trial_7,814,0.073869,0.531375
trial_7,815,0.073688,0.391183
trial_7,816,0.245818,0.426032
trial_7,817,0.087114,0.396056
trial_7,818,0.060225,0.575378
trial_7,819,0.032358,0.906079
trial_7,820,0.129587,1.076391
trial_7,821,0.086527,0.424211
trial_7,822,0.075802,0.405934
trial_7,823,0.092581,0.753290
trial_7,824,0.201036,0.301131
trial_7,825,0.219553,0.546322
trial_7,826,0.123760,2.435147
trial_7,827,0.128216,0.460410
trial_7,828,0.014824,0.574093
trial_7,829,0.085604,0.330948
trial_7,830,0.056770,0.345088
trial_7,831,0.043012,0.343552
trial_7,832,0.048169,0.535495
trial_7,833,0.113119,0.406646
trial_7,834,0.215589,0.499792
trial_7,835,0.203007,0.418419
trial_7,836,0.049939,0.253785
trial_7,837,0.319180,0.803411
trial_7,838,0.021573,0.299412
trial_7,839,0.114052,0.351240
trial_7,840,0.058707,0.371954
trial_7,841,0.021191,0.337728
trial_7,842,0.006090,0.223373
trial_7,843,0.153436,0.672257
trial_7,844,0.042024,0.414224
trial_7,845,0.167721,0.258186
trial_7,846,0.060228,0.257656
trial_7,847,0.026345,0.382616
trial_7,848,0.007301,0.853907
trial_7,849,0.044076,0.235306
trial_7,850,0.119354,0.421661
trial_7,851,0.120637,0.411733
trial_7,852,0.267521,0.469867
trial_7,853,0.296358,0.475893
trial_7,854,0.115680,0.289658
trial_7,855,0.196982,0.452540
trial_7,856,0.280427,0.491666
trial_7,857,0.092992,0.410530
trial_7,858,0.132807,0.363551
trial_7,859,0.002840,0.247637
trial_7,860,0.307199,0.452658
trial_7,861,0.157990,0.338780
trial_7,862,0.237850,0.365497
trial_7,863,0.090158,0.473122
trial_7,864,0.135068,0.275518
trial_7,865,0.048153,0.298847
trial_7,866,0.025404,0.378056
trial_7,867,0.071719,0.360534
trial_7,868,0.175899,0.427160
trial_7,869,0.179010,0.475114
trial_7,870,0.099991,0.738688
trial_7,871,0.024898,0.447999
trial_7,872,0.155498,0.521422
trial_7,873,0.037144,0.310336
trial_7,874,0.225491,0.385849
trial_7,875,0.001789,0.385482
trial_7,876,0.300643,0.370066
trial_7,877,0.094773,0.402126
trial_7,878,0.108697,0.429355
trial_7,879,0.060123,0.270570
trial_7,880,0.087522,0.479741
trial_7,881,0.001281,0.298774
trial_7,882,0.086764,0.399950
trial_7,883,0.093382,0.409758
trial_7,884,0.051455,0.513699
trial_7,885,0.174579,0.416017
trial_7,886,0.029456,0.206113
trial_7,887,0.456078,3.384532
trial_7,888,0.314271,0.448548
trial_7,889,0.065230,0.370996
trial_7,890,0.328173,0.635110
trial_7,891,0.146174,0.374024
trial_7,892,0.168409,0.559351
trial_7,893,0.124202,0.435861
trial_7,894,0.199787,0.381281
trial_7,895,0.209819,0.572251
trial_7,896,0.109622,0.746705
trial_7,897,0.010775,0.310531
trial_7,898,0.066588,0.382972
trial_7,899,0.071566,0.350567
trial_7,900,0.085736,0.498966
trial_7,901,0.018936,0.224170
trial_7,902,0.177800,0.428449
trial_7,903,0.150136,0.266005
trial_7,904,0.288600,0.466754
trial_7,905,0.126326,0.437211
trial_7,906,0.087862,0.374559
trial_7,907,0.246164,0.350987
trial_7,908,0.025334,0.202404
trial_7,909,0.121686,0.750798
trial_7,910,0.056987,0.336656
trial_7,911,0.116569,0.251174
trial_7,912,0.103906,0.273552
trial_7,913,0.033998,0.438873
trial_7,914,0.015553,0.481899
trial_7,915,0.047531,0.405647
trial_7,916,0.014216,0.268860
trial_7,917,0.043746,0.262668
trial_7,918,0.103604,0.251753
trial_7,919,0.431187,0.650617
trial_7,920,0.040770,0.539152
trial_7,921,0.110945,0.267945
trial_7,922,0.100319,0.646475
trial_7,923,0.047731,0.448393
trial_7,924,0.120126,1.448118
trial_7,925,0.327726,0.857129
trial_7,926,0.179565,0.361687
trial_7,927,0.000997,0.592086
trial_7,928,0.201153,0.422995
trial_7,929,0.009245,0.450403
trial_7,930,0.121223,0.570671
trial_7,931,0.112401,0.664659
trial_7,932,0.131678,0.419623
trial_7,933,0.125711,0.405656
trial_7,934,0.173128,0.337283
trial_7,935,0.090977,0.334622
trial_7,936,0.055984,0.416722
trial_7,937,0.229357,0.489514
trial_7,938,0.193149,0.319526
trial_7,939,0.093813,0.439591
trial_7,940,0.144602,0.391928
trial_7,941,0.121480,0.550366
trial_7,942,0.072400,0.292126
trial_7,943,0.117004,0.561109
trial_7,944,0.117225,0.286155
trial_7,945,0.028305,0.364952
trial_7,946,0.094328,0.365328
trial_7,947,0.061284,0.367916
trial_7,948,0.185873,0.602742
trial_7,949,0.096473,0.587960
trial_7,950,0.181963,0.414116
trial_7,951,0.137936,0.381269
trial_7,952,0.007882,0.411151
trial_7,953,0.173142,0.443318
trial_7,954,0.006413,0.365450
trial_7,955,0.079695,0.442525
trial_7,956,0.005320,0.308940
trial_7,957,0.043994,0.799937
trial_7,958,0.003016,0.462339
trial_7,959,0.143422,0.697573
trial_7,960,0.144189,0.524765
trial_7,961,0.254241,0.533915
trial_7,962,1.393953,12.148277
trial_7,963,0.076038,0.550543
trial_7,964,0.129232,0.220535
trial_7,965,0.127302,0.262009
trial_7,966,0.039864,0.367027
trial_7,967,0.199570,0.545358
trial_7,968,0.153857,0.288655
trial_7,969,0.249374,0.427975
trial_7,970,0.102841,0.338599
trial_7,971,0.021466,0.220646
trial_7,972,0.027265,0.444298
trial_7,973,0.071308,0.461605
trial_7,974,0.127539,0.574134
trial_7,975,0.245013,0.479245
trial_7,976,0.075530,0.540667
trial_7,977,0.095657,0.390363
trial_7,978,0.114985,0.321104
trial_7,979,0.110197,0.187756
trial_7,980,0.040610,0.244518
trial_7,981,0.051083,0.584495
trial_7,982,0.400840,0.681732
trial_7,983,0.199693,0.317682
trial_7,984,0.007829,0.321261
trial_7,985,0.134513,0.547073
trial_7,986,0.141288,0.366923
trial_7,987,0.162860,0.454144
trial_7,988,0.421763,1.494343
trial_7,989,0.205417,0.440460
trial_7,990,0.110705,0.345058
trial_7,991,0.012245,0.396103
trial_7,992,0.158787,0.322230
trial_7,993,0.176315,0.461525
trial_7,994,0.049671,0.360232
trial_7,995,0.061037,0.440564
trial_7,996,0.089775,0.264868
trial_7,997,0.354607,2.733783
trial_7,998,0.089250,0.318127
trial_7,999,0.143018,0.270512
trial_7,1000,0.036537,0.393031
trial_8,1,0.079908,0.318673
trial_8,2,0.149796,0.309794
trial_8,3,0.068782,0.257095
trial_8,4,0.126396,0.340714
trial_8,5,0.245057,0.445417
trial_8,6,0.082635,0.241408
trial_8,7,0.008007,0.279400
trial_8,8,0.071841,0.357500
trial_8,9,0.307782,0.760596
trial_8,10,0.261438,0.457971
trial_8,11,0.084127,0.460231
trial_8,12,0.447851,0.572063
trial_8,13,0.209278,0.582618
trial_8,14,0.184805,0.292691
trial_8,15,0.249052,0.382914
trial_8,16,0.082997,0.326505
trial_8,17,0.226429,0.416971
trial_8,18,0.078605,0.432480
trial_8,19,0.130596,0.355234
trial_8,20,0.103485,0.246601
trial_8,21,0.047944,0.517191
trial_8,22,0.073166,0.335601
trial_8,23,0.132438,0.518049
trial_8,24,0.230905,0.586688
trial_8,25,0.040810,0.487815
trial_8,26,0.043770,0.605880
trial_8,27,0.053449,0.385533
trial_8,28,0.074148,1.586261
trial_8,29,0.040182,0.298532
trial_8,30,0.051527,0.384746
trial_8,31,0.075579,0.326263
trial_8,32,0.036075,0.410700
trial_8,33,0.082883,0.380625
trial_8,34,0.296076,2.345990
trial_8,35,0.325218,0.605937
trial_8,36,0.205168,0.445060
trial_8,37,0.161353,0.569693
trial_8,38,0.037344,0.514733
trial_8,39,0.126651,0.444348
trial_8,40,0.003732,0.522839
trial_8,41,0.078545,0.298210
trial_8,42,0.051727,0.331412
trial_8,43,0.038616,0.306843
trial_8,44,0.226923,0.451769
trial_8,45,0.032484,0.398517
trial_8,46,0.044873,0.374436
trial_8,47,0.009729,0.292396
trial_8,48,0.077012,0.409644
trial_8,49,0.167174,0.364255
trial_8,50,0.296771,0.568972
trial_8,51,0.252221,0.361861
trial_8,52,0.153466,0.405783
trial_8,53,0.005239,0.480178
trial_8,54,0.032727,0.434987
trial_8,55,0.071977,0.295972
trial_8,56,0.018473,0.268242
trial_8,57,0.072429,0.329285
trial_8,58,0.214159,0.475497
trial_8,59,0.061844,0.234113
trial_8,60,0.312829,1.518634
trial_8,61,0.019532,0.293009
trial_8,62,0.051978,0.316486
trial_8,63,0.038875,0.387863
trial_8,64,0.125921,0.397824
trial_8,65,0.259007,0.605826
trial_8,66,0.032249,0.304327
trial_8,67,0.007955,0.362872
trial_8,68,0.183043,0.440350
trial_8,69,0.183034,0.400274
trial_8,70,0.016241,0.200735
trial_8,71,0.096539,0.631556
trial_8,72,0.223299,0.279811
trial_8,73,0.248951,0.325055
trial_8,74,0.019529,0.266058
trial_8,75,0.218693,0.251187
trial_8,76,0.087123,0.479183
trial_8,77,0.159202,0.363026
trial_8,78,0.055551,0.174626
trial_8,79,0.056064,0.305027
trial_8,80,0.059312,0.236234
trial_8,81,0.459874,1.366786
trial_8,82,0.271807,0.496453
trial_8,83,0.217830,0.413291
trial_8,84,0.394906,2.500201
trial_8,85,0.199283,0.557612
trial_8,86,0.037001,0.468257
trial_8,87,0.154438,0.370487
trial_8,88,0.085747,0.181391
trial_8,89,0.107409,0.285288
trial_8,90,0.056287,0.347219
trial_8,91,0.132981,0.390630
trial_8,92,0.068637,0.432805
trial_8,93,0.140645,0.968982
trial_8,94,0.098353,0.513564
trial_8,95,0.113769,0.327439
trial_8,96,0.008700,0.475386
trial_8,97,0.185910,0.437253
trial_8,98,0.219576,0.614841
trial_8,99,0.017544,0.536146
trial_8,100,0.185016,0.356977
trial_8,101,0.000476,0.334135
trial_8,102,0.162984,0.404873
trial_8,103,0.004640,0.371670
trial_8,104,0.314777,0.516534
trial_8,105,0.068949,0.438575
trial_8,106,0.112984,0.387672
trial_8,107,0.133676,0.315795
trial_8,108,0.140799,0.902137
trial_8,109,0.146721,0.927213
trial_8,110,0.151385,0.561574
trial_8,111,0.459994,0.817006
trial_8,112,0.070427,0.545138
trial_8,113,0.231520,0.534490
trial_8,114,0.017186,0.460601
trial_8,115,0.023788,0.545440
trial_8,116,0.205315,0.399163
trial_8,117,0.147310,0.356499
trial_8,118,0.123959,0.363081
trial_8,119,0.084219,1.300443
trial_8,120,0.209954,0.478339
trial_8,121,0.288012,0.560322
trial_8,122,0.066339,0.257379
trial_8,123,0.184569,0.349240
trial_8,124,0.005614,0.488027
trial_8,125,0.080841,0.388670
trial_8,126,0.171211,0.807277
trial_8,127,0.046024,0.318574
trial_8,128,0.197446,0.396465
trial_8,129,0.087185,0.412128
trial_8,130,0.245728,1.517306
trial_8,131,0.135202,0.242906
trial_8,132,0.166365,0.364409
trial_8,133,0.272514,1.281967
trial_8,134,0.037706,0.451090
trial_8,135,0.185989,0.374095
trial_8,136,0.022565,0.391509
trial_8,137,0.191193,0.658198
trial_8,138,0.166791,0.362711
trial_8,139,0.022152,0.190340
trial_8,140,0.068232,0.246936
trial_8,141,0.055544,0.384389
trial_8,142,0.063439,0.458281
trial_8,143,0.049518,1.031852
trial_8,144,0.183732,0.385293
trial_8,145,0.102621,0.337369
trial_8,146,0.129305,0.902971
trial_8,147,0.045741,0.602297
trial_8,148,0.329325,0.470330
trial_8,149,0.098769,1.238338
trial_8,150,0.197943,0.394092
trial_8,151,0.031007,0.485316
trial_8,152,0.235030,0.458813
trial_8,153,0.237795,0.393134
trial_8,154,0.039251,0.327882
trial_8,155,0.101946,0.383515
trial_8,156,0.258337,0.561094
trial_8,157,0.280831,0.794310
trial_8,158,0.104895,0.388677
trial_8,159,0.124806,0.181054
trial_8,160,0.157946,0.392992
trial_8,161,0.017825,0.357027
trial_8,162,0.260309,0.345389
trial_8,163,0.170831,0.416339
trial_8,164,0.036418,0.172946
trial_8,165,0.082212,0.333796
trial_8,166,0.104717,0.562519
trial_8,167,0.117478,0.325683
trial_8,168,0.150422,0.278776
trial_8,169,0.188385,0.329616
trial_8,170,0.082005,0.340812
trial_8,171,0.078319,0.256570
trial_8,172,0.113411,0.437440
trial_8,173,0.080794,0.419344
trial_8,174,0.220396,0.392861
trial_8,175,0.123767,0.208029
trial_8,176,0.041650,0.425226
trial_8,177,0.066218,0.522556
trial_8,178,0.294848,0.377686
trial_8,179,0.022534,0.306104
trial_8,180,0.016282,0.566007
trial_8,181,0.140399,0.809717
trial_8,182,0.106533,0.528471
trial_8,183,0.141323,0.273659
trial_8,184,0.051848,0.582455
trial_8,185,0.087383,0.224508
trial_8,186,0.271889,0.382192
trial_8,187,0.252818,0.551705
trial_8,188,0.282721,0.460070
trial_8,189,0.074838,0.273231
trial_8,190,0.028417,0.228393
trial_8,191,0.106394,0.332615
trial_8,192,0.102510,0.415866
trial_8,193,0.188115,0.313378
trial_8,194,0.086267,0.269043
trial_8,195,0.036353,0.396604
trial_8,196,0.212318,0.369731
trial_8,197,0.086680,0.287282
trial_8,198,0.249295,0.391018
trial_8,199,0.219738,0.590542
trial_8,200,0.193507,0.394620
trial_8,201,0.065698,0.322774
trial_8,202,0.163228,0.222591
trial_8,203,0.026238,0.189179
trial_8,204,0.157327,0.329284
trial_8,205,0.099121,0.333112
trial_8,206,0.158143,0.327731
trial_8,207,0.074305,0.281579
trial_8,208,0.165399,0.428970
trial_8,209,0.235235,1.652073
trial_8,210,0.681722,1.286418
trial_8,211,0.149440,0.559212
trial_8,212,0.214496,0.442834
trial_8,213,0.105492,0.328817
trial_8,214,0.175543,0.319022
trial_8,215,0.099017,0.262699
trial_8,216,0.074342,0.264927
trial_8,217,0.002893,0.340152
trial_8,218,0.197403,1.383915
trial_8,219,1.638639,7.567808
trial_8,220,0.028636,0.683826
trial_8,221,0.162571,0.510304
trial_8,222,0.474407,0.621231
trial_8,223,0.233857,0.416339
trial_8,224,0.346629,0.449664
trial_8,225,0.256449,0.546135
trial_8,226,0.097424,0.426782
trial_8,227,0.266231,0.413328
trial_8,228,0.369553,0.485285
trial_8,229,0.194197,0.897266
trial_8,230,0.000718,0.379753
trial_8,231,0.370060,0.771162
trial_8,232,0.179566,0.361388
trial_8,233,0.087690,0.398248
trial_8,234,0.141585,0.229374
trial_8,235,0.125477,0.544155
trial_8,236,0.118604,0.256729
trial_8,237,0.211478,0.488495
trial_8,238,0.095218,0.347104
trial_8,239,0.156936,0.435298
trial_8,240,0.143396,0.357584
trial_8,241,0.123630,0.327203
trial_8,242,0.118985,0.232733
trial_8,243,0.061244,0.480781
trial_8,244,0.029523,0.550809
trial_8,245,0.236784,1.506387
trial_8,246,0.159596,0.560741
trial_8,247,0.016139,0.396144
trial_8,248,0.028518,0.377628
trial_8,249,0.138322,0.403008
trial_8,250,0.009447,0.429084
trial_8,251,0.027636,0.322958
trial_8,252,0.281881,0.503460
trial_8,253,0.069839,0.251638
trial_8,254,0.253245,2.136578
trial_8,255,0.337408,1.604612
trial_8,256,0.101590,0.688962
trial_8,257,0.245379,0.429623
trial_8,258,0.384249,0.548292
trial_8,259,0.156294,0.346190
trial_8,260,0.067944,0.232395
trial_8,261,0.241799,0.451079
trial_8,262,0.098156,0.416074
trial_8,263,0.161095,0.459011
trial_8,264,0.014356,0.534889
trial_8,265,0.040535,0.303568
trial_8,266,0.130524,0.316059
trial_8,267,0.104608,1.230144
trial_8,268,0.088639,0.282868
trial_8,269,0.101862,0.327154
trial_8,270,0.165015,0.353173
trial_8,271,0.142491,0.342571
trial_8,272,0.043537,0.258487
trial_8,273,0.147102,0.389997
trial_8,274,0.173500,0.297132
trial_8,275,0.065525,0.377444
trial_8,276,0.074764,0.586246
trial_8,277,0.045220,0.352901
trial_8,278,0.036443,0.172444
trial_8,279,0.052630,0.270251
trial_8,280,0.199501,0.697148
trial_8,281,0.197235,0.614964
trial_8,282,0.333428,1.361175
trial_8,283,0.135111,0.405779
trial_8,284,0.278805,0.494549
trial_8,285,0.001109,0.277957
trial_8,286,0.010455,0.411112
trial_8,287,0.142750,0.348929
trial_8,288,0.183368,0.614389
trial_8,289,0.088487,0.311222
trial_8,290,0.012173,0.382778
trial_8,291,0.072286,0.478727
trial_8,292,0.018314,0.400086
trial_8,293,0.169909,0.518468
trial_8,294,0.006888,0.236215
trial_8,295,0.027156,0.212603
trial_8,296,0.061578,0.514707
trial_8,297,0.259713,0.448377
trial_8,298,0.383429,0.617913
trial_8,299,0.031560,0.162838
trial_8,300,0.140451,0.309993
trial_8,301,0.393769,0.495870
trial_8,302,0.187595,0.425489
trial_8,303,0.304495,0.538629
trial_8,304,0.093773,0.233904
trial_8,305,0.334604,0.504641
trial_8,306,0.046321,0.316534
trial_8,307,0.210555,0.335107
trial_8,308,0.035599,0.817316
trial_8,309,0.023812,0.330794
trial_8,310,0.220945,1.070634
trial_8,311,0.310943,0.498677
trial_8,312,0.217380,1.055731
trial_8,313,0.157359,0.407626
trial_8,314,0.255255,0.418986
trial_8,315,0.003743,0.510933
trial_8,316,0.045222,0.339835
trial_8,317,0.113554,0.333794
trial_8,318,0.106903,0.366713
trial_8,319,0.066203,0.363966
trial_8,320,0.036549,0.434645
trial_8,321,0.239383,0.541928
trial_8,322,0.159694,0.291051
trial_8,323,0.403331,0.599975
trial_8,324,0.410339,0.547420
trial_8,325,0.042411,0.270482
trial_8,326,0.166650,0.369203
trial_8,327,0.094133,0.420516
trial_8,328,0.245643,0.374499
trial_8,329,0.584348,2.841919
trial_8,330,0.295800,0.672560
trial_8,331,0.059214,0.501914
trial_8,332,0.148658,0.443663
trial_8,333,0.009646,0.461152
trial_8,334,0.526837,0.619355
trial_8,335,0.181478,0.411158
trial_8,336,0.116930,0.411155
trial_8,337,0.140759,0.510289
trial_8,338,0.165008,1.666437
trial_8,339,0.204752,0.500422
trial_8,340,0.118132,0.217657
trial_8,341,0.027766,2.962650
trial_8,342,0.105734,0.416776
trial_8,343,0.030985,0.365741
trial_8,344,0.167395,0.871930
trial_8,345,0.723944,5.072061
trial_8,346,0.101053,0.871081
trial_8,347,0.238094,0.729414
trial_8,348,0.317083,0.622693
trial_8,349,0.250261,0.498629
trial_8,350,0.240825,0.523724
trial_8,351,0.003152,0.719909
trial_8,352,0.133198,0.517022
trial_8,353,0.118339,0.359356
trial_8,354,0.217517,0.498825
trial_8,355,0.086802,0.255855
trial_8,356,0.249234,0.333646
trial_8,357,0.219457,0.739736
trial_8,358,0.040363,0.265019
trial_8,359,0.115974,0.285491
trial_8,360,0.123016,0.290841
trial_8,361,0.077314,0.663636
trial_8,362,0.224303,1.580489
trial_8,363,0.037271,0.418737
trial_8,364,0.232071,0.334594
trial_8,365,0.023761,0.268259
trial_8,366,0.017938,0.400334
trial_8,367,0.063266,0.282706
trial_8,368,0.050261,0.248097
trial_8,369,0.070555,0.266903
trial_8,370,0.138875,0.558844
trial_8,371,0.022504,0.310294
trial_8,372,0.129815,0.343231
trial_8,373,0.053082,0.354028
trial_8,374,0.103466,0.879832
trial_8,375,0.070105,0.315817
trial_8,376,0.235871,0.436897
trial_8,377,0.298354,0.598980
trial_8,378,0.004510,0.221436
trial_8,379,0.202091,0.342612
trial_8,380,0.022332,0.421019
trial_8,381,0.021365,0.257342
trial_8,382,0.220078,0.435726
trial_8,383,0.605511,2.222949
trial_8,384,0.074276,0.307056
trial_8,385,0.374677,1.069955
trial_8,386,0.175965,0.971386
trial_8,387,0.301083,1.174790
trial_8,388,0.064305,0.452618
trial_8,389,0.124666,0.287575
trial_8,390,0.041960,0.426359
trial_8,391,0.116504,0.394385
trial_8,392,0.179919,0.407084
trial_8,393,0.033721,0.377700
trial_8,394,0.189826,0.456634
trial_8,395,0.102913,0.418308
trial_8,396,0.159826,0.274252
trial_8,397,0.047065,0.277767
trial_8,398,0.089595,0.327686
trial_8,399,0.153118,0.442295
trial_8,400,0.002800,0.302197
trial_8,401,0.120996,0.308339
trial_8,402,0.250520,0.923670
trial_8,403,0.043186,0.413481
trial_8,404,0.340501,0.469793
trial_8,405,0.054641,0.270292
trial_8,406,0.311548,0.508091
trial_8,407,0.032754,0.231585
trial_8,408,0.020869,0.253412
trial_8,409,0.007900,0.325306
trial_8,410,0.133123,0.514860
trial_8,411,0.097528,0.473971
trial_8,412,0.065749,0.256749
trial_8,413,0.019220,0.386714
trial_8,414,0.105198,0.344519
trial_8,415,0.027338,0.395468
trial_8,416,0.770819,3.884695
trial_8,417,0.166350,0.590248
trial_8,418,0.234692,0.584222
trial_8,419,0.193245,0.720383
trial_8,420,0.012355,0.431632
trial_8,421,0.046512,0.211260
trial_8,422,0.145494,0.602992
trial_8,423,0.089530,0.245653
trial_8,424,0.035371,0.282081
trial_8,425,0.145926,0.308251
trial_8,426,0.371483,0.432792
trial_8,427,0.236620,0.505746
trial_8,428,0.106667,0.565045
trial_8,429,0.193497,0.436470
trial_8,430,0.237716,0.328883
trial_8,431,0.100522,0.563945
trial_8,432,0.223233,0.524177
trial_8,433,0.152011,0.282269
trial_8,434,0.180376,0.518480
trial_8,435,0.061981,1.094809
trial_8,436,0.154280,0.478445
trial_8,437,0.081842,0.775933
trial_8,438,0.319083,0.519335
trial_8,439,0.096118,0.603815
trial_8,440,0.229179,0.471759
trial_8,441,0.463596,1.613689
trial_8,442,0.006217,0.341954
trial_8,443,0.066612,0.349619
trial_8,444,0.041879,0.437518
trial_8,445,0.309659,0.546967
trial_8,446,0.006561,0.395718
trial_8,447,0.013509,0.491880
trial_8,448,0.020679,0.420045
trial_8,449,0.185307,0.560995
trial_8,450,0.301499,0.575558
trial_8,451,0.135031,0.446770
trial_8,452,0.241243,0.487261
trial_8,453,0.027016,0.379722
trial_8,454,0.056753,0.188512
trial_8,455,0.150694,0.442627
trial_8,456,0.134736,0.448100
trial_8,457,0.121219,0.263514
trial_8,458,0.040755,0.445527
trial_8,459,0.209126,0.428177
trial_8,460,0.456282,0.561417
trial_8,461,0.161986,0.269491
trial_8,462,0.473089,0.635393
trial_8,463,0.009218,0.450456
trial_8,464,0.145539,0.337578
trial_8,465,0.032739,0.455488
trial_8,466,0.066037,0.367433
trial_8,467,0.030735,0.317401
trial_8,468,0.187565,0.318165
trial_8,469,0.297699,2.117813
trial_8,470,0.210983,0.634094
trial_8,471,0.244723,0.474476
trial_8,472,0.202562,0.403103
trial_8,473,0.021276,0.389443
trial_8,474,0.162144,1.140440
trial_8,475,0.279535,0.682288
trial_8,476,0.027330,0.859417
trial_8,477,0.277535,0.667689
trial_8,478,0.154897,0.429457
trial_8,479,0.227549,0.571137
trial_8,480,0.174742,0.495506
trial_8,481,0.016582,0.725410
trial_8,482,0.024557,0.848750
trial_8,483,0.132064,0.827291
trial_8,484,0.020586,0.552459
trial_8,485,0.120040,0.281808
trial_8,486,0.095534,0.461261
trial_8,487,0.091854,0.477928
trial_8,488,0.138451,0.280713
trial_8,489,0.019855,0.329967
trial_8,490,0.044331,0.412142
trial_8,491,0.273876,0.338762
trial_8,492,0.025539,0.330429
trial_8,493,0.011734,0.410469
trial_8,494,0.083692,0.280461
trial_8,495,0.073188,0.370159
trial_8,496,0.045201,0.254538
trial_8,497,0.133944,0.476612
trial_8,498,0.074002,0.247161
trial_8,499,0.104017,0.456906
trial_8,500,0.181473,0.883260
trial_8,501,0.303267,0.384377
trial_8,502,0.171045,0.432909
trial_8,503,0.096748,0.225996
trial_8,504,0.116059,0.361352
trial_8,505,0.198059,0.596772
trial_8,506,0.045191,0.262874
trial_8,507,0.205874,1.141110
trial_8,508,0.175263,0.383145
trial_8,509,0.013107,0.399190
trial_8,510,0.050981,0.344386
trial_8,511,0.228012,0.317022
trial_8,512,0.189982,1.939679
trial_8,513,0.130411,0.490469
trial_8,514,0.075842,0.390224
trial_8,515,0.228786,2.932420
trial_8,516,0.109399,0.668148
trial_8,517,0.164491,0.851240
trial_8,518,0.484497,0.890862
trial_8,519,0.043281,0.381379
trial_8,520,0.136250,0.282654
trial_8,521,0.118676,0.240065
trial_8,522,0.104847,0.296591
trial_8,523,0.270908,0.756412
trial_8,524,0.133478,0.325250
trial_8,525,0.042010,0.508450
trial_8,526,0.022173,0.471018
trial_8,527,0.035589,0.305330
trial_8,528,0.306897,0.442491
trial_8,529,0.176459,0.508477
trial_8,530,0.109935,0.367117
trial_8,531,0.078120,0.436975
trial_8,532,0.015107,0.288793
trial_8,533,0.111526,0.287875
trial_8,534,0.058127,0.310483
trial_8,535,0.226355,0.553214
trial_8,536,0.557326,0.784457
trial_8,537,0.032879,0.823724
trial_8,538,0.134832,0.337937
trial_8,539,0.079975,0.462752
trial_8,540,0.036560,0.316708
trial_8,541,0.452425,0.527511
trial_8,542,0.170835,1.115518
trial_8,543,0.081975,0.562721
trial_8,544,0.218497,0.390526
trial_8,545,0.050185,0.407927
trial_8,546,0.137086,0.540604
trial_8,547,0.444212,0.594934
trial_8,548,0.032941,0.260584
trial_8,549,0.239254,0.365784
trial_8,550,0.056434,0.343416
trial_8,551,0.126531,0.270881
trial_8,552,0.029820,0.410062
trial_8,553,0.165110,0.359948
trial_8,554,0.193217,1.038130
trial_8,555,0.148480,0.251805
trial_8,556,0.825017,0.897949
trial_8,557,0.143173,0.348760
trial_8,558,0.069276,0.273182
trial_8,559,0.193777,0.347884
trial_8,560,0.195445,0.347881
trial_8,561,0.147422,0.522884
trial_8,562,0.171791,0.381662
trial_8,563,0.283158,0.398205
trial_8,564,0.004863,0.280654
trial_8,565,0.293083,0.557179
trial_8,566,0.093126,0.330575
trial_8,567,0.021101,0.604387
trial_8,568,0.156230,0.385125
trial_8,569,0.171448,0.430966
trial_8,570,0.117143,0.501049
trial_8,571,0.121482,0.223533
trial_8,572,0.023241,0.240165
trial_8,573,0.383773,0.441492
trial_8,574,0.031275,0.172244
trial_8,575,0.238881,1.281539
trial_8,576,0.016412,0.814992
trial_8,577,0.115658,0.550860
trial_8,578,0.448401,2.516502
trial_8,579,0.218506,0.538852
trial_8,580,0.220301,0.638206
trial_8,581,0.452489,0.771722
trial_8,582,0.059772,0.729416
trial_8,583,0.208410,1.019629
trial_8,584,0.078615,0.491598
trial_8,585,0.163303,0.415888
trial_8,586,0.176734,0.493483
trial_8,587,0.038152,0.326227
trial_8,588,0.067619,0.303171
trial_8,589,3.179175,17.073209
trial_8,590,0.558885,2.041603
trial_8,591,0.136268,1.307526
trial_8,592,0.326904,1.026359
trial_8,593,0.129244,0.744685
trial_8,594,0.139589,0.446313
trial_8,595,0.238508,1.745488
trial_8,596,0.105930,0.375454
trial_8,597,0.024379,1.246248
trial_8,598,0.117849,0.582872
trial_8,599,0.068936,0.778806
trial_8,600,0.119284,0.413067
trial_8,601,0.108826,1.604981
trial_8,602,0.087984,0.779835
trial_8,603,0.564311,1.059556
trial_8,604,0.150616,0.534419
trial_8,605,0.326996,0.767099
trial_8,606,0.155918,0.731709
trial_8,607,0.059071,0.857029
trial_8,608,0.251096,0.601545
trial_8,609,0.034392,1.422156
trial_8,610,0.357863,0.944378
trial_8,611,0.161969,0.433862
trial_8,612,0.030939,0.408056
trial_8,613,0.268216,1.499257
trial_8,614,0.102795,2.181944
trial_8,615,0.171437,0.335935
trial_8,616,0.171824,0.498078
trial_8,617,0.171922,0.408699
trial_8,618,0.361100,0.441931
trial_8,619,2.078316,9.198942
trial_8,620,0.121547,0.671603
trial_8,621,0.146361,0.468393
trial_8,622,0.427984,3.763821
trial_8,623,0.044112,0.328910
trial_8,624,0.196252,1.076056
trial_8,625,0.288392,1.019183
trial_8,626,0.101840,0.845761
trial_8,627,0.163263,1.342994
trial_8,628,0.137494,0.589860
trial_8,629,0.039491,0.541093
trial_8,630,0.050523,0.876952
trial_8,631,0.214516,0.906000
trial_8,632,0.008334,0.570934
trial_8,633,0.012017,0.999165
trial_8,634,0.073097,0.997704
trial_8,635,0.241611,1.839272
trial_8,636,0.120470,1.060814
trial_8,637,0.256473,2.403984
trial_8,638,0.144878,0.700251
trial_8,639,0.146912,0.773500
trial_8,640,0.287657,0.511146
trial_8,641,0.588797,1.220595
trial_8,642,0.075551,0.531653
trial_8,643,0.287998,1.172790
trial_8,644,0.580522,2.663807
trial_8,645,0.219263,0.643554
trial_8,646,0.565412,1.834135
trial_8,647,0.079249,2.309122
trial_8,648,0.378604,3.721620
trial_8,649,0.026696,0.944103
trial_8,650,0.023521,0.581239
trial_8,651,0.284743,1.919977
trial_8,652,0.128847,1.928821
trial_8,653,0.155808,0.598241
trial_8,654,0.113396,0.569089
trial_8,655,0.094021,0.382183
trial_8,656,0.151535,0.934001
trial_8,657,0.190614,1.849382
trial_8,658,0.637606,1.719784
trial_8,659,0.036931,2.047616
trial_8,660,0.119825,1.193619
trial_8,661,0.069422,1.984136
trial_8,662,0.260823,1.542254
trial_8,663,0.030762,0.915542
trial_8,664,0.370193,0.693484
trial_8,665,0.032745,0.834395
trial_8,666,0.541217,2.027294
trial_8,667,0.185205,0.930411
trial_8,668,0.109007,0.474676
trial_8,669,0.197630,0.410432
trial_8,670,0.068935,0.401712
trial_8,671,0.065610,1.245367
trial_8,672,0.247800,0.658112
trial_8,673,1.101642,9.254650
trial_8,674,0.079314,0.675330
trial_8,675,0.172313,0.650869
trial_8,676,0.182141,1.358239
trial_8,677,0.261322,1.165440
trial_8,678,0.092081,0.460316
trial_8,679,0.692603,2.089801
trial_8,680,0.013553,0.379296
trial_8,681,0.159220,0.535551
trial_8,682,0.119147,1.109969
trial_8,683,0.119412,0.602511
trial_8,684,0.188151,3.040425
trial_8,685,0.120873,1.683193
trial_8,686,0.081661,0.472524
trial_8,687,0.216989,0.730716
trial_8,688,0.101453,0.280295
trial_8,689,0.540821,1.201687
trial_8,690,0.118283,1.280032
trial_8,691,0.147809,0.419077
trial_8,692,0.163208,0.381977
trial_8,693,0.441292,0.722043
trial_8,694,0.259755,0.553357
trial_8,695,0.181700,0.442005
trial_8,696,0.148008,1.784195
trial_8,697,0.354352,2.287481
trial_8,698,0.163159,0.414135
trial_8,699,0.053737,0.413731
trial_8,700,0.099624,0.594963
trial_8,701,0.020396,0.732083
trial_8,702,0.168375,0.621351
trial_8,703,0.045964,1.098297
trial_8,704,0.158546,0.613424
trial_8,705,0.022413,0.353613
trial_8,706,0.203968,1.060308
trial_8,707,0.086828,0.634272
trial_8,708,0.170906,0.700571
trial_8,709,0.199850,1.863448
trial_8,710,0.066583,2.388744
trial_8,711,0.264611,1.228429
trial_8,712,0.138343,0.543070
trial_8,713,0.110193,1.523921
trial_8,714,0.061217,0.444469
trial_8,715,0.033788,0.438729
trial_8,716,0.103423,1.632184
trial_8,717,0.220791,0.578985
trial_8,718,0.003615,0.742282
trial_8,719,0.126826,0.433738
trial_8,720,0.585877,1.818373
trial_8,721,0.308712,0.601821
trial_8,722,0.016013,0.505311
trial_8,723,0.009922,0.300325
trial_8,724,0.301591,2.607214
trial_8,725,0.273290,0.881980
trial_8,726,0.163730,2.122544
trial_8,727,0.015547,1.727420
trial_8,728,0.247528,0.703860
trial_8,729,0.469770,0.720051
trial_8,730,0.227629,0.637982
trial_8,731,0.086240,0.643686
trial_8,732,0.013098,0.499349
trial_8,733,0.144734,0.570522
trial_8,734,0.034734,0.323968
trial_8,735,0.031929,0.904314
trial_8,736,0.456189,1.160130
trial_8,737,0.038374,0.951046
trial_8,738,0.012350,1.641345
trial_8,739,0.298340,0.898610
trial_8,740,0.255011,0.571602
trial_8,741,0.001898,0.742834
trial_8,742,0.119248,0.548427
trial_8,743,0.381687,2.437454
trial_8,744,0.401326,1.091848
trial_8,745,0.061754,0.517589
trial_8,746,0.006621,0.625221
trial_8,747,0.331591,0.596655
trial_8,748,0.159896,0.721294
trial_8,749,0.055434,1.219587
trial_8,750,0.077752,0.428711
trial_8,751,0.603422,1.953062
trial_8,752,0.235109,0.600807
trial_8,753,0.213045,2.251929
trial_8,754,0.006885,0.510316
trial_8,755,0.147024,0.956544
trial_8,756,0.056659,0.536024
trial_8,757,0.060307,0.960278
trial_8,758,0.251514,1.387002
trial_8,759,0.048222,1.275709
trial_8,760,0.787321,2.416290
trial_8,761,0.419870,1.788249
trial_8,762,0.027928,1.123070
trial_8,763,0.143494,0.650214
trial_8,764,0.179428,1.608419
trial_8,765,0.296489,1.336924
trial_8,766,0.177720,1.946690
trial_8,767,0.191701,1.720720
trial_8,768,0.236545,0.782791
trial_8,769,0.118643,0.750684
trial_8,770,1.939943,11.673304
trial_8,771,0.122660,1.248311
trial_8,772,0.597479,21.449647
trial_8,773,0.435045,0.718256
trial_8,774,0.134663,0.734347
trial_8,775,0.002805,0.524636
trial_8,776,0.677552,1.399887
trial_8,777,0.343063,1.412443
trial_8,778,0.066373,0.688117
trial_8,779,0.072882,1.075087
trial_8,780,0.112178,0.526193
trial_8,781,0.237940,0.964776
trial_8,782,0.230735,1.043319
trial_8,783,0.221580,0.935360
trial_8,784,0.151204,0.492557
trial_8,785,0.177326,0.644841
trial_8,786,0.494474,2.815604
trial_8,787,0.229590,0.734420
trial_8,788,1.337465,7.776190
trial_8,789,0.156898,0.651963
trial_8,790,0.178197,0.966733
trial_8,791,0.434577,0.965521
trial_8,792,0.073616,0.332971
trial_8,793,0.713774,1.537639
trial_8,794,1.139276,4.215069
trial_8,795,0.159900,4.194637
trial_8,796,0.866729,1.302365
trial_8,797,0.030072,0.825417
trial_8,798,0.024073,0.710561
trial_8,799,0.193142,0.596679
trial_8,800,0.439864,0.872189
trial_8,801,0.485989,2.014774
trial_8,802,0.447372,1.119249
trial_8,803,0.075934,0.506856
trial_8,804,0.014734,0.727166
trial_8,805,0.113797,0.848258
trial_8,806,0.774524,5.058101
trial_8,807,0.309511,0.642256
trial_8,808,0.283181,0.420529
trial_8,809,0.273007,0.464159
trial_8,810,0.259522,0.720189
trial_8,811,0.452497,1.026661
trial_8,812,0.355115,2.981012
trial_8,813,0.760508,5.403627
trial_8,814,0.606523,7.577983
trial_8,815,0.087217,0.601567
trial_8,816,0.465283,1.358785
trial_8,817,0.631791,0.900534
trial_8,818,0.792057,2.582739
trial_8,819,0.133678,2.686881
trial_8,820,1.749524,9.893884
trial_8,821,0.352702,1.163360
trial_8,822,0.076629,1.885054
trial_8,823,0.134438,2.070774
trial_8,824,0.076315,0.381618
trial_8,825,0.104209,2.440482
trial_8,826,0.525331,5.508873
trial_8,827,0.766493,3.734146
trial_8,828,0.188054,1.191358
trial_8,829,0.418945,1.214248
trial_8,830,0.038827,0.642132
trial_8,831,0.042264,1.895672
trial_8,832,0.066463,0.980961
trial_8,833,0.258581,1.735492
trial_8,834,0.282748,1.208636
trial_8,835,0.299083,0.827737
trial_8,836,0.269109,0.606918
trial_8,837,0.289070,3.432277
trial_8,838,0.387721,1.026213
trial_8,839,0.063994,1.209285
trial_8,840,0.042625,1.267342
trial_8,841,0.263972,2.639376
trial_8,842,0.028601,0.492975
trial_8,843,0.190574,1.956365
trial_8,844,0.177649,0.348140
trial_8,845,0.329936,0.616125
trial_8,846,0.003023,0.543411
trial_8,847,0.146800,0.939967
trial_8,848,0.162399,1.316490
trial_8,849,0.047379,0.474747
trial_8,850,0.156042,1.339390
trial_8,851,0.039926,0.727935
trial_8,852,0.373852,1.723142
trial_8,853,0.214029,0.512882
trial_8,854,0.013128,0.395550
trial_8,855,0.132427,0.566860
trial_8,856,0.481044,2.719357
trial_8,857,0.204958,1.875433
trial_8,858,0.112353,0.518207
trial_8,859,0.194792,0.723562
trial_8,860,0.207136,0.749336
trial_8,861,0.244416,0.545704
trial_8,862,0.074930,0.618349
trial_8,863,0.085647,0.669513
trial_8,864,0.018447,0.714496
trial_8,865,0.198602,0.636118
trial_8,866,0.169388,1.743173
trial_8,867,0.134327,0.650375
trial_8,868,0.109161,1.770729
trial_8,869,0.058461,1.549871
trial_8,870,0.164851,0.922187
trial_8,871,0.326829,1.251967
trial_8,872,0.189586,2.002055
trial_8,873,0.125248,0.587946
trial_8,874,0.145032,0.465046
trial_8,875,0.381955,1.166252
trial_8,876,0.021028,0.790233
trial_8,877,0.079191,0.596152
trial_8,878,0.109004,0.611218
trial_8,879,0.143076,0.423494
trial_8,880,0.094191,1.834095
trial_8,881,0.159188,0.664067
trial_8,882,0.108997,0.519094
trial_8,883,0.264180,0.654915
trial_8,884,0.030862,2.660334
trial_8,885,0.152498,0.514600
trial_8,886,0.075679,0.590304
trial_8,887,0.191621,7.612768
trial_8,888,0.268241,1.562379
trial_8,889,0.139583,0.772487
trial_8,890,0.258068,1.938161
trial_8,891,0.207170,0.803214
trial_8,892,0.087385,0.727569
trial_8,893,0.526224,2.275019
trial_8,894,0.378467,2.030306
trial_8,895,0.360330,1.188663
trial_8,896,0.202894,0.852648
trial_8,897,0.024104,0.889915
trial_8,898,0.202713,1.540639
trial_8,899,0.079030,0.919025
trial_8,900,0.035872,0.898070
trial_8,901,0.003064,0.304644
trial_8,902,0.244897,1.685447
trial_8,903,0.091542,0.397706
trial_8,904,0.014662,0.689371
trial_8,905,0.189223,0.982637
trial_8,906,0.100142,0.712948
trial_8,907,0.038565,0.587488
trial_8,908,0.097922,0.396513
trial_8,909,0.285557,2.693645
trial_8,910,0.027799,0.492551
trial_8,911,0.186427,0.444405
trial_8,912,0.248822,0.930827
trial_8,913,0.123526,1.795705
trial_8,914,0.175909,0.960589
trial_8,915,0.245016,0.826684
trial_8,916,0.050045,0.826397
trial_8,917,0.100753,0.777633
trial_8,918,0.105515,1.186126
trial_8,919,0.785958,3.389348
trial_8,920,0.161429,1.206505
trial_8,921,0.181295,0.419071
trial_8,922,0.049657,0.621328
trial_8,923,0.007725,1.190639
trial_8,924,0.040542,2.981810
trial_8,925,0.640179,3.126727
trial_8,926,0.177408,1.460165
trial_8,927,0.248425,0.967288
trial_8,928,0.061355,2.067006
trial_8,929,0.182224,0.943779
trial_8,930,0.414139,1.028927
trial_8,931,0.768463,5.109291
trial_8,932,0.272612,1.057324
trial_8,933,0.628030,1.715415
trial_8,934,0.159341,1.252957
trial_8,935,0.133191,0.497330
trial_8,936,0.313339,1.617519
trial_8,937,0.179545,0.996423
trial_8,938,0.022512,0.434955
trial_8,939,0.153177,1.326583
trial_8,940,0.462485,1.130708
trial_8,941,0.035407,0.845189
trial_8,942,0.117719,0.661278
trial_8,943,0.096783,0.872258
trial_8,944,0.123741,0.431246
trial_8,945,0.022430,0.669649
trial_8,946,0.214173,0.670006
trial_8,947,0.024492,0.489898
trial_8,948,0.264688,2.365537
trial_8,949,0.006085,2.968738
trial_8,950,0.038733,0.894682
trial_8,951,0.204077,0.532574
trial_8,952,0.091251,0.886406
trial_8,953,0.139004,1.047400
trial_8,954,0.334606,0.854692
trial_8,955,0.198999,1.264037
trial_8,956,0.241645,1.558017
trial_8,957,0.884922,6.998802
trial_8,958,0.270692,3.302704
trial_8,959,0.702691,2.306761
trial_8,960,0.621089,2.687477
trial_8,961,0.193647,1.884202
trial_8,962,0.101173,10.970922
trial_8,963,0.573448,2.859645
trial_8,964,0.001130,0.503215
trial_8,965,0.097306,0.747103
trial_8,966,0.122766,1.431645
trial_8,967,0.150080,1.775962
trial_8,968,0.185503,1.049478
trial_8,969,0.175771,0.756203
trial_8,970,0.094887,0.945776
trial_8,971,0.033416,0.406191
trial_8,972,1.391264,3.856250
trial_8,973,0.009640,0.506479
trial_8,974,0.710083,1.893315
trial_8,975,0.013911,1.671520
trial_8,976,0.063469,1.161049
trial_8,977,0.117499,0.500806
trial_8,978,0.049237,0.508679
trial_8,979,0.106947,0.316280
trial_8,980,0.045816,0.390501
trial_8,981,0.132925,1.671290
trial_8,982,0.106862,0.941129
trial_8,983,0.137195,0.643896
trial_8,984,0.141156,0.760378
trial_8,985,0.096671,0.814329
trial_8,986,0.019573,0.808274
trial_8,987,0.005810,0.731216
trial_8,988,0.824890,5.423805
trial_8,989,0.135113,1.006927
trial_8,990,0.271104,1.520436
trial_8,991,0.171667,1.261480
trial_8,992,0.333068,1.510499
trial_8,993,0.336004,1.350363
trial_8,994,0.094131,0.708741
trial_8,995,0.046851,0.447108
trial_8,996,0.077288,0.433991
trial_8,997,1.093401,6.121568
trial_8,998,0.138311,0.476918
trial_8,999,0.065239,0.250775
trial_8,1000,0.216094,0.459588
trial_9,1,0.054036,0.335750
trial_9,2,0.002484,0.330364
trial_9,3,0.045836,0.367938
trial_9,4,0.064334,0.430945
trial_9,5,0.068647,0.574506
trial_9,6,0.051731,0.260550
trial_9,7,0.077582,0.383204
trial_9,8,0.130092,0.559715
trial_9,9,0.144092,1.285066
trial_9,10,0.190798,0.509998
trial_9,11,0.001624,0.772086
trial_9,12,0.461930,0.681524
trial_9,13,0.109532,1.389917
trial_9,14,0.332255,1.018460
trial_9,15,0.018034,0.637438
trial_9,16,0.144468,0.505396
trial_9,17,0.070488,0.629918
trial_9,18,0.044590,0.952822
trial_9,19,0.092209,0.921548
trial_9,20,0.089328,0.625980
trial_9,21,0.226694,1.079237
trial_9,22,0.040750,0.596652
trial_9,23,0.098919,0.959140
trial_9,24,0.095068,0.784519
trial_9,25,0.079041,1.205384
trial_9,26,0.369288,1.048531
trial_9,27,0.123617,0.522526
trial_9,28,0.346921,1.672898
trial_9,29,0.066381,1.046423
trial_9,30,0.195975,0.892951
trial_9,31,0.317645,0.820823
trial_9,32,0.122970,0.444688
trial_9,33,0.083026,0.740539
trial_9,34,0.250985,4.772652
trial_9,35,0.619615,1.930029
trial_9,36,0.588769,1.891216
trial_9,37,0.004161,1.549710
trial_9,38,0.241956,0.893706
trial_9,39,0.137432,0.717532
trial_9,40,0.135222,0.886879
trial_9,41,0.229387,0.504502
trial_9,42,0.043479,0.389491
trial_9,43,0.022385,0.500278
trial_9,44,0.020416,0.667765
trial_9,45,0.315659,0.563079
trial_9,46,0.128213,1.297474
trial_9,47,0.083170,0.802987
trial_9,48,0.243782,0.610598
trial_9,49,0.011187,0.842680
trial_9,50,0.639844,1.207757
trial_9,51,0.042062,0.501369
trial_9,52,0.618708,0.991956
trial_9,53,0.035926,1.540405
trial_9,54,0.078933,2.087845
trial_9,55,0.175749,0.952537
trial_9,56,0.203360,0.486688
trial_9,57,0.139479,0.473391
trial_9,58,0.226952,0.761200
trial_9,59,0.028422,0.482742
trial_9,60,0.155599,2.766087
trial_9,61,0.122390,0.487714
trial_9,62,0.145227,0.762024
trial_9,63,0.212138,0.975982
trial_9,64,0.297312,0.758337
trial_9,65,0.208867,2.043273
trial_9,66,0.019873,0.568013
trial_9,67,0.197526,0.450811
trial_9,68,0.514238,2.103348
trial_9,69,0.070796,0.785758
trial_9,70,0.203187,0.676447
trial_9,71,0.484139,2.430037
trial_9,72,0.198151,0.579479
trial_9,73,0.174142,0.432481
trial_9,74,0.109888,0.625480
trial_9,75,0.292278,0.557190
trial_9,76,0.078893,1.494056
trial_9,77,0.127111,0.333808
trial_9,78,0.011794,0.367742
trial_9,79,0.084921,0.431306
trial_9,80,0.086187,0.459586
trial_9,81,0.242115,5.282827
trial_9,82,0.328222,5.378007
trial_9,83,0.247746,0.800573
trial_9,84,0.878002,10.450070
trial_9,85,0.092939,9.851885
trial_9,86,0.480704,3.606431
trial_9,87,0.130699,0.955917
trial_9,88,0.277759,0.533911
trial_9,89,0.394553,1.014380
trial_9,90,0.284985,0.610474
trial_9,91,0.050630,0.589837
trial_9,92,0.399761,1.013257
trial_9,93,0.106326,6.504630
trial_9,94,0.065483,0.410426
trial_9,95,0.163075,0.613983
trial_9,96,0.163980,0.731098
trial_9,97,0.350432,0.924861
trial_9,98,0.097762,4.481107
trial_9,99,0.391455,0.913943
trial_9,100,0.318130,0.587675
trial_9,101,0.279686,0.848301
trial_9,102,0.153272,1.536609
trial_9,103,0.070338,0.767689
trial_9,104,0.203742,0.437259
trial_9,105,0.213887,0.864369
trial_9,106,0.227216,0.892250
trial_9,107,0.262333,0.412349
trial_9,108,0.084418,7.790447
trial_9,109,0.156058,1.400276
trial_9,110,0.213587,1.960340
trial_9,111,0.094513,1.354689
trial_9,112,0.236346,1.868755
trial_9,113,0.016410,1.919903
trial_9,114,0.049990,0.731305
trial_9,115,0.282017,3.142403
trial_9,116,0.677790,1.079941
trial_9,117,0.079869,0.900440
trial_9,118,0.233750,0.750766
trial_9,119,0.326670,3.072331
trial_9,120,0.260333,1.891065
trial_9,121,0.223591,0.906198
trial_9,122,0.531901,0.746901
trial_9,123,0.131929,1.188168
trial_9,124,0.294944,2.172408
trial_9,125,0.151378,0.766071
trial_9,126,0.571674,2.319412
trial_9,127,0.275160,0.937988
trial_9,128,0.143735,0.598856
trial_9,129,0.274636,1.039423
trial_9,130,0.218823,2.292249
trial_9,131,0.037280,0.850845
trial_9,132,0.035566,0.720937
trial_9,133,0.484512,4.402907
trial_9,134,0.207465,1.859572
trial_9,135,0.071926,0.619735
trial_9,136,0.009632,0.792530
trial_9,137,0.230341,1.585597
trial_9,138,0.012455,0.566000
trial_9,139,0.062248,0.368066
trial_9,140,0.012844,0.439171
trial_9,141,0.132902,0.925920
trial_9,142,0.096074,1.359403
trial_9,143,0.553584,3.643242
trial_9,144,0.243740,0.762017
trial_9,145,0.057624,0.620723
trial_9,146,0.560653,1.634379
trial_9,147,0.065227,2.951768
trial_9,148,0.389759,1.560154
trial_9,149,0.420996,2.495366
trial_9,150,0.009949,0.610578
trial_9,151,0.097534,1.245921
trial_9,152,0.187299,0.960632
trial_9,153,0.297763,1.653118
trial_9,154,0.110585,0.910285
trial_9,155,0.040275,0.683287
trial_9,156,0.230471,0.625912
trial_9,157,0.299743,1.419191
trial_9,158,0.168706,0.979173
trial_9,159,0.264004,0.501922
trial_9,160,0.399954,1.054466
trial_9,161,0.501873,0.816645
trial_9,162,0.430658,0.582479
trial_9,163,0.008724,1.186688
trial_9,164,0.136918,0.491454
trial_9,165,0.039644,0.407226
trial_9,166,0.024047,2.592489
trial_9,167,0.022721,0.461603
trial_9,168,0.167357,1.083272
trial_9,169,0.014808,0.590940
trial_9,170,0.397690,1.007237
trial_9,171,0.132485,1.886484
trial_9,172,0.341943,0.943464
trial_9,173,0.154319,0.339085
trial_9,174,0.090553,0.579624
trial_9,175,0.069876,0.521758
trial_9,176,0.082032,0.902267
trial_9,177,0.250552,1.796613
trial_9,178,0.198553,0.756257
trial_9,179,0.151413,0.842676
trial_9,180,0.192869,5.563226
trial_9,181,0.570890,3.690516
trial_9,182,0.265947,0.483181
trial_9,183,0.014922,0.503584
trial_9,184,0.376544,2.619355
trial_9,185,0.421003,0.883537
trial_9,186,0.169176,0.519669
trial_9,187,0.048679,1.555099
trial_9,188,0.153586,0.578733
trial_9,189,0.600611,1.789255
trial_9,190,0.235391,1.078238
trial_9,191,0.008375,0.457544
trial_9,192,0.008159,0.721359
trial_9,193,0.168866,0.693585
trial_9,194,0.302255,0.632139
trial_9,195,0.097258,0.651493
trial_9,196,0.090111,0.888303
trial_9,197,0.017361,0.570423
trial_9,198,0.036431,0.670289
trial_9,199,0.819664,2.443878
trial_9,200,0.319900,0.957188
trial_9,201,0.080413,0.950007
trial_9,202,0.118598,0.354036
trial_9,203,0.024292,0.316962
trial_9,204,0.031023,1.174850
trial_9,205,0.005959,1.429433
trial_9,206,0.101032,0.377240
trial_9,207,0.127752,0.433952
trial_9,208,0.074144,0.414588
trial_9,209,0.349754,3.730269
trial_9,210,0.134897,2.318771
trial_9,211,0.275806,1.418065
trial_9,212,0.196831,0.511399
trial_9,213,0.186490,0.438258
trial_9,214,0.103588,0.529886
trial_9,215,0.207515,0.530593
trial_9,216,0.093753,0.322695
trial_9,217,0.050650,0.454195
trial_9,218,0.034504,2.181451
trial_9,219,3.074408,16.115701
trial_9,220,0.190551,0.803662
trial_9,221,0.034690,0.314424
trial_9,222,0.212646,0.712812
trial_9,223,0.125506,0.440687
trial_9,224,0.039665,0.295084
trial_9,225,0.040645,1.417855
trial_9,226,0.289765,0.616660
trial_9,227,0.229965,0.485501
trial_9,228,0.256541,0.423576
trial_9,229,0.250113,1.148591
trial_9,230,0.101278,0.421709
trial_9,231,0.356440,1.227565
trial_9,232,0.142548,0.448033
trial_9,233,0.058476,0.510531
trial_9,234,0.020302,0.227636
trial_9,235,0.289841,0.806687
trial_9,236,0.144389,0.491550
trial_9,237,0.156554,0.776377
trial_9,238,0.269719,0.520521
trial_9,239,0.044186,0.357644
trial_9,240,0.041928,0.394381
trial_9,241,0.217447,0.355217
trial_9,242,0.177216,0.233547
trial_9,243,0.029759,0.482528
trial_9,244,0.208967,0.849912
trial_9,245,0.202807,1.861778
trial_9,246,0.105104,0.585874
trial_9,247,0.249264,0.467141
trial_9,248,0.130386,0.506256
trial_9,249,0.166509,0.460189
trial_9,250,0.173710,0.716177
trial_9,251,0.001025,0.463816
trial_9,252,0.210877,0.488927
trial_9,253,0.250381,0.413474
trial_9,254,0.012533,1.021975
trial_9,255,1.249258,5.762997
trial_9,256,0.269887,0.987892
trial_9,257,0.009429,0.587014
trial_9,258,0.174329,0.641849
trial_9,259,0.074317,0.597794
trial_9,260,0.139030,0.543197
trial_9,261,0.052806,0.418010
trial_9,262,0.131033,0.556939
trial_9,263,0.079004,0.581693
trial_9,264,0.035998,0.487909
trial_9,265,0.133215,0.448936
trial_9,266,0.123513,0.475847
trial_9,267,0.030652,1.141175
trial_9,268,0.124977,0.360273
trial_9,269,0.023286,0.389425
trial_9,270,0.238564,0.398440
trial_9,271,0.303464,0.421173
trial_9,272,0.112928,0.341277
trial_9,273,0.170121,0.350099
trial_9,274,0.178424,0.319357
trial_9,275,0.096369,0.395032
trial_9,276,0.112970,0.650500
trial_9,277,0.080014,0.466239
trial_9,278,0.127225,0.524933
trial_9,279,0.139658,0.430739
trial_9,280,0.194673,0.720990
trial_9,281,0.266588,0.656393
trial_9,282,0.485232,1.413597
trial_9,283,0.106368,0.457132
trial_9,284,0.066208,0.713315
trial_9,285,0.019385,0.321879
trial_9,286,0.179054,0.537429
trial_9,287,0.230160,0.373429
trial_9,288,0.095605,0.746073
trial_9,289,0.077133,0.473841
trial_9,290,0.184654,0.525644
trial_9,291,0.030282,0.533142
trial_9,292,0.057707,0.542410
trial_9,293,0.001460,0.455263
trial_9,294,0.116369,0.369521
trial_9,295,0.121932,0.272561
trial_9,296,0.261411,0.800106
trial_9,297,0.149638,0.441938
trial_9,298,0.079527,0.648600
trial_9,299,0.059435,0.247439
trial_9,300,0.161344,0.418546
trial_9,301,0.012804,0.353875
trial_9,302,0.052970,0.478605
trial_9,303,0.432355,0.666400
trial_9,304,0.134006,0.408316
trial_9,305,0.330526,0.811532
trial_9,306,0.024720,0.285703
trial_9,307,0.115579,0.303801
trial_9,308,0.296952,0.933782
trial_9,309,0.134889,0.478634
trial_9,310,0.009059,1.504080
trial_9,311,0.152281,0.465079
trial_9,312,0.324625,6.209346
trial_9,313,0.084823,0.339228
trial_9,314,0.275379,0.483267
trial_9,315,0.200146,0.497863
trial_9,316,0.029131,0.453489
trial_9,317,0.122558,0.395158
trial_9,318,0.010095,0.413805
trial_9,319,0.072368,0.596153
trial_9,320,0.164740,0.442156
trial_9,321,0.006080,0.781888
trial_9,322,0.099767,0.375890
trial_9,323,0.051346,0.500759
trial_9,324,0.548462,0.664379
trial_9,325,0.220958,0.427762
trial_9,326,0.299479,0.445849
trial_9,327,0.008347,0.382287
trial_9,328,0.273964,0.542297
trial_9,329,0.338568,2.909661
trial_9,330,0.190694,0.543830
trial_9,331,0.162193,0.663829
trial_9,332,0.243217,0.520030
trial_9,333,0.089730,0.493611
trial_9,334,0.470821,0.634225
trial_9,335,0.024566,0.308001
trial_9,336,0.184146,0.475681
trial_9,337,0.036563,0.446165
trial_9,338,0.127127,1.329147
trial_9,339,0.079072,0.504313
trial_9,340,0.111957,0.432385
trial_9,341,0.213704,4.595378
trial_9,342,0.190753,0.756148
trial_9,343,0.062372,0.383527
trial_9,344,0.429244,0.828753
trial_9,345,1.079938,8.015420
trial_9,346,0.128045,0.996019
trial_9,347,0.239436,1.782081
trial_9,348,0.238624,0.568415
trial_9,349,0.061520,0.720461
trial_9,350,0.088911,0.463579
trial_9,351,0.005209,0.687779
trial_9,352,0.335352,1.443509
trial_9,353,0.012674,0.367090
trial_9,354,0.240672,0.746381
trial_9,355,0.032608,0.294004
trial_9,356,0.052321,0.266387
trial_9,357,0.379202,0.770875
trial_9,358,0.069870,0.363178
trial_9,359,0.280369,0.399810
trial_9,360,0.055122,0.396435
trial_9,361,0.002685,0.553923
trial_9,362,0.034528,2.133816
trial_9,363,0.053712,0.580413
trial_9,364,0.184747,0.482716
trial_9,365,0.038765,0.512099
trial_9,366,0.097363,0.435954
trial_9,367,0.105778,0.288052
trial_9,368,0.000578,0.281926
trial_9,369,0.423895,0.552792
trial_9,370,0.011568,0.485560
trial_9,371,0.000663,0.405245
trial_9,372,0.298246,0.493183
trial_9,373,0.080025,0.508574
trial_9,374,0.050158,0.506739
trial_9,375,0.036691,0.400329
trial_9,376,0.261232,0.633164
trial_9,377,0.081314,0.373043
trial_9,378,0.054455,0.252699
trial_9,379,0.282362,0.386115
trial_9,380,0.027853,0.313190
trial_9,381,0.209894,0.366411
trial_9,382,0.063364,0.348975
trial_9,383,0.502314,1.788338
trial_9,384,0.227718,0.432800
trial_9,385,0.293094,0.821542
trial_9,386,0.272335,0.628909
trial_9,387,0.027740,0.573671
trial_9,388,0.094326,1.011382
trial_9,389,0.226809,0.481403
trial_9,390,0.495000,0.665564
trial_9,391,0.251507,0.617179
trial_9,392,0.052463,0.409699
trial_9,393,0.095159,0.423391
trial_9,394,0.336557,0.474068
trial_9,395,0.165334,0.615929
trial_9,396,0.127479,0.322508
trial_9,397,0.044033,0.374456
trial_9,398,0.103386,0.739242
trial_9,399,0.004032,0.740773
trial_9,400,0.332859,0.953084
trial_9,401,0.233143,0.515327
trial_9,402,0.161467,1.317913
trial_9,403,0.013855,0.673984
trial_9,404,0.288520,0.408708
trial_9,405,0.173733,0.422868
trial_9,406,0.051969,0.356965
trial_9,407,0.084615,0.319510
trial_9,408,0.185700,0.365597
trial_9,409,0.101487,0.308470
trial_9,410,0.050831,0.492968
trial_9,411,0.050488,0.385591
trial_9,412,0.136448,0.405733
trial_9,413,0.111074,0.448589
trial_9,414,0.332337,0.469133
trial_9,415,0.100244,0.321709
trial_9,416,0.374699,4.222300
trial_9,417,0.034969,0.648680
trial_9,418,0.110571,0.559078
trial_9,419,0.176245,0.850351
trial_9,420,0.262803,0.757600
trial_9,421,0.022699,0.268961
trial_9,422,0.149321,0.602313
trial_9,423,0.145518,0.345220
trial_9,424,0.065849,0.309779
trial_9,425,0.164335,0.307880
trial_9,426,0.091221,0.240151
trial_9,427,0.209996,0.550413
trial_9,428,0.190417,0.782053
trial_9,429,0.112972,0.366939
trial_9,430,0.131700,0.421310
trial_9,431,0.015105,0.529768
trial_9,432,0.185623,0.730357
trial_9,433,0.088920,0.318513
trial_9,434,0.285927,0.609861
trial_9,435,0.073417,1.046802
trial_9,436,0.090480,0.855270
trial_9,437,0.088161,1.112837
trial_9,438,0.692468,0.925558
trial_9,439,0.020087,0.878554
trial_9,440,0.307812,0.546806
trial_9,441,0.279460,1.254753
trial_9,442,0.106325,0.492319
trial_9,443,0.017082,0.496521
trial_9,444,0.331335,0.718188
trial_9,445,0.178186,0.486990
trial_9,446,0.097979,0.331777
trial_9,447,0.027613,0.563695
trial_9,448,0.060683,0.535731
trial_9,449,0.038187,0.589063
trial_9,450,0.175499,0.745636
trial_9,451,0.105395,0.474519
trial_9,452,0.104012,0.469387
trial_9,453,0.009237,0.467683
trial_9,454,0.272356,0.411772
trial_9,455,0.000011,0.437485
trial_9,456,0.372550,0.544900
trial_9,457,0.010513,0.278903
trial_9,458,0.011419,0.464249
trial_9,459,0.161075,0.565282
trial_9,460,0.009077,0.295375
trial_9,461,0.055981,0.343752
trial_9,462,0.188129,0.339925
trial_9,463,0.030971,0.574240
trial_9,464,0.012430,0.305989
trial_9,465,0.124459,0.517846
trial_9,466,0.187570,0.436262
trial_9,467,0.152737,0.338849
trial_9,468,0.274878,0.429575
trial_9,469,0.093893,1.588065
trial_9,470,0.243263,0.869614
trial_9,471,0.166523,0.538362
trial_9,472,0.207181,0.325622
trial_9,473,0.135310,0.616411
trial_9,474,0.001836,0.812730
trial_9,475,0.133874,0.669779
trial_9,476,0.135506,0.743302
trial_9,477,0.299929,1.026875
trial_9,478,0.166511,0.543636
trial_9,479,0.027867,0.472985
trial_9,480,0.468672,0.668873
trial_9,481,0.131553,1.363223
trial_9,482,0.018668,1.509363
trial_9,483,0.105213,0.514667
trial_9,484,0.013052,1.227888
trial_9,485,0.081008,0.440844
trial_9,486,0.194695,0.417381
trial_9,487,0.147385,0.452136
trial_9,488,0.316172,0.531336
trial_9,489,0.018518,0.360441
trial_9,490,0.003495,0.627015
trial_9,491,0.175083,0.331693
trial_9,492,0.007847,0.411204
trial_9,493,0.119723,0.567400
trial_9,494,0.016570,0.341651
trial_9,495,0.183209,0.370043
trial_9,496,0.089328,0.303397
trial_9,497,0.043568,0.455815
trial_9,498,0.245752,0.392723
trial_9,499,0.071804,0.704919
trial_9,500,0.072675,0.782387
trial_9,501,0.058498,0.301416
trial_9,502,0.446516,0.566342
trial_9,503,0.104703,0.389901
trial_9,504,0.184297,0.409970
trial_9,505,0.087421,0.699046
trial_9,506,0.060773,0.332571
trial_9,507,0.204350,1.181539
trial_9,508,0.109047,0.669236
trial_9,509,0.161564,0.474218
trial_9,510,0.010334,0.472784
trial_9,511,0.135829,0.317079
trial_9,512,0.030941,2.080998
trial_9,513,0.185583,0.621199
trial_9,514,0.044613,0.455864
trial_9,515,0.237587,4.154206
trial_9,516,0.100324,1.132814
trial_9,517,0.348878,2.392488
trial_9,518,0.128636,0.930170
trial_9,519,0.156072,0.662646
trial_9,520,0.015126,0.296456
trial_9,521,0.006806,0.383224
trial_9,522,0.292045,0.585047
trial_9,523,0.081810,1.348918
trial_9,524,0.088781,0.525612
trial_9,525,0.403466,1.132259
trial_9,526,0.034410,0.325076
trial_9,527,0.102566,0.306274
trial_9,528,0.229527,0.496242
trial_9,529,0.151092,0.476817
trial_9,530,0.068193,0.463315
trial_9,531,0.003819,0.326735
trial_9,532,0.169792,0.379704
trial_9,533,0.040308,0.248149
trial_9,534,0.097129,0.216294
trial_9,535,0.205378,0.411875
trial_9,536,0.245455,0.691395
trial_9,537,0.172674,0.722448
trial_9,538,0.206754,0.418997
trial_9,539,0.036166,0.495997
trial_9,540,0.001277,0.361490
trial_9,541,0.110817,0.259585
trial_9,542,0.126452,0.713657
trial_9,543,0.064094,0.227483
trial_9,544,0.068306,0.263745
trial_9,545,0.122815,0.347188
trial_9,546,0.092129,0.530692
trial_9,547,0.133414,0.422608
trial_9,548,0.153213,0.283519
trial_9,549,0.016689,0.581904
trial_9,550,0.199815,0.441866
trial_9,551,0.082829,0.385572
trial_9,552,0.050729,0.390892
trial_9,553,0.206417,0.345461
trial_9,554,0.303311,0.990997
trial_9,555,0.091404,0.327465
trial_9,556,0.237110,0.331247
trial_9,557,0.229765,0.478100
trial_9,558,0.151115,0.308951
trial_9,559,0.104105,0.306390
trial_9,560,0.128385,0.443658
trial_9,561,0.019017,0.567613
trial_9,562,0.299778,0.439105
trial_9,563,0.120126,0.316921
trial_9,564,0.010300,0.299735
trial_9,565,0.071524,0.490915
trial_9,566,0.095799,0.381543
trial_9,567,0.045391,0.676357
trial_9,568,0.190911,0.357166
trial_9,569,0.034227,0.529843
trial_9,570,0.109435,0.467017
trial_9,571,0.063037,0.503328
trial_9,572,0.011211,0.507583
trial_9,573,0.350981,0.532362
trial_9,574,0.070903,0.229157
trial_9,575,0.233859,1.655440
trial_9,576,0.048201,1.405920
trial_9,577,0.077274,0.427657
trial_9,578,0.192803,0.643428
trial_9,579,0.149446,0.414778
trial_9,580,0.237496,0.584535
trial_9,581,0.261664,0.608451
trial_9,582,0.008620,0.395957
trial_9,583,0.107670,0.571679
trial_9,584,0.027565,0.382944
trial_9,585,0.025694,0.453110
trial_9,586,0.007629,0.612560
trial_9,587,0.130041,0.314979
trial_9,588,0.062761,0.398634
trial_9,589,2.306479,17.978629
trial_9,590,0.032085,1.172789
trial_9,591,0.081724,0.656895
trial_9,592,0.205018,0.591898
trial_9,593,0.140282,0.433732
trial_9,594,0.180688,0.485183
trial_9,595,0.249103,0.972544
trial_9,596,0.066373,0.631464
trial_9,597,0.069039,0.419327
trial_9,598,0.022050,0.485798
trial_9,599,0.122872,0.498297
trial_9,600,0.102078,0.278535
trial_9,601,0.004435,1.012083
trial_9,602,0.020830,0.480726
trial_9,603,0.009881,0.503600
trial_9,604,0.026505,0.353226
trial_9,605,0.238159,0.412366
trial_9,606,0.031836,0.562579
trial_9,607,0.189078,0.415837
trial_9,608,0.056052,0.414877
trial_9,609,0.126910,0.649628
trial_9,610,0.158345,0.531026
trial_9,611,0.123682,0.576918
trial_9,612,0.278376,0.400536
trial_9,613,0.231379,0.534380
trial_9,614,0.013859,0.568252
trial_9,615,0.035366,0.405418
trial_9,616,0.167230,0.501432
trial_9,617,0.092309,0.400020
trial_9,618,0.179248,0.279963
trial_9,619,1.335442,5.155378
trial_9,620,0.093824,0.683706
trial_9,621,0.008945,0.349224
trial_9,622,0.331778,3.129297
trial_9,623,0.094955,0.362991
trial_9,624,0.086706,0.649739
trial_9,625,0.127909,1.172035
trial_9,626,0.210826,0.543139
trial_9,627,0.032275,0.857795
trial_9,628,0.145762,0.562112
trial_9,629,0.051534,0.423069
trial_9,630,0.096044,0.576562
trial_9,631,0.190339,0.685698
trial_9,632,0.210857,0.476394
trial_9,633,0.120552,0.584268
trial_9,634,0.024840,0.745658
trial_9,635,0.130137,0.554220
trial_9,636,0.086999,0.481115
trial_9,637,0.032267,0.744692
trial_9,638,0.267513,0.591851
trial_9,639,0.199200,0.694919
trial_9,640,0.249172,0.549976
trial_9,641,0.357333,0.701769
trial_9,642,0.055845,0.297152
trial_9,643,0.052855,0.590258
trial_9,644,0.008596,0.711423
trial_9,645,0.179616,0.490468
trial_9,646,0.295200,1.313146
trial_9,647,0.285907,1.795959
trial_9,648,0.143148,2.051301
trial_9,649,0.208362,1.127655
trial_9,650,0.207332,0.696520
trial_9,651,0.053421,0.734772
trial_9,652,0.242806,1.390370
trial_9,653,0.157243,0.740953
trial_9,654,0.204506,0.514590
trial_9,655,0.120638,0.363540
trial_9,656,0.189657,0.735447
trial_9,657,0.032454,1.138016
trial_9,658,0.230959,0.613844
trial_9,659,0.000908,0.982604
trial_9,660,0.100237,0.486021
trial_9,661,0.076727,0.537962
trial_9,662,0.285540,1.418525
trial_9,663,0.284271,0.658952
trial_9,664,0.175697,0.492125
trial_9,665,0.117801,0.743507
trial_9,666,0.287653,1.391182
trial_9,667,0.088508,0.721019
trial_9,668,0.193694,0.428376
trial_9,669,0.014367,0.405389
trial_9,670,0.205790,0.508788
trial_9,671,0.160345,0.405741
trial_9,672,0.326036,0.778731
trial_9,673,0.514703,4.375058
trial_9,674,0.302327,0.702630
trial_9,675,0.009055,1.101242
trial_9,676,0.122158,1.303539
trial_9,677,0.267396,1.010943
trial_9,678,0.517923,1.396195
trial_9,679,0.665939,3.187510
trial_9,680,0.024025,0.478556
trial_9,681,0.033949,0.473952
trial_9,682,0.289193,3.627070
trial_9,683,0.004686,0.693823
trial_9,684,0.441446,6.014903
trial_9,685,0.008166,3.561453
trial_9,686,0.123849,1.049487
trial_9,687,0.017352,0.839038
trial_9,688,0.106968,0.514084
trial_9,689,0.509674,1.873090
trial_9,690,0.046011,1.898805
trial_9,691,0.247369,0.499390
trial_9,692,0.107444,0.381043
trial_9,693,0.168552,0.853706
trial_9,694,0.296877,0.937672
trial_9,695,0.066186,0.478602
trial_9,696,0.278009,2.372833
trial_9,697,0.125100,3.450223
trial_9,698,0.241715,0.502966
trial_9,699,0.213996,0.595042
trial_9,700,0.038233,0.745332
trial_9,701,0.035364,0.801166
trial_9,702,0.029849,0.665471
trial_9,703,0.160802,1.280594
trial_9,704,0.025982,0.587414
trial_9,705,0.296157,0.551434
trial_9,706,0.125638,0.654822
trial_9,707,0.094770,0.770813
trial_9,708,0.075418,0.699305
trial_9,709,0.032549,1.378891
trial_9,710,0.157816,2.964247
trial_9,711,0.296910,1.743185
trial_9,712,0.302287,0.662150
trial_9,713,0.262767,1.826817
trial_9,714,0.013808,0.767768
trial_9,715,0.183749,0.520063
trial_9,716,0.308160,2.873953
trial_9,717,0.198969,0.464291
trial_9,718,0.134631,1.051506
trial_9,719,0.195462,0.447660
trial_9,720,0.990336,2.942920
trial_9,721,0.302566,0.570651
trial_9,722,0.236806,0.619084
trial_9,723,0.244143,0.389191
trial_9,724,0.821871,4.178882
trial_9,725,0.736753,4.781805
trial_9,726,0.056423,4.813198
trial_9,727,0.011468,1.657132
trial_9,728,0.325184,0.823130
trial_9,729,0.466660,0.769358
trial_9,730,0.234329,0.825333
trial_9,731,0.077038,0.803716
trial_9,732,0.003133,0.710843
trial_9,733,0.010262,0.605603
trial_9,734,0.098867,0.325513
trial_9,735,0.029769,1.311404
trial_9,736,0.149768,1.367346
trial_9,737,0.284042,1.234422
trial_9,738,0.122368,2.543163
trial_9,739,0.260300,0.920693
trial_9,740,0.110999,0.498069
trial_9,741,0.097589,0.876827
trial_9,742,0.016983,0.526948
trial_9,743,0.440082,8.741796
trial_9,744,0.404796,0.724426
trial_9,745,0.126791,0.316792
trial_9,746,0.079943,0.482311
trial_9,747,0.148709,0.428108
trial_9,748,0.167337,1.028811
trial_9,749,0.240487,1.361672
trial_9,750,0.179214,0.439225
trial_9,751,0.473338,1.960357
trial_9,752,0.115449,0.466189
trial_9,753,1.392173,3.508381
trial_9,754,0.070745,0.507455
trial_9,755,0.281148,1.046499
trial_9,756,0.080104,0.425474
trial_9,757,0.046639,1.224655
trial_9,758,0.553962,1.778661
trial_9,759,0.445369,2.326314
trial_9,760,0.499295,1.788529
trial_9,761,0.497666,1.954095
trial_9,762,0.046341,1.155165
trial_9,763,0.035823,0.900105
trial_9,764,0.089063,2.497970
trial_9,765,0.271369,1.180509
trial_9,766,0.015588,2.754865
trial_9,767,0.238895,1.661726
trial_9,768,0.119277,0.784269
trial_9,769,0.019085,0.787862
trial_9,770,1.504143,9.953118
trial_9,771,0.013556,0.987087
trial_9,772,1.689378,30.415574
trial_9,773,0.283235,0.712459
trial_9,774,0.066325,1.701292
trial_9,775,0.060028,0.552707
trial_9,776,0.217526,3.046749
trial_9,777,0.290135,1.369918
trial_9,778,0.364427,0.723615
trial_9,779,0.253041,1.342045
trial_9,780,0.156506,0.601623
trial_9,781,0.267787,1.111289
trial_9,782,0.093383,0.741349
trial_9,783,0.110155,1.289984
trial_9,784,0.036132,0.465522
trial_9,785,0.288635,0.694680
trial_9,786,0.427274,2.758267
trial_9,787,0.415732,0.842314
trial_9,788,0.642485,7.524599
trial_9,789,0.005918,0.555494
trial_9,790,0.169916,1.065947
trial_9,791,0.142325,1.067986
trial_9,792,0.133827,0.462438
trial_9,793,0.734579,1.429333
trial_9,794,1.323559,4.178486
trial_9,795,0.069150,2.973773
trial_9,796,0.679702,1.533988
trial_9,797,0.034866,0.925875
trial_9,798,0.163319,0.688683
trial_9,799,0.098267,0.564826
trial_9,800,0.153496,0.770185
trial_9,801,0.355591,2.108445
trial_9,802,0.307020,1.032005
trial_9,803,0.155851,0.386362
trial_9,804,0.362485,0.782834
trial_9,805,0.200228,0.847092
trial_9,806,0.470667,5.098848
trial_9,807,0.268779,0.706166
trial_9,808,0.015524,0.347936
trial_9,809,0.064237,0.397910
trial_9,810,0.124259,0.830803
trial_9,811,0.140719,1.026112
trial_9,812,0.347579,3.274837
trial_9,813,1.152236,7.742570
trial_9,814,0.197364,9.162824
trial_9,815,0.051586,0.512287
trial_9,816,0.112013,1.244539
trial_9,817,0.234428,0.658236
trial_9,818,0.439676,3.913145
trial_9,819,0.005362,6.243320
trial_9,820,2.437117,14.942052
trial_9,821,0.144008,1.049926
trial_9,822,0.091396,1.776544
trial_9,823,0.197117,2.130331
trial_9,824,0.206599,0.458071
trial_9,825,0.297574,2.397020
trial_9,826,0.102982,11.298197
trial_9,827,0.198884,3.587607
trial_9,828,0.302681,1.261057
trial_9,829,0.179716,1.331542
trial_9,830,0.109924,0.808327
trial_9,831,0.039962,2.397752
trial_9,832,0.081489,0.881306
trial_9,833,0.194266,2.031703
trial_9,834,0.407479,1.383876
trial_9,835,0.302288,1.063356
trial_9,836,0.070458,0.489814
trial_9,837,0.119210,4.225216
trial_9,838,0.270362,1.272638
trial_9,839,0.526444,2.132797
trial_9,840,0.276153,1.922117
trial_9,841,0.997264,5.114570
trial_9,842,0.146971,0.529458
trial_9,843,0.023175,3.281320
trial_9,844,0.120940,0.287385
trial_9,845,0.010397,0.664040
trial_9,846,0.230215,0.447838
trial_9,847,0.378337,1.255498
trial_9,848,0.190832,2.772786
trial_9,849,0.092806,0.443310
trial_9,850,0.109097,1.471795
trial_9,851,0.215528,1.091968
trial_9,852,0.457813,2.281678
trial_9,853,0.494121,0.713944
trial_9,854,0.172600,0.486829
trial_9,855,0.130897,0.674682
trial_9,856,0.521055,3.921413
trial_9,857,0.299625,2.450005
trial_9,858,0.055768,0.505012
trial_9,859,0.044146,1.016468
trial_9,860,0.328984,0.825879
trial_9,861,0.254999,0.589103
trial_9,862,0.042702,0.664143
trial_9,863,0.201055,0.973975
trial_9,864,0.224390,0.779920
trial_9,865,0.134080,0.672504
trial_9,866,0.028642,2.336095
trial_9,867,0.314760,0.709749
trial_9,868,0.597980,2.627344
trial_9,869,0.151049,6.181570
trial_9,870,0.068948,0.884417
trial_9,871,0.039861,2.463833
trial_9,872,0.177172,3.480168
trial_9,873,0.122116,0.421774
trial_9,874,0.068984,0.481762
trial_9,875,0.553951,1.372511
trial_9,876,0.042299,1.060174
trial_9,877,0.347748,0.615104
trial_9,878,0.038696,0.633271
trial_9,879,0.006269,0.343235
trial_9,880,0.413711,3.424045
trial_9,881,0.044929,0.643783
trial_9,882,0.213117,0.574673
trial_9,883,0.143225,0.621944
trial_9,884,0.114113,4.165702
trial_9,885,0.076624,0.452428
trial_9,886,0.044622,0.595744
trial_9,887,0.029319,12.170655
trial_9,888,0.081494,1.535274
trial_9,889,0.215914,1.031305
trial_9,890,1.007103,2.385966
trial_9,891,0.261772,1.072173
trial_9,892,0.036356,0.766380
trial_9,893,0.539249,3.551182
trial_9,894,0.667347,3.106446
trial_9,895,0.446912,1.270057
trial_9,896,0.443377,1.776534
trial_9,897,0.048107,1.108024
trial_9,898,0.255696,1.674747
trial_9,899,0.175604,1.181683
trial_9,900,0.266540,1.235142
trial_9,901,0.059532,0.399787
trial_9,902,0.356249,2.608490
trial_9,903,0.186828,0.419209
trial_9,904,0.065000,0.606902
trial_9,905,0.293215,1.592931
trial_9,906,0.447315,1.027533
trial_9,907,0.146336,0.842503
trial_9,908,0.088497,0.360656
trial_9,909,0.216482,4.672476
trial_9,910,0.096968,0.385006
trial_9,911,0.233788,0.465704
trial_9,912,0.058907,0.962353
trial_9,913,0.101598,1.564228
trial_9,914,0.316927,0.859804
trial_9,915,0.263777,1.193177
trial_9,916,0.076670,0.880323
trial_9,917,0.191203,0.818047
trial_9,918,0.001673,1.238307
trial_9,919,0.319460,2.784484
trial_9,920,0.273727,1.179229
trial_9,921,0.113719,0.483791
trial_9,922,0.389377,0.901396
trial_9,923,0.621726,1.655943
trial_9,924,0.042083,6.011812
trial_9,925,1.564128,5.487897
trial_9,926,0.162598,1.266565
trial_9,927,0.460595,1.592118
trial_9,928,0.418539,2.113861
trial_9,929,0.211532,0.748173
trial_9,930,0.121817,0.912571
trial_9,931,0.736605,9.843731
trial_9,932,0.161536,1.091421
trial_9,933,1.384461,4.300185
trial_9,934,0.836181,2.544457
trial_9,935,0.076427,0.512026
trial_9,936,0.860079,3.561268
trial_9,937,0.090901,1.110867
trial_9,938,0.188725,0.431221
trial_9,939,0.182791,1.272158
trial_9,940,0.322327,1.141562
trial_9,941,0.139749,0.981656
trial_9,942,0.158418,0.648350
trial_9,943,0.042272,1.057023
trial_9,944,0.027444,0.529648
trial_9,945,0.284845,0.771535
trial_9,946,0.001167,0.767837
trial_9,947,0.227152,0.704454
trial_9,948,0.071222,2.750990
trial_9,949,0.168958,6.094833
trial_9,950,0.046911,0.596466
trial_9,951,0.440860,0.738322
trial_9,952,0.066325,0.909310
trial_9,953,0.194125,1.329037
trial_9,954,0.001501,1.004805
trial_9,955,0.169244,1.464675
trial_9,956,0.101236,1.518145
trial_9,957,0.008675,7.758417
trial_9,958,0.415705,2.660186
trial_9,959,0.877814,2.855729
trial_9,960,0.768323,3.917494
trial_9,961,0.049479,1.917099
trial_9,962,0.523558,19.265597
trial_9,963,0.350744,2.884262
trial_9,964,0.054692,0.483422
trial_9,965,0.001082,0.902128
trial_9,966,0.368537,1.726989
trial_9,967,0.378574,3.849149
trial_9,968,0.042303,0.903087
trial_9,969,0.049281,0.996108
trial_9,970,0.014187,0.909024
trial_9,971,0.034095,0.611192
trial_9,972,1.504025,4.705364
trial_9,973,0.276737,0.736242
trial_9,974,0.704033,3.369654
trial_9,975,0.160012,2.077158
trial_9,976,0.019027,1.322774
trial_9,977,0.098467,0.531104
trial_9,978,0.446682,0.834501
trial_9,979,0.178031,0.304950
trial_9,980,0.228316,0.516819
trial_9,981,0.036884,1.978449
trial_9,982,0.069056,2.224963
trial_9,983,0.246638,0.697625
trial_9,984,0.023436,1.001590
trial_9,985,0.079658,1.291888
trial_9,986,0.051052,1.566475
trial_9,987,0.183975,1.019724
trial_9,988,1.068550,8.351638
trial_9,989,0.312502,0.867482
trial_9,990,0.638546,2.417499
trial_9,991,0.211691,1.504532
trial_9,992,0.361003,2.332077
trial_9,993,0.077284,1.633735
trial_9,994,0.106083,1.555380
trial_9,995,0.115345,0.543665
trial_9,996,0.330815,0.555511
trial_9,997,1.780876,10.854986
trial_9,998,0.258229,0.548880
trial_9,999,0.080930,0.313037
trial_9,1000,0.132453,1.376626
trial_10,1,0.007101,0.535419
trial_10,2,0.036516,0.426476
trial_11,1,0.142169,0.573565
trial_11,2,0.000824,0.383521
trial_11,3,0.039982,0.434054
trial_12,1,0.331948,0.627073
trial_12,2,0.256708,0.472329
trial_13,1,0.099708,0.501378
trial_13,2,0.149517,0.470961
trial_14,1,0.058982,0.499446
trial_14,2,0.045146,0.461227
trial_15,1,0.077823,0.456627
trial_15,2,0.128712,0.448639
trial_16,1,0.134273,0.556495
trial_16,2,0.245537,0.524119
trial_17,1,0.085060,0.534802
trial_17,2,0.011545,0.476545
trial_18,1,0.127950,0.527509
trial_18,2,0.040071,0.442366
trial_19,1,0.072694,0.443046
trial_19,2,0.103434,0.412819
trial_20,1,0.241697,0.605005
trial_20,2,0.261369,0.547880
trial_21,1,0.106569,0.483116
trial_21,2,0.042918,0.455832
trial_22,1,0.365179,0.613358
trial_22,2,0.110547,0.507660
trial_23,1,0.046417,0.468125
trial_23,2,0.031462,0.456561
trial_24,1,0.130280,0.511005
trial_24,2,0.153024,0.477156
trial_25,1,0.056028,0.538264
trial_25,2,0.427155,0.639918
trial_26,1,0.049153,0.483597
trial_26,2,0.417040,0.600368
trial_27,1,0.012080,0.509015
trial_27,2,0.310181,0.536705
trial_28,1,0.535632,0.770780
trial_28,2,0.094043,0.477109
trial_29,1,0.238886,0.566113
trial_29,2,0.248585,0.496840
trial_30,1,0.153834,0.478984
trial_30,2,0.110653,0.491162
trial_31,1,0.364363,0.653701
trial_31,2,0.138377,0.494524
trial_32,1,0.145869,0.548528
trial_32,2,0.217654,0.513161
trial_33,1,0.216545,0.571269
trial_33,2,0.021591,0.465586
trial_34,1,0.071220,0.567299
trial_34,2,0.043454,0.418441
trial_35,1,0.069464,0.530608
trial_35,2,0.385554,0.581357
trial_36,1,0.069703,0.542075
trial_36,2,0.133873,0.501468
trial_37,1,0.095679,0.555412
trial_37,2,0.156234,0.494101
trial_38,1,0.036007,0.559628
trial_38,2,0.030327,0.438776
trial_39,1,0.005009,0.632112
trial_39,2,0.049083,0.501454
trial_40,1,0.022077,0.655983
trial_40,2,0.034845,0.468172
trial_41,1,0.021562,0.667415
trial_41,2,0.213180,0.491883
trial_42,1,0.120545,0.657176
trial_42,2,0.100199,0.472152
trial_43,1,0.436047,0.720284
trial_43,2,0.180274,0.509246
trial_44,1,0.019039,0.661274
trial_44,2,0.075679,0.489924
trial_45,1,0.021194,0.580985
trial_45,2,0.006228,0.509821
trial_46,1,0.028563,0.578963
trial_46,2,0.060623,0.543229
trial_47,1,0.008595,0.600212
trial_47,2,0.016486,0.521995
trial_48,1,0.013824,0.583131
trial_48,2,0.082940,0.518042
trial_49,1,0.212853,0.611020
trial_49,2,0.151070,0.551769
