trial_id,eps_ate,pehe,replica
trial_0,0.062327,0.763264,1
trial_0,0.241186,1.136657,2
trial_0,0.365742,0.999070,3
trial_0,0.607210,1.407460,4
trial_0,0.175349,1.432894,5
trial_0,0.007117,0.871204,6
trial_0,0.053268,1.259706,7
trial_0,0.159096,1.346444,8
trial_0,1.957369,5.017635,9
trial_0,0.049575,1.810818,10
trial_0,0.159674,1.046870,11
trial_0,0.210363,1.580973,12
trial_0,1.450836,7.639474,13
trial_0,0.101316,1.269568,14
trial_0,0.223246,1.296986,15
trial_0,0.051922,1.346909,16
trial_0,0.182373,1.788721,17
trial_0,0.260475,1.314549,18
trial_0,0.031994,1.255420,19
trial_0,0.023448,1.220042,20
trial_0,0.284954,2.119067,21
trial_0,0.279320,1.322246,22
trial_0,0.024309,1.485391,23
trial_0,0.138245,1.673112,24
trial_0,0.187937,1.154958,25
trial_0,0.208902,2.774065,26
trial_0,0.062515,1.341080,27
trial_0,1.502415,6.862428,28
trial_0,0.205081,1.128843,29
trial_0,0.071468,0.954382,30
trial_0,0.154169,1.083381,31
trial_0,0.187562,0.938057,32
trial_0,0.125762,1.232070,33
trial_0,0.804252,8.806106,34
trial_0,0.159599,1.095422,35
trial_0,0.085614,1.532293,36
trial_0,0.231229,2.102601,37
trial_0,0.088744,0.853137,38
trial_0,0.205441,1.482839,39
trial_0,0.322928,1.030706,40
trial_0,0.031599,0.634137,41
trial_0,0.024555,0.862900,42
trial_0,0.030261,1.054516,43
trial_0,0.303855,1.302495,44
trial_0,0.358559,1.509913,45
trial_0,0.406112,1.232841,46
trial_0,0.145932,1.121263,47
trial_0,0.021254,1.091564,48
trial_0,0.369145,2.213306,49
trial_0,0.004032,0.866531,50
trial_0,0.341195,0.936962,51
trial_0,0.266027,1.528648,52
trial_0,0.042717,2.562432,53
trial_0,0.106220,1.663439,54
trial_0,0.093352,0.725049,55
trial_0,0.315617,0.633340,56
trial_0,0.337931,0.716885,57
trial_0,0.448692,1.592155,58
trial_0,0.094946,0.817292,59
trial_0,0.276563,3.947914,60
trial_0,0.247429,0.754504,61
trial_0,0.296882,0.859454,62
trial_0,0.106215,0.719400,63
trial_0,0.268049,0.861720,64
trial_0,0.236691,1.399644,65
trial_0,0.106453,0.939640,66
trial_0,0.168989,0.939849,67
trial_0,1.060540,4.745955,68
trial_0,0.029440,1.292380,69
trial_0,0.224396,0.921505,70
trial_0,0.101515,1.832695,71
trial_0,0.115969,0.681436,72
trial_0,0.016501,1.053815,73
trial_0,0.216177,1.040643,74
trial_0,0.103030,0.867879,75
trial_0,0.300464,1.852161,76
trial_0,0.286161,1.036506,77
trial_0,0.064049,0.856218,78
trial_0,0.141576,0.871470,79
trial_0,0.025072,0.870672,80
trial_0,0.025359,4.025789,81
trial_0,0.145964,2.404802,82
trial_0,0.181205,0.977063,83
trial_0,0.585018,5.177985,84
trial_0,0.148042,3.102503,85
trial_0,0.002478,2.531546,86
trial_0,0.412723,0.910810,87
trial_0,0.170126,0.625365,88
trial_0,0.145887,0.758385,89
trial_0,0.080329,0.826740,90
trial_0,0.096011,0.982010,91
trial_0,0.099560,1.392235,92
trial_0,0.079948,2.332880,93
trial_0,0.155711,0.616510,94
trial_0,0.058564,0.821367,95
trial_0,0.112618,0.789329,96
trial_0,0.073805,1.081316,97
trial_0,0.157351,1.502110,98
trial_0,0.120138,0.759731,99
trial_0,0.079477,0.592466,100
trial_0,0.167634,0.890118,101
trial_0,0.008566,0.676791,102
trial_0,0.055237,0.555449,103
trial_0,0.022769,0.782687,104
trial_0,0.148553,0.914111,105
trial_0,0.238224,0.846533,106
trial_0,0.111017,0.549862,107
trial_0,0.249136,5.276066,108
trial_0,0.267509,1.200010,109
trial_0,0.047216,1.371999,110
trial_0,0.391818,0.854804,111
trial_0,0.034715,0.839854,112
trial_0,0.251183,0.813818,113
trial_0,0.050090,0.680248,114
trial_0,0.096274,1.216623,115
trial_0,0.391443,0.669232,116
trial_0,0.004425,1.016573,117
trial_0,0.182658,0.617286,118
trial_0,0.011443,1.957923,119
trial_0,0.063224,1.100538,120
trial_0,0.230580,0.783984,121
trial_0,0.099463,0.488637,122
trial_0,0.414839,0.764919,123
trial_0,0.117834,1.164461,124
trial_0,0.055026,1.739817,125
trial_0,0.146159,1.412404,126
trial_0,0.213846,1.104122,127
trial_0,0.386933,0.667070,128
trial_0,0.179695,1.236573,129
trial_0,0.143097,3.424884,130
trial_0,0.420223,1.007964,131
trial_0,0.170586,1.203815,132
trial_0,0.854360,3.060320,133
trial_0,0.015926,0.996128,134
trial_0,0.207119,0.651302,135
trial_0,0.139904,0.811294,136
trial_0,0.015637,1.278586,137
trial_0,0.143901,0.520506,138
trial_0,0.122224,0.430084,139
trial_0,0.143068,0.498489,140
trial_0,0.061184,0.936922,141
trial_0,0.176860,0.916506,142
trial_0,0.406146,2.022830,143
trial_0,0.018143,0.811177,144
trial_0,0.048941,0.865826,145
trial_0,0.284353,0.975186,146
trial_0,0.217595,1.149186,147
trial_0,0.339863,0.644822,148
trial_0,0.078260,1.843404,149
trial_0,0.256176,0.713737,150
trial_0,0.262661,0.797619,151
trial_0,0.360992,0.725960,152
trial_0,0.279428,0.743159,153
trial_0,0.006701,0.601584,154
trial_0,0.044606,0.667708,155
trial_0,0.285826,0.917751,156
trial_0,0.059421,1.180896,157
trial_0,0.036640,1.163061,158
trial_0,0.002686,0.258812,159
trial_0,0.196382,0.828086,160
trial_0,0.305452,0.550026,161
trial_0,0.210018,0.283654,162
trial_0,0.253240,0.795212,163
trial_0,0.225599,0.749575,164
trial_0,0.057992,0.629005,165
trial_0,0.213063,0.794217,166
trial_0,0.045075,0.588222,167
trial_0,0.058384,0.540161,168
trial_0,0.097201,0.443485,169
trial_0,0.013681,0.688098,170
trial_0,0.078444,0.695709,171
trial_0,0.233860,0.614355,172
trial_0,0.255173,0.714103,173
trial_0,0.008133,0.729226,174
trial_0,0.023540,0.909998,175
trial_0,0.082367,0.686261,176
trial_0,0.064844,1.086287,177
trial_0,0.395733,0.640740,178
trial_0,0.108530,0.622522,179
trial_0,0.220623,1.560432,180
trial_0,0.288711,1.916359,181
trial_0,0.381387,0.683540,182
trial_0,0.287736,0.808657,183
trial_0,0.246088,1.212176,184
trial_0,0.120142,0.365501,185
trial_0,0.170737,0.649214,186
trial_0,0.176911,1.089227,187
trial_0,0.457873,0.865122,188
trial_0,0.100710,0.727186,189
trial_0,0.179078,0.592980,190
trial_0,0.143470,0.529102,191
trial_0,0.115685,0.738947,192
trial_0,0.231187,0.707320,193
trial_0,0.259843,0.856849,194
trial_0,0.315279,0.726752,195
trial_0,0.187950,0.878330,196
trial_0,0.436890,0.861541,197
trial_0,0.143939,0.628031,198
trial_0,0.231943,1.126959,199
trial_0,0.318279,0.648419,200
trial_0,0.176169,0.544938,201
trial_0,0.132081,0.413955,202
trial_0,0.175183,0.538734,203
trial_0,0.069494,0.664974,204
trial_0,0.131395,0.722682,205
trial_0,0.202413,0.498152,206
trial_0,0.085654,0.503261,207
trial_0,0.206882,0.764142,208
trial_0,0.466558,2.127064,209
trial_0,0.016888,1.970011,210
trial_0,0.142093,0.798541,211
trial_0,0.245804,0.388587,212
trial_0,0.252513,0.426509,213
trial_0,0.170593,0.539028,214
trial_0,0.106786,0.339269,215
trial_0,0.074447,0.391611,216
trial_0,0.104927,0.487611,217
trial_0,0.060145,2.227133,218
trial_0,0.337346,5.656667,219
trial_0,0.149268,1.279143,220
trial_0,0.367537,0.474666,221
trial_0,0.342624,0.500764,222
trial_0,0.271108,0.477995,223
trial_0,0.096230,0.367309,224
trial_0,0.353432,0.951316,225
trial_0,0.303571,0.865225,226
trial_0,0.261300,0.363785,227
trial_0,0.006525,0.530021,228
trial_0,0.326667,0.758860,229
trial_0,0.007196,0.537885,230
trial_0,0.104019,0.646574,231
trial_0,0.003421,0.520792,232
trial_0,0.077539,0.717446,233
trial_0,0.048555,0.168897,234
trial_0,0.011736,1.146221,235
trial_0,0.112249,0.272821,236
trial_0,0.324916,0.595543,237
trial_0,0.251637,0.400033,238
trial_0,0.025927,0.550682,239
trial_0,0.159631,0.877276,240
trial_0,0.209541,0.420147,241
trial_0,0.176241,0.349579,242
trial_0,0.114102,0.702493,243
trial_0,0.003829,0.846364,244
trial_0,0.058989,2.814119,245
trial_0,0.060140,0.754333,246
trial_0,0.037245,0.446314,247
trial_0,0.083050,0.504289,248
trial_0,0.458657,1.022739,249
trial_0,0.139398,0.634067,250
trial_0,0.028723,0.324945,251
trial_0,0.073928,0.498577,252
trial_0,0.196579,0.333546,253
trial_0,0.308500,2.047145,254
trial_0,0.332480,3.755794,255
trial_0,0.183789,0.714724,256
trial_0,0.182541,1.583802,257
trial_0,0.364509,0.743812,258
trial_0,0.032246,0.355137,259
trial_0,0.121728,0.284301,260
trial_0,0.153564,0.509813,261
trial_0,0.061273,0.798238,262
trial_0,0.075350,0.723435,263
trial_0,0.211326,0.546026,264
trial_0,0.016493,0.490544,265
trial_0,0.083659,0.663036,266
trial_0,0.193470,1.855994,267
trial_0,0.092409,0.362837,268
trial_0,0.068374,0.564163,269
trial_0,0.257716,0.473598,270
trial_0,0.001558,0.479678,271
trial_0,0.369021,0.548686,272
trial_0,0.044499,0.447818,273
trial_0,0.286326,0.508638,274
trial_0,0.078714,0.506179,275
trial_0,0.029953,1.445572,276
trial_0,0.006994,0.679868,277
trial_0,0.063140,0.362529,278
trial_0,0.095441,0.352144,279
trial_0,0.184325,0.907309,280
trial_0,0.019314,1.500783,281
trial_0,0.173337,2.063786,282
trial_0,0.112764,0.940328,283
trial_0,0.075855,0.599640,284
trial_0,0.031889,0.269711,285
trial_0,0.081067,0.747212,286
trial_0,0.064480,0.598367,287
trial_0,0.187427,0.925575,288
trial_0,0.017399,0.441033,289
trial_0,0.114752,0.460054,290
trial_0,0.053933,0.747652,291
trial_0,0.172399,0.680410,292
trial_0,0.135337,0.806334,293
trial_0,0.055585,0.178166,294
trial_0,0.059140,0.428627,295
trial_0,0.250655,1.192056,296
trial_0,0.141832,0.464029,297
trial_0,0.180812,0.572559,298
trial_0,0.198991,0.306558,299
trial_0,0.363605,0.575870,300
trial_0,0.033972,0.322922,301
trial_0,0.344249,0.636866,302
trial_0,0.459099,0.758185,303
trial_0,0.045144,0.303421,304
trial_0,0.166324,0.408920,305
trial_0,0.096191,0.497544,306
trial_0,0.169779,0.738918,307
trial_0,0.243613,0.938110,308
trial_0,0.098099,0.671726,309
trial_0,0.124186,1.033515,310
trial_0,0.340102,1.057580,311
trial_0,0.400559,3.334257,312
trial_0,0.026393,0.538525,313
trial_0,0.268040,0.821019,314
trial_0,0.061166,0.739162,315
trial_0,0.161915,0.780646,316
trial_0,0.078444,0.518777,317
trial_0,0.154196,0.493347,318
trial_0,0.303502,1.005125,319
trial_0,0.107537,1.793819,320
trial_0,0.060366,0.960866,321
trial_0,0.154047,0.498155,322
trial_0,0.600348,1.407543,323
trial_0,0.457353,0.625831,324
trial_0,0.099270,0.250197,325
trial_0,0.278853,0.554406,326
trial_0,0.315566,0.764837,327
trial_0,0.447353,0.811000,328
trial_0,0.105154,2.909217,329
trial_0,0.213794,0.726782,330
trial_0,0.017081,0.737510,331
trial_0,0.315680,0.650394,332
trial_0,0.106129,0.718964,333
trial_0,0.395004,0.497323,334
trial_0,0.056143,0.659611,335
trial_0,0.165230,0.556110,336
trial_0,0.324499,0.975844,337
trial_0,0.308730,1.880094,338
trial_0,0.292672,0.614772,339
trial_0,0.147561,0.288467,340
trial_0,0.379323,4.349182,341
trial_0,0.020766,0.415501,342
trial_0,0.178561,0.688027,343
trial_0,0.121667,1.553151,344
trial_0,1.553843,6.808867,345
trial_0,0.025121,1.513829,346
trial_0,0.150611,0.548036,347
trial_0,0.050000,1.277126,348
trial_0,0.081240,0.458052,349
trial_0,0.088725,0.819410,350
trial_0,0.445866,1.398981,351
trial_0,0.158220,0.601816,352
trial_0,0.001394,0.414993,353
trial_0,0.204537,1.294706,354
trial_0,0.055277,0.253075,355
trial_0,0.006195,0.235632,356
trial_0,0.282440,1.326243,357
trial_0,0.180438,0.319356,358
trial_0,0.132112,0.424576,359
trial_0,0.055374,0.265194,360
trial_0,0.190585,1.098804,361
trial_0,0.219824,3.227679,362
trial_0,0.006951,0.478552,363
trial_0,0.180445,0.433059,364
trial_0,0.161256,0.502596,365
trial_0,0.005585,0.719516,366
trial_0,0.139084,0.384098,367
trial_0,0.159178,0.420609,368
trial_0,0.100080,0.448399,369
trial_0,0.077998,0.727763,370
trial_0,0.059837,0.400019,371
trial_0,0.106462,0.418901,372
trial_0,0.298636,0.563511,373
trial_0,0.104548,1.286303,374
trial_0,0.067943,0.327006,375
trial_0,0.075035,0.497490,376
trial_0,0.051394,0.638973,377
trial_0,0.001239,0.330089,378
trial_0,0.081420,0.409247,379
trial_0,0.046826,0.503918,380
trial_0,0.025717,0.339816,381
trial_0,0.257925,0.510131,382
trial_0,0.421729,2.122622,383
trial_0,0.020868,0.373950,384
trial_0,0.275127,1.022752,385
trial_0,0.019406,1.585248,386
trial_0,0.350928,1.606664,387
trial_0,0.209095,0.499575,388
trial_0,0.150309,0.391548,389
trial_0,0.019404,0.530958,390
trial_0,0.291103,0.799840,391
trial_0,0.020409,0.659108,392
trial_0,0.040796,0.662513,393
trial_0,0.063766,0.661946,394
trial_0,0.188957,0.522597,395
trial_0,0.133301,0.429770,396
trial_0,0.142411,0.431945,397
trial_0,0.013609,0.362120,398
trial_0,0.031636,0.474624,399
trial_0,0.176781,0.684987,400
trial_0,0.171105,0.607632,401
trial_0,0.006754,0.952304,402
trial_0,0.050822,0.289357,403
trial_0,0.244313,0.443817,404
trial_0,0.083485,0.373407,405
trial_0,0.094540,0.442878,406
trial_0,0.037818,0.306567,407
trial_0,0.139579,0.463524,408
trial_0,0.061455,0.525559,409
trial_0,0.156587,0.610811,410
trial_0,0.367280,1.192675,411
trial_0,0.008455,0.240888,412
trial_0,0.068281,0.809984,413
trial_0,0.349401,0.533676,414
trial_0,0.001366,0.619711,415
trial_0,0.645875,2.600015,416
trial_0,0.039261,0.315481,417
trial_0,0.130199,0.338897,418
trial_0,0.193978,0.989403,419
trial_0,0.065635,0.326180,420
trial_0,0.042243,0.444758,421
trial_0,0.203406,0.748635,422
trial_0,0.024805,0.203542,423
trial_0,0.056227,0.182295,424
trial_0,0.163201,0.385192,425
trial_0,0.142118,0.282129,426
trial_0,0.095302,0.553929,427
trial_0,0.003795,0.678331,428
trial_0,0.123841,0.396626,429
trial_0,0.043295,0.445418,430
trial_0,0.111458,0.718268,431
trial_0,0.184774,0.547984,432
trial_0,0.100415,0.406170,433
trial_0,0.203670,0.673618,434
trial_0,0.148115,3.852211,435
trial_0,0.014492,0.271992,436
trial_0,0.236884,0.806947,437
trial_0,0.451840,1.041152,438
trial_0,0.056271,0.706325,439
trial_0,0.176068,0.877175,440
trial_0,0.629589,1.969015,441
trial_0,0.031904,0.383765,442
trial_0,0.034414,0.335282,443
trial_0,0.237569,0.483826,444
trial_0,0.312663,0.562033,445
trial_0,0.174042,0.668692,446
trial_0,0.103122,0.678370,447
trial_0,0.014153,0.300119,448
trial_0,0.113052,0.912998,449
trial_0,0.082211,0.498462,450
trial_0,0.222577,0.609003,451
trial_0,0.145233,0.540383,452
trial_0,0.120772,0.694521,453
trial_0,0.108863,0.303946,454
trial_0,0.106568,0.437905,455
trial_0,0.323986,0.759979,456
trial_0,0.030833,0.278511,457
trial_0,0.172051,0.639918,458
trial_0,0.150332,0.381497,459
trial_0,0.210623,0.529204,460
trial_0,0.010678,0.320617,461
trial_0,0.280904,0.645515,462
trial_0,0.002669,0.397958,463
trial_0,0.050901,0.399018,464
trial_0,0.058095,0.674175,465
trial_0,0.086790,0.411313,466
trial_0,0.123936,0.591103,467
trial_0,0.210554,0.384786,468
trial_0,0.358804,2.028927,469
trial_0,0.267669,0.506955,470
trial_0,0.162909,0.463184,471
trial_0,0.336172,0.812607,472
trial_0,0.015969,0.434453,473
trial_0,0.143313,1.672868,474
trial_0,0.266076,1.498860,475
trial_0,0.556782,2.076047,476
trial_0,0.146450,0.403123,477
trial_0,0.014436,0.378514,478
trial_0,0.018779,0.608273,479
trial_0,0.274017,0.634108,480
trial_0,0.449445,1.393585,481
trial_0,0.127978,0.595350,482
trial_0,0.207052,1.247444,483
trial_0,0.073376,0.985396,484
trial_0,0.050520,0.332189,485
trial_0,0.021363,0.548818,486
trial_0,0.308243,0.594324,487
trial_0,0.015405,0.325259,488
trial_0,0.099530,0.407715,489
trial_0,0.147632,0.860587,490
trial_0,0.111989,0.376516,491
trial_0,0.059505,0.396670,492
trial_0,0.141887,0.658541,493
trial_0,0.011462,0.475034,494
trial_0,0.076894,0.621923,495
trial_0,0.043301,0.424456,496
trial_0,0.296541,0.611443,497
trial_0,0.162171,0.371709,498
trial_0,0.172946,0.601952,499
trial_0,0.258503,1.211536,500
trial_0,0.102343,0.472472,501
trial_0,0.123095,0.323696,502
trial_0,0.104740,0.456824,503
trial_0,0.016878,0.525259,504
trial_0,0.100146,0.569150,505
trial_0,0.151879,0.489208,506
trial_0,0.003585,1.036479,507
trial_0,0.094373,0.488906,508
trial_0,0.155439,0.679500,509
trial_0,0.003462,0.579360,510
trial_0,0.093483,0.363058,511
trial_0,0.474224,2.801464,512
trial_0,0.198222,0.714424,513
trial_0,0.117807,0.875830,514
trial_0,0.130566,2.129050,515
trial_0,0.168580,0.583782,516
trial_0,0.184763,1.891983,517
trial_0,0.134595,0.508471,518
trial_0,0.135458,0.423528,519
trial_0,0.031838,0.376827,520
trial_0,0.103748,0.375941,521
trial_0,0.082103,0.498419,522
trial_0,0.073374,1.149080,523
trial_0,0.138580,0.425389,524
trial_0,0.009306,0.985543,525
trial_0,0.151855,0.474527,526
trial_0,0.046011,0.396842,527
trial_0,0.328320,0.559111,528
trial_0,0.048430,0.406301,529
trial_0,0.094408,0.616731,530
trial_0,0.065565,0.579888,531
trial_0,0.164055,0.420247,532
trial_0,0.095476,0.410326,533
trial_0,0.148055,0.261172,534
trial_0,0.203597,0.631999,535
trial_0,0.386196,1.034159,536
trial_0,0.079262,0.980219,537
trial_0,0.213914,0.420034,538
trial_0,0.131420,0.696772,539
trial_0,0.059011,0.405171,540
trial_0,0.236905,0.386769,541
trial_0,0.096306,1.380088,542
trial_0,0.097918,0.423690,543
trial_0,0.145678,0.249044,544
trial_0,0.025567,0.522254,545
trial_0,0.008020,0.612647,546
trial_0,0.204343,0.371162,547
trial_0,0.165784,0.524968,548
trial_0,0.106023,0.618135,549
trial_0,0.037872,0.445704,550
trial_0,0.279263,0.491918,551
trial_0,0.004306,0.871987,552
trial_0,0.093582,0.472957,553
trial_0,0.425922,1.423252,554
trial_0,0.028022,0.346863,555
trial_0,0.332937,0.619825,556
trial_0,0.128457,0.304268,557
trial_0,0.020591,0.186918,558
trial_0,0.046171,0.466746,559
trial_0,0.130243,0.475003,560
trial_0,0.058870,0.693154,561
trial_0,0.228955,0.590763,562
trial_0,0.156527,0.670083,563
trial_0,0.031488,0.551262,564
trial_0,0.501404,0.871735,565
trial_0,0.174382,0.559801,566
trial_0,0.135273,0.686110,567
trial_0,0.154696,0.461375,568
trial_0,0.040165,0.495839,569
trial_0,0.234528,0.694340,570
trial_0,0.244902,0.431822,571
trial_0,0.053254,0.336425,572
trial_0,0.322483,0.556228,573
trial_0,0.047448,0.387084,574
trial_0,0.105711,1.573164,575
trial_0,0.625694,2.511342,576
trial_0,0.154073,0.317904,577
trial_0,0.241240,1.193123,578
trial_0,0.080833,0.350391,579
trial_0,0.120118,0.347945,580
trial_0,0.357129,0.750412,581
trial_0,0.085205,0.380774,582
trial_0,0.301942,0.687524,583
trial_0,0.001735,0.293579,584
trial_0,0.162178,0.731203,585
trial_0,0.121146,0.335279,586
trial_0,0.026231,0.573052,587
trial_0,0.155686,0.354555,588
trial_0,2.635279,16.566235,589
trial_0,0.153970,0.722758,590
trial_0,0.155637,0.593001,591
trial_0,0.055450,0.537651,592
trial_0,0.139971,0.441802,593
trial_0,0.109608,0.296472,594
trial_0,0.306593,1.071052,595
trial_0,0.096626,0.602800,596
trial_0,0.143823,0.383650,597
trial_0,0.071305,0.532262,598
trial_0,0.026185,0.523068,599
trial_0,0.113165,0.299397,600
trial_0,0.202743,1.064654,601
trial_0,0.042706,0.561196,602
trial_0,0.013539,0.652753,603
trial_0,0.004509,0.336535,604
trial_0,0.256711,0.599339,605
trial_0,0.043804,0.479728,606
trial_0,0.022932,0.467388,607
trial_0,0.103898,0.355147,608
trial_0,0.155418,0.804760,609
trial_0,0.068179,0.477841,610
trial_0,0.110502,0.461198,611
trial_0,0.207441,0.347149,612
trial_0,0.259194,0.521455,613
trial_0,0.172233,0.747399,614
trial_0,0.144129,0.328686,615
trial_0,0.049376,0.356515,616
trial_0,0.025380,0.427755,617
trial_0,0.288373,0.358039,618
trial_0,1.629854,6.607526,619
trial_0,0.070004,0.351403,620
trial_0,0.140957,0.328520,621
trial_0,0.655576,4.562390,622
trial_0,0.114001,0.305917,623
trial_0,0.161483,0.688234,624
trial_0,0.308850,0.674667,625
trial_0,0.221221,0.591755,626
trial_0,0.114473,1.286513,627
trial_0,0.279416,0.548103,628
trial_0,0.140650,0.359703,629
trial_0,0.025821,0.510288,630
trial_0,0.143115,0.798008,631
trial_0,0.125591,0.556177,632
trial_0,0.026447,0.369391,633
trial_0,0.247380,0.971247,634
trial_0,0.010936,0.679867,635
trial_0,0.013879,0.446392,636
trial_0,0.177907,1.065018,637
trial_0,0.183943,0.672119,638
trial_0,0.094602,0.449640,639
trial_0,0.227531,0.410687,640
trial_0,0.047967,0.456391,641
trial_0,0.129453,0.329627,642
trial_0,0.166896,1.008858,643
trial_0,0.128902,0.841788,644
trial_0,0.012386,0.573998,645
trial_0,0.320009,1.331835,646
trial_0,0.103782,1.803961,647
trial_0,0.174358,1.620276,648
trial_0,0.080209,0.460957,649
trial_0,0.317034,0.841432,650
trial_0,0.172975,0.708032,651
trial_0,0.546384,1.505357,652
trial_0,0.026986,0.362257,653
trial_0,0.136404,0.456729,654
trial_0,0.048735,0.382773,655
trial_0,0.080764,0.870831,656
trial_0,0.026275,1.038735,657
trial_0,0.502913,0.943942,658
trial_0,0.364963,0.578279,659
trial_0,0.026984,0.497088,660
trial_0,0.104004,0.662776,661
trial_0,0.133688,0.386591,662
trial_0,0.042063,0.377403,663
trial_0,0.180621,0.307652,664
trial_0,0.008153,0.684200,665
trial_0,0.239754,1.133321,666
trial_0,0.049763,0.449412,667
trial_0,0.195087,0.400736,668
trial_0,0.113154,0.334798,669
trial_0,0.057156,0.212305,670
trial_0,0.268581,0.452259,671
trial_0,0.196486,0.411933,672
trial_0,0.664888,4.482602,673
trial_0,0.136156,0.504065,674
trial_0,0.336285,0.692517,675
trial_0,0.006522,1.093069,676
trial_0,0.094170,0.657258,677
trial_0,0.132690,0.592031,678
trial_0,0.023418,1.655511,679
trial_0,0.051438,0.311438,680
trial_0,0.196473,0.446129,681
trial_0,0.099628,0.802130,682
trial_0,0.097114,0.359922,683
trial_0,0.457827,1.927992,684
trial_0,0.064539,1.153527,685
trial_0,0.137066,0.376098,686
trial_0,0.197407,0.511298,687
trial_0,0.071724,0.414437,688
trial_0,0.262274,0.558190,689
trial_0,0.047915,0.646253,690
trial_0,0.282619,0.415964,691
trial_0,0.065079,0.289710,692
trial_0,0.243291,0.552343,693
trial_0,0.361267,0.607372,694
trial_0,0.091968,0.391135,695
trial_0,0.092466,0.986218,696
trial_0,0.095447,1.104705,697
trial_0,0.074173,0.213422,698
trial_0,0.064214,0.317072,699
trial_0,0.151457,0.392672,700
trial_0,0.093931,0.692217,701
trial_0,0.095562,0.393065,702
trial_0,0.154271,1.008116,703
trial_0,0.049858,0.315956,704
trial_0,0.017361,0.294432,705
trial_0,0.046590,0.501729,706
trial_0,0.076965,0.368642,707
trial_0,0.105766,0.394923,708
trial_0,0.124182,0.988396,709
trial_0,0.067341,0.753290,710
trial_0,0.054223,0.514724,711
trial_0,0.231184,0.448741,712
trial_0,0.258551,1.528118,713
trial_0,0.109256,0.318204,714
trial_0,0.016868,0.308161,715
trial_0,0.227278,0.946915,716
trial_0,0.089534,0.263882,717
trial_0,0.040928,0.636130,718
trial_0,0.009851,0.223980,719
trial_0,0.168295,0.985838,720
trial_0,0.115392,0.357283,721
trial_0,0.210504,0.521043,722
trial_0,0.037695,0.223001,723
trial_0,0.104817,2.007760,724
trial_0,0.107462,0.664284,725
trial_0,0.085397,1.041109,726
trial_0,0.326054,0.771382,727
trial_0,0.070395,0.417256,728
trial_0,0.390302,0.545067,729
trial_0,0.237338,0.471774,730
trial_0,0.067809,0.608905,731
trial_0,0.112375,0.567644,732
trial_0,0.074115,0.371438,733
trial_0,0.132276,0.270784,734
trial_0,0.013853,0.884715,735
trial_0,0.165708,0.548365,736
trial_0,0.130506,0.568527,737
trial_0,0.197962,0.893373,738
trial_0,0.000508,0.304355,739
trial_0,0.158107,0.417859,740
trial_0,0.006115,0.584234,741
trial_0,0.069684,0.592547,742
trial_0,0.688129,2.729291,743
trial_0,0.072060,0.367678,744
trial_1,132,0.167159,0.554566
trial_1,133,0.531898,1.833291
trial_1,134,0.129867,0.534410
trial_1,135,0.161551,0.415361
trial_1,136,0.058059,0.376090
trial_1,137,0.183919,0.617485
trial_1,138,0.077220,0.411008
trial_1,139,0.263835,0.388575
trial_1,140,0.008365,0.253760
trial_1,141,0.083141,0.421630
trial_1,142,0.074832,0.599541
trial_1,143,0.274983,1.027996
trial_1,144,0.181356,0.523327
trial_1,145,0.124289,0.337552
trial_1,146,0.150157,0.942947
trial_1,147,0.016665,0.757699
trial_1,148,0.185446,0.425916
trial_1,149,0.049101,0.929103
trial_1,150,0.028487,0.327323
trial_1,151,0.215523,0.590038
trial_1,152,0.193058,0.485404
trial_1,153,0.262963,0.492880
trial_1,154,0.078693,0.340785
trial_1,155,0.124119,0.498295
trial_1,156,0.341264,0.681336
trial_1,157,0.111260,0.513910
trial_1,158,0.220542,0.610020
trial_1,159,0.018717,0.187480
trial_1,160,0.114544,0.620520
trial_1,161,0.196799,0.439686
trial_1,162,0.255109,0.357202
trial_1,163,0.231714,0.443006
trial_1,164,0.155284,0.277995
trial_1,165,0.059201,0.429351
trial_1,166,0.034184,0.501081
trial_1,167,0.020849,0.242734
trial_1,168,0.027251,0.304851
trial_1,169,0.107756,0.243784
trial_1,170,0.083853,0.374911
trial_1,171,0.079910,0.333040
trial_1,172,0.061472,0.365133
trial_1,173,0.022232,0.356197
trial_1,174,0.006935,0.399537
trial_1,175,0.001255,0.239931
trial_1,176,0.079585,0.377733
trial_1,177,0.085165,0.402397
trial_1,178,0.184659,0.369180
trial_1,179,0.015676,0.308041
trial_1,180,0.111232,0.712820
trial_1,181,0.034425,0.935492
trial_1,182,0.318372,0.465995
trial_1,183,0.070521,0.264279
trial_1,184,0.063314,0.585519
trial_1,185,0.194984,0.378848
trial_1,186,0.075401,0.247104
trial_1,187,0.082304,0.474748
trial_1,188,0.230294,0.435433
trial_1,189,0.069840,0.319993
trial_1,190,0.079453,0.233924
trial_1,191,0.155090,0.343235
trial_1,192,0.210393,0.523896
trial_1,193,0.123874,0.372296
trial_1,194,0.050102,0.269265
trial_1,195,0.077427,0.338859
trial_1,196,0.010265,0.478290
trial_1,197,0.282143,0.428856
trial_1,198,0.237726,0.420250
trial_1,199,0.093819,0.546917
trial_1,200,0.223711,0.383853
trial_1,201,0.044704,0.418718
trial_1,202,0.109481,0.215386
trial_1,203,0.055258,0.175208
trial_1,204,0.086298,0.408176
trial_1,205,0.158155,0.364640
trial_1,206,0.101600,0.361514
trial_1,207,0.006741,0.263601
trial_1,208,0.258521,0.486352
trial_1,209,0.234273,1.871376
trial_1,210,0.183432,0.908707
trial_1,211,0.127127,0.457607
trial_1,212,0.195298,0.321151
trial_1,213,0.004619,0.473508
trial_1,214,0.003165,0.289938
trial_1,215,0.098347,0.286988
trial_1,216,0.005536,0.290794
trial_1,217,0.139438,0.458105
trial_1,218,0.122809,1.150360
trial_1,219,0.538229,8.204604
trial_1,220,0.016245,0.552098
trial_1,221,0.209356,0.434650
trial_1,222,0.341629,0.476099
trial_1,223,0.228283,0.441282
trial_1,224,0.149791,0.373082
trial_1,225,0.359957,0.653272
trial_1,226,0.018535,0.467161
trial_1,227,0.107465,0.487434
trial_1,228,0.190479,0.366540
trial_1,229,0.198245,0.756784
trial_1,230,0.081774,0.394041
trial_1,231,0.150071,0.777568
trial_1,232,0.137776,0.365339
trial_1,233,0.068835,0.464907
trial_1,234,0.049949,0.321391
trial_1,235,0.035622,0.504254
trial_1,236,0.158628,0.295082
trial_1,237,0.124717,0.387708
trial_1,238,0.157170,0.382282
trial_1,239,0.077946,0.317102
trial_1,240,0.374236,0.587357
trial_1,241,0.125331,0.398250
trial_1,242,0.034592,0.270055
trial_1,243,0.081650,0.484762
trial_1,244,0.004857,0.431704
trial_1,245,0.259845,1.272460
trial_1,246,0.042659,0.542391
trial_1,247,0.040256,0.427838
trial_1,248,0.168720,0.388598
trial_1,249,0.053776,0.508715
trial_1,250,0.091189,0.520115
trial_1,251,0.032782,0.256739
trial_1,252,0.203602,0.550101
trial_1,253,0.105420,0.295604
trial_1,254,0.200886,0.806427
trial_1,255,0.092666,1.149855
trial_1,256,0.105522,0.367362
trial_1,257,0.081711,0.749032
trial_1,258,0.442182,0.565916
trial_1,259,0.027076,0.338310
trial_1,260,0.084838,0.295047
trial_1,261,0.189464,0.367143
trial_1,262,0.058817,0.480155
trial_1,263,0.172957,0.390346
trial_1,264,0.013991,0.421269
trial_1,265,0.033898,0.376605
trial_1,266,0.267128,0.418429
trial_1,267,0.177879,1.185651
trial_1,268,0.214342,0.397086
trial_1,269,0.031103,0.274079
trial_1,270,0.081714,0.238826
trial_1,271,0.296371,0.471709
trial_1,272,0.261032,0.415355
trial_1,273,0.056343,0.346968
trial_1,274,0.175537,0.312383
trial_1,275,0.049364,0.379817
trial_1,276,0.196556,0.821323
trial_1,277,0.122567,0.479773
trial_1,278,0.022009,0.334057
trial_1,279,0.005898,0.352408
trial_1,280,0.092819,0.557014
trial_1,281,0.099259,0.683811
trial_1,282,0.345880,1.361634
trial_1,283,0.010842,0.504413
trial_1,284,0.306644,0.516244
trial_1,285,0.021833,0.398955
trial_1,286,0.021918,0.463888
trial_1,287,0.171297,0.452506
trial_1,288,0.029587,0.794731
trial_1,289,0.105389,0.490146
trial_1,290,0.084957,0.538408
trial_1,291,0.007451,0.465798
trial_1,292,0.116227,0.613917
trial_1,293,0.140504,0.539808
trial_1,294,0.042173,0.261383
trial_1,295,0.003725,0.414513
trial_1,296,0.275584,1.018042
trial_1,297,0.238864,0.482885
trial_1,298,0.106713,0.510828
trial_1,299,0.034763,0.237815
trial_1,300,0.117217,0.474667
trial_1,301,0.011078,0.433192
trial_1,302,0.147393,0.589767
trial_1,303,0.223409,0.566752
trial_1,304,0.055715,0.275910
trial_1,305,0.082927,0.469804
trial_1,306,0.135715,0.375824
trial_1,307,0.059382,0.418926
trial_1,308,0.100463,0.491706
trial_1,309,0.167529,0.529623
trial_1,310,0.224560,0.928197
trial_1,311,0.104403,0.706166
trial_1,312,0.076494,0.638047
trial_1,313,0.101485,0.368873
trial_1,314,0.043737,0.494539
trial_1,315,0.094760,0.447370
trial_1,316,0.047987,0.495019
trial_1,317,0.061051,0.450504
trial_1,318,0.204474,0.740641
trial_1,319,0.069954,0.597562
trial_1,320,0.041178,0.954052
trial_1,321,0.156705,0.522169
trial_1,322,0.122518,0.369709
trial_1,323,0.184196,0.552222
trial_1,324,0.343485,0.516448
trial_1,325,0.147788,0.390071
trial_1,326,0.196102,0.459342
trial_1,327,0.210684,0.640074
trial_1,328,0.480311,0.688236
trial_1,329,0.171694,2.640742
trial_1,330,0.255065,0.621299
trial_1,331,0.147829,0.480807
trial_1,332,0.319396,0.551507
trial_1,333,0.096662,0.442897
trial_1,334,0.268717,0.464648
trial_1,335,0.049140,0.421682
trial_1,336,0.152756,0.414461
trial_1,337,0.068747,0.569126
trial_1,338,0.157093,1.234074
trial_1,339,0.121922,0.477622
trial_1,340,0.145270,0.426663
trial_1,341,0.113344,4.005940
trial_1,342,0.076096,0.292426
trial_1,343,0.185935,0.439140
trial_1,344,0.021835,0.866671
trial_1,345,1.666055,8.153151
trial_1,346,0.092316,0.928860
trial_1,347,0.280124,0.618342
trial_1,348,0.298854,0.813783
trial_1,349,0.001654,0.421323
trial_1,350,0.104692,0.538077
trial_1,351,0.089589,0.776281
trial_1,352,0.007362,0.474865
trial_1,353,0.085672,0.384169
trial_1,354,0.309749,0.577530
trial_1,355,0.175514,0.295912
trial_1,356,0.227618,0.348495
trial_1,357,0.006745,0.541689
trial_1,358,0.013808,0.301922
trial_1,359,0.218670,0.393879
trial_1,360,0.064874,0.305158
trial_1,361,0.004461,0.843358
trial_1,362,0.094203,1.702646
trial_1,363,0.100728,0.533914
trial_1,364,0.155902,0.326825
trial_1,365,0.175358,0.420541
trial_1,366,0.134576,0.490779
trial_1,367,0.119865,0.507860
trial_1,368,0.052032,0.301122
trial_1,369,0.000820,0.263301
trial_1,370,0.111552,0.434507
trial_1,371,0.108205,0.363615
trial_1,372,0.126874,0.451665
trial_1,373,0.035142,0.384288
trial_1,374,0.185906,0.734148
trial_1,375,0.157643,0.332288
trial_1,376,0.261405,0.439804
trial_1,377,0.060120,0.611625
trial_1,378,0.046316,0.271141
trial_1,379,0.248152,0.468860
trial_1,380,0.054779,0.369232
trial_1,381,0.018224,0.308010
trial_1,382,0.210478,0.407095
trial_1,383,0.331162,1.508444
trial_1,384,0.139371,0.331578
trial_1,385,0.300780,0.826067
trial_1,386,0.177124,0.920918
trial_1,387,0.150893,0.994577
trial_1,388,0.109300,0.425250
trial_1,389,0.049044,0.347282
trial_1,390,0.102859,0.493906
trial_1,391,0.026877,0.597641
trial_1,392,0.203054,0.428465
trial_1,393,0.083366,0.414301
trial_1,394,0.154976,0.382473
trial_1,395,0.129527,0.493171
trial_1,396,0.018011,0.208417
trial_1,397,0.000248,0.346904
trial_1,398,0.009681,0.375324
trial_1,399,0.165268,0.574772
trial_1,400,0.040096,0.474420
trial_1,401,0.176679,0.516542
trial_1,402,0.219443,0.718629
trial_1,403,0.060393,0.382006
trial_1,404,0.228807,0.324560
trial_1,405,0.094334,0.461014
trial_1,406,0.334027,0.697499
trial_1,407,0.031675,0.285679
trial_1,408,0.054989,0.339617
trial_1,409,0.023711,0.454615
trial_1,410,0.109814,0.467352
trial_1,411,0.345472,0.630858
trial_1,412,0.052157,0.312612
trial_1,413,0.165601,0.574335
trial_1,414,0.236604,0.388766
trial_1,415,0.112021,0.411404
trial_1,416,0.261329,2.477713
trial_1,417,0.269770,0.543542
trial_1,418,0.336214,0.612575
trial_1,419,0.217125,0.892897
trial_1,420,0.209755,0.678652
trial_1,421,0.052045,0.371076
trial_1,422,0.231396,0.722683
trial_1,423,0.019227,0.255696
trial_1,424,0.001918,0.321138
trial_1,425,0.181487,0.370408
trial_1,426,0.152298,0.264960
trial_1,427,0.028131,0.366751
trial_1,428,0.450667,0.719052
trial_1,429,0.128350,0.350769
trial_1,430,0.000987,0.304660
trial_1,431,0.089201,0.417741
trial_1,432,0.149488,0.631289
trial_1,433,0.008996,0.380664
trial_1,434,0.300312,0.661447
trial_1,435,0.033902,1.560827
trial_1,436,0.250653,0.633116
trial_1,437,0.165299,0.889986
trial_1,438,0.355762,0.825611
trial_1,439,0.037851,0.546290
trial_1,440,0.178247,0.635820
trial_1,441,0.226518,0.786221
trial_1,442,0.102155,0.348835
trial_1,443,0.036597,0.385814
trial_1,444,0.307727,0.538873
trial_1,445,0.024968,0.384434
trial_1,446,0.001155,0.484923
trial_1,447,0.060523,0.641685
trial_1,448,0.118394,0.441583
trial_1,449,0.079277,0.533360
trial_1,450,0.156208,0.683471
trial_1,451,0.198040,0.451120
trial_1,452,0.154546,0.408286
trial_1,453,0.008272,0.431470
trial_1,454,0.224169,0.402460
trial_1,455,0.063344,0.359054
trial_1,456,0.266222,0.549073
trial_1,457,0.257971,0.439452
trial_1,458,0.011425,0.471584
trial_1,459,0.209345,0.444708
trial_1,460,0.198979,0.477407
trial_1,461,0.003739,0.326135
trial_1,462,0.191993,0.477043
trial_1,463,0.187497,0.329226
trial_1,464,0.060344,0.290598
trial_1,465,0.056408,0.407555
trial_1,466,0.118456,0.409800
trial_1,467,0.093780,0.561208
trial_1,468,0.112479,0.366530
trial_1,469,0.093668,1.170936
trial_1,470,0.217173,0.556911
trial_1,471,0.049289,0.402686
trial_1,472,0.343215,0.531877
trial_1,473,0.001175,0.493645
trial_1,474,0.045191,0.980824
trial_1,475,0.114573,0.967530
trial_1,476,0.093197,0.939427
trial_1,477,0.164923,0.547622
trial_1,478,0.146415,0.447055
trial_1,479,0.059433,0.466927
trial_1,480,0.051295,0.541306
trial_1,481,0.007805,1.457220
trial_1,482,0.220328,0.577348
trial_1,483,0.002249,0.610351
trial_1,484,0.065369,0.630590
trial_1,485,0.098862,0.283838
trial_1,486,0.014527,0.453174
trial_1,487,0.426277,0.561316
trial_1,488,0.065762,0.470865
trial_1,489,0.025301,0.488301
trial_1,490,0.042218,0.518957
trial_1,491,0.199607,0.392813
trial_1,492,0.038214,0.451069
trial_1,493,0.072347,0.452814
trial_1,494,0.070941,0.459510
trial_1,495,0.124467,0.471387
trial_1,496,0.140331,0.379919
trial_1,497,0.226091,0.530927
trial_1,498,0.158764,0.310993
trial_1,499,0.063092,0.623866
trial_1,500,0.257070,0.702114
trial_1,501,0.117895,0.367190
trial_1,502,0.200476,0.371167
trial_1,503,0.023821,0.285138
trial_1,504,0.080555,0.392725
trial_1,505,0.039062,0.620453
trial_1,506,0.050815,0.343455
trial_1,507,0.114493,0.673976
trial_1,508,0.130792,0.394329
trial_1,509,0.064064,0.635328
trial_1,510,0.008722,0.409738
trial_1,511,0.001426,0.335767
trial_1,512,0.224191,2.791823
trial_1,513,0.136075,0.483086
trial_1,514,0.030184,0.571598
trial_1,515,0.079728,1.943598
trial_1,516,0.065202,0.420006
trial_1,517,0.020560,1.105829
trial_1,518,0.281971,0.655939
trial_1,519,0.038755,0.365539
trial_1,520,0.169307,0.348148
trial_1,521,0.059188,0.313862
trial_1,522,0.010377,0.378615
trial_1,523,0.070349,0.657871
trial_1,524,0.245575,0.600177
trial_1,525,0.011972,0.750014
trial_1,526,0.114636,0.363322
trial_1,527,0.066087,0.311026
trial_1,528,0.287833,0.514299
trial_1,529,0.022679,0.418047
trial_1,530,0.056421,0.451414
trial_1,531,0.166296,0.467083
trial_1,532,0.176862,0.439458
trial_1,533,0.052572,0.257580
trial_1,534,0.108122,0.332022
trial_1,535,0.306965,0.500650
trial_1,536,0.385251,0.981889
trial_1,537,0.079637,0.946008
trial_1,538,0.067171,0.344366
trial_1,539,0.075182,0.484172
trial_1,540,0.114303,0.406398
trial_1,541,0.227217,0.453312
trial_1,542,0.058895,1.060010
trial_1,543,0.090072,0.321800
trial_1,544,0.124087,0.284598
trial_1,545,0.001326,0.456500
trial_1,546,0.009757,0.624313
trial_1,547,0.086594,0.431415
trial_1,548,0.040516,0.334802
trial_1,549,0.030834,0.412496
trial_1,550,0.053094,0.457611
trial_1,551,0.117665,0.313981
trial_1,552,0.108141,0.535739
trial_1,553,0.200409,0.392600
trial_1,554,0.262661,0.854997
trial_1,555,0.046303,0.273934
trial_1,556,0.364048,0.478076
trial_1,557,0.037649,0.362087
trial_1,558,0.050946,0.263566
trial_1,559,0.147457,0.280435
trial_1,560,0.231159,0.423694
trial_1,561,0.088029,0.439646
trial_1,562,0.144371,0.436225
trial_1,563,0.042988,0.397281
trial_1,564,0.057775,0.393238
trial_1,565,0.105707,0.622507
trial_1,566,0.254914,0.441985
trial_1,567,0.006073,0.434723
trial_1,568,0.091260,0.467657
trial_1,569,0.127666,0.484730
trial_1,570,0.081226,0.427719
trial_1,571,0.052127,0.277916
trial_1,572,0.022678,0.298298
trial_1,573,0.289261,0.429739
trial_1,574,0.097393,0.210677
trial_1,575,0.235481,0.828490
trial_1,576,0.052184,1.071748
trial_1,577,0.035914,0.327242
trial_1,578,0.050018,0.684753
trial_1,579,0.227392,0.395165
trial_1,580,0.129203,0.282674
trial_1,581,0.164872,0.515431
trial_1,582,0.247497,0.364013
trial_1,583,0.008604,0.429954
trial_1,584,0.081618,0.240358
trial_1,585,0.133495,0.504993
trial_1,586,0.150763,0.371372
trial_1,587,0.062846,0.374666
trial_1,588,0.090401,0.284597
trial_1,589,1.462888,13.461622
trial_1,590,0.126128,0.838816
trial_1,591,0.285817,0.555306
trial_1,592,0.026691,0.437402
trial_1,593,0.080026,0.356654
trial_1,594,0.010129,0.335748
trial_1,595,0.060216,0.588437
trial_1,596,0.262548,0.465809
trial_1,597,0.047523,0.434970
trial_1,598,0.149742,0.448890
trial_1,599,0.057677,0.432799
trial_1,600,0.046582,0.270620
trial_1,601,0.087986,0.594348
trial_1,602,0.117923,0.440983
trial_1,603,0.118930,0.568629
trial_1,604,0.112664,0.296034
trial_1,605,0.017260,0.421243
trial_1,606,0.022805,0.420229
trial_1,607,0.121924,0.332924
trial_1,608,0.110349,0.305820
trial_1,609,0.057380,0.454584
trial_1,610,0.122779,0.440611
trial_1,611,0.193270,0.614894
trial_1,612,0.065032,0.260476
trial_1,613,0.417083,0.564818
trial_1,614,0.037655,0.603759
trial_1,615,0.048629,0.315072
trial_1,616,0.022795,0.409089
trial_1,617,0.147332,0.450147
trial_1,618,0.240558,0.303682
trial_1,619,1.015292,5.967604
trial_1,620,0.022047,0.600360
trial_1,621,0.028350,0.313436
trial_1,622,0.367709,2.836295
trial_1,623,0.046471,0.333640
trial_1,624,0.022382,0.546383
trial_1,625,0.209222,0.583829
trial_1,626,0.171517,0.504748
trial_1,627,0.251157,1.236163
trial_1,628,0.224297,0.448365
trial_1,629,0.097688,0.465474
trial_1,630,0.120900,0.605278
trial_1,631,0.075757,0.622241
trial_1,632,0.168260,0.407680
trial_1,633,0.037287,0.461954
trial_1,634,0.163419,0.720995
trial_1,635,0.065501,0.536925
trial_1,636,0.265999,0.529989
trial_1,637,0.138550,0.722298
trial_1,638,0.081997,0.621516
trial_1,639,0.104362,0.508662
trial_1,640,0.388121,0.544860
trial_1,641,0.320325,0.637879
trial_1,642,0.037344,0.435525
trial_1,643,0.160059,0.667876
trial_1,644,0.110673,0.546546
trial_1,645,0.000392,0.563764
trial_1,646,0.203044,1.017936
trial_1,647,0.118237,2.043495
trial_1,648,0.186432,2.332665
trial_1,649,0.111589,0.562907
trial_1,650,0.035038,0.613443
trial_1,651,0.202974,0.715288
trial_1,652,0.234465,0.948960
trial_1,653,0.196947,0.485637
trial_1,654,0.201056,0.353183
trial_1,655,0.207782,0.386961
trial_1,656,0.029491,0.534276
trial_1,657,0.083426,0.680493
trial_1,658,0.237707,0.526435
trial_1,659,0.299392,0.575148
trial_1,660,0.042719,0.483582
trial_1,661,0.036840,0.427280
trial_1,662,0.342174,0.656374
trial_1,663,0.161170,0.435409
trial_1,664,0.198209,0.340546
trial_1,665,0.022741,0.693095
trial_1,666,0.016384,0.693576
trial_1,667,0.093924,0.453917
trial_1,668,0.170925,0.343144
trial_1,669,0.014933,0.309027
trial_1,670,0.065100,0.267291
trial_1,671,0.023616,0.305994
trial_1,672,0.378241,0.610639
trial_1,673,0.385798,3.044740
trial_1,674,0.129455,0.567580
trial_1,675,0.086594,0.363681
trial_1,676,0.352863,0.968409
trial_1,677,0.159020,0.468976
trial_1,678,0.032443,0.421942
trial_1,679,0.009665,0.698828
trial_1,680,0.002532,0.433311
trial_1,681,0.203829,0.355656
trial_1,682,0.102193,0.613460
trial_1,683,0.068249,0.450681
trial_1,684,0.304799,1.156712
trial_1,685,0.207262,0.734899
trial_1,686,0.006850,0.375961
trial_1,687,0.297232,0.455011
trial_1,688,0.164188,0.325718
trial_1,689,0.248407,0.520523
trial_1,690,0.067082,0.584618
trial_1,691,0.308197,0.455369
trial_1,692,0.081226,0.308714
trial_1,693,0.281802,0.451327
trial_1,694,0.470531,0.632654
trial_1,695,0.072189,0.307525
trial_1,696,0.027662,0.706351
trial_1,697,0.117809,1.195995
trial_1,698,0.207209,0.391091
trial_1,699,0.069436,0.358285
trial_1,700,0.010490,0.408089
trial_1,701,0.090115,0.548632
trial_1,702,0.019304,0.525446
trial_1,703,0.249360,0.827277
trial_1,704,0.099911,0.362318
trial_1,705,0.062659,0.349203
trial_1,706,0.065126,0.398278
trial_1,707,0.026890,0.379066
trial_1,708,0.287968,0.418289
trial_1,709,0.079903,1.009978
trial_1,710,0.092838,0.561919
trial_1,711,0.011053,0.374870
trial_1,712,0.336994,0.438336
trial_1,713,0.195602,0.796959
trial_1,714,0.143916,0.376337
trial_1,715,0.166320,0.369640
trial_1,716,0.135046,0.536327
trial_1,717,0.031299,0.291721
trial_1,718,0.075988,0.400065
trial_1,719,0.173398,0.303672
trial_1,720,0.005449,0.585425
trial_1,721,0.164959,0.416802
trial_1,722,0.013474,0.362950
trial_1,723,0.098422,0.208549
trial_1,724,0.039636,1.971790
trial_1,725,0.142870,0.540689
trial_1,726,0.364755,0.579385
trial_1,727,0.204405,0.670414
trial_1,728,0.124505,0.413878
trial_1,729,0.407871,0.500153
trial_1,730,0.171503,0.422668
trial_1,731,0.031510,0.332187
trial_1,732,0.150280,0.335155
trial_1,733,0.097652,0.330018
trial_1,734,0.078802,0.280230
trial_1,735,0.005244,0.492254
trial_1,736,0.127326,0.431198
trial_1,737,0.066943,0.422200
trial_1,738,0.175027,0.780590
trial_1,739,0.048223,0.235963
trial_1,740,0.088313,0.352520
trial_1,741,0.089311,0.334817
trial_1,742,0.166277,0.554197
trial_1,743,0.275752,1.324074
trial_1,744,0.051744,0.302527
trial_1,745,0.192885,0.430304
trial_1,746,0.025770,0.398504
trial_1,747,0.028406,0.227960
trial_1,748,0.041614,0.459895
trial_1,749,0.094497,0.400580
trial_1,750,0.018082,0.369268
trial_1,751,0.084539,0.525672
trial_1,752,0.521622,0.835737
trial_1,753,0.372492,0.693274
trial_1,754,0.048576,0.319804
trial_1,755,0.001779,0.367221
trial_1,756,0.112399,0.345647
trial_1,757,0.053108,0.412496
trial_1,758,0.217921,0.621841
trial_1,759,0.099056,0.696638
trial_1,760,0.003715,0.460322
trial_1,761,0.285803,0.538454
trial_1,762,0.162861,0.540339
trial_1,763,0.024446,0.327594
trial_1,764,0.040587,0.621948
trial_1,765,0.008691,0.498041
trial_1,766,0.026840,0.566060
trial_1,767,0.104155,0.440580
trial_1,768,0.081903,0.284552
trial_1,769,0.110464,0.399480
trial_1,770,0.285088,1.630257
trial_1,771,0.203992,0.554804
trial_1,772,0.355902,3.706383
trial_1,773,0.141905,0.650988
trial_1,774,0.084187,0.734393
trial_1,775,0.056911,0.574647
trial_1,776,0.609980,0.788578
trial_1,777,0.387581,0.922645
trial_1,778,0.032852,0.568285
trial_1,779,0.076961,0.399685
trial_1,780,0.315280,0.431193
trial_1,781,0.406211,0.666298
trial_1,782,0.030707,0.529700
trial_1,783,0.225554,0.563040
trial_1,784,0.008894,0.276621
trial_1,785,0.097937,0.369639
trial_1,786,0.233787,0.867471
trial_1,787,0.198933,0.401298
trial_1,788,0.148169,0.772002
trial_1,789,0.167398,0.441682
trial_1,790,0.199472,0.430830
trial_1,791,0.341610,0.567473
trial_1,792,0.064661,0.301531
trial_1,793,0.336811,0.650116
trial_1,794,0.018080,1.085204
trial_1,795,0.078673,0.776148
trial_1,796,0.229523,0.434330
trial_1,797,0.026159,0.336742
trial_1,798,0.059393,0.385501
trial_1,799,0.052994,0.345343
trial_1,800,0.180116,0.495743
trial_1,801,0.140786,0.514970
trial_1,802,0.154485,0.425278
trial_1,803,0.025895,0.321542
trial_1,804,0.016141,0.492931
trial_1,805,0.046825,0.590893
trial_1,806,0.129699,0.841876
trial_1,807,0.211297,0.339424
trial_1,808,0.183442,0.261598
trial_1,809,0.045373,0.237959
trial_1,810,0.141779,0.363653
trial_1,811,0.079330,0.496643
trial_1,812,0.058840,0.492067
trial_1,813,0.188470,0.785009
trial_1,814,0.081395,0.885882
trial_1,815,0.077599,0.392255
trial_1,816,0.282689,0.451570
trial_1,817,0.268119,0.495458
trial_1,818,0.096787,0.602785
trial_1,819,0.044416,0.554978
trial_1,820,0.128467,1.267842
trial_1,821,0.011620,0.429877
trial_1,822,0.014198,0.417451
trial_1,823,0.001447,0.549485
trial_1,824,0.244066,0.338862
trial_1,825,0.102366,0.508424
trial_1,826,0.336994,2.780302
trial_1,827,0.093130,0.651979
trial_1,828,0.167507,0.633498
trial_1,829,0.083796,0.437271
trial_1,830,0.029984,0.323993
trial_1,831,0.244089,0.583315
trial_1,832,0.211507,0.523342
trial_1,833,0.070746,0.554788
trial_1,834,0.352619,0.638407
trial_1,835,0.281811,0.525105
trial_1,836,0.360754,0.435922
trial_1,837,0.473611,0.883398
trial_1,838,0.079434,0.479119
trial_1,839,0.046126,0.429544
trial_1,840,0.080192,0.465380
trial_1,841,0.102758,0.736770
trial_1,842,0.119838,0.287065
trial_1,843,0.136235,0.670669
trial_1,844,0.083366,0.472691
trial_1,845,0.163137,0.316331
trial_1,846,0.166176,0.338693
trial_1,847,0.040087,0.459486
trial_1,848,0.095683,1.077879
trial_1,849,0.161493,0.310082
trial_1,850,0.080984,0.525145
trial_1,851,0.070683,0.288099
trial_1,852,0.427228,0.694537
trial_1,853,0.132815,0.306430
trial_1,854,0.091265,0.265250
trial_1,855,0.197964,0.528995
trial_1,856,0.162765,0.542371
trial_1,857,0.130999,0.488817
trial_1,858,0.138617,0.410205
trial_1,859,0.020526,0.367150
trial_1,860,0.277684,0.462928
trial_1,861,0.192387,0.341580
trial_1,862,0.007907,0.314734
trial_1,863,0.153102,0.649145
trial_1,864,0.000595,0.405841
trial_1,865,0.042564,0.303063
trial_1,866,0.074355,0.538780
trial_1,867,0.107690,0.418518
trial_1,868,0.236915,0.420598
trial_1,869,0.133401,0.798447
trial_1,870,0.015440,0.517926
trial_1,871,0.155205,0.541362
trial_1,872,0.127430,0.594489
trial_1,873,0.189423,0.362326
trial_1,874,0.162833,0.393787
trial_1,875,0.081492,0.398620
trial_1,876,0.270126,0.454344
trial_1,877,0.036222,0.351744
trial_1,878,0.110677,0.446391
trial_1,879,0.037395,0.326828
trial_1,880,0.247780,0.584220
trial_1,881,0.040559,0.278237
trial_1,882,0.039838,0.409311
trial_1,883,0.073496,0.466016
trial_1,884,0.132714,0.565765
trial_1,885,0.209223,0.426853
trial_1,886,0.110674,0.282535
trial_1,887,0.638831,2.875852
trial_1,888,0.205851,1.364074
trial_1,889,0.216330,0.405945
trial_1,890,0.460887,0.669213
trial_1,891,0.252695,0.510661
trial_1,892,0.032670,0.493938
trial_1,893,0.078429,0.535803
trial_1,894,0.184642,0.477806
trial_1,895,0.132892,0.546777
trial_1,896,0.148688,0.605958
trial_1,897,0.006523,0.372227
trial_1,898,0.081498,0.381203
trial_1,899,0.014610,0.481996
trial_1,900,0.086277,0.485919
trial_1,901,0.048371,0.298825
trial_1,902,0.038797,0.757151
trial_1,903,0.203721,0.304671
trial_1,904,0.036074,0.344710
trial_1,905,0.163834,0.555989
trial_1,906,0.174543,0.382913
trial_1,907,0.050000,0.317185
trial_1,908,0.048367,0.236806
trial_1,909,0.072581,0.915363
trial_1,910,0.317309,0.665822
trial_1,911,0.015000,0.210658
trial_1,912,0.100530,0.393669
trial_1,913,0.036093,0.537458
trial_1,914,0.239526,0.457374
trial_1,915,0.243332,0.556518
trial_1,916,0.090920,0.303692
trial_1,917,0.258873,0.436636
trial_1,918,0.103325,0.498906
trial_1,919,0.326177,0.702485
trial_1,920,0.071308,0.481723
trial_1,921,0.186569,0.323887
trial_1,922,0.136778,0.626277
trial_1,923,0.196088,0.503116
trial_1,924,0.468654,2.540445
trial_1,925,0.267977,0.880043
trial_1,926,0.197254,0.496824
trial_1,927,0.173523,0.496376
trial_1,928,0.120656,0.486441
trial_1,929,0.178853,0.553887
trial_1,930,0.117460,0.649996
trial_1,931,0.011079,1.106599
trial_1,932,0.069375,0.483659
trial_1,933,0.044512,0.929801
trial_1,934,0.047800,0.579756
trial_1,935,0.058480,0.415750
trial_1,936,0.152720,0.844218
trial_1,937,0.137415,0.611058
trial_1,938,0.110842,0.352853
trial_1,939,0.096929,0.614671
trial_1,940,0.014976,0.424308
trial_1,941,0.082641,0.661965
trial_1,942,0.005015,0.312495
trial_1,943,0.055566,0.499778
trial_1,944,0.090205,0.265228
trial_1,945,0.120754,0.472847
trial_1,946,0.235313,0.460682
trial_1,947,0.003333,0.392209
trial_1,948,0.220151,0.697567
trial_1,949,0.161446,0.931469
trial_1,950,0.039605,0.328494
trial_1,951,0.097256,0.322982
trial_1,952,0.078091,0.414261
trial_1,953,0.092557,0.441390
trial_1,954,0.071020,0.407329
trial_1,955,0.099611,0.479225
trial_1,956,0.005296,0.354058
trial_1,957,0.335915,1.318762
trial_1,958,0.111500,0.454475
trial_1,959,0.051647,0.701690
trial_1,960,0.052156,0.580975
trial_1,961,0.141628,0.490126
trial_1,962,0.453094,8.071709
trial_1,963,0.111909,0.722085
trial_1,964,0.026552,0.231206
trial_1,965,0.107171,0.509588
trial_1,966,0.027903,0.557811
trial_1,967,0.094782,0.720070
trial_1,968,0.050685,0.273847
trial_1,969,0.046621,0.408478
trial_1,970,0.089948,0.400601
trial_1,971,0.167026,0.338820
trial_1,972,0.338241,0.753808
trial_1,973,0.170946,0.478747
trial_1,974,0.074199,0.690954
trial_1,975,0.277410,0.615265
trial_1,976,0.012054,0.438232
trial_1,977,0.202720,0.473266
trial_1,978,0.091165,0.404001
trial_1,979,0.109855,0.250721
trial_1,980,0.124837,0.388051
trial_1,981,0.086370,0.586112
trial_1,982,0.108877,0.593980
trial_1,983,0.218445,0.338265
trial_1,984,0.149558,0.448163
trial_1,985,0.297326,0.594756
trial_1,986,0.060189,0.473515
trial_1,987,0.051597,0.391636
trial_1,988,0.392555,1.449264
trial_1,989,0.093204,0.421119
trial_1,990,0.021679,0.455975
trial_1,991,0.152093,0.339597
trial_1,992,0.062952,0.411693
trial_1,993,0.091428,0.540824
trial_1,994,0.166149,0.504026
trial_1,995,0.131502,0.427042
trial_1,996,0.019434,0.299046
trial_1,997,0.117603,2.909135
trial_1,998,0.181672,0.526578
trial_1,999,0.048425,0.295643
trial_1,1000,0.275540,0.478186
trial_2,1,0.090069,0.339650
trial_2,2,0.044319,0.375729
trial_2,3,0.178531,0.445634
trial_2,4,0.155179,0.519887
trial_2,5,0.218024,0.587435
trial_2,6,0.041108,0.380944
trial_2,7,0.122450,0.377400
trial_2,8,0.027935,0.447568
trial_2,9,0.321570,0.746080
trial_2,10,0.281649,0.468602
trial_2,11,0.106904,0.541919
trial_2,12,0.092385,0.428637
trial_2,13,0.002511,1.669290
trial_2,14,0.009977,0.544054
trial_2,15,0.126076,0.323847
trial_2,16,0.219803,0.612145
trial_2,17,0.006110,0.607594
trial_2,18,0.399856,0.699347
trial_2,19,0.058848,0.532959
trial_2,20,0.168736,0.559575
trial_2,21,0.085168,0.596754
trial_2,22,0.169134,0.574200
trial_2,23,0.058631,0.506523
trial_2,24,0.155471,0.664030
trial_2,25,0.262866,0.475459
trial_2,26,0.163695,0.831605
trial_2,27,0.016689,0.533971
trial_2,28,0.147857,1.797383
trial_2,29,0.105906,0.770440
trial_2,30,0.248820,0.598295
trial_2,31,0.036132,0.419838
trial_2,32,0.297936,0.436667
trial_2,33,0.212488,0.735763
trial_2,34,0.071271,1.569969
trial_2,35,0.335372,0.682271
trial_2,36,0.057710,0.596551
trial_2,37,0.142455,0.738608
trial_2,38,0.144655,0.980516
trial_2,39,0.072219,0.609740
trial_2,40,0.087373,0.901972
trial_2,41,0.150573,0.482765
trial_2,42,0.110299,0.378062
trial_2,43,0.096301,0.367919
trial_2,44,0.121885,0.503074
trial_2,45,0.141112,0.718510
trial_2,46,0.100429,0.476460
trial_2,47,0.119573,0.480529
trial_2,48,0.095543,0.440670
trial_2,49,0.083021,0.605848
trial_2,50,0.220379,0.495747
trial_2,51,0.151673,0.397859
trial_2,52,0.148991,0.499003
trial_2,53,0.143670,1.105008
trial_2,54,0.030907,0.651301
trial_2,55,0.146468,0.558282
trial_2,56,0.028050,0.452051
trial_2,57,0.121472,0.553427
trial_2,58,0.097061,0.671616
trial_2,59,0.073457,0.379559
trial_2,60,0.142619,2.234369
trial_2,61,0.079721,0.288184
trial_2,62,0.136866,0.432770
trial_2,63,0.185043,0.498961
trial_2,64,0.139071,0.467094
trial_2,65,0.502180,0.891203
trial_2,66,0.024316,0.326812
trial_2,67,0.224849,0.421256
trial_2,68,0.307194,1.156056
trial_2,69,0.244868,0.443031
trial_2,70,0.276486,0.467777
trial_2,71,0.085566,0.813539
trial_2,72,0.073980,0.343135
trial_2,73,0.129749,0.363452
trial_2,74,0.044416,0.502591
trial_2,75,0.255663,0.425762
trial_2,76,0.076018,0.481708
trial_2,77,0.033433,0.259392
trial_2,78,0.021688,0.374588
trial_2,79,0.124273,0.367518
trial_2,80,0.236371,0.493901
trial_2,81,0.207106,1.187047
trial_2,82,0.342959,0.807015
trial_2,83,0.390082,0.637672
trial_2,84,0.230467,2.414021
trial_2,85,0.444032,1.062478
trial_2,86,0.432155,1.118145
trial_2,87,0.020628,0.506909
trial_2,88,0.056166,0.366518
trial_2,89,0.152425,0.814242
trial_2,90,0.068090,0.587911
trial_2,91,0.105173,0.721133
trial_2,92,0.347848,1.070404
trial_2,93,0.021359,1.029033
trial_2,94,0.230794,0.453494
trial_2,95,0.175985,0.499051
trial_2,96,0.080196,0.535374
trial_2,97,0.265677,0.634379
trial_2,98,0.196785,0.795608
trial_2,99,0.128323,0.511266
trial_2,100,0.394375,0.485984
trial_2,101,0.339459,0.601304
trial_2,102,0.137133,0.439799
trial_2,103,0.015816,0.504307
trial_2,104,0.156685,0.509215
trial_2,105,0.133645,0.658263
trial_2,106,0.032363,0.390396
trial_2,107,0.237079,0.437292
trial_2,108,0.044774,1.173673
trial_2,109,0.296108,0.616696
trial_2,110,0.037784,0.556821
trial_2,111,0.340658,0.567001
trial_2,112,0.123025,0.646480
trial_2,113,0.215001,0.603980
trial_2,114,0.245580,0.638866
trial_2,115,0.204714,0.714199
trial_2,116,0.291420,0.443146
trial_2,117,0.095105,0.645069
trial_2,118,0.043368,0.537532
trial_2,119,0.088332,1.315316
trial_2,120,0.215426,0.758889
trial_2,121,0.193016,0.551476
trial_2,122,0.120747,0.355097
trial_2,123,0.178340,0.510317
trial_2,124,0.147424,0.783838
trial_2,125,0.226392,0.700130
trial_2,126,0.312130,1.048339
trial_2,127,0.093350,0.582750
trial_2,128,0.235723,0.420222
trial_2,129,0.282085,0.698239
trial_2,130,0.276375,2.078564
trial_2,131,0.102215,0.490851
trial_2,132,0.020151,0.668383
trial_2,133,0.021360,1.805169
trial_2,134,0.043029,0.526959
trial_2,135,0.222542,0.421055
trial_2,136,0.089338,0.440894
trial_2,137,0.155944,0.909376
trial_2,138,0.088165,0.473397
trial_2,139,0.104039,0.385116
trial_2,140,0.081177,0.395474
trial_2,141,0.003674,0.515964
trial_2,142,0.000196,0.508328
trial_2,143,0.602902,1.213628
trial_2,144,0.093184,0.413816
trial_2,145,0.052209,0.390557
trial_2,146,0.451690,0.924452
trial_2,147,0.152218,0.873258
trial_2,148,0.156802,0.392465
trial_2,149,0.040500,0.736275
trial_2,150,0.015570,0.425656
trial_2,151,0.007163,0.573478
trial_2,152,0.199556,0.568858
trial_2,153,0.304976,0.574967
trial_2,154,0.051247,0.370049
trial_2,155,0.019051,0.533746
trial_2,156,0.229267,0.496583
trial_2,157,0.130629,0.765067
trial_2,158,0.097138,0.829139
trial_2,159,0.155632,0.313972
trial_2,160,0.440153,0.684012
trial_2,161,0.263495,0.481491
trial_2,162,0.254764,0.383316
trial_2,163,0.094889,0.560745
trial_2,164,0.055410,0.219947
trial_2,165,0.263404,0.531743
trial_2,166,0.050659,0.592016
trial_2,167,0.200428,0.397939
trial_2,168,0.011270,0.373385
trial_2,169,0.108395,0.382586
trial_2,170,0.117863,0.531977
trial_2,171,0.060472,0.500888
trial_2,172,0.018871,0.355861
trial_2,173,0.046765,0.359164
trial_2,174,0.037851,0.409796
trial_2,175,0.148162,0.355253
trial_2,176,0.166513,0.463437
trial_2,177,0.087904,0.667134
trial_2,178,0.227410,0.360061
trial_2,179,0.047677,0.455989
trial_2,180,0.487361,1.370635
trial_2,181,0.020567,1.094673
trial_2,182,0.281675,0.450164
trial_2,183,0.044478,0.515247
trial_2,184,0.022449,0.786676
trial_2,185,0.132875,0.428300
trial_2,186,0.127279,0.518070
trial_2,187,0.201425,0.689200
trial_2,188,0.325628,0.518194
trial_2,189,0.095347,0.561343
trial_2,190,0.084434,0.380648
trial_2,191,0.083296,0.365336
trial_2,192,0.175838,0.600670
trial_2,193,0.246376,0.488758
trial_2,194,0.097733,0.498978
trial_2,195,0.149278,0.512207
trial_2,196,0.061030,0.515844
trial_2,197,0.094109,0.504452
trial_2,198,0.100768,0.438731
trial_2,199,0.130216,0.622216
trial_2,200,0.367589,0.556699
trial_2,201,0.184418,0.553895
trial_2,202,0.044966,0.289420
trial_2,203,0.075237,0.242871
trial_2,204,0.016098,0.476484
trial_2,205,0.103748,0.608028
trial_2,206,0.138323,0.393041
trial_2,207,0.146524,0.327186
trial_2,208,0.213006,0.505179
trial_2,209,0.007824,1.487753
trial_2,210,0.071292,1.388313
trial_2,211,0.051143,0.472039
trial_2,212,0.171803,0.285420
trial_2,213,0.075034,0.579913
trial_2,214,0.014758,0.383940
trial_2,215,0.032948,0.376120
trial_2,216,0.004297,0.403097
trial_2,217,0.090718,0.413347
trial_2,218,0.072466,1.335666
trial_2,219,0.069420,3.000547
trial_2,220,0.051472,0.950358
trial_2,221,0.295761,0.528877
trial_2,222,0.202534,0.520336
trial_2,223,0.188381,0.536529
trial_2,224,0.190089,0.524852
trial_2,225,0.047124,0.756640
trial_2,226,0.166353,0.563178
trial_2,227,0.046325,0.473097
trial_2,228,0.218989,0.543120
trial_2,229,0.138318,0.734169
trial_2,230,0.017910,0.434779
trial_2,231,0.042214,0.965506
trial_2,232,0.126598,0.459309
trial_2,233,0.123696,0.507256
trial_2,234,0.078151,0.365070
trial_2,235,0.023907,0.585776
trial_2,236,0.315753,0.446408
trial_2,237,0.104651,0.589804
trial_2,238,0.148251,0.393967
trial_2,239,0.175910,0.499441
trial_2,240,0.084455,0.570438
trial_2,241,0.078240,0.504738
trial_2,242,0.082682,0.327419
trial_2,243,0.017894,0.530172
trial_2,244,0.061479,0.570162
trial_2,245,0.255794,1.741497
trial_2,246,0.029885,0.556420
trial_2,247,0.036877,0.417869
trial_2,248,0.219615,0.488150
trial_2,249,0.296562,0.655000
trial_2,250,0.044793,0.571476
trial_2,251,0.072020,0.368907
trial_2,252,0.197795,0.563528
trial_2,253,0.171379,0.306502
trial_2,254,0.228698,0.887526
trial_2,255,0.250198,1.264207
trial_2,256,0.182041,0.508259
trial_2,257,0.002630,0.741231
trial_2,258,0.151798,0.425269
trial_2,259,0.035585,0.389996
trial_2,260,0.121651,0.267153
trial_2,261,0.192359,0.434474
trial_2,262,0.120249,0.532539
trial_2,263,0.159809,0.424310
trial_2,264,0.198791,0.500020
trial_2,265,0.090394,0.442045
trial_2,266,0.046645,0.559142
trial_2,267,0.105943,1.206048
trial_2,268,0.090536,0.334774
trial_2,269,0.053383,0.412281
trial_2,270,0.085748,0.303055
trial_2,271,0.078743,0.440364
trial_2,272,0.225008,0.437110
trial_2,273,0.031124,0.451017
trial_2,274,0.069884,0.571771
trial_2,275,0.018596,0.536433
trial_2,276,0.205273,1.443947
trial_2,277,0.020992,0.586249
trial_2,278,0.009434,0.373896
trial_2,279,0.200656,0.454624
trial_2,280,0.169563,0.662790
trial_2,281,0.091262,0.794099
trial_2,282,0.411619,1.411785
trial_2,283,0.026179,0.628878
trial_2,284,0.139184,0.475709
trial_2,285,0.222693,0.526470
trial_2,286,0.049311,0.661044
trial_2,287,0.101306,0.522707
trial_2,288,0.187303,0.899317
trial_2,289,0.091821,0.450614
trial_2,290,0.020458,0.582131
trial_2,291,0.140722,0.811357
trial_2,292,0.021738,0.817964
trial_2,293,0.012807,0.902470
trial_2,294,0.172418,0.311145
trial_2,295,0.159209,0.461883
trial_2,296,0.408023,1.044146
trial_2,297,0.154992,0.469096
trial_2,298,0.173818,0.627541
trial_2,299,0.226477,0.404914
trial_2,300,0.262548,0.486954
trial_2,301,0.235008,0.501308
trial_2,302,0.137625,0.523219
trial_2,303,0.182361,0.457881
trial_2,304,0.147550,0.310025
trial_2,305,0.105952,0.448746
trial_2,306,0.076655,0.514524
trial_2,307,0.016830,0.447338
trial_2,308,0.011657,0.729182
trial_2,309,0.152122,0.509876
trial_2,310,0.174667,1.000242
trial_2,311,0.276916,0.734681
trial_2,312,0.110750,1.041981
trial_2,313,0.003638,0.383104
trial_2,314,0.005872,0.619384
trial_2,315,0.132721,0.495873
trial_2,316,0.045228,0.865061
trial_2,317,0.032474,0.415201
trial_2,318,0.171421,0.597403
trial_2,319,0.056747,0.584879
trial_2,320,0.148789,1.125593
trial_2,321,0.040155,0.734581
trial_2,322,0.105233,0.380089
trial_2,323,0.374917,1.154135
trial_2,324,0.465196,0.625566
trial_2,325,0.112959,0.331253
trial_2,326,0.254313,0.576851
trial_2,327,0.152497,0.787182
trial_2,328,0.224448,0.544313
trial_2,329,0.094959,2.507030
trial_2,330,0.161108,1.483603
trial_2,331,0.142386,0.599068
trial_2,332,0.010751,0.645877
trial_2,333,0.068565,0.908676
trial_2,334,0.520012,0.818828
trial_2,335,0.163253,0.612919
trial_2,336,0.104528,0.546410
trial_2,337,0.131445,0.894446
trial_2,338,0.413111,1.834063
trial_2,339,0.129618,0.453078
trial_2,340,0.147432,0.458374
trial_2,341,0.231283,3.688017
trial_2,342,0.318506,0.623609
trial_2,343,0.037704,0.522894
trial_2,344,0.007623,0.877142
trial_2,345,1.337480,5.301811
trial_2,346,0.227069,1.578276
trial_2,347,0.220943,0.584813
trial_2,348,0.153200,1.017825
trial_2,349,0.012436,0.495512
trial_2,350,0.021591,0.681914
trial_2,351,0.017314,1.408204
trial_2,352,0.036180,0.600178
trial_2,353,0.053712,0.359544
trial_2,354,0.243646,0.970754
trial_2,355,0.013500,0.312025
trial_2,356,0.093939,0.323166
trial_2,357,0.235542,1.046156
trial_2,358,0.095397,0.386602
trial_2,359,0.039651,0.369638
trial_2,360,0.023202,0.334738
trial_2,361,0.129512,1.088063
trial_2,362,0.103899,2.120890
trial_2,363,0.125923,0.551782
trial_2,364,0.338906,0.483100
trial_2,365,0.089051,0.447786
trial_2,366,0.178710,0.604380
trial_2,367,0.049355,0.324477
trial_2,368,0.106498,0.341346
trial_2,369,0.036952,0.371680
trial_2,370,0.007264,0.676215
trial_2,371,0.095255,0.375774
trial_2,372,0.045319,0.523977
trial_2,373,0.194633,0.644116
trial_2,374,0.138832,0.949890
trial_2,375,0.045433,0.339917
trial_2,376,0.139134,0.376508
trial_2,377,0.049371,0.656316
trial_2,378,0.054544,0.348046
trial_2,379,0.360237,0.516185
trial_2,380,0.036553,0.525218
trial_2,381,0.016532,0.368101
trial_2,382,0.165125,0.436313
trial_2,383,0.377876,1.533558
trial_2,384,0.010593,0.301045
trial_2,385,0.332612,0.925792
trial_2,386,0.034308,1.346507
trial_2,387,0.001306,1.210937
trial_2,388,0.158074,0.346402
trial_2,389,0.139263,0.407870
trial_2,390,0.002383,0.539306
trial_2,391,0.021812,0.648138
trial_2,392,0.336724,0.695300
trial_2,393,0.247302,0.705973
trial_2,394,0.027732,0.516137
trial_2,395,0.225026,0.524145
trial_2,396,0.111717,0.300118
trial_2,397,0.083529,0.528253
trial_2,398,0.086057,0.513559
trial_2,399,0.033779,0.686917
trial_2,400,0.115477,0.527031
trial_2,401,0.083513,0.515938
trial_2,402,0.298837,0.869078
trial_2,403,0.053174,0.482237
trial_2,404,0.228099,0.358480
trial_2,405,0.048479,0.393340
trial_2,406,0.251335,0.545750
trial_2,407,0.147238,0.367046
trial_2,408,0.023839,0.441889
trial_2,409,0.033688,0.412007
trial_2,410,0.356170,0.669064
trial_2,411,0.156915,0.759610
trial_2,412,0.027621,0.343397
trial_2,413,0.151301,0.833604
trial_2,414,0.187985,0.474286
trial_2,415,0.195423,0.567860
trial_2,416,0.149367,1.647278
trial_2,417,0.070522,0.350884
trial_2,418,0.319613,0.575752
trial_2,419,0.043500,1.071116
trial_2,420,0.052260,0.397828
trial_2,421,0.104625,0.383846
trial_2,422,0.162740,0.734835
trial_2,423,0.068929,0.247448
trial_2,424,0.061614,0.302727
trial_2,425,0.045815,0.283420
trial_2,426,0.006262,0.207038
trial_2,427,0.033095,0.507870
trial_2,428,0.139584,0.596753
trial_2,429,0.265452,0.476735
trial_2,430,0.002189,0.385397
trial_2,431,0.066938,0.586812
trial_2,432,0.145599,0.625659
trial_2,433,0.078544,0.469655
trial_2,434,0.096913,0.869948
trial_2,435,0.549171,3.093329
trial_2,436,0.056620,0.251397
trial_2,437,0.307383,1.271940
trial_2,438,0.317920,0.878057
trial_2,439,0.032998,0.684432
trial_2,440,0.012709,0.614196
trial_2,441,0.238151,0.773912
trial_2,442,0.064726,0.360024
trial_2,443,0.087851,0.402469
trial_2,444,0.130404,0.463319
trial_2,445,0.110075,0.412531
trial_2,446,0.033825,0.619424
trial_2,447,0.088146,0.651314
trial_2,448,0.095039,0.432862
trial_2,449,0.035646,0.958102
trial_2,450,0.212198,0.546010
trial_2,451,0.176442,0.621828
trial_2,452,0.135948,0.448681
trial_2,453,0.338401,0.765243
trial_2,454,0.040968,0.380199
trial_2,455,0.048513,0.421613
trial_2,456,0.126048,0.580898
trial_2,457,0.246056,0.463417
trial_2,458,0.029411,0.690233
trial_2,459,0.107984,0.485213
trial_2,460,0.190751,0.457984
trial_2,461,0.135446,0.511805
trial_2,462,0.236351,0.731310
trial_2,463,0.074768,0.527060
trial_2,464,0.169389,0.443578
trial_2,465,0.033483,0.551370
trial_2,466,0.140305,0.401965
trial_2,467,0.227077,0.537603
trial_2,468,0.167794,0.443777
trial_2,469,0.136021,1.487492
trial_2,470,0.112228,0.534335
trial_2,471,0.129341,0.486264
trial_2,472,0.259539,0.579246
trial_2,473,0.061606,0.648535
trial_2,474,0.369902,1.523292
trial_2,475,0.452205,1.931801
trial_2,476,0.067654,1.592484
trial_2,477,0.045642,0.341345
trial_2,478,0.133709,0.400845
trial_2,479,0.078470,0.452502
trial_2,480,0.253560,0.566485
trial_2,481,0.453822,1.274066
trial_2,482,0.152471,0.612793
trial_2,483,0.148721,0.956902
trial_2,484,0.242262,0.717993
trial_2,485,0.091317,0.369696
trial_2,486,0.012259,0.581135
trial_2,487,0.323344,0.592836
trial_2,488,0.285143,0.561151
trial_2,489,0.028146,0.453940
trial_2,490,0.006300,0.619312
trial_2,491,0.021367,0.283207
trial_2,492,0.116515,0.476150
trial_2,493,0.334736,0.665562
trial_2,494,0.085585,0.457036
trial_2,495,0.013205,0.495676
trial_2,496,0.076500,0.381967
trial_2,497,0.058968,0.553697
trial_2,498,0.049962,0.312739
trial_2,499,0.168245,0.701990
trial_2,500,0.191022,0.943866
trial_2,501,0.218073,0.482206
trial_2,502,0.106275,0.409707
trial_2,503,0.184083,0.344134
trial_2,504,0.038373,0.438309
trial_2,505,0.070012,0.693770
trial_2,506,0.084860,0.411523
trial_2,507,0.035626,0.769947
trial_2,508,0.189571,0.416210
trial_2,509,0.086049,0.624399
trial_2,510,0.106887,0.586555
trial_2,511,0.002524,0.359494
trial_2,512,0.661082,2.939219
trial_2,513,0.084775,0.500394
trial_2,514,0.032278,0.679172
trial_2,515,0.019105,2.346274
trial_2,516,0.187771,0.529649
trial_2,517,0.032439,1.638399
trial_2,518,0.211485,0.456852
trial_2,519,0.062228,0.520614
trial_2,520,0.028896,0.430212
trial_2,521,0.082716,0.421346
trial_2,522,0.175864,0.426536
trial_2,523,0.136879,0.839321
trial_2,524,0.170200,0.545800
trial_2,525,0.000381,0.986268
trial_2,526,0.194726,0.409089
trial_2,527,0.092623,0.419408
trial_2,528,0.148824,0.495268
trial_2,529,0.028241,0.398761
trial_2,530,0.045964,0.455392
trial_2,531,0.138954,0.664302
trial_2,532,0.242317,0.523185
trial_2,533,0.146563,0.409333
trial_2,534,0.105187,0.334713
trial_2,535,0.220198,0.603196
trial_2,536,0.352136,1.141317
trial_2,537,0.112574,1.134941
trial_2,538,0.024969,0.406449
trial_2,539,0.163242,0.690444
trial_2,540,0.048960,0.315533
trial_2,541,0.331588,0.517864
trial_2,542,0.253627,1.151556
trial_2,543,0.344363,0.419387
trial_2,544,0.040367,0.254628
trial_2,545,0.188821,0.482231
trial_2,546,0.072060,0.613609
trial_2,547,0.308334,0.508940
trial_2,548,0.102027,0.524138
trial_2,549,0.202386,0.502344
trial_2,550,0.210795,0.527590
trial_2,551,0.222741,0.394318
trial_2,552,0.000072,0.670937
trial_2,553,0.032385,0.382315
trial_2,554,0.165809,1.251106
trial_2,555,0.096604,0.277855
trial_2,556,0.512386,0.647738
trial_2,557,0.020748,0.402539
trial_2,558,0.066551,0.218089
trial_2,559,0.073561,0.364535
trial_2,560,0.231473,0.383220
trial_2,561,0.297734,0.625030
trial_2,562,0.279449,0.633397
trial_2,563,0.218762,0.511712
trial_2,564,0.220657,0.512554
trial_2,565,0.189472,0.763610
trial_2,566,0.180061,0.454344
trial_2,567,0.060532,0.501161
trial_2,568,0.246709,0.457569
trial_2,569,0.177488,0.462579
trial_2,570,0.089242,0.581798
trial_2,571,0.011622,0.346254
trial_2,572,0.107098,0.285856
trial_2,573,0.236851,0.431391
trial_2,574,0.078061,0.256037
trial_2,575,0.026646,1.454635
trial_2,576,0.156055,1.934946
trial_2,577,0.013618,0.487719
trial_2,578,0.098401,0.906833
trial_2,579,0.169089,0.437172
trial_2,580,0.303830,0.477741
trial_2,581,0.226339,0.565563
trial_2,582,0.002628,0.294780
trial_2,583,0.119511,0.714625
trial_2,584,0.014761,0.300543
trial_2,585,0.188446,0.614990
trial_2,586,0.150743,0.366389
trial_2,587,0.047484,0.478009
trial_2,588,0.027577,0.306754
trial_2,589,2.249815,16.800842
trial_2,590,0.209675,0.504309
trial_2,591,0.295946,0.572527
trial_2,592,0.190187,0.585988
trial_2,593,0.009616,0.385159
trial_2,594,0.096593,0.263558
trial_2,595,0.321642,0.851003
trial_2,596,0.101304,0.493025
trial_2,597,0.042423,0.389334
trial_2,598,0.185690,0.469477
trial_2,599,0.006292,0.483712
trial_2,600,0.036656,0.314785
trial_2,601,0.078562,0.885525
trial_2,602,0.045326,0.551129
trial_2,603,0.101336,0.581789
trial_2,604,0.179062,0.411050
trial_2,605,0.063903,0.469275
trial_2,606,0.035491,0.484800
trial_2,607,0.033214,0.292721
trial_2,608,0.016528,0.348495
trial_2,609,0.217031,0.701001
trial_2,610,0.227232,0.555166
trial_2,611,0.240194,0.468526
trial_2,612,0.048052,0.350297
trial_2,613,0.505599,0.707701
trial_2,614,0.158840,0.759068
trial_2,615,0.065858,0.284475
trial_2,616,0.004050,0.377393
trial_2,617,0.099026,0.607968
trial_2,618,0.151405,0.251381
trial_2,619,1.504638,5.592866
trial_2,620,0.023451,0.420978
trial_2,621,0.015237,0.311042
trial_2,622,0.274369,2.725785
trial_2,623,0.274028,0.402869
trial_2,624,0.018803,0.706089
trial_2,625,0.343264,0.656144
trial_2,626,0.099845,0.499486
trial_2,627,0.238865,0.939277
trial_2,628,0.404890,0.704187
trial_2,629,0.082159,0.349450
trial_2,630,0.077587,0.517398
trial_2,631,0.091371,0.826565
trial_2,632,0.017192,0.443790
trial_2,633,0.008721,0.512086
trial_2,634,0.018691,1.135157
trial_2,635,0.142066,0.606256
trial_2,636,0.127689,0.486712
trial_2,637,0.146146,0.909431
trial_2,638,0.059247,0.495541
trial_2,639,0.130196,0.452636
trial_2,640,0.206028,0.402897
trial_2,641,0.255609,0.445114
trial_2,642,0.132579,0.574356
trial_2,643,0.167184,0.859566
trial_2,644,0.087391,0.791388
trial_2,645,0.074777,0.599039
trial_2,646,0.145682,1.060097
trial_2,647,0.006773,1.936499
trial_2,648,0.228652,2.306669
trial_2,649,0.046634,0.519268
trial_2,650,0.038576,0.845194
trial_2,651,0.021463,0.689883
trial_2,652,0.453891,1.300795
trial_2,653,0.023707,0.632041
trial_2,654,0.145158,0.459732
trial_2,655,0.060498,0.302527
trial_2,656,0.111062,0.637971
trial_2,657,0.166753,0.795531
trial_2,658,0.190590,0.588714
trial_2,659,0.305126,0.701067
trial_2,660,0.000845,0.600261
trial_2,661,0.095376,0.554385
trial_2,662,0.164035,0.558885
trial_2,663,0.129598,0.557517
trial_2,664,0.231188,0.411562
trial_2,665,0.056316,0.956056
trial_2,666,0.224335,1.063451
trial_2,667,0.120299,0.532732
trial_2,668,0.187138,0.486492
trial_2,669,0.073910,0.364124
trial_2,670,0.108886,0.427934
trial_2,671,0.079803,0.432222
trial_2,672,0.235308,0.492890
trial_2,673,0.870448,4.833097
trial_2,674,0.200998,0.627996
trial_2,675,0.147024,0.446355
trial_2,676,0.162087,1.039011
trial_2,677,0.197121,0.514156
trial_2,678,0.025774,0.631229
trial_2,679,0.020659,0.870700
trial_2,680,0.004749,0.325366
trial_2,681,0.153336,0.318549
trial_2,682,0.104470,0.915696
trial_2,683,0.057874,0.522360
trial_2,684,0.298659,1.703893
trial_2,685,0.182263,0.740485
trial_2,686,0.044431,0.447051
trial_2,687,0.243853,0.475120
trial_2,688,0.165991,0.325777
trial_2,689,0.332076,0.643247
trial_2,690,0.163236,0.640187
trial_2,691,0.257888,0.393657
trial_2,692,0.074391,0.288102
trial_2,693,0.169414,0.504730
trial_2,694,0.475636,0.645696
trial_2,695,0.081209,0.368368
trial_2,696,0.063484,0.671139
trial_2,697,0.026007,0.859813
trial_2,698,0.228996,0.377779
trial_2,699,0.017723,0.303099
trial_2,700,0.018965,0.426421
trial_2,701,0.077939,0.699741
trial_2,702,0.043006,0.412047
trial_2,703,0.243573,0.850738
trial_2,704,0.050507,0.340555
trial_2,705,0.015233,0.314543
trial_2,706,0.067138,0.462617
trial_2,707,0.008353,0.403474
trial_2,708,0.236362,0.448156
trial_2,709,0.092806,0.922346
trial_2,710,0.231610,0.602578
trial_2,711,0.130002,0.505543
trial_2,712,0.000474,0.421653
trial_2,713,0.273675,1.226577
trial_2,714,0.116162,0.348108
trial_2,715,0.049998,0.378183
trial_2,716,0.245668,0.943799
trial_2,717,0.018044,0.380249
trial_2,718,0.028658,0.577892
trial_2,719,0.010888,0.323192
trial_2,720,0.147287,0.822144
trial_2,721,0.152919,0.394023
trial_2,722,0.188119,0.425254
trial_2,723,0.068179,0.263496
trial_2,724,0.064020,2.084135
trial_2,725,0.146994,0.641588
trial_2,726,0.280558,0.563989
trial_2,727,0.210706,0.710571
trial_2,728,0.081364,0.401221
trial_2,729,0.344022,0.513276
trial_2,730,0.086020,0.438821
trial_2,731,0.009469,0.520591
trial_2,732,0.066346,0.490854
trial_2,733,0.126084,0.469246
trial_2,734,0.053788,0.268261
trial_2,735,0.163929,0.685084
trial_2,736,0.170594,0.399407
trial_2,737,0.048589,0.526655
trial_2,738,0.334412,0.941742
trial_2,739,0.101393,0.357497
trial_2,740,0.109250,0.375046
trial_2,741,0.015958,0.524485
trial_2,742,0.069525,0.429705
trial_2,743,0.500177,1.483749
trial_2,744,0.014560,0.376862
trial_2,745,0.107412,0.411573
trial_2,746,0.007182,0.262371
trial_2,747,0.086324,0.334985
trial_2,748,0.223494,0.643560
trial_2,749,0.069872,0.586777
trial_2,750,0.079690,0.382029
trial_2,751,0.153690,0.676123
trial_2,752,0.239939,0.586244
trial_2,753,0.182078,0.624901
trial_2,754,0.032181,0.298286
trial_2,755,0.071561,0.434771
trial_2,756,0.203189,0.464401
trial_2,757,0.051858,0.545382
trial_2,758,0.035646,0.592811
trial_2,759,0.069544,1.025307
trial_2,760,0.106235,0.585119
trial_2,761,0.129967,0.618410
trial_2,762,0.084335,0.618299
trial_2,763,0.069686,0.511841
trial_2,764,0.133381,0.727564
trial_2,765,0.115287,0.615469
trial_2,766,0.232706,1.082327
trial_2,767,0.083924,0.573606
trial_2,768,0.238312,0.597003
trial_2,769,0.154116,0.428722
trial_2,770,0.275781,2.420927
trial_2,771,0.068260,0.375571
trial_2,772,1.007716,4.792431
trial_2,773,0.197163,0.447608
trial_2,774,0.221321,0.797070
trial_2,775,0.064354,0.403025
trial_2,776,0.263710,0.792126
trial_2,777,0.085696,0.479316
trial_2,778,0.271159,0.515353
trial_2,779,0.047519,0.636896
trial_2,780,0.171594,0.368044
trial_2,781,0.178216,0.694096
trial_2,782,0.099386,0.637103
trial_2,783,0.044705,0.648454
trial_2,784,0.091244,0.423545
trial_2,785,0.016929,0.358387
trial_2,786,0.249805,1.019111
trial_2,787,0.139553,0.475882
trial_2,788,0.007215,1.251265
trial_2,789,0.090124,0.421460
trial_2,790,0.213774,0.492447
trial_2,791,0.218327,0.569528
trial_2,792,0.204112,0.337639
trial_2,793,0.221722,0.580541
trial_2,794,0.229004,1.014218
trial_2,795,0.161868,1.001440
trial_2,796,0.078223,0.406765
trial_2,797,0.021670,0.385037
trial_2,798,0.035275,0.465766
trial_2,799,0.109728,0.409792
trial_2,800,0.125649,0.510306
trial_2,801,0.079207,0.547677
trial_2,802,0.183607,0.608867
trial_2,803,0.149206,0.342339
trial_2,804,0.010337,0.383619
trial_2,805,0.043643,0.780778
trial_2,806,0.313605,1.289638
trial_2,807,0.194113,0.419987
trial_2,808,0.117849,0.335172
trial_2,809,0.149191,0.392397
trial_2,810,0.036149,0.450119
trial_2,811,0.008487,0.462276
trial_2,812,0.148634,0.675820
trial_2,813,0.153481,0.767479
trial_2,814,0.174621,1.014400
trial_2,815,0.021842,0.485621
trial_2,816,0.368058,0.589766
trial_2,817,0.168348,0.487325
trial_2,818,0.060925,0.678321
trial_2,819,0.061320,0.859380
trial_2,820,0.030440,1.872471
trial_2,821,0.111784,0.337924
trial_2,822,0.195645,0.619432
trial_2,823,0.036738,0.522274
trial_2,824,0.134189,0.271932
trial_2,825,0.034111,0.521006
trial_2,826,0.359895,3.165866
trial_2,827,0.009883,0.672192
trial_2,828,0.184325,0.550604
trial_2,829,0.068036,0.598626
trial_2,830,0.167298,0.402085
trial_2,831,0.043969,0.883421
trial_2,832,0.125355,0.600793
trial_2,833,0.009331,0.513013
trial_2,834,0.296839,0.568274
trial_2,835,0.370004,0.528247
trial_2,836,0.033664,0.231709
trial_2,837,0.265531,1.019461
trial_2,838,0.035333,0.508667
trial_2,839,0.049245,0.479756
trial_2,840,0.006175,0.563230
trial_2,841,0.023078,1.110868
trial_2,842,0.127082,0.419025
trial_2,843,0.170384,0.549859
trial_2,844,0.128852,0.360456
trial_2,845,0.062198,0.320179
trial_2,846,0.052265,0.389976
trial_2,847,0.146110,0.396881
trial_2,848,0.013728,0.960686
trial_2,849,0.071265,0.279947
trial_2,850,0.344381,0.823985
trial_2,851,0.117007,0.332420
trial_2,852,0.048647,0.934408
trial_2,853,0.149917,0.416907
trial_2,854,0.135116,0.349069
trial_2,855,0.169397,0.623332
trial_2,856,0.066193,0.724483
trial_2,857,0.026583,0.581049
trial_2,858,0.008932,0.566425
trial_2,859,0.039559,0.537732
trial_2,860,0.388567,0.631555
trial_2,861,0.198810,0.372825
trial_2,862,0.066059,0.376267
trial_2,863,0.215819,0.476030
trial_2,864,0.065124,0.361920
trial_2,865,0.004462,0.345951
trial_2,866,0.229812,0.652235
trial_2,867,0.040760,0.398985
trial_2,868,0.259261,0.661410
trial_2,869,0.041240,1.013415
trial_2,870,0.044551,0.840924
trial_2,871,0.139735,0.573194
trial_2,872,0.262049,1.075594
trial_2,873,0.044954,0.262733
trial_2,874,0.187077,0.407702
trial_2,875,0.095697,0.521127
trial_2,876,0.179008,0.499516
trial_2,877,0.216484,0.501384
trial_2,878,0.093930,0.548377
trial_2,879,0.089398,0.369470
trial_2,880,0.350428,0.720844
trial_2,881,0.141014,0.359614
trial_2,882,0.154858,0.429940
trial_2,883,0.290708,0.486368
trial_2,884,0.356803,0.709732
trial_2,885,0.296057,0.422443
trial_2,886,0.074043,0.315111
trial_2,887,0.474919,3.141165
trial_2,888,0.119449,0.577315
trial_2,889,0.216551,0.335824
trial_2,890,0.346183,0.677180
trial_2,891,0.132578,0.449079
trial_2,892,0.112049,0.641550
trial_2,893,0.003716,0.547838
trial_2,894,0.135845,0.620582
trial_2,895,0.222030,0.526941
trial_2,896,0.053456,0.842037
trial_2,897,0.120759,0.414024
trial_2,898,0.204514,0.472039
trial_2,899,0.203695,0.653212
trial_2,900,0.086852,0.393805
trial_2,901,0.101867,0.377719
trial_2,902,0.178235,0.762128
trial_2,903,0.183899,0.397004
trial_2,904,0.064431,0.401080
trial_2,905,0.317361,0.775676
trial_2,906,0.010035,0.368679
trial_2,907,0.071263,0.401422
trial_2,908,0.003308,0.240696
trial_2,909,0.162334,1.052749
trial_2,910,0.019455,0.506547
trial_2,911,0.095777,0.338923
trial_2,912,0.003912,0.392399
trial_2,913,0.104454,0.485578
trial_2,914,0.115296,0.565132
trial_2,915,0.280472,0.517062
trial_2,916,0.005338,0.376165
trial_2,917,0.128718,0.345829
trial_2,918,0.102571,0.399177
trial_2,919,0.303098,0.802253
trial_2,920,0.047766,0.637974
trial_2,921,0.138315,0.326099
trial_2,922,0.135047,0.539365
trial_2,923,0.087760,0.602289
trial_2,924,0.071835,1.606384
trial_2,925,0.052996,1.423637
trial_2,926,0.011088,0.450372
trial_2,927,0.074220,0.513720
trial_2,928,0.130168,0.542783
trial_2,929,0.089090,0.482510
trial_2,930,0.170320,0.559804
trial_2,931,0.316419,1.414845
trial_2,932,0.077783,0.480806
trial_2,933,0.315627,0.867444
trial_2,934,0.165633,0.413881
trial_2,935,0.124939,0.384101
trial_2,936,0.030925,1.031361
trial_2,937,0.155812,0.494615
trial_2,938,0.048104,0.339697
trial_2,939,0.029733,0.531522
trial_2,940,0.210929,0.581789
trial_2,941,0.100885,0.541546
trial_2,942,0.135942,0.450490
trial_2,943,0.125456,0.600134
trial_2,944,0.202863,0.474958
trial_2,945,0.045882,0.412399
trial_2,946,0.062485,0.376312
trial_2,947,0.061752,0.588022
trial_2,948,0.346868,0.865839
trial_2,949,0.344384,0.926139
trial_2,950,0.170740,0.389542
trial_2,951,0.092837,0.361063
trial_2,952,0.015592,0.466581
trial_2,953,0.105331,0.530655
trial_2,954,0.056092,0.444463
trial_2,955,0.021512,0.660599
trial_2,956,0.179034,0.456832
trial_2,957,0.554666,1.596354
trial_2,958,0.019398,0.599070
trial_2,959,0.138204,0.770565
trial_2,960,0.109754,0.696345
trial_2,961,0.076082,0.648364
trial_2,962,0.661436,10.287451
trial_2,963,0.070115,0.632992
trial_2,964,0.001194,0.245306
trial_2,965,0.356266,0.604118
trial_2,966,0.061025,0.600801
trial_2,967,0.169670,0.905307
trial_2,968,0.189922,0.376209
trial_2,969,0.167550,0.356851
trial_2,970,0.097754,0.485327
trial_2,971,0.123983,0.284169
trial_2,972,0.077022,0.863789
trial_2,973,0.149522,0.498571
trial_2,974,0.021769,0.857933
trial_2,975,0.257479,0.643566
trial_2,976,0.042318,0.531354
trial_2,977,0.244973,0.525275
trial_2,978,0.266245,0.650956
trial_2,979,0.225980,0.384710
trial_2,980,0.023445,0.358233
trial_2,981,0.044502,0.647287
trial_2,982,0.310625,0.687315
trial_2,983,0.186766,0.299599
trial_2,984,0.071561,0.427034
trial_2,985,0.147494,0.541541
trial_2,986,0.119676,0.426456
trial_2,987,0.032725,0.401671
trial_2,988,0.654378,1.760114
trial_2,989,0.195222,0.499440
trial_2,990,0.133099,0.578191
trial_2,991,0.120892,0.562193
trial_2,992,0.127472,0.740491
trial_2,993,0.048960,0.633904
trial_2,994,0.102981,0.508916
trial_2,995,0.018624,0.506926
trial_2,996,0.035056,0.306904
trial_2,997,0.354000,2.155063
trial_2,998,0.217208,0.526098
trial_2,999,0.096859,0.252367
trial_2,1000,0.124259,0.556880
trial_3,1,0.177379,0.366263
trial_3,2,0.060192,0.427186
trial_3,3,0.117704,0.357971
trial_3,4,0.103465,0.457164
trial_3,5,0.043046,0.620939
trial_3,6,0.034239,0.270726
trial_3,7,0.009597,0.459845
trial_3,8,0.031593,0.388290
trial_3,9,0.274458,1.317615
trial_3,10,0.408887,0.660262
trial_3,11,0.026175,0.533680
trial_3,12,0.020060,0.390503
trial_3,13,0.417540,1.998812
trial_3,14,0.106074,0.553853
trial_3,15,0.086790,0.357325
trial_3,16,0.132214,0.368785
trial_3,17,0.307783,0.673438
trial_3,18,0.169010,0.568679
trial_3,19,0.115505,0.507171
trial_3,20,0.068889,0.335909
trial_3,21,0.261581,0.801160
trial_3,22,0.058808,0.556857
trial_3,23,0.002954,0.588124
trial_3,24,0.030499,0.631237
trial_3,25,0.082305,0.412838
trial_3,26,0.225340,0.923666
trial_3,27,0.096786,0.448394
trial_3,28,0.051683,1.931376
trial_3,29,0.110835,0.435774
trial_3,30,0.044467,0.517333
trial_3,31,0.033049,0.392403
trial_3,32,0.084461,0.334221
trial_3,33,0.018038,0.518226
trial_3,34,0.181063,1.937338
trial_3,35,0.235549,0.580476
trial_3,36,0.030919,0.666625
trial_3,37,0.079569,0.843729
trial_3,38,0.041683,0.400493
trial_3,39,0.117196,0.683831
trial_3,40,0.352944,0.712405
trial_3,41,0.140414,0.452724
trial_3,42,0.171009,0.427503
trial_3,43,0.110094,0.457851
trial_3,44,0.353926,0.682285
trial_3,45,0.026038,0.657330
trial_3,46,0.036832,0.619035
trial_3,47,0.196354,0.544215
trial_3,48,0.148172,0.426152
trial_3,49,0.099526,0.661790
trial_3,50,0.293564,0.549401
trial_3,51,0.187482,0.442690
trial_3,52,0.083788,0.491102
trial_3,53,0.095030,1.163633
trial_3,54,0.077558,0.729202
trial_3,55,0.148906,0.496604
trial_3,56,0.025957,0.465667
trial_3,57,0.083674,0.433250
trial_3,58,0.054426,0.715431
trial_3,59,0.053103,0.390924
trial_3,60,0.410343,2.620443
trial_3,61,0.121344,0.444525
trial_3,62,0.088227,0.331561
trial_3,63,0.020908,0.525163
trial_3,64,0.048876,0.528389
trial_3,65,0.239230,0.885051
trial_3,66,0.012699,0.367269
trial_3,67,0.030494,0.378875
trial_3,68,0.321632,1.979919
trial_3,69,0.034780,0.398582
trial_3,70,0.112446,0.407626
trial_3,71,0.163944,0.829920
trial_3,72,0.135795,0.461087
trial_3,73,0.080214,0.366005
trial_3,74,0.193369,0.477055
trial_3,75,0.177896,0.432204
trial_3,76,0.175841,0.636488
trial_3,77,0.150557,0.395700
trial_3,78,0.038663,0.414585
trial_3,79,0.064339,0.330692
trial_3,80,0.100292,0.438457
trial_3,81,0.356897,1.303089
trial_3,82,0.317498,0.917861
trial_3,83,0.237015,0.566654
trial_3,84,0.417410,3.742480
trial_3,85,0.369777,1.125728
trial_3,86,0.392677,1.088576
trial_3,87,0.067383,0.449437
trial_3,88,0.221825,0.368429
trial_3,89,0.216575,0.438688
trial_3,90,0.182623,0.535241
trial_3,91,0.102422,0.658892
trial_3,92,0.419419,0.709034
trial_3,93,0.088214,0.943494
trial_3,94,0.219969,0.456979
trial_3,95,0.140319,0.491649
trial_3,96,0.075011,0.579162
trial_3,97,0.142103,0.672624
trial_3,98,0.345460,0.883963
trial_3,99,0.030711,0.451302
trial_3,100,0.150427,0.414738
trial_3,101,0.021180,0.482591
trial_3,102,0.130710,0.537639
trial_3,103,0.050308,0.466163
trial_3,104,0.124814,0.607408
trial_3,105,0.190755,0.556604
trial_3,106,0.004376,0.432231
trial_3,107,0.167664,0.439989
trial_3,108,0.290944,2.343463
trial_3,109,0.217332,0.606419
trial_3,110,0.047496,0.670407
trial_3,111,0.331572,0.825364
trial_3,112,0.126015,0.522312
trial_3,113,0.006594,0.654698
trial_3,114,0.342259,0.705873
trial_3,115,0.010589,0.777475
trial_3,116,0.199798,0.360187
trial_3,117,0.006478,0.601242
trial_3,118,0.013552,0.512964
trial_3,119,0.079381,1.553100
trial_3,120,0.306020,0.867165
trial_3,121,0.212316,0.548307
trial_3,122,0.038582,0.360826
trial_3,123,0.154825,0.506793
trial_3,124,0.190410,0.848272
trial_3,125,0.045088,0.730192
trial_3,126,0.006611,1.241701
trial_3,127,0.322815,0.806038
trial_3,128,0.287866,0.457112
trial_3,129,0.139430,0.680224
trial_3,130,0.212227,1.879782
trial_3,131,1.888098,1.960660
trial_3,132,0.018862,0.720858
trial_3,133,0.436779,2.306872
trial_3,134,0.131843,0.647378
trial_3,135,0.176891,0.428094
trial_3,136,0.066959,0.529480
trial_3,137,0.044120,0.782067
trial_3,138,0.481000,0.749458
trial_3,139,0.108111,0.461600
trial_3,140,0.059078,0.402009
trial_3,141,0.258908,0.743394
trial_3,142,0.055540,0.633097
trial_3,143,0.185328,1.096529
trial_3,144,0.150856,0.370486
trial_3,145,0.044736,0.429404
trial_3,146,0.385624,1.186226
trial_3,147,0.016052,0.790795
trial_3,148,0.070703,0.363551
trial_3,149,0.236081,1.215947
trial_3,150,0.041508,0.514419
trial_3,151,0.214161,0.503774
trial_3,152,0.315541,0.733272
trial_3,153,0.242406,0.557283
trial_3,154,0.086651,0.535139
trial_3,155,0.152443,0.514432
trial_3,156,0.368184,0.577175
trial_3,157,0.058809,1.071766
trial_3,158,0.064622,0.801247
trial_3,159,0.542835,0.668512
trial_3,160,0.229927,0.741850
trial_3,161,0.267657,0.544058
trial_3,162,0.142891,0.443732
trial_3,163,0.105935,0.688391
trial_3,164,0.296023,0.476095
trial_3,165,0.006859,0.388214
trial_3,166,0.127564,0.488107
trial_3,167,0.004188,0.407688
trial_3,168,0.077689,0.435012
trial_3,169,0.029656,0.374640
trial_3,170,0.014345,0.510843
trial_3,171,0.108210,0.615947
trial_3,172,0.229629,0.530893
trial_3,173,0.073377,0.410447
trial_3,174,0.040042,0.533439
trial_3,175,0.033032,0.401276
trial_3,176,0.124462,0.562829
trial_3,177,0.128027,0.748953
trial_3,178,0.128959,0.455165
trial_3,179,0.013335,0.409677
trial_3,180,0.092479,1.215680
trial_3,181,0.256763,1.134565
trial_3,182,0.282173,0.438181
trial_3,183,0.158589,0.536403
trial_3,184,0.129023,0.805626
trial_3,185,0.055957,0.405113
trial_3,186,0.056386,0.543993
trial_3,187,0.128388,0.724781
trial_3,188,0.403673,0.644394
trial_3,189,0.359667,0.603592
trial_3,190,0.056941,0.430029
trial_3,191,0.002459,0.322074
trial_3,192,0.280312,0.684208
trial_3,193,0.098343,0.538229
trial_3,194,0.213102,0.633466
trial_3,195,0.229228,0.532871
trial_3,196,0.100534,0.556753
trial_3,197,0.087902,0.524858
trial_3,198,0.307367,0.591589
trial_3,199,0.125846,0.768979
trial_3,200,0.328943,0.535236
trial_3,201,0.141889,0.517124
trial_3,202,0.055926,0.275408
trial_3,203,0.072534,0.224278
trial_3,204,0.228538,0.625314
trial_3,205,0.101646,0.594423
trial_3,206,0.359248,0.513473
trial_3,207,0.220451,0.452701
trial_3,208,0.059312,0.493467
trial_3,209,0.119273,1.550222
trial_3,210,0.071812,1.549963
trial_3,211,0.007334,0.570086
trial_3,212,0.286828,0.368231
trial_3,213,0.324102,0.653652
trial_3,214,0.000789,0.454275
trial_3,215,0.013437,0.423747
trial_3,216,0.079708,0.460547
trial_3,217,0.116080,0.565877
trial_3,218,0.086324,1.237509
trial_3,219,0.476202,3.771420
trial_3,220,0.294503,0.895985
trial_3,221,0.301677,0.501774
trial_3,222,0.430167,0.557656
trial_3,223,0.228554,0.488690
trial_3,224,0.373572,0.531788
trial_3,225,0.025534,0.634311
trial_3,226,0.053137,0.527987
trial_3,227,0.069739,0.379392
trial_3,228,0.263184,0.589470
trial_3,229,0.184215,1.044615
trial_3,230,0.020459,0.575336
trial_3,231,0.151158,0.672404
trial_3,232,0.205980,0.368910
trial_3,233,0.005820,0.660296
trial_3,234,0.012534,0.315112
trial_3,235,0.214078,0.745625
trial_3,236,0.158086,0.367183
trial_3,237,0.297284,0.761964
trial_3,238,0.044059,0.504704
trial_3,239,0.062653,0.500430
trial_3,240,0.005425,0.628130
trial_3,241,0.013956,0.392996
trial_3,242,0.009798,0.348199
trial_3,243,0.072819,0.633591
trial_3,244,0.067518,0.754548
trial_3,245,0.212329,1.333465
trial_3,246,0.144469,0.718215
trial_3,247,0.045926,0.456067
trial_3,248,0.014723,0.407650
trial_3,249,0.284989,0.668947
trial_3,250,0.021445,0.589721
trial_3,251,0.037044,0.378119
trial_3,252,0.070222,0.514425
trial_3,253,0.199665,0.443739
trial_3,254,0.072569,1.272225
trial_3,255,0.443403,2.440739
trial_3,256,0.190546,0.615475
trial_3,257,0.126887,1.045486
trial_3,258,0.075798,0.466795
trial_3,259,0.077150,0.483820
trial_3,260,0.000170,0.260012
trial_3,261,0.170091,0.468054
trial_3,262,0.004336,0.535866
trial_3,263,0.138763,0.412226
trial_3,264,0.100520,0.435392
trial_3,265,0.109878,0.509212
trial_3,266,0.267974,0.599205
trial_3,267,0.272925,0.846874
trial_3,268,0.086738,0.320933
trial_3,269,0.051856,0.448700
trial_3,270,0.071154,0.294069
trial_3,271,0.006026,0.509049
trial_3,272,0.226899,0.415745
trial_3,273,0.053871,0.415982
trial_3,274,0.313166,0.468118
trial_3,275,0.190448,0.860868
trial_3,276,0.121174,1.043316
trial_3,277,0.094177,0.541048
trial_3,278,0.118843,0.436334
trial_3,279,0.274418,0.454296
trial_3,280,0.214777,0.645791
trial_3,281,0.175423,0.788037
trial_3,282,0.286762,1.475318
trial_3,283,0.060162,0.708638
trial_3,284,0.191683,0.540657
trial_3,285,0.001892,0.333121
trial_3,286,0.053598,0.513969
trial_3,287,0.013441,0.457731
trial_3,288,0.013944,0.871134
trial_3,289,0.102674,0.466869
trial_3,290,0.115386,0.555937
trial_3,291,0.040786,0.744039
trial_3,292,0.096666,0.559249
trial_3,293,0.076965,0.532219
trial_3,294,0.051381,0.262081
trial_3,295,0.034571,0.332096
trial_3,296,0.040067,0.765423
trial_3,297,0.206223,0.417728
trial_3,298,0.114294,0.542908
trial_3,299,0.437383,0.481856
trial_3,300,0.248227,0.407919
trial_3,301,0.071752,0.395650
trial_3,302,0.170697,0.526831
trial_3,303,0.356289,0.608501
trial_3,304,0.125697,0.256269
trial_3,305,0.019998,0.443909
trial_3,306,0.057088,0.495056
trial_3,307,0.096737,0.457473
trial_3,308,0.065782,0.671024
trial_3,309,0.068048,0.452026
trial_3,310,0.013652,1.017287
trial_3,311,0.104787,0.731304
trial_3,312,0.197643,1.306347
trial_3,313,0.038157,0.515368
trial_3,314,0.220536,0.522406
trial_3,315,0.122450,0.469684
trial_3,316,0.026216,0.701137
trial_3,317,0.122971,0.423567
trial_3,318,0.310038,0.536420
trial_3,319,0.053843,0.692553
trial_3,320,0.126645,0.884562
trial_3,321,0.291206,0.839774
trial_3,322,0.187985,0.397586
trial_3,323,0.336949,1.165639
trial_3,324,0.428777,0.547296
trial_3,325,0.009680,0.372362
trial_3,326,0.316792,0.597177
trial_3,327,0.176832,0.725401
trial_3,328,0.392785,0.684162
trial_3,329,0.126855,2.854375
trial_3,330,0.122870,0.773149
trial_3,331,0.128244,0.503258
trial_3,332,0.526377,0.773314
trial_3,333,0.053718,0.894851
trial_3,334,0.373115,0.539424
trial_3,335,0.133103,0.533650
trial_3,336,0.000737,0.441107
trial_3,337,0.009001,0.589192
trial_3,338,0.288808,1.507546
trial_3,339,0.265341,0.549259
trial_3,340,0.099222,0.477892
trial_3,341,0.329728,3.461471
trial_3,342,0.190335,0.603671
trial_3,343,0.074388,0.457625
trial_3,344,0.041767,1.048075
trial_3,345,0.544982,4.971733
trial_3,346,0.303912,1.295935
trial_3,347,0.137695,0.434279
trial_3,348,0.180731,0.697944
trial_3,349,0.153545,0.476586
trial_3,350,0.096300,0.613823
trial_3,351,0.116642,0.741979
trial_3,352,0.169601,0.510139
trial_3,353,0.089053,0.369023
trial_3,354,0.218424,0.768487
trial_3,355,0.138348,0.388695
trial_3,356,0.107429,0.326408
trial_3,357,0.195611,0.728284
trial_3,358,0.070125,0.387350
trial_3,359,0.103443,0.390879
trial_3,360,0.052475,0.408120
trial_3,361,0.127163,0.808069
trial_3,362,0.022567,2.206508
trial_3,363,0.036129,0.616443
trial_3,364,0.194296,0.427524
trial_3,365,0.023913,0.323697
trial_3,366,0.167633,0.666270
trial_3,367,0.065771,0.384952
trial_3,368,0.013583,0.393476
trial_3,369,0.139366,0.325902
trial_3,370,0.005112,0.558458
trial_3,371,0.011278,0.344323
trial_3,372,0.035445,0.455174
trial_3,373,0.025968,0.465746
trial_3,374,0.124484,0.798317
trial_3,375,0.189332,0.325629
trial_3,376,0.225545,0.499694
trial_3,377,0.052063,0.747157
trial_3,378,0.103480,0.433310
trial_3,379,0.152372,0.414640
trial_3,380,0.009305,0.421100
trial_3,381,0.176331,0.375129
trial_3,382,0.217077,0.484088
trial_3,383,0.447144,1.635598
trial_3,384,0.166790,0.380373
trial_3,385,0.233139,0.994605
trial_3,386,0.119996,0.885292
trial_3,387,0.003309,0.795847
trial_3,388,0.194954,0.405737
trial_3,389,0.028683,0.331949
trial_3,390,0.049293,0.491002
trial_3,391,0.078130,0.471832
trial_3,392,0.001930,0.570007
trial_3,393,0.097445,0.539773
trial_3,394,0.003784,0.424945
trial_3,395,0.216898,0.494719
trial_3,396,0.045897,0.276665
trial_3,397,0.025095,0.302256
trial_3,398,0.028054,0.343632
trial_3,399,0.099522,0.541401
trial_3,400,0.160268,0.408400
trial_3,401,0.339778,0.546820
trial_3,402,0.259241,0.851679
trial_3,403,0.103626,0.424015
trial_3,404,0.268706,0.450688
trial_3,405,0.112311,0.468179
trial_3,406,0.159371,0.541746
trial_3,407,0.091915,0.288073
trial_3,408,0.048689,0.423418
trial_3,409,0.022248,0.490357
trial_3,410,0.165258,0.442994
trial_3,411,0.036074,0.621243
trial_3,412,0.029901,0.302165
trial_3,413,0.039508,0.753752
trial_3,414,0.101060,0.389094
trial_3,415,0.033425,0.470741
trial_3,416,0.560498,1.640663
trial_3,417,0.006285,0.385612
trial_3,418,0.238107,0.484026
trial_3,419,0.028145,0.857936
trial_3,420,0.011310,0.521278
trial_3,421,0.029488,0.343857
trial_3,422,0.303359,0.769960
trial_3,423,0.000788,0.302506
trial_3,424,0.060552,0.218919
trial_3,425,0.053281,0.364010
trial_3,426,0.075130,0.207309
trial_3,427,0.053204,0.417177
trial_3,428,0.248622,0.597193
trial_3,429,0.143263,0.369532
trial_3,430,0.067599,0.368255
trial_3,431,0.043306,0.464204
trial_3,432,0.095125,0.690389
trial_3,433,0.229448,0.529046
trial_3,434,0.353951,0.906032
trial_3,435,0.353250,2.434825
trial_3,436,0.052247,0.368098
trial_3,437,0.093314,0.834519
trial_3,438,0.828772,1.057651
trial_3,439,0.182209,0.522188
trial_3,440,0.107146,0.750668
trial_3,441,0.447872,1.129163
trial_3,442,0.058966,0.391825
trial_3,443,0.129860,0.382028
trial_3,444,0.200147,0.491112
trial_3,445,0.267490,0.514522
trial_3,446,0.168367,0.628902
trial_3,447,0.015664,0.799598
trial_3,448,0.034775,0.453956
trial_3,449,0.030024,0.859342
trial_3,450,0.155828,0.422783
trial_3,451,0.132306,0.626898
trial_3,452,0.099692,0.467826
trial_3,453,0.045134,0.466894
trial_3,454,0.077611,0.386173
trial_3,455,0.034196,0.404687
trial_3,456,0.039953,0.566966
trial_3,457,0.102206,0.270235
trial_3,458,0.085697,0.557832
trial_3,459,0.232790,0.413583
trial_3,460,0.103283,0.440544
trial_3,461,0.043493,0.356699
trial_3,462,0.105056,0.692261
trial_3,463,0.042557,0.352702
trial_3,464,0.049064,0.338107
trial_3,465,0.043257,0.546407
trial_3,466,0.097773,0.395217
trial_3,467,0.386899,0.692525
trial_3,468,0.225989,0.406926
trial_3,469,0.172842,1.209482
trial_3,470,0.080984,0.433612
trial_3,471,0.141346,0.422246
trial_3,472,0.339717,0.662993
trial_3,473,0.166276,0.447973
trial_3,474,0.021779,1.191250
trial_3,475,0.365432,2.046612
trial_3,476,0.062446,1.976390
trial_3,477,0.250692,0.456085
trial_3,478,0.004734,0.352094
trial_3,479,0.175762,0.609592
trial_3,480,0.084450,0.591237
trial_3,481,0.283181,1.019730
trial_3,482,0.076800,0.628478
trial_3,483,0.039485,0.982884
trial_3,484,0.036831,0.693936
trial_3,485,0.005325,0.341180
trial_3,486,0.014885,0.483794
trial_3,487,0.349076,0.584160
trial_3,488,0.099025,0.362971
trial_3,489,0.065755,0.439529
trial_3,490,0.011437,0.585934
trial_3,491,0.036503,0.376606
trial_3,492,0.158093,0.416863
trial_3,493,0.166938,0.555140
trial_3,494,0.180465,0.494615
trial_3,495,0.085580,0.520347
trial_3,496,0.020879,0.354031
trial_3,497,0.212788,0.637057
trial_3,498,0.233664,0.369267
trial_3,499,0.067003,0.510964
trial_3,500,0.373126,0.902042
trial_3,501,0.201469,0.480977
trial_3,502,0.192853,0.392975
trial_3,503,0.085853,0.309815
trial_3,504,0.012454,0.505994
trial_3,505,0.112157,0.667147
trial_3,506,0.167674,0.403349
trial_3,507,0.208245,0.809807
trial_3,508,0.169017,0.388371
trial_3,509,0.247215,0.573389
trial_3,510,0.080500,0.388962
trial_3,511,0.049199,0.310040
trial_3,512,0.306131,2.392468
trial_3,513,0.163418,0.527829
trial_3,514,0.026018,0.524622
trial_3,515,0.126812,1.442781
trial_3,516,0.121728,0.503108
trial_3,517,0.450776,1.348920
trial_3,518,0.205697,0.436633
trial_3,519,0.119820,0.407564
trial_3,520,0.034665,0.333365
trial_3,521,0.021758,0.306090
trial_3,522,0.026047,0.351838
trial_3,523,0.142646,0.780591
trial_3,524,0.153719,0.392048
trial_3,525,0.005502,0.671727
trial_3,526,0.114155,0.451080
trial_3,527,0.065526,0.304822
trial_3,528,0.188135,0.447994
trial_3,529,0.220509,0.446729
trial_3,530,0.174846,0.454970
trial_3,531,0.165666,0.495565
trial_3,532,0.217424,0.445932
trial_3,533,0.113871,0.380604
trial_3,534,0.073125,0.204155
trial_3,535,0.094608,0.492442
trial_3,536,0.337080,1.103340
trial_3,537,0.190031,0.910034
trial_3,538,0.059306,0.409699
trial_3,539,0.058127,0.648187
trial_3,540,0.015568,0.363377
trial_3,541,0.184462,0.419141
trial_3,542,0.137716,1.022158
trial_3,543,0.156534,0.269466
trial_3,544,0.109735,0.209726
trial_3,545,0.046386,0.387922
trial_3,546,0.071251,0.623857
trial_3,547,0.126554,0.368771
trial_3,548,0.085807,0.419963
trial_3,549,0.026218,0.458901
trial_3,550,0.016724,0.400182
trial_3,551,0.064464,0.271307
trial_3,552,0.083154,0.636065
trial_3,553,0.070587,0.453073
trial_3,554,0.382504,0.961125
trial_3,555,0.131239,0.292206
trial_3,556,0.306373,0.527493
trial_3,557,0.091229,0.378687
trial_3,558,0.141651,0.268475
trial_3,559,0.062954,0.313585
trial_3,560,0.162806,0.447637
trial_3,561,0.117719,0.730217
trial_3,562,0.127906,0.644330
trial_3,563,0.196886,0.513126
trial_3,564,0.036350,0.508073
trial_3,565,0.319976,0.745233
trial_3,566,0.127549,0.418958
trial_3,567,0.105281,0.573592
trial_3,568,0.294421,0.500691
trial_3,569,0.043656,0.354067
trial_3,570,0.242240,0.683096
trial_3,571,0.270449,0.339537
trial_3,572,0.013215,0.222341
trial_3,573,0.244724,0.466462
trial_3,574,0.054801,0.279733
trial_3,575,0.406529,1.247872
trial_3,576,0.060489,1.159694
trial_3,577,0.148176,0.262349
trial_3,578,0.132708,0.738955
trial_3,579,0.020309,0.253724
trial_3,580,0.201754,0.339334
trial_3,581,0.213765,0.597326
trial_3,582,0.034103,0.372502
trial_3,583,0.062304,0.564144
trial_3,584,0.071986,0.282316
trial_3,585,0.142398,0.495835
trial_3,586,0.035903,0.324591
trial_3,587,0.059390,0.504128
trial_3,588,0.082090,0.288993
trial_3,589,1.599450,12.682412
trial_3,590,0.016142,0.588259
trial_3,591,0.005072,0.455867
trial_3,592,0.193610,0.471627
trial_3,593,0.052483,0.351028
trial_3,594,0.100542,0.242721
trial_3,595,0.392443,0.780721
trial_3,596,0.049723,0.401521
trial_3,597,0.170982,0.377538
trial_3,598,0.046040,0.458171
trial_3,599,0.092315,0.453085
trial_3,600,0.046561,0.294792
trial_3,601,0.043940,0.679961
trial_3,602,0.091231,0.476737
trial_3,603,0.040668,0.504432
trial_3,604,0.009456,0.356808
trial_3,605,0.108046,0.533626
trial_3,606,0.101241,0.440927
trial_3,607,0.142348,0.398129
trial_3,608,0.034437,0.327118
trial_3,609,0.080642,0.556016
trial_3,610,0.150679,0.492288
trial_3,611,0.156506,0.447052
trial_3,612,0.235400,0.420982
trial_3,613,0.234852,0.584636
trial_3,614,0.104043,0.728315
trial_3,615,0.114268,0.283588
trial_3,616,0.052275,0.304208
trial_3,617,0.076784,0.483212
trial_3,618,0.332656,0.376048
trial_3,619,1.190212,5.935266
trial_3,620,0.059234,0.342808
trial_3,621,0.114067,0.338942
trial_3,622,0.409344,3.140693
trial_3,623,0.089483,0.300908
trial_3,624,0.144633,0.647639
trial_3,625,0.354948,0.640620
trial_3,626,0.050346,0.488220
trial_3,627,0.054865,0.785694
trial_3,628,0.195969,0.586072
trial_3,629,0.090593,0.320331
trial_3,630,0.260449,0.511202
trial_3,631,0.132744,0.769345
trial_3,632,0.344692,0.533590
trial_3,633,0.088486,0.398635
trial_3,634,0.105636,0.755692
trial_3,635,0.032297,0.661769
trial_3,636,0.204125,0.553515
trial_3,637,0.076508,0.924483
trial_3,638,0.143760,0.670408
trial_3,639,0.092057,0.410841
trial_3,640,0.307335,0.423153
trial_3,641,0.129059,0.416155
trial_3,642,0.115705,0.475548
trial_3,643,0.024656,0.552656
trial_3,644,0.102220,0.660669
trial_3,645,0.004382,0.403064
trial_3,646,0.099641,0.843602
trial_3,647,0.223481,1.558890
trial_3,648,0.011648,1.849526
trial_3,649,0.052625,0.613539
trial_3,650,0.219241,0.758081
trial_3,651,0.114982,0.664102
trial_3,652,0.206883,1.362421
trial_3,653,0.122952,0.594534
trial_3,654,0.212568,0.530775
trial_3,655,0.066409,0.380993
trial_3,656,0.053942,0.642455
trial_3,657,0.053885,0.729362
trial_3,658,0.384658,0.741033
trial_3,659,0.323923,0.601672
trial_3,660,0.073397,0.497222
trial_3,661,0.151459,0.563440
trial_3,662,0.299130,0.550804
trial_3,663,0.236142,0.516115
trial_3,664,0.094021,0.314979
trial_3,665,0.100507,0.807235
trial_3,666,0.149774,0.777388
trial_3,667,0.085811,0.376673
trial_3,668,0.113000,0.268679
trial_3,669,0.029253,0.310546
trial_3,670,0.123394,0.241401
trial_3,671,0.135551,0.360462
trial_3,672,0.317719,0.464487
trial_3,673,0.253420,3.101157
trial_3,674,0.020986,0.587844
trial_3,675,0.341799,0.546122
trial_3,676,0.083191,0.650195
trial_3,677,0.046379,0.511223
trial_3,678,0.177614,0.719139
trial_3,679,0.129741,1.118838
trial_3,680,0.087258,0.392089
trial_3,681,0.012643,0.267728
trial_3,682,0.262581,0.678736
trial_3,683,0.192463,0.613359
trial_3,684,0.142333,1.299612
trial_3,685,0.265388,0.788045
trial_3,686,0.057726,0.346890
trial_3,687,0.126967,0.372676
trial_3,688,0.092206,0.355937
trial_3,689,0.274762,0.589965
trial_3,690,0.159199,0.547977
trial_3,691,0.201390,0.387213
trial_3,692,0.109167,0.188938
trial_3,693,0.250160,0.525444
trial_3,694,0.654800,0.810774
trial_3,695,0.108983,0.416264
trial_3,696,0.097013,0.563868
trial_3,697,0.232527,0.807992
trial_3,698,0.168506,0.306489
trial_3,699,0.168713,0.335135
trial_3,700,0.086443,0.401177
trial_3,701,0.142466,0.663778
trial_3,702,0.035090,0.458377
trial_3,703,0.042144,0.792009
trial_3,704,0.018429,0.302821
trial_3,705,0.022265,0.324003
trial_3,706,0.137545,0.521561
trial_3,707,0.102794,0.402957
trial_3,708,0.233021,0.403584
trial_3,709,0.205237,0.843549
trial_3,710,0.048695,0.628668
trial_3,711,0.055599,0.527915
trial_3,712,0.232963,0.470520
trial_3,713,0.120863,0.984653
trial_3,714,0.059471,0.295993
trial_3,715,0.125942,0.346863
trial_3,716,0.344103,0.807518
trial_3,717,0.026101,0.292292
trial_3,718,0.165978,0.487719
trial_3,719,0.165033,0.292165
trial_3,720,0.143786,0.770080
trial_3,721,0.242462,0.495392
trial_3,722,0.317270,0.559367
trial_3,723,0.071034,0.231149
trial_3,724,0.085589,1.562732
trial_3,725,0.061770,0.529114
trial_3,726,0.246413,0.646899
trial_3,727,0.240952,0.658437
trial_3,728,0.073354,0.433905
trial_3,729,0.490970,0.595740
trial_3,730,0.021176,0.341924
trial_3,731,0.069803,0.438070
trial_3,732,0.125737,0.494720
trial_3,733,0.206037,0.393754
trial_3,734,0.159315,0.231761
trial_3,735,0.014045,0.714759
trial_3,736,0.060767,0.473593
trial_3,737,0.136117,0.549931
trial_3,738,0.106173,0.986882
trial_3,739,0.139871,0.279685
trial_3,740,0.057464,0.303675
trial_3,741,0.023001,0.346365
trial_3,742,0.034784,0.474080
trial_3,743,0.073615,1.264743
trial_3,744,0.079626,0.421020
trial_3,745,0.151535,0.411800
trial_3,746,0.033322,0.372705
trial_3,747,0.242327,0.357783
trial_3,748,0.126041,0.382628
trial_3,749,0.024059,0.452409
trial_3,750,0.062206,0.373596
trial_3,751,0.126262,0.678093
trial_3,752,0.144463,0.499536
trial_3,753,0.173792,0.559262
trial_3,754,0.008314,0.325567
trial_3,755,0.017263,0.436810
trial_3,756,0.323874,0.449491
trial_3,757,0.163112,0.528404
trial_3,758,0.191205,0.634400
trial_3,759,0.043270,0.863673
trial_3,760,0.144566,0.412721
trial_3,761,0.052214,0.458712
trial_3,762,0.276055,0.684264
trial_3,763,0.085111,0.431123
trial_3,764,0.067471,0.693219
trial_3,765,0.020112,0.501930
trial_3,766,0.061836,0.932812
trial_3,767,0.102781,0.551110
trial_3,768,0.203648,0.459018
trial_3,769,0.118747,0.443143
trial_3,770,0.553219,3.017486
trial_3,771,0.123215,0.309146
trial_3,772,0.029712,4.434396
trial_3,773,0.081524,0.399356
trial_3,774,0.046432,0.494235
trial_3,775,0.091889,0.339027
trial_3,776,0.024814,0.589844
trial_3,777,0.139338,0.495349
trial_3,778,0.299996,0.422236
trial_3,779,0.009895,0.463662
trial_3,780,0.200303,0.320900
trial_3,781,0.317745,0.679231
trial_3,782,0.125695,0.543506
trial_3,783,0.113854,0.496873
trial_3,784,0.065243,0.274009
trial_3,785,0.113532,0.381827
trial_3,786,0.217756,0.863684
trial_3,787,0.108655,0.354008
trial_3,788,0.429710,1.194696
trial_3,789,0.025117,0.440524
trial_3,790,0.058935,0.415907
trial_3,791,0.413504,0.600888
trial_3,792,0.124525,0.257291
trial_3,793,0.252555,0.880479
trial_3,794,0.113057,1.031987
trial_3,795,0.100762,0.652855
trial_3,796,0.066756,0.406957
trial_3,797,0.113683,0.320543
trial_3,798,0.103189,0.418709
trial_3,799,0.062962,0.405301
trial_3,800,0.090695,0.466252
trial_3,801,0.072079,0.650934
trial_3,802,0.060726,0.589257
trial_3,803,0.160997,0.305752
trial_3,804,0.046784,0.385458
trial_3,805,0.017900,0.658501
trial_3,806,0.017589,1.005942
trial_3,807,0.150864,0.309635
trial_3,808,0.193353,0.354197
trial_3,809,0.064287,0.261381
trial_3,810,0.183419,0.442355
trial_3,811,0.004173,0.446793
trial_3,812,0.021259,0.520272
trial_3,813,0.146337,0.891196
trial_3,814,0.066661,1.105125
trial_3,815,0.031252,0.312883
trial_3,816,0.147925,0.336057
trial_3,817,0.131552,0.458473
trial_3,818,0.117908,0.854443
trial_3,819,0.006906,1.216257
trial_3,820,0.020732,1.427351
trial_3,821,0.063643,0.377524
trial_3,822,0.003409,0.524907
trial_3,823,0.078279,0.515281
trial_3,824,0.200395,0.309214
trial_3,825,0.046219,0.479461
trial_3,826,0.384018,2.869000
trial_3,827,0.374449,0.685548
trial_3,828,0.193535,0.604377
trial_3,829,0.281482,0.656828
trial_3,830,0.135502,0.369730
trial_3,831,0.019124,0.653787
trial_3,832,0.154461,0.446188
trial_3,833,0.043781,0.477919
trial_3,834,0.062175,0.515222
trial_3,835,0.048994,0.390118
trial_3,836,0.060758,0.226256
trial_3,837,0.394740,1.013884
trial_3,838,0.086897,0.484691
trial_3,839,0.124139,0.391054
trial_3,840,0.082490,0.463772
trial_3,841,0.007106,0.787484
trial_3,842,0.068571,0.424233
trial_3,843,0.177631,0.605278
trial_3,844,0.183164,0.380102
trial_3,845,0.026717,0.319185
trial_3,846,0.227890,0.445026
trial_3,847,0.062652,0.408318
trial_3,848,0.061143,0.894501
trial_3,849,0.145750,0.259905
trial_3,850,0.159399,0.547275
trial_3,851,0.077721,0.338521
trial_3,852,0.230201,0.667206
trial_3,853,0.255877,0.575007
trial_3,854,0.131774,0.244643
trial_3,855,0.097503,0.545994
trial_3,856,0.212306,0.611862
trial_3,857,0.137371,0.501520
trial_3,858,0.160505,0.483152
trial_3,859,0.145068,0.438769
trial_3,860,0.230450,0.460884
trial_3,861,0.140004,0.399199
trial_3,862,0.239835,0.427856
trial_3,863,0.379995,0.528704
trial_3,864,0.086125,0.327834
trial_3,865,0.084477,0.313628
trial_3,866,0.119725,0.460327
trial_3,867,0.035489,0.349565
trial_3,868,0.334340,0.541292
trial_3,869,0.004185,0.806771
trial_3,870,0.068839,0.561107
trial_3,871,0.068358,0.479190
trial_3,872,0.324246,1.357052
trial_3,873,0.145967,0.273890
trial_3,874,0.055245,0.276401
trial_3,875,0.054701,0.432892
trial_3,876,0.351355,0.575207
trial_3,877,0.211973,0.508447
trial_3,878,0.122806,0.507292
trial_3,879,0.063255,0.233974
trial_3,880,0.001633,0.644268
trial_3,881,0.150638,0.380700
trial_3,882,0.109518,0.334553
trial_3,883,0.026230,0.392600
trial_3,884,0.136535,0.666636
trial_3,885,0.213442,0.357266
trial_3,886,0.089609,0.297753
trial_3,887,0.578388,3.027597
trial_3,888,0.093991,0.488010
trial_3,889,0.083176,0.317364
trial_3,890,0.310434,0.647366
trial_3,891,0.128461,0.483551
trial_3,892,0.098476,0.541622
trial_3,893,0.055040,0.438041
trial_3,894,0.082004,0.447566
trial_3,895,0.037948,0.434833
trial_3,896,0.165743,0.472322
trial_3,897,0.053912,0.471785
trial_3,898,0.045806,0.366763
trial_3,899,0.000349,0.465960
trial_3,900,0.118211,0.440271
trial_3,901,0.060994,0.319444
trial_3,902,0.161397,0.782565
trial_3,903,0.227019,0.376724
trial_3,904,0.128352,0.370620
trial_3,905,0.063471,0.528387
trial_3,906,0.036069,0.421245
trial_3,907,0.213688,0.449583
trial_3,908,0.065324,0.245228
trial_3,909,0.172559,1.028212
trial_3,910,0.201547,0.486014
trial_3,911,0.065516,0.314480
trial_3,912,0.089455,0.502766
trial_3,913,0.042207,0.541777
trial_3,914,0.155798,0.687766
trial_3,915,0.205042,0.482742
trial_3,916,0.025893,0.290969
trial_3,917,0.074961,0.384342
trial_3,918,0.000491,0.499349
trial_3,919,0.247978,0.622390
trial_3,920,0.029907,0.567546
trial_3,921,0.157428,0.337132
trial_3,922,0.099733,0.450325
trial_3,923,0.039152,0.687696
trial_3,924,0.271057,2.096328
trial_3,925,0.224345,1.206244
trial_3,926,0.122541,0.435245
trial_3,927,0.062328,0.596661
trial_3,928,0.144298,0.778456
trial_3,929,0.073640,0.412112
trial_3,930,0.308500,0.609516
trial_3,931,0.127597,1.181676
trial_3,932,0.212486,0.431120
trial_3,933,0.248516,0.792770
trial_3,934,0.022583,0.560666
trial_3,935,0.201030,0.373100
trial_3,936,0.084739,0.969697
trial_3,937,0.020767,0.603661
trial_3,938,0.157928,0.342912
trial_3,939,0.089632,0.504323
trial_3,940,0.259888,0.538688
trial_3,941,0.108645,0.400498
trial_3,942,0.031042,0.400306
trial_3,943,0.045617,0.563027
trial_3,944,0.161441,0.280924
trial_3,945,0.012967,0.451694
trial_3,946,0.240384,0.477657
trial_3,947,0.353770,0.586649
trial_3,948,0.332477,0.759192
trial_3,949,0.242972,0.950409
trial_3,950,0.138603,0.434554
trial_3,951,0.336548,0.460633
trial_3,952,0.037374,0.497206
trial_3,953,0.072918,0.530360
trial_3,954,0.130376,0.364907
trial_3,955,0.025429,0.498463
trial_3,956,0.118212,0.440168
trial_3,957,0.258797,0.915221
trial_3,958,0.142170,0.731557
trial_3,959,0.077190,0.671370
trial_3,960,0.251785,0.792601
trial_3,961,0.225180,0.729609
trial_3,962,1.107095,11.379955
trial_3,963,0.061700,0.493163
trial_3,964,0.010201,0.196808
trial_3,965,0.029158,0.503860
trial_3,966,0.053942,0.512670
trial_3,967,0.114837,0.838853
trial_3,968,0.132739,0.310368
trial_3,969,0.298297,0.470493
trial_3,970,0.014727,0.560549
trial_3,971,0.088923,0.250110
trial_3,972,0.050743,0.813105
trial_3,973,0.004230,0.458339
trial_3,974,0.081734,0.821112
trial_3,975,0.389186,0.725177
trial_3,976,0.059043,0.429826
trial_3,977,0.300882,0.475553
trial_3,978,0.172177,0.606732
trial_3,979,0.252656,0.369654
trial_3,980,0.195077,0.412491
trial_3,981,0.009269,0.507610
trial_3,982,0.363713,0.643497
trial_3,983,0.115241,0.307717
trial_3,984,0.100054,0.371428
trial_3,985,0.292510,0.731333
trial_3,986,0.127834,0.560347
trial_3,987,0.154202,0.429352
trial_3,988,0.339568,1.596197
trial_3,989,0.037738,0.344617
trial_3,990,0.035142,0.499883
trial_3,991,0.105619,0.511331
trial_3,992,0.164361,0.727811
trial_3,993,0.101841,0.516023
trial_3,994,0.106860,0.639978
trial_3,995,0.157219,0.565632
trial_3,996,0.030097,0.334710
trial_3,997,0.044652,2.074255
trial_3,998,0.063128,0.467503
trial_3,999,0.121878,0.265140
trial_3,1000,0.169549,0.561286
trial_4,1,0.034859,0.488725
trial_4,2,0.007554,0.316679
trial_4,3,0.027917,0.355635
trial_4,4,0.187004,0.517461
trial_4,5,0.090367,0.509418
trial_4,6,0.085626,0.307829
trial_4,7,0.192315,0.332596
trial_4,8,0.185649,0.412451
trial_4,9,0.389134,1.091569
trial_4,10,0.325969,0.627121
trial_4,11,0.044373,0.486170
trial_4,12,0.204466,0.394125
trial_4,13,0.408396,1.583833
trial_4,14,0.126149,0.362690
trial_4,15,0.208504,0.454270
trial_4,16,0.135339,0.494206
trial_4,17,0.195249,0.460348
trial_4,18,0.019446,0.563622
trial_4,19,0.259885,0.627948
trial_4,20,0.077512,0.305978
trial_4,21,0.085994,0.702023
trial_4,22,0.044707,0.473743
trial_4,23,0.056688,0.457468
trial_4,24,0.057006,0.648030
trial_4,25,0.118117,0.422862
trial_4,26,0.085507,0.942028
trial_4,27,0.019525,0.466019
trial_4,28,0.197913,1.154541
trial_4,29,0.011546,0.424206
trial_4,30,0.192402,0.532792
trial_4,31,0.112310,0.444121
trial_4,32,0.118049,0.341075
trial_4,33,0.005548,0.405606
trial_4,34,0.036933,1.694183
trial_4,35,0.356203,0.858415
trial_4,36,0.220737,0.629782
trial_4,37,0.111305,0.458626
trial_4,38,0.030691,0.596958
trial_4,39,0.173201,0.585552
trial_4,40,0.049459,0.487667
trial_4,41,0.095164,0.239245
trial_4,42,0.092537,0.363550
trial_4,43,0.099780,0.298041
trial_4,44,0.182666,0.495277
trial_4,45,0.097083,0.501106
trial_4,46,0.175935,0.453275
trial_4,47,0.053839,0.324109
trial_4,48,0.142420,0.342525
trial_4,49,0.038482,0.499791
trial_4,50,0.286188,0.546500
trial_4,51,0.192306,0.313091
trial_4,52,0.078346,0.401650
trial_4,53,0.027981,0.544723
trial_4,54,0.144720,0.466528
trial_4,55,0.218432,0.450525
trial_4,56,0.100678,0.347220
trial_4,57,0.143576,0.351262
trial_4,58,0.115656,0.674949
trial_4,59,0.149269,0.317525
trial_4,60,0.401635,1.542227
trial_4,61,0.100197,0.312374
trial_4,62,0.138457,0.378537
trial_4,63,0.192187,0.517483
trial_4,64,0.135025,0.438372
trial_4,65,0.243756,0.734847
trial_4,66,0.011532,0.319063
trial_4,67,0.179705,0.339441
trial_4,68,0.199394,0.721961
trial_4,69,0.099914,0.455844
trial_4,70,0.054279,0.198451
trial_4,71,0.195601,0.694962
trial_4,72,0.099526,0.241077
trial_4,73,0.021863,0.258987
trial_4,74,0.048211,0.299329
trial_4,75,0.029830,0.199747
trial_4,76,0.023455,0.395088
trial_4,77,0.000378,0.270042
trial_4,78,0.141443,0.229658
trial_4,79,0.057598,0.235985
trial_4,80,0.209418,0.317895
trial_4,81,0.360242,1.129439
trial_4,82,0.200414,0.511173
trial_4,83,0.339011,0.539925
trial_4,84,0.345659,3.194735
trial_4,85,0.259896,0.854001
trial_4,86,0.012706,0.547709
trial_4,87,0.102019,0.388392
trial_4,88,0.184244,0.295949
trial_4,89,0.054102,0.315416
trial_4,90,0.086612,0.469752
trial_4,91,0.107747,0.501955
trial_4,92,0.078620,0.525230
trial_4,93,0.030774,0.937065
trial_4,94,0.189658,0.398977
trial_4,95,0.132611,0.321140
trial_4,96,0.016404,0.528439
trial_4,97,0.222951,0.547790
trial_4,98,0.472601,0.839280
trial_4,99,0.125784,0.542712
trial_4,100,0.061330,0.481606
trial_4,101,0.067693,0.365738
trial_4,102,0.198462,0.445097
trial_4,103,0.057129,0.429562
trial_4,104,0.059281,0.459468
trial_4,105,0.100606,0.425690
trial_4,106,0.032172,0.383465
trial_4,107,0.114333,0.288205
trial_4,108,0.005479,1.287581
trial_4,109,0.332394,0.801991
trial_4,110,0.092333,0.630337
trial_4,111,0.247711,0.600859
trial_4,112,0.331210,0.715083
trial_4,113,0.263822,0.594170
trial_4,114,0.020096,0.309452
trial_4,115,0.010712,0.890803
trial_4,116,0.398733,0.510019
trial_4,117,0.175840,0.465893
trial_4,118,0.030384,0.614575
trial_4,119,0.094203,1.411902
trial_4,120,0.340188,0.572271
trial_4,121,0.294522,0.668497
trial_4,122,0.000138,0.270453
trial_4,123,0.291684,0.432468
trial_4,124,0.127467,0.521644
trial_4,125,0.040607,0.560693
trial_4,126,0.239529,0.673459
trial_4,127,0.241595,0.445275
trial_4,128,0.140088,0.298552
trial_4,129,0.035620,0.499743
trial_4,130,0.113555,1.018515
trial_4,131,0.076697,0.323998
trial_4,132,0.298328,0.576631
trial_4,133,0.085580,0.874885
trial_4,134,0.199781,0.481426
trial_4,135,0.054995,0.246083
trial_4,136,0.064032,0.431121
trial_4,137,0.278524,0.699648
trial_4,138,0.036480,0.397533
trial_4,139,0.206106,0.275124
trial_4,140,0.021652,0.311811
trial_4,141,0.028844,0.391975
trial_4,142,0.039321,0.591712
trial_4,143,0.137345,0.673650
trial_4,144,0.133950,0.424554
trial_4,145,0.170238,0.363876
trial_4,146,0.150404,0.896679
trial_4,147,0.101089,0.619600
trial_4,148,0.133465,0.349078
trial_4,149,0.010867,0.768059
trial_4,150,0.123132,0.300243
trial_4,151,0.034352,0.406016
trial_4,152,0.155209,0.405052
trial_4,153,0.130325,0.379101
trial_4,154,0.011945,0.319896
trial_4,155,0.099879,0.416387
trial_4,156,0.394681,0.556176
trial_4,157,0.273838,0.834376
trial_4,158,0.119127,0.447997
trial_4,159,0.008005,0.151881
trial_4,160,0.291213,0.539066
trial_4,161,0.109528,0.369850
trial_4,162,0.007691,0.227046
trial_4,163,0.143340,0.399761
trial_4,164,0.136248,0.264438
trial_4,165,0.095991,0.377218
trial_4,166,0.109600,0.417024
trial_4,167,0.069428,0.239383
trial_4,168,0.088242,0.354304
trial_4,169,0.020376,0.279385
trial_4,170,0.023261,0.323004
trial_4,171,0.066098,0.365288
trial_4,172,0.093248,0.437213
trial_4,173,0.007863,0.368434
trial_4,174,0.226512,0.414243
trial_4,175,0.018781,0.232251
trial_4,176,0.095655,0.393469
trial_4,177,0.044040,0.567636
trial_4,178,0.309415,0.377546
trial_4,179,0.189698,0.401681
trial_4,180,0.152354,0.474107
trial_4,181,0.076311,0.865312
trial_4,182,0.058619,0.481716
trial_4,183,0.038167,0.230534
trial_4,184,0.019600,0.512646
trial_4,185,0.220139,0.333085
trial_4,186,0.028420,0.298107
trial_4,187,0.165060,0.519271
trial_4,188,0.280690,0.475459
trial_4,189,0.015180,0.271594
trial_4,190,0.105070,0.324994
trial_4,191,0.078293,0.399452
trial_4,192,0.230676,0.506454
trial_4,193,0.160449,0.313124
trial_4,194,0.201758,0.330847
trial_4,195,0.038841,0.325068
trial_4,196,0.031385,0.425685
trial_4,197,0.077753,0.325945
trial_4,198,0.282526,0.415410
trial_4,199,0.267480,0.445580
trial_4,200,0.399260,0.537475
trial_4,201,0.009309,0.324093
trial_4,202,0.110236,0.243404
trial_4,203,0.149071,0.232332
trial_4,204,0.133530,0.354150
trial_4,205,0.122479,0.398020
trial_4,206,0.127938,0.313266
trial_4,207,0.169134,0.321389
trial_4,208,0.154322,0.377829
trial_4,209,0.127933,1.296602
trial_4,210,0.135617,0.579836
trial_4,211,0.023416,0.366965
trial_4,212,0.326596,0.452320
trial_4,213,0.010085,0.275244
trial_4,214,0.073225,0.398652
trial_4,215,0.071712,0.247028
trial_4,216,0.092866,0.304791
trial_4,217,0.011218,0.309182
trial_4,218,0.085399,1.516238
trial_4,219,0.972959,8.865515
trial_4,220,0.036032,0.644286
trial_4,221,0.162051,0.360567
trial_4,222,0.028732,0.467142
trial_4,223,0.115937,0.346703
trial_4,224,0.027235,0.336664
trial_4,225,0.428187,0.715516
trial_4,226,0.057672,0.536612
trial_4,227,0.236617,0.358477
trial_4,228,0.161449,0.386299
trial_4,229,0.241644,0.714897
trial_4,230,0.225622,0.457388
trial_4,231,0.147443,0.531668
trial_4,232,0.149221,0.385075
trial_4,233,0.137809,0.438722
trial_4,234,0.029819,0.198822
trial_4,235,0.102920,0.445302
trial_4,236,0.090710,0.237184
trial_4,237,0.168067,0.472402
trial_4,238,0.102073,0.318651
trial_4,239,0.023822,0.332808
trial_4,240,0.039541,0.370012
trial_4,241,0.276652,0.427122
trial_4,242,0.012365,0.210250
trial_4,243,0.200047,0.570636
trial_4,244,0.048576,0.662527
trial_4,245,0.066647,1.655140
trial_4,246,0.044680,0.507248
trial_4,247,0.074256,0.421652
trial_4,248,0.142152,0.389112
trial_4,249,0.099964,0.377679
trial_4,250,0.009715,0.477014
trial_4,251,0.075895,0.375419
trial_4,252,0.110920,0.421507
trial_4,253,0.041104,0.193547
trial_4,254,0.179681,0.819564
trial_4,255,0.089898,1.977221
trial_4,256,0.088845,0.502797
trial_4,257,0.053602,0.701785
trial_4,258,0.107092,0.467869
trial_4,259,0.013458,0.498918
trial_4,260,0.059266,0.377065
trial_4,261,0.361011,0.586192
trial_4,262,0.129093,0.885277
trial_4,263,0.124645,0.485575
trial_4,264,0.241414,1.381007
trial_4,265,0.119062,0.939961
trial_4,266,0.167580,0.963632
trial_4,267,0.029204,1.049896
trial_4,268,0.092828,0.467917
trial_4,269,0.030290,0.504667
trial_4,270,0.027380,0.499789
trial_4,271,0.034828,0.792785
trial_4,272,0.231090,0.514303
trial_4,273,0.020823,0.705045
trial_4,274,0.160602,0.525836
trial_4,275,0.099655,0.800009
trial_4,276,0.242022,1.452858
trial_4,277,0.047163,0.458948
trial_4,278,0.184563,0.594129
trial_4,279,0.265372,0.474227
trial_4,280,0.118873,0.785829
trial_4,281,0.196164,0.595691
trial_4,282,0.368680,1.775015
trial_4,283,0.149364,0.546062
trial_4,284,0.299982,0.634772
trial_4,285,0.106908,0.498370
trial_4,286,0.041237,0.503141
trial_4,287,0.273256,0.546253
trial_4,288,0.021607,0.721829
trial_4,289,0.178542,0.868968
trial_4,290,0.117940,0.904869
trial_4,291,0.066270,0.658314
trial_4,292,0.009656,0.654092
trial_4,293,0.104493,0.523909
trial_4,294,0.093437,0.361404
trial_4,295,0.075020,0.566251
trial_4,296,0.279238,1.135491
trial_4,297,0.344761,0.553549
trial_4,298,0.091436,0.409480
trial_4,299,0.230833,0.317962
trial_4,300,0.535561,0.656401
trial_4,301,0.091608,0.513980
trial_4,302,0.114019,0.483393
trial_4,303,0.297720,0.528416
trial_4,304,0.095956,0.452476
trial_4,305,0.098467,0.886339
trial_4,306,0.131911,0.353424
trial_4,307,0.103935,0.544571
trial_4,308,0.047643,0.793459
trial_4,309,0.016419,0.812341
trial_4,310,0.013239,2.564428
trial_4,311,0.129971,1.161887
trial_4,312,0.622890,4.824477
trial_4,313,0.073982,1.117680
trial_4,314,0.297949,1.061110
trial_4,315,0.034866,0.951672
trial_4,316,0.129205,0.959527
trial_4,317,0.199032,0.762821
trial_4,318,0.200341,0.608238
trial_4,319,0.259999,0.797013
trial_4,320,0.280900,1.242970
trial_4,321,0.404359,3.802885
trial_4,322,0.053213,0.705758
trial_4,323,0.318524,1.807043
trial_4,324,0.824663,1.658382
trial_4,325,0.030007,0.867173
trial_4,326,0.184789,1.290398
trial_4,327,0.043646,1.588080
trial_4,328,0.456956,1.073452
trial_4,329,0.297051,4.841971
trial_4,330,1.152497,3.498714
trial_4,331,0.473196,1.686786
trial_4,332,0.091529,1.073303
trial_4,333,0.133793,2.277298
trial_4,334,0.276845,0.596722
trial_4,335,0.099805,1.112354
trial_4,336,0.165124,1.026589
trial_4,337,0.441935,1.479324
trial_4,338,0.213585,4.807734
trial_4,339,0.042839,0.772905
trial_4,340,0.053878,0.400425
trial_4,341,0.358498,5.386891
trial_4,342,0.296009,2.074301
trial_4,343,0.188680,1.527891
trial_4,344,0.201008,2.838969
trial_4,345,1.914508,11.567685
trial_4,346,0.044465,3.185691
trial_4,347,0.283512,1.702813
trial_4,348,0.252599,2.733109
trial_4,349,0.275935,1.144813
trial_4,350,0.088038,1.673752
trial_4,351,0.294042,2.351637
trial_4,352,0.207597,2.052130
trial_4,353,0.262737,1.567287
trial_4,354,0.365280,1.438099
trial_4,355,0.046978,0.480355
trial_4,356,0.231111,0.738642
trial_4,357,0.170452,2.008008
trial_4,358,0.207944,0.913373
trial_4,359,0.103309,0.576986
trial_4,360,0.185059,0.759650
trial_4,361,0.195314,1.435526
trial_4,362,0.093394,3.964242
trial_4,363,0.183439,1.017057
trial_4,364,0.237579,0.512665
trial_4,365,0.249296,0.776652
trial_4,366,0.243067,0.867377
trial_4,367,0.089976,0.817545
trial_4,368,0.087877,0.650668
trial_4,369,0.183206,0.465203
trial_4,370,0.148660,1.073293
trial_4,371,0.035619,0.720066
trial_4,372,0.220945,1.176277
trial_4,373,0.217421,1.564733
trial_4,374,0.402793,4.494610
trial_4,375,0.088935,0.448116
trial_4,376,0.268505,0.660885
trial_4,377,0.065513,0.632465
trial_4,378,0.033965,0.361010
trial_4,379,0.225553,0.422808
trial_4,380,0.348562,0.928148
trial_4,381,0.033846,0.388819
trial_4,382,0.173846,0.511857
trial_4,383,0.436392,1.676893
trial_4,384,0.294497,0.521386
trial_4,385,0.399652,1.259530
trial_4,386,0.169154,1.766681
trial_4,387,0.510155,2.025563
trial_4,388,0.290743,0.631060
trial_4,389,0.270177,0.786834
trial_4,390,0.089242,0.613548
trial_4,391,0.259120,0.786440
trial_4,392,0.146702,0.795594
trial_4,393,0.454824,1.274720
trial_4,394,0.050819,1.030304
trial_4,395,0.261047,0.740107
trial_4,396,0.308056,0.453884
trial_4,397,0.152023,0.529652
trial_4,398,0.057632,0.860697
trial_4,399,0.072971,0.898560
trial_4,400,0.151409,0.836155
trial_4,401,0.401200,0.875431
trial_4,402,0.308104,1.728755
trial_4,403,0.009838,0.697975
trial_4,404,0.414341,0.646985
trial_4,405,0.271204,0.687767
trial_4,406,0.253292,0.623711
trial_4,407,0.007864,0.423574
trial_4,408,0.001315,0.635010
trial_4,409,0.262156,0.851389
trial_4,410,0.191177,0.629427
trial_4,411,0.351373,1.314847
trial_4,412,0.087100,0.524782
trial_4,413,0.094123,0.955416
trial_4,414,0.224605,0.602130
trial_4,415,0.016617,0.568284
trial_4,416,0.424058,4.403108
trial_4,417,0.058489,0.868053
trial_4,418,0.510579,0.762254
trial_4,419,0.132958,2.132370
trial_4,420,0.047948,1.079278
trial_4,421,0.160560,0.408082
trial_4,422,0.124511,0.956953
trial_4,423,0.069957,0.553016
trial_4,424,0.056677,0.565318
trial_4,425,0.003763,0.423253
trial_4,426,0.180870,0.419338
trial_4,427,0.025286,0.497657
trial_4,428,0.187908,0.799977
trial_4,429,0.006823,0.781360
trial_4,430,0.042490,0.438347
trial_4,431,0.132700,1.783229
trial_4,432,0.059550,0.592402
trial_4,433,0.068144,0.617449
trial_4,434,0.068318,1.880420
trial_4,435,1.854640,9.188793
trial_4,436,0.005688,0.649952
trial_4,437,0.583751,1.679683
trial_4,438,0.289751,2.057749
trial_4,439,0.361177,2.458416
trial_4,440,0.712836,3.466022
trial_4,441,1.291879,4.173125
trial_4,442,0.127811,0.625858
trial_4,443,0.091148,0.771878
trial_4,444,0.343350,0.897783
trial_4,445,0.107947,1.352637
trial_4,446,0.199085,1.790477
trial_4,447,0.213232,1.595906
trial_4,448,0.015806,0.672867
trial_4,449,0.147286,1.484461
trial_4,450,0.235491,2.710909
trial_4,451,0.028216,1.238829
trial_4,452,0.300723,0.959986
trial_4,453,0.422895,3.291638
trial_4,454,0.304596,0.527106
trial_4,455,0.072925,0.765812
trial_4,456,0.258827,1.215412
trial_4,457,0.035516,0.379892
trial_4,458,0.105011,0.939679
trial_4,459,0.242208,1.283622
trial_4,460,0.057157,0.758367
trial_4,461,0.037821,0.527501
trial_4,462,0.298384,1.822142
trial_4,463,0.135799,1.017341
trial_4,464,0.123503,0.557251
trial_4,465,0.094529,0.784541
trial_4,466,0.058174,0.387209
trial_4,467,0.009037,0.895370
trial_4,468,0.187158,0.459078
trial_4,469,0.009390,2.408575
trial_4,470,0.173730,0.802104
trial_4,471,0.406314,0.618667
trial_4,472,0.170040,0.794954
trial_4,473,0.008538,0.738567
trial_4,474,0.472431,1.883379
trial_4,475,0.576739,2.977940
trial_4,476,0.141358,2.140267
trial_4,477,0.440870,0.844451
trial_4,478,0.148206,0.468770
trial_4,479,0.061019,0.395067
trial_4,480,0.161690,0.571591
trial_4,481,0.023588,1.127975
trial_4,482,0.050750,1.434308
trial_4,483,0.194945,1.680440
trial_4,484,0.270921,2.973178
trial_4,485,0.046314,0.599948
trial_4,486,0.075122,1.077957
trial_4,487,0.230063,1.054655
trial_4,488,0.093974,0.612146
trial_4,489,0.030503,0.561990
trial_4,490,0.144971,0.978266
trial_4,491,0.000856,0.397561
trial_4,492,0.110504,0.785120
trial_4,493,0.075598,1.334758
trial_4,494,0.105180,0.653441
trial_4,495,0.024202,0.672389
trial_4,496,0.180972,0.503094
trial_4,497,0.278365,0.925100
trial_4,498,0.112113,0.516283
trial_4,499,0.139640,1.697371
trial_4,500,0.559532,3.730870
trial_4,501,0.230282,0.595144
trial_4,502,0.112104,0.577478
trial_4,503,0.314417,0.517926
trial_4,504,0.001941,0.518584
trial_4,505,0.087777,1.008316
trial_4,506,0.241081,0.621652
trial_4,507,0.586692,2.922207
trial_4,508,0.200226,0.725823
trial_4,509,0.086834,0.870049
trial_4,510,0.007752,0.643253
trial_4,511,0.257601,0.549870
trial_4,512,0.790309,3.653969
trial_4,513,0.363414,1.573538
trial_4,514,0.193259,2.179541
trial_4,515,0.967669,15.135544
trial_4,516,0.082539,1.576745
trial_4,517,2.384942,7.625097
trial_4,518,0.208163,1.372657
trial_4,519,0.193003,1.863479
trial_4,520,0.100826,0.692840
trial_4,521,0.020920,0.572731
trial_4,522,0.164626,0.528113
trial_4,523,0.624675,3.318880
trial_4,524,0.236917,0.848843
trial_4,525,0.103064,3.290985
trial_4,526,0.049229,0.677956
trial_4,527,0.144851,0.666447
trial_4,528,0.429330,1.254289
trial_4,529,0.041651,0.762807
trial_4,530,0.008863,0.550808
trial_4,531,0.086680,1.336563
trial_4,532,0.197751,0.605811
trial_4,533,0.005909,0.544492
trial_4,534,0.018115,0.457474
trial_4,535,0.061740,1.250426
trial_4,536,0.186771,1.645224
trial_4,537,0.248797,1.400135
trial_4,538,0.028668,0.549824
trial_4,539,0.044546,0.844434
trial_4,540,0.160493,0.525402
trial_4,541,0.288482,0.504866
trial_4,542,0.064969,1.822936
trial_4,543,0.285342,0.865486
trial_4,544,0.264976,0.571086
trial_4,545,0.003580,0.795274
trial_4,546,0.226373,0.988539
trial_4,547,0.160546,0.736552
trial_4,548,0.087908,0.594798
trial_4,549,0.030176,0.571641
trial_4,550,0.137113,0.901343
trial_4,551,0.125391,0.497100
trial_4,552,0.169654,1.418459
trial_4,553,0.103227,0.847206
trial_4,554,0.287540,2.428447
trial_4,555,0.059854,0.480049
trial_4,556,0.317965,0.529579
trial_4,557,0.150731,1.363479
trial_4,558,0.249283,0.538177
trial_4,559,0.228981,0.566231
trial_4,560,0.146758,0.929840
trial_4,561,0.162112,2.193915
trial_4,562,0.479272,1.258140
trial_4,563,0.375696,1.205038
trial_4,564,0.209487,1.150654
trial_4,565,0.248606,1.718120
trial_4,566,0.090412,0.877443
trial_4,567,0.068190,1.904262
trial_4,568,0.214559,0.768654
trial_4,569,0.083339,0.662036
trial_4,570,0.138948,1.384911
trial_4,571,0.165935,0.738246
trial_4,572,0.177174,0.725974
trial_4,573,0.055512,0.575918
trial_4,574,0.047219,0.443717
trial_4,575,0.391981,2.162434
trial_4,576,0.230818,3.276323
trial_4,577,0.092126,0.630665
trial_4,578,0.140004,1.314905
trial_4,579,0.260210,0.822030
trial_4,580,0.227103,0.680762
trial_4,581,0.184679,1.031183
trial_4,582,0.085810,0.598353
trial_4,583,0.299079,1.994374
trial_4,584,0.059161,0.458764
trial_4,585,0.141880,0.882739
trial_4,586,0.196369,0.655536
trial_4,587,0.188779,0.718966
trial_4,588,0.018261,0.438192
trial_4,589,1.988723,18.608280
trial_4,590,0.500940,1.705473
trial_4,591,0.073731,1.031515
trial_4,592,0.279843,0.865122
trial_4,593,0.103487,0.502987
trial_4,594,0.201971,0.488098
trial_4,595,0.252125,1.369566
trial_4,596,0.296264,0.774105
trial_4,597,0.080762,1.060021
trial_4,598,0.169904,0.516573
trial_4,599,0.038703,0.648330
trial_4,600,0.019732,0.367649
trial_4,601,0.072922,1.714077
trial_4,602,0.070155,0.940768
trial_4,603,0.040567,0.882797
trial_4,604,0.030789,0.570058
trial_4,605,0.128090,0.530078
trial_4,606,0.187943,0.655483
trial_4,607,0.003654,0.530622
trial_4,608,0.111598,0.442268
trial_4,609,0.152000,0.669390
trial_4,610,0.077018,0.894890
trial_4,611,0.175618,0.575575
trial_4,612,0.154306,0.373448
trial_4,613,0.289813,0.750337
trial_4,614,0.236980,0.968822
trial_4,615,0.179315,0.517070
trial_4,616,0.147888,0.617450
trial_4,617,0.186422,0.666478
trial_4,618,0.142673,0.370044
trial_4,619,2.600372,12.413560
trial_4,620,0.218079,0.857754
trial_4,621,0.127309,0.576412
trial_4,622,0.542930,5.624542
trial_4,623,0.103759,0.726298
trial_4,624,0.492295,2.525045
trial_4,625,0.312733,1.120731
trial_4,626,0.301586,0.876415
trial_4,627,0.599549,2.461452
trial_4,628,0.011027,1.656221
trial_4,629,0.072037,0.604376
trial_4,630,0.034808,0.746983
trial_4,631,0.195590,2.284169
trial_4,632,0.145620,1.457036
trial_4,633,0.252081,0.723368
trial_4,634,0.668534,2.930878
trial_4,635,0.260994,2.801646
trial_4,636,0.018563,1.010094
trial_4,637,0.471325,2.600278
trial_4,638,0.055425,0.627883
trial_4,639,0.185883,0.998544
trial_4,640,0.293755,0.524511
trial_4,641,0.502140,1.196477
trial_4,642,0.077149,0.662314
trial_4,643,0.318952,2.656563
trial_4,644,0.758132,2.735509
trial_4,645,0.179703,1.522227
trial_4,646,0.381052,4.122245
trial_4,647,0.021058,3.974809
trial_4,648,0.296428,7.637692
trial_4,649,0.017994,0.941214
trial_4,650,0.342334,1.899808
trial_4,651,0.287019,1.782193
trial_4,652,0.992657,3.798590
trial_4,653,0.068069,0.937432
trial_4,654,0.308741,0.764389
trial_4,655,0.021910,0.453915
trial_4,656,0.101150,1.717297
trial_4,657,0.196040,2.771481
trial_4,658,0.645727,1.860314
trial_4,659,0.118423,2.066339
trial_4,660,0.107428,1.532967
trial_4,661,0.300483,2.546614
trial_4,662,0.389264,1.482567
trial_4,663,0.125417,1.492008
trial_4,664,0.084434,0.724881
trial_4,665,0.253784,1.696799
trial_4,666,0.476601,2.217369
trial_4,667,0.147906,0.973762
trial_4,668,0.328365,0.514439
trial_4,669,0.242506,0.409784
trial_4,670,0.087166,0.327877
trial_4,671,0.046702,1.258688
trial_4,672,0.254210,0.636421
trial_4,673,3.103243,9.654342
trial_4,674,0.260069,0.643222
trial_4,675,0.039759,1.009146
trial_4,676,0.126939,2.660084
trial_4,677,0.206011,0.936059
trial_4,678,0.140161,0.781961
trial_4,679,1.123321,5.300492
trial_4,680,0.133183,0.406794
trial_4,681,0.015896,0.428191
trial_4,682,0.257381,2.412107
trial_4,683,0.020852,0.664863
trial_4,684,0.409955,4.553741
trial_4,685,0.743202,5.309783
trial_4,686,0.289589,1.396027
trial_4,687,0.170518,0.914775
trial_4,688,0.166542,0.609878
trial_4,689,0.212329,1.257478
trial_4,690,0.034434,1.376920
trial_4,691,0.154969,0.482339
trial_4,692,0.030775,0.471316
trial_4,693,0.481996,0.986382
trial_4,694,0.212633,0.904680
trial_4,695,0.141307,0.509347
trial_4,696,0.036089,2.465505
trial_4,697,0.383879,3.769910
trial_4,698,0.343712,0.557295
trial_4,699,0.061654,0.590943
trial_4,700,0.051868,0.770458
trial_4,701,0.059180,1.399705
trial_4,702,0.154517,0.777376
trial_4,703,0.081389,2.985542
trial_4,704,0.002922,0.628458
trial_4,705,0.133763,0.434620
trial_4,706,0.323028,1.715557
trial_4,707,0.003224,0.657165
trial_4,708,0.333806,0.786664
trial_4,709,0.117277,2.959813
trial_4,710,0.438335,2.751526
trial_4,711,0.309730,1.667873
trial_4,712,0.208619,0.561267
trial_4,713,0.278638,3.025217
trial_4,714,0.051141,0.596828
trial_4,715,0.088741,0.544306
trial_4,716,0.325843,2.338341
trial_4,717,0.037057,0.631508
trial_4,718,0.127303,0.874564
trial_4,719,0.390656,0.574169
trial_4,720,0.713396,3.038011
trial_4,721,0.135898,0.688029
trial_4,722,0.274519,0.714059
trial_4,723,0.119854,0.384942
trial_4,724,0.797329,6.033977
trial_4,725,0.443474,3.416706
trial_4,726,0.248260,3.924467
trial_4,727,0.458086,1.681325
trial_4,728,0.148916,0.752990
trial_4,729,0.374584,0.662842
trial_4,730,0.089086,0.651799
trial_4,731,0.097355,0.965043
trial_4,732,0.287492,0.770750
trial_4,733,0.055733,0.637488
trial_4,734,0.110860,0.381354
trial_4,735,0.116723,1.436409
trial_4,736,0.206360,1.302938
trial_4,737,0.239632,1.028077
trial_4,738,0.062911,2.554536
trial_4,739,0.127769,0.927298
trial_4,740,0.402035,0.693092
trial_4,741,0.095415,0.776483
trial_4,742,0.050127,0.677738
trial_4,743,1.398836,7.950959
trial_4,744,0.134415,0.864132
trial_4,745,0.010159,0.564789
trial_4,746,0.086285,0.549053
trial_4,747,0.113177,0.465654
trial_4,748,0.086905,0.909947
trial_4,749,0.174410,1.145875
trial_4,750,0.026613,0.544098
trial_4,751,0.570100,2.024042
trial_4,752,0.076342,0.584567
trial_4,753,0.820099,2.922383
trial_4,754,0.007879,0.475068
trial_4,755,0.211639,0.872598
trial_4,756,0.063744,0.489411
trial_4,757,0.088132,0.873209
trial_4,758,0.532736,1.536064
trial_4,759,0.210923,2.260807
trial_4,760,0.426430,1.588720
trial_4,761,0.465803,1.542158
trial_4,762,0.143375,1.217331
trial_4,763,0.103770,0.755576
trial_4,764,0.022970,1.593651
trial_4,765,0.096682,1.138105
trial_4,766,0.126618,1.928510
trial_4,767,0.077036,1.694428
trial_4,768,0.212979,0.769126
trial_4,769,0.016519,0.746800
trial_4,770,1.280532,9.076004
trial_4,771,0.058533,0.850396
trial_4,772,1.168989,21.883389
trial_4,773,0.336688,1.109193
trial_4,774,0.092269,2.036635
trial_4,775,0.024075,0.660025
trial_4,776,0.168227,2.660168
trial_4,777,0.110789,1.399143
trial_4,778,0.111807,0.830600
trial_4,779,0.301427,1.259563
trial_4,780,0.165620,0.572065
trial_4,781,0.180679,1.047525
trial_4,782,0.106170,0.724430
trial_4,783,0.007062,1.414247
trial_4,784,0.014764,0.603588
trial_4,785,0.014296,0.665935
trial_4,786,0.475948,2.578859
trial_4,787,0.305773,0.787752
trial_4,788,0.784410,6.763683
trial_4,789,0.005266,0.717221
trial_4,790,0.360665,0.901965
trial_4,791,0.244626,0.925332
trial_4,792,0.099453,0.435869
trial_4,793,0.508427,1.277905
trial_4,794,0.200130,2.218844
trial_4,795,0.217621,1.451419
trial_4,796,0.820610,1.442135
trial_4,797,0.033789,0.752327
trial_4,798,0.098476,0.576467
trial_4,799,0.488634,0.709789
trial_4,800,0.208893,0.862815
trial_4,801,0.018390,1.227439
trial_4,802,0.183482,0.947958
trial_4,803,0.067872,0.403344
trial_4,804,0.023637,0.587966
trial_4,805,0.041337,0.769759
trial_4,806,0.483300,3.281494
trial_4,807,0.061655,0.766030
trial_4,808,0.504766,0.655176
trial_4,809,0.058124,0.478277
trial_4,810,0.290969,0.788901
trial_4,811,0.244662,0.859729
trial_4,812,0.135362,1.944772
trial_4,813,0.313662,4.483925
trial_4,814,0.667334,4.003009
trial_4,815,0.276846,0.761865
trial_4,816,0.352433,1.082499
trial_4,817,0.138492,1.001925
trial_4,818,0.475362,1.944139
trial_4,819,0.246652,2.201380
trial_4,820,1.019131,6.476128
trial_4,821,0.105833,1.094265
trial_4,822,0.198481,1.606274
trial_4,823,0.267536,1.223727
trial_4,824,0.315011,0.693378
trial_4,825,0.003162,1.857540
trial_4,826,0.115114,4.356120
trial_4,827,0.310067,2.946887
trial_4,828,0.165211,1.051864
trial_4,829,0.055052,1.111264
trial_4,830,0.001274,0.626820
trial_4,831,0.025832,1.892299
trial_4,832,0.065458,0.918407
trial_4,833,0.335436,1.896392
trial_4,834,0.433793,1.502920
trial_4,835,0.088898,0.855483
trial_4,836,0.005951,0.544545
trial_4,837,0.307250,2.756653
trial_4,838,0.461584,1.348367
trial_4,839,0.019216,1.538079
trial_4,840,0.072959,1.642701
trial_4,841,0.734143,3.728657
trial_4,842,0.138054,0.636460
trial_4,843,0.423669,2.168712
trial_4,844,0.194729,0.657890
trial_4,845,0.008732,0.506492
trial_4,846,0.183647,0.571248
trial_4,847,0.077166,0.956687
trial_4,848,0.105589,2.048900
trial_4,849,0.046005,0.478402
trial_4,850,0.492063,1.376667
trial_4,851,0.037727,0.889428
trial_4,852,0.219683,1.856319
trial_4,853,0.394015,0.680094
trial_4,854,0.282318,0.545410
trial_4,855,0.099390,0.679465
trial_4,856,0.118679,2.380262
trial_4,857,0.133883,2.640593
trial_4,858,0.082150,0.524379
trial_4,859,0.254004,0.943020
trial_4,860,0.272792,0.759292
trial_4,861,0.061691,0.495754
trial_4,862,0.040625,0.635632
trial_4,863,0.048749,0.708938
trial_4,864,0.245404,0.838799
trial_4,865,0.133433,0.675297
trial_4,866,0.063345,1.841988
trial_4,867,0.256678,0.697482
trial_4,868,0.025693,1.914398
trial_4,869,0.276497,3.920016
trial_4,870,0.183502,0.951706
trial_4,871,0.414056,1.531673
trial_4,872,0.288863,2.794978
trial_4,873,0.042096,0.521982
trial_4,874,0.171283,0.519223
trial_4,875,0.061650,0.879863
trial_4,876,0.214896,0.991640
trial_4,877,0.067853,0.590595
trial_4,878,0.011937,0.642775
trial_4,879,0.346250,0.541575
trial_4,880,0.251193,1.692335
trial_4,881,0.046135,0.695502
trial_4,882,0.109027,0.595641
trial_4,883,0.058598,0.631707
trial_4,884,0.039521,2.223812
trial_4,885,0.107588,0.606456
trial_4,886,0.036653,0.633193
trial_4,887,0.051117,7.960626
trial_4,888,0.062018,1.444543
trial_4,889,0.344583,0.968313
trial_4,890,0.636495,1.852768
trial_4,891,0.154046,0.940872
trial_4,892,0.084378,0.719961
trial_4,893,0.602631,3.122325
trial_4,894,0.626085,2.398649
trial_4,895,0.204378,1.095263
trial_4,896,0.256063,1.236667
trial_4,897,0.020580,0.945544
trial_4,898,0.036694,1.607232
trial_4,899,0.155882,1.180764
trial_4,900,0.260255,0.857317
trial_4,901,0.037899,0.494755
trial_4,902,0.082193,1.546639
trial_4,903,0.411335,0.595445
trial_4,904,0.162045,0.659876
trial_4,905,0.139827,0.901312
trial_4,906,0.187216,0.803621
trial_4,907,0.038882,0.608093
trial_4,908,0.269779,0.453486
trial_4,909,0.183393,2.424281
trial_4,910,0.029748,0.490557
trial_4,911,0.211235,0.481436
trial_4,912,0.292883,0.881906
trial_4,913,0.007101,1.639823
trial_4,914,0.232453,0.749563
trial_4,915,0.199248,0.938138
trial_4,916,0.108122,0.894810
trial_4,917,0.322913,0.866724
trial_4,918,0.354848,1.047382
trial_4,919,0.557572,2.277137
trial_4,920,0.098087,1.112351
trial_4,921,0.022824,0.413538
trial_4,922,0.061574,0.544329
trial_4,923,0.299218,1.047311
trial_4,924,0.351212,3.454842
trial_4,925,0.359892,3.509502
trial_4,926,0.209334,1.342557
trial_4,927,0.078161,1.152825
trial_4,928,0.280983,1.645289
trial_4,929,0.099673,0.918532
trial_4,930,0.255228,0.896485
trial_4,931,0.420745,7.310769
trial_4,932,0.065605,1.032654
trial_4,933,1.132716,3.927021
trial_4,934,0.399978,1.746818
trial_4,935,0.126462,0.746977
trial_4,936,0.616992,3.170933
trial_4,937,0.165034,1.519801
trial_4,938,0.202000,0.533613
trial_4,939,0.200743,1.368154
trial_4,940,0.189284,1.022250
trial_4,941,0.053425,0.853260
trial_4,942,0.303470,0.650100
trial_4,943,0.177239,0.986156
trial_4,944,0.238530,0.622409
trial_4,945,0.170421,0.784081
trial_4,946,0.309655,0.710515
trial_4,947,0.108839,0.738368
trial_4,948,0.237013,2.364379
trial_4,949,0.053722,4.447526
trial_4,950,0.196887,0.727414
trial_4,951,0.183494,0.639955
trial_4,952,0.316517,0.987811
trial_4,953,0.088577,0.897177
trial_4,954,0.004576,0.889624
trial_4,955,0.115872,1.350853
trial_4,956,0.215424,1.575806
trial_4,957,0.809381,7.071355
trial_4,958,0.256902,1.834660
trial_4,959,0.797754,2.606324
trial_4,960,0.097378,2.733848
trial_4,961,0.051009,2.065490
trial_4,962,0.374636,18.412100
trial_4,963,0.219003,2.275645
trial_4,964,0.010424,0.588673
trial_4,965,0.029179,0.892822
trial_4,966,0.153127,1.700288
trial_4,967,0.290463,3.865193
trial_4,968,0.103085,0.805753
trial_4,969,0.194282,0.715004
trial_4,970,0.019511,0.989835
trial_4,971,0.212950,0.674001
trial_4,972,0.390060,2.095318
trial_4,973,0.045309,0.803865
trial_4,974,0.698571,3.211901
trial_4,975,0.073665,1.627347
trial_4,976,0.150481,1.200380
trial_4,977,0.250497,0.663210
trial_4,978,0.326057,0.948633
trial_4,979,0.455769,0.643418
trial_4,980,0.300777,0.665401
trial_4,981,0.059785,1.576480
trial_4,982,0.125123,1.111146
trial_4,983,0.182096,0.710538
trial_4,984,0.004888,0.859091
trial_4,985,0.295077,1.299287
trial_4,986,0.030146,0.956170
trial_4,987,0.194076,0.673514
trial_4,988,0.961316,5.930328
trial_4,989,0.199325,0.707450
trial_4,990,0.043104,2.010770
trial_4,991,0.307701,1.279429
trial_4,992,0.285426,2.294940
trial_4,993,0.304919,1.314463
trial_4,994,0.163600,1.275797
trial_4,995,0.100333,0.768309
trial_4,996,0.167078,0.478729
trial_4,997,1.741144,9.107215
trial_4,998,0.167255,0.638929
trial_4,999,0.143518,0.445319
trial_4,1000,0.301506,1.521678
trial_5,1,0.064827,0.635829
trial_5,2,0.320304,0.622565
trial_6,1,0.247922,0.612201
trial_6,2,0.009131,0.517398
trial_7,1,0.017100,0.668509
trial_7,2,0.011672,0.570553
trial_8,1,0.148576,0.582373
trial_8,2,0.020034,0.595477
trial_9,1,0.082336,0.596340
trial_9,2,0.134739,0.644002
trial_10,1,0.151969,0.602608
trial_10,2,0.041689,0.621183
trial_11,1,0.173226,0.743761
trial_11,2,0.316737,0.728445
trial_12,1,0.185888,0.633345
trial_12,2,0.029465,0.614488
trial_13,1,0.236039,0.626663
trial_13,2,0.171185,0.694164
trial_14,1,0.036707,0.650433
trial_14,2,0.254927,0.716596
trial_15,1,0.163972,0.675075
trial_15,2,0.189318,0.743223
trial_16,1,0.255244,0.746917
trial_16,2,0.015600,0.752454
trial_17,1,0.316352,0.803050
trial_17,2,0.008243,0.705075
trial_18,1,0.095128,0.664063
trial_18,2,0.033564,0.729194
trial_19,1,0.116549,0.715984
trial_19,2,0.049084,0.759391
trial_20,1,0.258676,0.746683
trial_20,2,0.105152,0.816079
trial_21,1,0.277385,0.810954
trial_21,2,0.020905,0.782511
trial_22,1,0.361769,0.869874
trial_22,2,0.274210,0.867845
trial_23,1,0.347584,0.878449
trial_23,2,0.029703,0.852315
trial_24,1,0.262045,0.890951
trial_24,2,0.158767,0.847535
trial_25,1,0.368485,0.910161
trial_25,2,0.190751,0.867623
trial_26,1,0.180055,0.870063
trial_26,2,0.183776,0.898195
trial_27,1,0.214322,0.897693
trial_27,2,0.037081,0.789734
trial_28,1,0.365085,0.933417
trial_28,2,0.027706,0.819844
trial_29,1,0.226979,0.892310
trial_29,2,0.198832,0.872111
trial_30,1,0.231765,0.905191
trial_30,2,0.040919,0.873399
trial_31,1,0.045231,0.874913
trial_31,2,0.250245,0.897761
trial_32,1,0.416826,0.931136
trial_32,2,0.233452,0.907036
trial_33,1,0.302719,1.009166
trial_33,2,0.391641,0.893526
trial_34,1,0.422437,1.048850
trial_34,2,0.206189,0.881793
trial_35,1,0.162023,1.019731
trial_35,2,0.130106,0.917081
trial_36,1,0.391541,1.082198
trial_36,2,0.216265,0.936432
trial_37,1,0.259408,1.055260
trial_37,2,0.346733,1.031895
trial_38,1,0.237145,1.027842
trial_38,2,0.038281,0.876145
trial_39,1,0.306199,1.066964
trial_39,2,0.275103,0.984475
trial_40,1,0.152011,1.088640
trial_40,2,0.364682,0.989173
trial_41,1,0.222040,1.049302
trial_41,2,0.218602,0.983983
trial_42,1,0.200427,1.119839
trial_42,2,0.275133,0.980343
trial_43,1,0.205621,1.113187
trial_43,2,0.175532,0.985214
trial_44,1,0.383680,1.148267
trial_44,2,0.240609,0.992773
trial_45,1,0.311449,1.156727
trial_45,2,0.232428,1.040329
trial_46,1,0.199249,1.116855
trial_46,2,0.143084,0.969278
trial_47,1,0.251150,1.228652
trial_47,2,0.339742,1.081123
trial_48,1,0.167666,1.240149
trial_48,2,0.263952,1.108695
trial_49,1,0.328249,1.265508
trial_49,2,0.327266,1.117924
