trial_id,replica,eps_ate,pehe
trial_0,1,0.093322,0.638336
trial_0,2,0.134004,0.690706
trial_0,3,0.093802,0.669056
trial_0,4,0.446482,1.100033
trial_0,5,0.233387,1.445611
trial_0,6,0.082518,0.653348
trial_0,7,0.024622,0.701959
trial_0,8,0.062538,1.005783
trial_0,9,1.114424,5.292656
trial_0,10,0.079492,1.871051
trial_0,11,0.026901,1.111104
trial_0,12,0.078170,1.250365
trial_0,13,0.000300,6.827645
trial_0,14,0.037342,1.346884
trial_0,15,0.408834,1.328971
trial_0,16,0.031538,1.167112
trial_0,17,0.309586,1.569030
trial_0,18,0.174437,1.313963
trial_0,19,0.133274,1.190771
trial_0,20,0.120378,0.993258
trial_0,21,0.319831,2.320960
trial_0,22,0.207191,1.102451
trial_0,23,0.091089,1.590202
trial_0,24,0.085709,1.581160
trial_0,25,0.005788,0.989761
trial_0,26,0.204021,2.265403
trial_0,27,0.333554,1.103870
trial_0,28,1.496713,7.418972
trial_0,29,0.111706,1.295993
trial_0,30,0.178345,0.943847
trial_0,31,0.026304,0.963221
trial_0,32,0.153974,0.934961
trial_0,33,0.083151,1.033003
trial_0,34,0.611931,7.292824
trial_0,35,0.201530,1.301148
trial_0,36,0.260325,1.499212
trial_0,37,0.298726,1.844788
trial_0,38,0.196178,0.901977
trial_0,39,0.353794,1.807353
trial_0,40,0.343054,0.905019
trial_0,41,0.240338,0.809128
trial_0,42,0.273972,0.634753
trial_0,43,0.040671,0.647591
trial_0,44,0.277100,1.055438
trial_0,45,0.191481,1.232631
trial_0,46,0.154251,0.876745
trial_0,47,0.119117,1.120178
trial_0,48,0.001114,0.797824
trial_0,49,0.194385,1.921883
trial_0,50,0.330876,0.828869
trial_0,51,0.435873,0.786553
trial_0,52,0.003889,1.203452
trial_0,53,0.104727,2.061763
trial_0,54,0.209349,1.423608
trial_0,55,0.095455,0.605176
trial_0,56,0.125282,0.531993
trial_0,57,0.129497,0.497420
trial_0,58,0.432338,1.186121
trial_0,59,0.105811,0.723896
trial_0,60,0.059087,2.734921
trial_0,61,0.077753,0.589718
trial_0,62,0.023592,0.760324
trial_0,63,0.034739,0.834164
trial_0,64,0.139932,0.908249
trial_0,65,0.081092,1.265567
trial_0,66,0.280298,0.953763
trial_0,67,0.045089,0.677134
trial_0,68,2.005283,5.256072
trial_0,69,0.043517,0.952665
trial_0,70,0.521025,0.832023
trial_0,71,0.107933,1.781871
trial_0,72,0.203674,0.430937
trial_0,73,0.151143,0.750853
trial_0,74,0.073932,0.575404
trial_0,75,0.161308,0.420258
trial_0,76,0.080988,1.323299
trial_0,77,0.137449,0.513220
trial_0,78,0.093385,0.671625
trial_0,79,0.155785,0.598747
trial_0,80,0.021049,0.566198
trial_0,81,0.358651,3.433651
trial_0,82,0.214804,2.068573
trial_0,83,0.187618,1.022261
trial_0,84,0.484399,4.375090
trial_0,85,0.483224,3.148842
trial_0,86,0.487042,2.450895
trial_0,87,0.130156,0.877668
trial_0,88,0.254625,0.755662
trial_0,89,0.381414,1.084356
trial_0,90,0.138798,0.947918
trial_0,91,0.185035,0.737589
trial_0,92,0.026978,1.000873
trial_0,93,0.286814,1.709540
trial_0,94,0.235962,0.695676
trial_0,95,0.103132,0.895814
trial_0,96,0.232422,0.978117
trial_0,97,0.227162,0.931416
trial_0,98,0.143114,1.618145
trial_0,99,0.077519,0.725007
trial_0,100,0.273529,0.662721
trial_0,101,0.063348,0.780409
trial_0,102,0.024844,0.735673
trial_0,103,0.058535,0.593386
trial_0,104,0.262207,0.865746
trial_0,105,0.041473,1.077237
trial_0,106,0.248825,0.750659
trial_0,107,0.264105,0.641023
trial_0,108,0.480402,5.981825
trial_0,109,0.330099,1.033399
trial_0,110,0.213992,1.159600
trial_0,111,0.246381,1.128588
trial_0,112,0.231874,1.014146
trial_0,113,0.009998,0.991779
trial_0,114,0.054544,0.627063
trial_0,115,0.226059,1.515039
trial_0,116,0.631682,0.856014
trial_0,117,0.004491,0.988481
trial_0,118,0.163837,0.756257
trial_0,119,0.021736,2.128985
trial_0,120,0.533288,1.647343
trial_0,121,0.385019,0.904584
trial_0,122,0.131103,0.580844
trial_0,123,0.265458,0.850369
trial_0,124,0.129465,1.417075
trial_0,125,0.049979,0.589396
trial_0,126,0.190562,1.385941
trial_0,127,0.257801,0.887128
trial_0,128,0.278657,0.631553
trial_0,129,0.184763,1.220887
trial_0,130,0.197889,3.768543
trial_0,131,0.002454,0.578529
trial_0,132,0.067449,1.332985
trial_0,133,0.630995,3.878308
trial_0,134,0.191457,1.117895
trial_0,135,0.260629,0.686365
trial_0,136,0.062377,0.765242
trial_0,137,0.054110,1.693184
trial_0,138,0.101356,0.689557
trial_0,139,0.080184,0.481051
trial_0,140,0.039153,0.490383
trial_0,141,0.004671,0.807484
trial_0,142,0.098032,0.965009
trial_0,143,0.610658,3.823135
trial_0,144,0.116130,0.580936
trial_0,145,0.089508,0.672589
trial_0,146,0.233841,1.145443
trial_0,147,0.368864,1.521239
trial_0,148,0.321846,0.720258
trial_0,149,0.038180,2.540856
trial_0,150,0.170855,0.544117
trial_0,151,0.093903,0.787990
trial_0,152,0.288962,0.859298
trial_0,153,0.191226,0.574572
trial_0,154,0.016573,0.613699
trial_0,155,0.151782,0.718663
trial_0,156,0.229974,0.846909
trial_0,157,0.376968,2.170999
trial_0,158,0.140865,0.963818
trial_0,159,0.064282,0.647116
trial_0,160,0.292829,1.132139
trial_0,161,0.198047,0.599431
trial_0,162,0.342447,0.522199
trial_0,163,0.029049,0.744196
trial_0,164,0.143024,0.594081
trial_0,165,0.076193,0.882260
trial_0,166,0.054711,1.121024
trial_0,167,0.024327,0.454102
trial_0,168,0.025659,0.587372
trial_0,169,0.000956,0.437472
trial_0,170,0.118927,0.970073
trial_0,171,0.288334,0.802739
trial_0,172,0.042667,0.500006
trial_0,173,0.002400,0.432712
trial_0,174,0.048349,0.551413
trial_0,175,0.017759,0.381969
trial_0,176,0.035466,0.586415
trial_0,177,0.095417,1.255065
trial_0,178,0.225483,0.577004
trial_0,179,0.097400,0.493112
trial_0,180,0.195607,1.946114
trial_0,181,0.429169,2.227061
trial_0,182,0.332214,0.684732
trial_0,183,0.057698,0.612563
trial_0,184,0.236863,1.524037
trial_0,185,0.296154,0.453212
trial_0,186,0.177975,0.309354
trial_0,187,0.300933,1.096868
trial_0,188,0.384583,0.691667
trial_0,189,0.024079,0.685748
trial_0,190,0.186741,0.408089
trial_0,191,0.014965,0.401418
trial_0,192,0.144469,0.752272
trial_0,193,0.111048,0.505128
trial_0,194,0.284070,0.623089
trial_0,195,0.067021,0.598717
trial_0,196,0.075059,0.640404
trial_0,197,0.058810,0.583312
trial_0,198,0.000458,0.646283
trial_0,199,0.002895,0.846978
trial_0,200,0.450426,0.601689
trial_0,201,0.038239,0.502005
trial_0,202,0.225749,0.393753
trial_0,203,0.187203,0.476833
trial_0,204,0.022658,0.572026
trial_0,205,0.027859,0.763985
trial_0,206,0.254714,0.602145
trial_0,207,0.052002,0.460358
trial_0,208,0.142010,0.571197
trial_0,209,0.448976,2.758005
trial_0,210,0.645361,3.400794
trial_0,211,0.018174,0.995259
trial_0,212,0.189184,0.407956
trial_0,213,0.078064,0.510516
trial_0,214,0.108697,0.494869
trial_0,215,0.041648,0.445353
trial_0,216,0.064558,0.353823
trial_0,217,0.079978,0.487574
trial_0,218,0.119154,1.569667
trial_0,219,1.324368,10.540964
trial_0,220,0.039869,1.620744
trial_0,221,0.240210,0.493803
trial_0,222,0.056133,0.484205
trial_0,223,0.294865,0.488105
trial_0,224,0.051229,0.452938
trial_0,225,0.076116,0.804942
trial_0,226,0.407155,0.870133
trial_0,227,0.115178,0.454682
trial_0,228,0.030977,0.474311
trial_0,229,0.040118,0.961511
trial_0,230,0.044149,0.675727
trial_0,231,0.312827,0.937230
trial_0,232,0.130166,0.442524
trial_0,233,0.096202,0.649002
trial_0,234,0.019725,0.409068
trial_0,235,0.142354,0.844599
trial_0,236,0.093066,0.444614
trial_0,237,0.151732,0.634433
trial_0,238,0.162431,0.335688
trial_0,239,0.035772,0.570744
trial_0,240,0.040429,0.872835
trial_0,241,0.304933,0.466308
trial_0,242,0.125763,0.162094
trial_0,243,0.013316,0.708609
trial_0,244,0.066354,0.906985
trial_0,245,0.032715,2.890615
trial_0,246,0.071463,0.833670
trial_0,247,0.002862,0.469278
trial_0,248,0.089831,0.476600
trial_0,249,0.352419,0.937073
trial_0,250,0.188756,0.616784
trial_0,251,0.150881,0.499062
trial_0,252,0.100977,0.504388
trial_0,253,0.169133,0.377052
trial_0,254,0.305453,1.873807
trial_0,255,1.232081,5.012366
trial_0,256,0.090075,0.463921
trial_0,257,0.270088,1.378745
trial_0,258,0.182957,0.483460
trial_0,259,0.115250,0.361924
trial_0,260,0.072062,0.194597
trial_0,261,0.154625,0.447731
trial_0,262,0.063841,0.701552
trial_0,263,0.022571,0.510296
trial_0,264,0.026967,0.411096
trial_0,265,0.109411,0.432361
trial_0,266,0.171619,0.423681
trial_0,267,0.065788,1.554532
trial_0,268,0.097112,0.364798
trial_0,269,0.021022,0.461207
trial_0,270,0.167421,0.361622
trial_0,271,0.351167,0.513187
trial_0,272,0.438356,0.581332
trial_0,273,0.269177,0.466395
trial_0,274,0.372907,0.504485
trial_0,275,0.115386,0.521172
trial_0,276,0.206839,1.748349
trial_0,277,0.040644,0.579068
trial_0,278,0.071584,0.630840
trial_0,279,0.283528,0.610784
trial_0,280,0.164266,1.161570
trial_0,281,0.333762,1.792043
trial_0,282,0.686111,2.810998
trial_0,283,0.309441,0.981254
trial_0,284,0.118581,0.593024
trial_0,285,0.176693,0.528862
trial_0,286,0.086157,0.785983
trial_0,287,0.114226,0.497114
trial_0,288,0.014154,1.036427
trial_0,289,0.208255,0.479283
trial_0,290,0.044554,0.525007
trial_0,291,0.000364,0.562046
trial_0,292,0.152041,0.780476
trial_0,293,0.067735,0.850109
trial_0,294,0.207385,0.372211
trial_0,295,0.100363,0.417930
trial_0,296,0.586393,1.440408
trial_0,297,0.014578,0.424104
trial_0,298,0.236508,0.551870
trial_0,299,0.003114,0.217751
trial_0,300,0.208282,0.529906
trial_0,301,0.262443,0.555765
trial_0,302,0.147936,0.676406
trial_0,303,0.399115,0.906601
trial_0,304,0.000323,0.293176
trial_0,305,0.029718,0.483752
trial_0,306,0.119115,0.412252
trial_0,307,0.178632,0.513493
trial_0,308,0.041925,1.385452
trial_0,309,0.103580,0.668005
trial_0,310,0.290124,1.346643
trial_0,311,0.180479,1.357932
trial_0,312,0.562598,3.571175
trial_0,313,0.140653,0.588009
trial_0,314,0.392197,0.988877
trial_0,315,0.026629,0.872038
trial_0,316,0.083027,1.148341
trial_0,317,0.149235,0.536247
trial_0,318,0.102982,0.402838
trial_0,319,0.095111,0.947624
trial_0,320,0.061165,2.353424
trial_0,321,0.275149,1.438770
trial_0,322,0.249778,0.584867
trial_0,323,0.238615,1.390508
trial_0,324,0.298109,0.584896
trial_0,325,0.007952,0.324725
trial_0,326,0.295410,0.598323
trial_0,327,0.162307,0.782993
trial_0,328,0.431355,0.735696
trial_0,329,0.519890,4.663657
trial_0,330,0.620060,1.081431
trial_0,331,0.055701,0.826330
trial_0,332,0.394288,0.801991
trial_0,333,0.099582,0.801054
trial_0,334,0.395897,0.743619
trial_0,335,0.174266,0.630686
trial_0,336,0.022992,0.719760
trial_0,337,0.060023,0.910037
trial_0,338,0.177797,2.226978
trial_0,339,0.249169,0.756937
trial_0,340,0.142007,0.329818
trial_0,341,0.812406,4.296395
trial_0,342,0.077565,1.506858
trial_0,343,0.059172,0.586506
trial_0,344,0.275314,1.932401
trial_0,345,1.972513,8.334519
trial_0,346,0.293642,2.872067
trial_0,347,0.029954,0.686294
trial_0,348,0.018173,0.918861
trial_0,349,0.103818,0.550719
trial_0,350,0.104358,0.891615
trial_0,351,0.031276,1.218445
trial_0,352,0.193393,0.595870
trial_0,353,0.005521,0.524322
trial_0,354,0.292160,0.898507
trial_0,355,0.037440,0.282742
trial_0,356,0.135065,0.387465
trial_0,357,0.257733,1.578598
trial_0,358,0.114609,0.379540
trial_0,359,0.139476,0.428917
trial_0,360,0.070222,0.317897
trial_0,361,0.069905,1.042222
trial_0,362,0.208617,2.851508
trial_0,363,0.049433,0.741420
trial_0,364,0.385758,0.679367
trial_0,365,0.149712,0.731780
trial_0,366,0.265998,0.728749
trial_0,367,0.198770,0.499700
trial_0,368,0.013118,0.571660
trial_0,369,0.010772,0.423569
trial_0,370,0.014260,0.882325
trial_0,371,0.236599,0.641851
trial_0,372,0.143214,0.455555
trial_0,373,0.173901,0.705212
trial_0,374,0.159712,1.561030
trial_0,375,0.162143,0.424093
trial_0,376,0.039747,0.423927
trial_0,377,0.000480,0.684554
trial_0,378,0.060385,0.124868
trial_0,379,0.261904,0.390598
trial_0,380,0.067577,0.500586
trial_0,381,0.013382,0.276385
trial_0,382,0.259904,0.518926
trial_0,383,0.668590,3.195646
trial_0,384,0.112050,0.404159
trial_0,385,0.310266,1.317554
trial_0,386,0.115494,2.349352
trial_0,387,0.162439,2.364269
trial_0,388,0.167011,0.594635
trial_0,389,0.162328,0.463096
trial_0,390,0.047209,0.658771
trial_0,391,0.272406,0.761863
trial_0,392,0.219184,0.652267
trial_0,393,0.171127,0.712005
trial_0,394,0.208968,0.634233
trial_0,395,0.553371,1.461692
trial_0,396,0.089495,0.689315
trial_0,397,0.018042,0.266562
trial_0,398,0.154521,0.436924
trial_0,399,0.010575,0.500353
trial_0,400,0.126091,0.557249
trial_0,401,0.256110,0.611094
trial_0,402,0.097313,0.912041
trial_0,403,0.246427,0.447794
trial_0,404,0.239803,0.379778
trial_0,405,0.165817,0.450486
trial_0,406,0.140210,0.509226
trial_0,407,0.133516,0.285331
trial_0,408,0.043118,0.360326
trial_0,409,0.191762,0.533140
trial_0,410,0.111721,0.619328
trial_0,411,0.347230,0.924036
trial_0,412,0.061435,0.305551
trial_0,413,0.261736,0.811160
trial_0,414,0.111677,0.477964
trial_0,415,0.029508,0.676920
trial_0,416,0.280892,3.417089
trial_0,417,0.022115,0.290200
trial_0,418,0.002740,0.657609
trial_0,419,0.037471,1.093090
trial_0,420,0.142825,0.445612
trial_0,421,0.024112,0.360255
trial_0,422,0.151634,0.835140
trial_0,423,0.120037,0.441817
trial_0,424,0.053242,0.213461
trial_0,425,0.078356,0.358778
trial_0,426,0.214903,0.287142
trial_0,427,0.122145,0.563814
trial_0,428,0.249200,0.829768
trial_0,429,0.177548,0.508335
trial_0,430,0.015865,0.307090
trial_0,431,0.241771,0.789291
trial_0,432,0.028380,0.629358
trial_0,433,0.069653,0.306060
trial_0,434,0.273045,0.875125
trial_0,435,0.234688,2.799771
trial_0,436,0.080202,0.395216
trial_0,437,0.179399,0.814535
trial_0,438,0.181411,1.115966
trial_0,439,0.068645,0.584922
trial_0,440,0.276767,0.838746
trial_0,441,0.390882,1.328167
trial_0,442,0.029864,0.440331
trial_0,443,0.026859,0.262196
trial_0,444,0.171908,0.350330
trial_0,445,0.207962,0.456609
trial_0,446,0.110281,0.534838
trial_0,447,0.079925,0.793735
trial_0,448,0.070157,0.254109
trial_0,449,0.170594,0.829932
trial_0,450,0.113438,0.445218
trial_0,451,0.146871,0.654888
trial_0,452,0.012967,0.462892
trial_0,453,0.027380,0.683168
trial_0,454,0.122118,0.229165
trial_0,455,0.075651,0.436584
trial_0,456,0.178864,0.577557
trial_0,457,0.099564,0.219302
trial_0,458,0.029223,0.529827
trial_0,459,0.242806,0.488531
trial_0,460,0.144254,0.373967
trial_0,461,0.187981,0.338057
trial_0,462,0.255333,0.583940
trial_0,463,0.048436,0.352711
trial_0,464,0.020974,0.405362
trial_0,465,0.008677,0.489919
trial_0,466,0.107876,0.426772
trial_0,467,0.219434,0.577467
trial_0,468,0.205487,0.329357
trial_0,469,0.337451,3.013644
trial_0,470,0.198018,0.457645
trial_0,471,0.223280,0.407118
trial_0,472,0.006822,0.594576
trial_0,473,0.054677,0.595644
trial_0,474,0.263075,1.449996
trial_0,475,0.187759,1.964890
trial_0,476,0.379986,1.637076
trial_0,477,0.163050,0.375479
trial_0,478,0.077423,0.323419
trial_0,479,0.033024,0.410742
trial_0,480,0.143263,0.592082
trial_0,481,0.003179,0.937622
trial_0,482,0.177506,6.001162
trial_0,483,0.193751,1.226351
trial_0,484,0.177728,1.371492
trial_0,485,0.122638,0.423139
trial_0,486,0.026913,0.566879
trial_0,487,0.255800,0.574605
trial_0,488,0.134181,0.458622
trial_0,489,0.029987,0.283249
trial_0,490,0.040424,0.743594
trial_0,491,0.088685,0.284812
trial_0,492,0.080767,0.573526
trial_0,493,0.212640,0.591919
trial_0,494,0.052756,0.428379
trial_0,495,0.053842,0.502350
trial_0,496,0.032141,0.373349
trial_0,497,0.237720,0.558619
trial_0,498,0.198386,0.446171
trial_0,499,0.223804,0.703215
trial_0,500,0.656150,1.290935
trial_0,501,0.229193,0.339477
trial_0,502,0.121634,0.417804
trial_0,503,0.186385,0.343483
trial_0,504,0.013655,0.420373
trial_0,505,0.009889,0.681956
trial_0,506,0.051888,0.363520
trial_0,507,0.184167,1.008207
trial_0,508,0.118254,0.445253
trial_0,509,0.079919,0.508933
trial_0,510,0.089397,0.464774
trial_0,511,0.007819,0.337687
trial_0,512,0.205237,2.356449
trial_0,513,0.048434,0.490972
trial_0,514,0.036369,0.848820
trial_0,515,0.238708,3.071089
trial_0,516,0.153438,0.880680
trial_0,517,0.081048,2.571205
trial_0,518,0.053473,0.516631
trial_0,519,0.181195,0.439806
trial_0,520,0.291304,0.306571
trial_0,521,0.081611,0.360235
trial_0,522,0.063743,0.449070
trial_0,523,0.075589,0.780675
trial_0,524,0.179407,0.374678
trial_0,525,0.087609,0.983385
trial_0,526,0.046722,0.353429
trial_0,527,0.083395,0.272898
trial_0,528,0.336519,0.547218
trial_0,529,0.229500,0.526643
trial_0,530,0.060830,0.513212
trial_0,531,0.020250,0.442891
trial_0,532,0.016413,0.244152
trial_0,533,0.277078,0.396760
trial_0,534,0.015430,0.197302
trial_0,535,0.162159,0.502159
trial_0,536,0.124346,0.870857
trial_0,537,0.123840,0.803546
trial_0,538,0.011068,0.390263
trial_0,539,0.334062,0.602831
trial_0,540,0.111140,0.426546
trial_0,541,0.221948,0.350240
trial_0,542,0.235001,1.136903
trial_0,543,0.134599,0.667670
trial_0,544,0.010085,0.271400
trial_0,545,0.019673,0.594304
trial_0,546,0.029885,0.553359
trial_0,547,0.018725,0.361218
trial_0,548,0.201773,0.400870
trial_0,549,0.080330,0.443122
trial_0,550,0.085230,0.422907
trial_0,551,0.045961,0.291824
trial_0,552,0.069016,0.504073
trial_0,553,0.069026,0.482599
trial_0,554,0.273321,1.037814
trial_0,555,0.217835,0.408966
trial_0,556,0.360634,0.518185
trial_0,557,0.145069,0.480334
trial_0,558,0.029291,0.515693
trial_0,559,0.100429,0.310481
trial_0,560,0.177605,0.458974
trial_0,561,0.014076,0.550737
trial_0,562,0.282603,0.568191
trial_0,563,0.244131,0.479956
trial_0,564,0.070572,0.355833
trial_0,565,0.297350,0.693598
trial_0,566,0.126150,0.401643
trial_0,567,0.027509,0.652967
trial_0,568,0.171497,0.476249
trial_0,569,0.046135,1.364708
trial_0,570,0.128126,0.571852
trial_0,571,0.071085,1.097148
trial_0,572,0.023267,0.271824
trial_0,573,0.247578,0.348383
trial_0,574,0.156247,0.234623
trial_0,575,0.174108,1.307906
trial_0,576,0.331947,1.164864
trial_0,577,0.054279,0.344388
trial_0,578,0.138337,0.763330
trial_0,579,0.188144,0.421552
trial_0,580,0.077659,0.694309
trial_0,581,0.242826,0.830487
trial_0,582,0.043375,0.441919
trial_0,583,0.170144,1.045254
trial_0,584,0.132129,0.353116
trial_0,585,0.084161,0.721547
trial_0,586,0.172128,0.449442
trial_0,587,0.132463,0.484396
trial_0,588,0.020756,0.449577
trial_0,589,1.746591,17.169477
trial_0,590,0.158386,0.533831
trial_0,591,0.099455,0.488951
trial_0,592,0.381139,0.582505
trial_0,593,0.067858,0.346761
trial_0,594,0.119562,0.340945
trial_0,595,0.104518,0.792524
trial_0,596,0.309403,0.600785
trial_0,597,0.226187,0.708678
trial_0,598,0.047556,0.544275
trial_0,599,0.144469,0.633378
trial_0,600,0.012287,0.307178
trial_0,601,0.052272,1.169394
trial_0,602,0.098776,0.497481
trial_0,603,0.163903,0.548401
trial_0,604,0.057693,0.450456
trial_0,605,0.164974,0.517845
trial_0,606,0.098477,0.515860
trial_0,607,0.043085,0.317315
trial_0,608,0.006295,0.235346
trial_0,609,0.283799,0.735471
trial_0,610,0.356114,0.619448
trial_0,611,0.214216,0.609983
trial_0,612,0.068683,0.397380
trial_0,613,0.175218,0.730841
trial_0,614,0.088612,0.782711
trial_0,615,0.040273,0.296350
trial_0,616,0.012485,0.339040
trial_0,617,0.136006,0.562978
trial_0,618,0.121212,0.431508
trial_0,619,2.296531,9.546957
trial_0,620,0.185787,0.474125
trial_0,621,0.068218,0.308358
trial_0,622,0.329729,3.444882
trial_0,623,0.049224,0.303039
trial_0,624,0.162820,0.586599
trial_0,625,0.210740,0.693022
trial_0,626,0.039934,0.564600
trial_0,627,0.174597,1.249014
trial_0,628,0.214867,0.509167
trial_0,629,0.108441,0.363005
trial_0,630,0.037256,0.486827
trial_0,631,0.099673,0.739503
trial_0,632,0.299284,0.551811
trial_0,633,0.183543,0.431345
trial_0,634,0.257254,1.005142
trial_0,635,0.135128,0.534256
trial_0,636,0.074481,0.489634
trial_0,637,0.028136,1.357894
trial_0,638,0.073491,0.571665
trial_0,639,0.106275,0.407346
trial_0,640,0.264026,0.371972
trial_0,641,0.224190,0.416798
trial_0,642,0.031589,0.286934
trial_0,643,0.013306,0.801544
trial_0,644,0.172413,0.618524
trial_0,645,0.036037,0.599582
trial_0,646,0.181593,1.291759
trial_0,647,0.132455,2.556112
trial_0,648,0.312115,3.278704
trial_0,649,0.000745,0.605998
trial_0,650,0.146518,0.852969
trial_0,651,0.195156,0.804462
trial_0,652,0.295180,1.510624
trial_0,653,0.097336,0.484984
trial_0,654,0.141856,0.460095
trial_0,655,0.014557,0.263013
trial_0,656,0.108123,0.705127
trial_0,657,0.241144,1.335846
trial_0,658,0.408655,0.750611
trial_0,659,0.211109,0.589345
trial_0,660,0.050748,0.456101
trial_0,661,0.057248,0.670922
trial_0,662,0.235223,0.449072
trial_0,663,0.182827,0.585519
trial_0,664,0.076188,0.237628
trial_0,665,0.092897,0.591962
trial_0,666,0.321221,1.599605
trial_0,667,0.060855,0.462541
trial_0,668,0.145256,0.231689
trial_0,669,0.053719,0.319356
trial_0,670,0.040921,0.185136
trial_0,671,0.052919,0.304279
trial_0,672,0.247754,0.413609
trial_0,673,1.105101,5.801093
trial_0,674,0.163564,0.582446
trial_0,675,0.248666,0.535335
trial_0,676,0.050722,0.936705
trial_0,677,0.133518,0.544302
trial_0,678,0.006741,0.452127
trial_0,679,0.101625,0.891685
trial_0,680,0.048442,0.313282
trial_0,681,0.158270,0.303983
trial_0,682,0.112216,0.906575
trial_0,683,0.007901,0.544556
trial_0,684,0.290001,1.609006
trial_0,685,0.166824,0.784536
trial_0,686,0.020116,0.447448
trial_0,687,0.047570,0.470449
trial_0,688,0.117223,0.284741
trial_0,689,0.164634,0.520637
trial_0,690,0.229569,0.783581
trial_0,691,0.138998,0.442507
trial_0,692,0.056714,0.272442
trial_0,693,0.192905,0.523639
trial_0,694,0.420497,0.609785
trial_0,695,0.063706,0.281075
trial_0,696,0.030832,1.005652
trial_0,697,0.213476,1.294113
trial_0,698,0.127342,0.253951
trial_0,699,0.003836,0.261098
trial_0,700,0.115063,0.341476
trial_0,701,0.092414,0.388358
trial_0,702,0.124144,0.410577
trial_0,703,0.321037,0.885565
trial_0,704,0.083554,0.303080
trial_0,705,0.027779,0.258813
trial_0,706,0.143978,0.465845
trial_0,707,0.033184,0.371656
trial_0,708,0.236174,0.443097
trial_0,709,0.052607,0.685458
trial_0,710,0.137913,0.497415
trial_0,711,0.035311,0.495583
trial_0,712,0.213268,0.472352
trial_0,713,0.093634,1.233011
trial_0,714,0.249238,0.468876
trial_0,715,0.044915,0.385048
trial_0,716,0.254251,0.753803
trial_0,717,0.174369,0.390352
trial_0,718,0.037345,0.511022
trial_0,719,0.075567,0.283716
trial_0,720,0.215605,1.039128
trial_0,721,0.128394,0.461227
trial_0,722,0.172514,0.556774
trial_0,723,0.070413,0.199003
trial_0,724,0.096583,2.016229
trial_0,725,0.258549,0.681316
trial_0,726,0.202392,0.808167
trial_0,727,0.151121,0.592068
trial_0,728,0.162655,0.442572
trial_0,729,0.333593,0.459101
trial_0,730,0.220559,0.414636
trial_0,731,0.130085,0.439811
trial_0,732,0.134406,0.430160
trial_0,733,0.240180,0.412614
trial_0,734,0.161334,0.265576
trial_0,735,0.115808,0.601701
trial_0,736,0.212612,0.476412
trial_0,737,0.019102,0.495976
trial_0,738,0.044677,1.156870
trial_0,739,0.045027,0.341297
trial_0,740,0.299597,0.454445
trial_0,741,0.032800,0.409343
trial_0,742,0.144951,0.519418
trial_0,743,0.331523,2.039823
trial_0,744,0.165152,0.572626
trial_0,745,0.033804,0.365068
trial_0,746,0.056874,0.349142
trial_0,747,0.072726,0.284380
trial_0,748,0.026300,0.557931
trial_0,749,0.082969,0.747405
trial_0,750,0.143436,0.371137
trial_0,751,0.189824,0.587600
trial_0,752,0.394959,0.634523
trial_0,753,0.307226,0.660394
trial_0,754,0.091381,0.370633
trial_0,755,0.100054,0.435570
trial_0,756,0.307099,0.405417
trial_0,757,0.088344,0.589825
trial_0,758,0.224967,0.529350
trial_0,759,0.004449,0.770754
trial_0,760,0.028351,0.641638
trial_0,761,0.156811,0.677841
trial_0,762,0.196752,0.673592
trial_0,763,0.040783,0.400676
trial_0,764,0.000587,0.972016
trial_0,765,0.123987,0.529464
trial_0,766,0.067018,1.240893
trial_0,767,0.278093,0.673596
trial_0,768,0.167401,0.491666
trial_0,769,0.076917,0.440374
trial_0,770,0.163206,2.197577
trial_0,771,0.071293,0.463634
trial_0,772,1.257923,6.317606
trial_0,773,0.188953,0.487503
trial_0,774,0.115049,0.743372
trial_0,775,0.124633,0.490569
trial_0,776,0.132304,0.684983
trial_0,777,0.087369,0.868872
trial_0,778,0.018097,0.479301
trial_0,779,0.024381,0.517034
trial_0,780,0.126181,0.282486
trial_0,781,0.221884,0.634632
trial_0,782,0.092607,0.605650
trial_0,783,0.138349,0.510926
trial_0,784,0.201152,0.409986
trial_0,785,0.115722,0.375319
trial_0,786,0.148715,1.217722
trial_0,787,0.131005,0.661768
trial_0,788,0.009831,0.888113
trial_0,789,0.047507,0.541760
trial_0,790,0.172288,0.412169
trial_0,791,0.322315,0.576311
trial_0,792,0.184356,0.365931
trial_0,793,0.177781,0.672338
trial_0,794,0.093785,1.169962
trial_0,795,0.017632,0.711292
trial_0,796,0.024960,0.398589
trial_0,797,0.104332,0.333506
trial_0,798,0.029935,0.340923
trial_0,799,0.118556,0.370230
trial_0,800,0.190469,0.523667
trial_0,801,0.001423,0.637961
trial_0,802,0.057619,0.571295
trial_0,803,0.076637,0.348010
trial_0,804,0.002514,0.334881
trial_0,805,0.083143,0.864477
trial_0,806,0.374122,1.242600
trial_0,807,0.151697,0.461742
trial_0,808,0.152858,0.275535
trial_0,809,0.178813,0.466065
trial_0,810,0.198790,0.504523
trial_0,811,0.082045,0.436460
trial_0,812,0.239477,0.752541
trial_0,813,0.034262,0.669994
trial_0,814,0.222722,1.122589
trial_0,815,0.554076,0.826028
trial_0,816,0.324324,0.545164
trial_0,817,0.079411,0.474011
trial_0,818,0.045012,0.861611
trial_0,819,0.006005,1.056646
trial_0,820,0.260205,3.063972
trial_0,821,0.039552,0.561421
trial_0,822,0.038884,0.648432
trial_0,823,0.031555,0.620485
trial_0,824,0.075806,0.260608
trial_0,825,0.047567,0.455247
trial_0,826,0.321514,2.930587
trial_0,827,0.044825,0.599129
trial_0,828,0.116819,0.865646
trial_0,829,0.237660,0.534278
trial_0,830,0.080430,0.416816
trial_0,831,0.089267,0.768319
trial_0,832,0.179737,0.658891
trial_0,833,0.110385,0.633881
trial_0,834,0.245608,0.626688
trial_0,835,0.226327,0.506527
trial_0,836,0.003417,0.237209
trial_0,837,0.297832,1.124792
trial_0,838,0.137219,0.495292
trial_0,839,0.270127,0.685183
trial_0,840,0.086068,0.674485
trial_0,841,0.111833,0.918244
trial_0,842,0.211048,0.611247
trial_0,843,0.168397,0.795702
trial_0,844,0.175349,0.293075
trial_0,845,0.000136,0.338610
trial_0,846,0.061476,0.454383
trial_0,847,0.010255,0.366544
trial_0,848,0.061563,1.184262
trial_0,849,0.198024,0.344696
trial_0,850,0.166388,0.632982
trial_0,851,0.106630,0.426813
trial_0,852,0.050184,0.815761
trial_0,853,0.166753,0.415010
trial_0,854,0.015243,0.239466
trial_0,855,0.012265,0.520182
trial_0,856,0.535906,1.014210
trial_0,857,0.196197,0.595404
trial_0,858,0.018312,0.562919
trial_0,859,0.074979,0.411329
trial_0,860,0.390880,0.638717
trial_0,861,0.235228,0.445581
trial_0,862,0.187537,0.363721
trial_0,863,0.188223,0.552366
trial_0,864,0.099837,0.419998
trial_0,865,0.052957,0.281977
trial_0,866,0.054335,0.585770
trial_0,867,0.166977,0.485400
trial_0,868,0.129241,0.640998
trial_0,869,0.001734,1.054776
trial_0,870,0.054859,0.875174
trial_0,871,0.094176,0.705712
trial_0,872,0.113465,1.273603
trial_0,873,0.100206,0.424069
trial_0,874,0.357883,0.505039
trial_0,875,0.001414,0.462449
trial_0,876,0.370180,0.686464
trial_0,877,0.197190,0.447796
trial_0,878,0.105911,0.448221
trial_0,879,0.049526,0.376524
trial_0,880,0.159739,0.602849
trial_0,881,0.224258,0.506976
trial_0,882,0.014754,0.586007
trial_0,883,0.195094,0.515813
trial_0,884,0.177078,0.692782
trial_0,885,0.123643,0.355342
trial_0,886,0.106128,0.320536
trial_0,887,0.539888,3.748954
trial_0,888,0.049892,1.368456
trial_0,889,0.244627,0.821756
trial_0,890,0.392930,0.731061
trial_0,891,0.268164,0.542573
trial_0,892,0.137747,0.787836
trial_0,893,0.113485,0.548046
trial_0,894,0.182807,0.706160
trial_0,895,0.221985,0.674571
trial_0,896,0.252598,0.804811
trial_0,897,0.019481,0.474026
trial_0,898,0.092455,0.503424
trial_0,899,0.271654,0.631760
trial_0,900,0.069726,0.934904
trial_0,901,0.130027,0.454064
trial_0,902,0.108442,0.945199
trial_0,903,0.419371,0.635233
trial_0,904,0.008189,0.558634
trial_0,905,0.132041,0.734027
trial_0,906,0.167140,0.588243
trial_0,907,0.041443,0.503626
trial_0,908,0.236453,0.420944
trial_0,909,0.313468,2.017832
trial_0,910,0.225105,0.461447
trial_0,911,0.252405,0.428867
trial_0,912,0.147334,0.493876
trial_0,913,0.006874,0.650242
trial_0,914,0.171193,0.888422
trial_0,915,0.180579,0.580948
trial_0,916,0.051968,0.466312
trial_0,917,0.019962,0.579627
trial_0,918,0.008454,0.652309
trial_0,919,0.642486,1.422597
trial_0,920,0.086833,0.555360
trial_0,921,0.034775,0.406467
trial_0,922,0.066618,0.409260
trial_0,923,0.302144,0.774573
trial_0,924,0.179932,2.341088
trial_0,925,0.178965,1.075194
trial_0,926,0.049772,1.145481
trial_0,927,0.027234,0.752968
trial_0,928,0.170040,1.068472
trial_0,929,0.199606,0.969796
trial_0,930,0.190722,0.791285
trial_0,931,0.108996,1.521615
trial_0,932,0.025181,0.775242
trial_0,933,0.190671,1.017422
trial_0,934,0.093115,0.814170
trial_0,935,0.015976,0.482811
trial_0,936,0.062205,1.087665
trial_0,937,0.017551,0.914071
trial_0,938,0.085073,0.467749
trial_0,939,0.034854,0.417789
trial_0,940,0.011265,0.636807
trial_0,941,0.014887,0.565089
trial_0,942,0.009081,0.435828
trial_0,943,0.021409,0.652575
trial_0,944,0.282197,0.587587
trial_0,945,0.075982,0.611613
trial_0,946,0.336759,0.726066
trial_0,947,0.008456,0.413397
trial_0,948,0.401872,1.092924
trial_0,949,0.031944,1.384690
trial_0,950,0.034832,0.545443
trial_0,951,0.008100,0.466881
trial_0,952,0.123150,0.549397
trial_0,953,0.055165,0.570436
trial_0,954,0.090661,0.529448
trial_0,955,0.020037,0.691900
trial_0,956,0.024956,0.669808
trial_0,957,0.458939,2.484315
trial_0,958,0.133845,0.889692
trial_0,959,0.153288,0.776681
trial_0,960,0.195906,0.867355
trial_0,961,0.039470,1.133608
trial_0,962,0.831198,9.743327
trial_0,963,0.254495,1.009660
trial_0,964,0.023747,0.397152
trial_0,965,0.144656,0.604860
trial_0,966,0.187052,0.753966
trial_0,967,0.036837,1.111903
trial_0,968,0.013589,0.843767
trial_0,969,0.423994,0.627986
trial_0,970,0.070835,0.834336
trial_0,971,0.032049,0.425181
trial_0,972,0.464419,1.486097
trial_0,973,0.135340,0.545889
trial_0,974,0.152847,1.289177
trial_0,975,0.222107,0.867166
trial_0,976,0.118813,0.667831
trial_0,977,0.203579,0.641625
trial_0,978,0.341787,0.721189
trial_0,979,0.078354,0.369246
trial_0,980,0.043717,0.494467
trial_0,981,0.029755,0.906406
trial_0,982,0.209438,0.629753
trial_0,983,0.249798,0.670997
trial_0,984,0.032744,0.575914
trial_0,985,0.220887,0.867256
trial_0,986,0.163131,0.659447
trial_0,987,0.007785,0.564874
trial_0,988,0.649552,3.033658
trial_0,989,0.244812,0.692988
trial_0,990,0.072897,0.769529
trial_0,991,0.005411,0.969585
trial_0,992,0.003210,0.987503
trial_0,993,0.003685,0.728109
trial_0,994,0.019786,0.714574
trial_0,995,0.139451,0.605257
trial_0,996,0.002372,0.531426
trial_0,997,0.692897,5.237892
trial_0,998,0.315858,0.616130
trial_0,999,0.234596,0.467262
trial_0,1000,0.048985,0.553013
trial_1,1,0.048530,0.405342
trial_1,2,0.060530,0.424298
trial_1,3,0.031005,0.462529
trial_1,4,0.094291,0.574488
trial_1,5,0.173423,0.662513
trial_1,6,0.077109,0.595564
trial_1,7,0.030709,0.535807
trial_1,8,0.031126,0.688414
trial_1,9,0.222571,1.214256
trial_1,10,0.162076,0.950540
trial_1,11,0.080023,0.780126
trial_1,12,0.169335,0.679497
trial_1,13,0.451994,2.895561
trial_1,14,0.088856,0.531157
trial_1,15,0.190746,0.532455
trial_1,16,0.278500,0.613023
trial_1,17,0.104885,0.801181
trial_1,18,0.055929,0.657793
trial_1,19,0.053199,0.613289
trial_1,20,0.081833,0.486244
trial_1,21,0.144124,0.950999
trial_1,22,0.040892,0.557276
trial_1,23,0.001107,0.678222
trial_1,24,0.088688,0.658493
trial_1,25,0.128946,0.494659
trial_1,26,0.069629,1.359761
trial_1,27,0.004844,0.513667
trial_1,28,0.349289,3.215871
trial_1,29,0.049316,0.586199
trial_1,30,0.161748,0.605231
trial_1,31,0.053964,0.402884
trial_1,32,0.110872,0.342006
trial_1,33,0.010854,0.446368
trial_1,34,0.167531,4.998251
trial_1,35,0.180314,0.848058
trial_1,36,0.021808,0.705954
trial_1,37,0.221053,0.716345
trial_1,38,0.079999,0.417795
trial_1,39,0.186708,0.749248
trial_1,40,0.086590,0.561101
trial_1,41,0.040575,0.213346
trial_1,42,0.109969,0.343498
trial_1,43,0.081041,0.400012
trial_1,44,0.262943,0.578398
trial_1,45,0.002146,0.560336
trial_1,46,0.077321,0.448793
trial_1,47,0.272591,0.557803
trial_1,48,0.175173,0.452090
trial_1,49,0.103694,0.611797
trial_1,50,0.121909,0.398058
trial_1,51,0.264495,0.388945
trial_1,52,0.178701,0.455455
trial_1,53,0.157791,0.981533
trial_1,54,0.100123,0.503396
trial_1,55,0.129820,0.452325
trial_1,56,0.097999,0.287815
trial_1,57,0.152662,0.279200
trial_1,58,0.019530,0.689946
trial_1,59,0.042530,0.269591
trial_1,60,0.343742,2.416398
trial_1,61,0.190146,0.374669
trial_1,62,0.106760,0.307155
trial_1,63,0.120141,0.336809
trial_1,64,0.110477,0.410148
trial_1,65,0.225949,0.727449
trial_1,66,0.027242,0.334030
trial_1,67,0.147923,0.328462
trial_1,68,0.572984,1.855566
trial_1,69,0.033803,0.336236
trial_1,70,0.094493,0.244304
trial_1,71,0.245338,0.998912
trial_1,72,0.167680,0.360236
trial_1,73,0.169619,0.299737
trial_1,74,0.066693,0.315990
trial_1,75,0.072956,0.225622
trial_1,76,0.303587,0.753510
trial_1,77,0.031560,0.260545
trial_1,78,0.022330,0.253258
trial_1,79,0.038137,0.306795
trial_1,80,0.086306,0.324961
trial_1,81,0.068635,1.295900
trial_1,82,0.291864,0.880250
trial_1,83,0.147252,0.699608
trial_1,84,0.304009,3.243789
trial_1,85,0.309442,0.874923
trial_1,86,0.032096,0.617033
trial_1,87,0.169994,0.404065
trial_1,88,0.161468,0.373103
trial_1,89,0.038812,0.413391
trial_1,90,0.119478,0.505690
trial_1,91,0.051601,0.637112
trial_1,92,0.260295,0.537900
trial_1,93,0.079184,1.068152
trial_1,94,0.113209,0.498393
trial_1,95,0.037414,0.290616
trial_1,96,0.061089,0.581764
trial_1,97,0.274575,0.646015
trial_1,98,0.019827,0.697383
trial_1,99,0.020391,0.660151
trial_1,100,0.101374,0.343023
trial_1,101,0.037061,0.411937
trial_1,102,0.167141,0.405804
trial_1,103,0.153320,0.574650
trial_1,104,0.144350,0.480294
trial_1,105,0.090343,0.587824
trial_1,106,0.011293,0.366460
trial_1,107,0.190736,0.376818
trial_1,108,0.064299,2.075161
trial_1,109,0.129232,0.863928
trial_1,110,0.066248,0.676741
trial_1,111,0.331717,0.565533
trial_1,112,0.235110,0.639001
trial_1,113,0.059377,0.605216
trial_1,114,0.175667,0.379946
trial_1,115,0.117182,0.780732
trial_1,116,0.391853,0.559688
trial_1,117,0.089657,0.391435
trial_1,118,0.031141,0.498797
trial_1,119,0.222075,1.717558
trial_1,120,0.254083,0.578582
trial_1,121,0.442019,1.012195
trial_1,122,0.189898,0.355743
trial_1,123,0.026404,0.411284
trial_1,124,0.009375,0.700294
trial_1,125,0.077504,0.772713
trial_1,126,0.116821,1.030885
trial_1,127,0.250166,0.561887
trial_1,128,0.076979,0.299681
trial_1,129,0.037557,0.682114
trial_1,130,0.038597,1.651764
trial_1,131,0.293792,0.572914
trial_1,132,0.119990,0.601185
trial_1,133,0.610088,2.174654
trial_1,134,0.082461,0.616434
trial_1,135,0.036736,0.478930
trial_1,136,0.035807,0.425743
trial_1,137,0.325686,0.779775
trial_1,138,0.088934,0.395145
trial_1,139,0.048854,0.267699
trial_1,140,0.037348,0.275878
trial_1,141,0.053695,0.447756
trial_1,142,0.143348,0.576423
trial_1,143,0.041165,1.267702
trial_1,144,0.182531,0.688076
trial_1,145,0.021760,0.575832
trial_1,146,0.337658,1.301912
trial_1,147,0.152389,1.116887
trial_1,148,0.157940,0.585279
trial_1,149,0.037410,1.215890
trial_1,150,0.110493,0.381817
trial_1,151,0.208108,0.526218
trial_1,152,0.250421,0.528429
trial_1,153,0.236858,0.508171
trial_1,154,0.079285,0.358973
trial_1,155,0.081366,0.416766
trial_1,156,0.266839,0.507015
trial_1,157,0.096657,0.720267
trial_1,158,0.098157,0.562353
trial_1,159,0.032125,0.280108
trial_1,160,0.249784,0.630380
trial_1,161,0.203240,0.437929
trial_1,162,0.212034,0.322462
trial_1,163,0.040808,0.409419
trial_1,164,0.045107,0.259840
trial_1,165,0.043156,0.361198
trial_1,166,0.128433,0.637167
trial_1,167,0.243647,0.451467
trial_1,168,0.071768,0.300845
trial_1,169,0.083692,0.289647
trial_1,170,0.021677,0.419709
trial_1,171,0.097996,0.474915
trial_1,172,0.432026,0.737690
trial_1,173,0.119478,0.532062
trial_1,174,0.442854,0.591785
trial_1,175,0.045932,0.247233
trial_1,176,0.079282,0.520400
trial_1,177,0.036528,0.463039
trial_1,178,0.281893,0.447428
trial_1,179,0.012582,0.312623
trial_1,180,0.268562,0.758041
trial_1,181,0.158612,1.171126
trial_1,182,0.254267,0.528154
trial_1,183,0.002689,0.243277
trial_1,184,0.097168,0.735284
trial_1,185,0.147161,0.377623
trial_1,186,0.165756,0.533613
trial_1,187,0.077007,0.392652
trial_1,188,0.263880,0.436322
trial_1,189,0.068961,0.314715
trial_1,190,0.071604,0.330338
trial_1,191,0.015185,0.333414
trial_1,192,0.130224,0.481487
trial_1,193,0.220953,0.384345
trial_1,194,0.045441,0.366506
trial_1,195,0.018907,0.322488
trial_1,196,0.002561,0.493923
trial_1,197,0.166237,0.385342
trial_1,198,0.281535,0.435152
trial_1,199,0.118457,0.509822
trial_1,200,0.280853,0.445651
trial_1,201,0.048059,0.363033
trial_1,202,0.095775,0.197742
trial_1,203,0.041980,0.242396
trial_1,204,0.081558,0.347847
trial_1,205,0.046438,0.439059
trial_1,206,0.227412,0.427589
trial_1,207,0.186367,0.340271
trial_1,208,0.215446,0.467090
trial_1,209,0.241323,1.999744
trial_1,210,0.017539,1.561167
trial_1,211,0.087541,0.672503
trial_1,212,0.147656,0.362245
trial_1,213,0.411703,0.632110
trial_1,214,0.135305,0.355299
trial_1,215,0.077657,0.236345
trial_1,216,0.107636,0.344374
trial_1,217,0.049694,0.343313
trial_1,218,0.065703,1.451425
trial_1,219,0.189761,4.945006
trial_1,220,0.042977,1.588978
trial_1,221,0.217579,0.409105
trial_1,222,0.360328,0.507218
trial_1,223,0.085814,0.382474
trial_1,224,0.493126,0.665846
trial_1,225,0.301517,0.653988
trial_1,226,0.141473,0.502784
trial_1,227,0.180096,0.394800
trial_1,228,0.320853,0.469642
trial_1,229,0.077836,0.798807
trial_1,230,0.029674,0.451807
trial_1,231,0.122035,0.619277
trial_1,232,0.173844,0.422539
trial_1,233,0.023849,0.479870
trial_1,234,0.104741,0.246816
trial_1,235,0.009010,0.547479
trial_1,236,0.143248,0.276906
trial_1,237,0.119258,0.382866
trial_1,238,0.298431,0.493784
trial_1,239,0.006068,0.357748
trial_1,240,0.023106,0.460259
trial_1,241,0.048412,0.386473
trial_1,242,0.019338,0.337353
trial_1,243,0.015494,0.438204
trial_1,244,0.049746,0.692849
trial_1,245,0.034152,2.344962
trial_1,246,0.227196,0.687625
trial_1,247,0.284402,0.489835
trial_1,248,0.010315,0.305938
trial_1,249,0.129057,0.454554
trial_1,250,0.015733,0.589756
trial_1,251,0.026742,0.315327
trial_1,252,0.111235,0.455334
trial_1,253,0.073765,0.292743
trial_1,254,0.169570,1.280431
trial_1,255,0.578384,4.256285
trial_1,256,0.156692,0.609358
trial_1,257,0.005487,0.983741
trial_1,258,0.022779,0.500427
trial_1,259,0.011915,0.559136
trial_1,260,0.018045,0.179814
trial_1,261,0.270541,0.526271
trial_1,262,0.158832,0.564902
trial_1,263,0.102950,0.464018
trial_1,264,0.085371,0.419294
trial_1,265,0.151043,0.453386
trial_1,266,0.152992,0.432797
trial_1,267,0.021479,1.277709
trial_1,268,0.106967,0.369978
trial_1,269,0.028629,0.388738
trial_1,270,0.086491,0.329022
trial_1,271,0.222400,0.499182
trial_1,272,0.003281,0.444752
trial_1,273,0.074130,0.398795
trial_1,274,0.166012,0.339245
trial_1,275,0.123819,0.404234
trial_1,276,0.000164,1.258792
trial_1,277,0.086262,0.516391
trial_1,278,0.036112,0.437142
trial_1,279,0.054797,0.323851
trial_1,280,0.020827,0.599999
trial_1,281,0.078742,0.570445
trial_1,282,0.212620,1.425370
trial_1,283,0.205464,0.620354
trial_1,284,0.094270,0.467421
trial_1,285,0.161899,0.367507
trial_1,286,0.021128,0.510917
trial_1,287,0.201498,0.462796
trial_1,288,0.072850,0.918390
trial_1,289,0.040216,0.299356
trial_1,290,0.009602,0.462244
trial_1,291,0.064311,0.598867
trial_1,292,0.042015,0.532316
trial_1,293,0.075894,0.708119
trial_1,294,0.057100,0.215198
trial_1,295,0.076909,0.373124
trial_1,296,0.075057,0.638062
trial_1,297,0.141063,0.408583
trial_1,298,0.137253,0.572226
trial_1,299,0.232665,0.298921
trial_1,300,0.210446,0.421566
trial_1,301,0.042352,0.322084
trial_1,302,0.229455,0.596577
trial_1,303,0.224167,0.520954
trial_1,304,0.132196,0.250037
trial_1,305,0.080987,0.454787
trial_1,306,0.097808,0.347324
trial_1,307,0.174982,0.414443
trial_1,308,0.009235,0.619461
trial_1,309,0.217838,0.573583
trial_1,310,0.138218,0.705197
trial_1,311,0.005712,0.563520
trial_1,312,0.187957,0.990723
trial_1,313,0.083077,0.503260
trial_1,314,0.262245,0.566517
trial_1,315,0.263303,0.534704
trial_1,316,0.012334,0.425430
trial_1,317,0.246358,0.802616
trial_1,318,0.143178,0.651117
trial_1,319,0.094220,0.540986
trial_1,320,0.148952,1.075053
trial_1,321,0.162822,0.962165
trial_1,322,0.116467,0.426083
trial_1,323,0.012821,0.648898
trial_1,324,0.377901,0.694351
trial_1,325,0.132669,0.447727
trial_1,326,0.219101,0.404287
trial_1,327,0.206027,0.572418
trial_1,328,0.483509,0.622868
trial_1,329,0.329602,2.845933
trial_1,330,0.018315,0.978317
trial_1,331,0.140858,0.519376
trial_1,332,0.352242,0.606175
trial_1,333,0.016405,0.700009
trial_1,334,0.212535,0.476890
trial_1,335,0.010502,0.397763
trial_1,336,0.129293,0.392849
trial_1,337,0.104894,0.564724
trial_1,338,0.112903,1.521428
trial_1,339,0.075216,0.671958
trial_1,340,0.070822,0.509198
trial_1,341,0.255106,3.414307
trial_1,342,0.116271,0.554585
trial_1,343,0.013647,0.384191
trial_1,344,0.181709,1.128736
trial_1,345,1.338259,7.308305
trial_1,346,0.357509,1.743750
trial_1,347,0.236665,0.737749
trial_1,348,0.366471,0.939993
trial_1,349,0.002485,0.763037
trial_1,350,0.164223,0.482312
trial_1,351,0.464245,1.291527
trial_1,352,0.001865,0.810277
trial_1,353,0.184328,0.377037
trial_1,354,0.345011,0.571897
trial_1,355,0.101646,0.428504
trial_1,356,0.007718,0.284729
trial_1,357,0.154332,0.715734
trial_1,358,0.182860,0.569410
trial_1,359,0.094103,0.297793
trial_1,360,0.092086,0.562944
trial_1,361,0.047913,0.968366
trial_1,362,0.134953,1.703048
trial_1,363,0.034024,0.605096
trial_1,364,0.202306,0.414444
trial_1,365,0.132326,0.433955
trial_1,366,0.023796,0.504175
trial_1,367,0.056011,0.309096
trial_1,368,0.167553,0.355071
trial_1,369,0.082263,0.280234
trial_1,370,0.067378,0.527367
trial_1,371,0.030921,0.485476
trial_1,372,0.179901,0.595948
trial_1,373,0.134741,0.422659
trial_1,374,0.234171,1.266222
trial_1,375,0.101982,0.348043
trial_1,376,0.228975,0.455379
trial_1,377,0.020004,0.619500
trial_1,378,0.059592,0.300339
trial_1,379,0.085987,0.351413
trial_1,380,0.120501,0.555109
trial_1,381,0.009655,0.382479
trial_1,382,0.211568,0.417594
trial_1,383,0.651201,2.091136
trial_1,384,0.265556,0.418012
trial_1,385,0.398330,0.947997
trial_1,386,0.064014,1.851025
trial_1,387,0.183753,1.893531
trial_1,388,0.085861,0.779085
trial_1,389,0.123604,0.416868
trial_1,390,0.067270,0.421734
trial_1,391,0.277395,0.488011
trial_1,392,0.163415,0.473376
trial_1,393,0.199735,0.516872
trial_1,394,0.114703,0.432848
trial_1,395,0.203296,0.538983
trial_1,396,0.054889,0.200385
trial_1,397,0.041182,0.411295
trial_1,398,0.057193,0.305916
trial_1,399,0.084578,0.507368
trial_1,400,0.086300,0.549044
trial_1,401,0.264072,0.497800
trial_1,402,0.245048,0.843849
trial_1,403,0.049262,0.471980
trial_1,404,0.219579,0.391643
trial_1,405,0.004057,0.345695
trial_1,406,0.309115,0.561079
trial_1,407,0.177917,0.362411
trial_1,408,0.064706,0.363982
trial_1,409,0.002155,0.443491
trial_1,410,0.147410,0.512323
trial_1,411,0.085317,0.684035
trial_1,412,0.085660,0.314820
trial_1,413,0.063415,0.600122
trial_1,414,0.181582,0.444026
trial_1,415,0.016995,0.375057
trial_1,416,0.372844,5.141875
trial_1,417,0.048503,0.508234
trial_1,418,0.277695,0.586893
trial_1,419,0.032304,0.785138
trial_1,420,0.098037,0.487922
trial_1,421,0.021115,0.262119
trial_1,422,0.253936,0.780400
trial_1,423,0.011969,0.259813
trial_1,424,0.029647,0.407682
trial_1,425,0.012818,0.332052
trial_1,426,0.096490,0.221106
trial_1,427,0.023759,0.326684
trial_1,428,0.236470,0.604526
trial_1,429,0.146701,0.546668
trial_1,430,0.204353,0.384306
trial_1,431,0.011906,0.518855
trial_1,432,0.129711,0.567181
trial_1,433,0.193237,0.467887
trial_1,434,0.229638,0.582446
trial_1,435,0.793271,3.124362
trial_1,436,0.012879,0.371356
trial_1,437,0.365618,0.970129
trial_1,438,0.441987,0.760575
trial_1,439,0.022895,0.696539
trial_1,440,0.087139,0.679855
trial_1,441,0.362252,1.293860
trial_1,442,0.007923,0.498668
trial_1,443,0.086505,0.412786
trial_1,444,0.099095,0.525199
trial_1,445,0.088673,0.402979
trial_1,446,0.010872,0.392651
trial_1,447,0.046453,0.495590
trial_1,448,0.042913,0.491571
trial_1,449,0.197029,0.606041
trial_1,450,0.076762,0.433126
trial_1,451,0.190703,0.458541
trial_1,452,0.093986,0.455834
trial_1,453,0.002105,0.444018
trial_1,454,0.060119,0.325709
trial_1,455,0.010826,0.469145
trial_1,456,0.159006,0.527243
trial_1,457,0.103585,0.270541
trial_1,458,0.005939,0.404552
trial_1,459,0.280359,0.902513
trial_1,460,0.115047,0.345648
trial_1,461,0.029620,0.338339
trial_1,462,0.149698,0.408285
trial_1,463,0.011334,0.456600
trial_1,464,0.007866,0.311313
trial_1,465,0.118253,0.415955
trial_1,466,0.064235,0.388863
trial_1,467,0.030496,0.372393
trial_1,468,0.228765,0.407906
trial_1,469,0.023535,1.582867
trial_1,470,0.177890,0.726881
trial_1,471,0.210545,0.470210
trial_1,472,0.282647,0.492601
trial_1,473,0.049232,0.832225
trial_1,474,0.429587,1.488092
trial_1,475,0.411069,1.708271
trial_1,476,0.015676,1.687802
trial_1,477,0.229844,0.656951
trial_1,478,0.254747,0.528460
trial_1,479,0.054479,0.452792
trial_1,480,0.046545,0.483305
trial_1,481,0.074880,0.964052
trial_1,482,0.637672,3.992251
trial_1,483,0.116827,0.902066
trial_1,484,0.224272,0.945297
trial_1,485,0.045228,0.220991
trial_1,486,0.170686,0.461300
trial_1,487,0.413440,0.610967
trial_1,488,0.011957,0.375363
trial_1,489,0.040343,0.431416
trial_1,490,0.185660,0.509505
trial_1,491,0.069707,0.339885
trial_1,492,0.049143,0.442038
trial_1,493,0.058444,0.479420
trial_1,494,0.046036,0.317949
trial_1,495,0.013422,0.394565
trial_1,496,0.101119,0.303664
trial_1,497,0.158343,0.492064
trial_1,498,0.069540,0.286699
trial_1,499,0.030730,0.547288
trial_1,500,0.324407,0.820913
trial_1,501,0.078733,0.430987
trial_1,502,0.189805,0.412490
trial_1,503,0.079046,0.248736
trial_1,504,0.073960,0.403074
trial_1,505,0.220195,0.739330
trial_1,506,0.213024,0.428682
trial_1,507,0.017708,0.927150
trial_1,508,0.184084,0.495138
trial_1,509,0.005589,0.717047
trial_1,510,0.017401,0.428458
trial_1,511,0.104814,0.351754
trial_1,512,0.423150,3.078790
trial_1,513,0.100731,0.538465
trial_1,514,0.099800,0.589815
trial_1,515,0.330625,3.395320
trial_1,516,0.006463,1.958713
trial_1,517,0.088584,1.305268
trial_1,518,0.132342,0.645284
trial_1,519,0.066728,0.629271
trial_1,520,0.067442,0.377008
trial_1,521,0.026912,0.332438
trial_1,522,0.044744,0.272393
trial_1,523,0.086933,0.872403
trial_1,524,0.192951,0.525114
trial_1,525,0.004790,0.804781
trial_1,526,0.033129,0.464382
trial_1,527,0.074363,0.418649
trial_1,528,0.311400,0.549560
trial_1,529,0.069278,0.408615
trial_1,530,0.008599,0.396263
trial_1,531,0.156190,0.545031
trial_1,532,0.284157,0.499510
trial_1,533,0.079390,0.287105
trial_1,534,0.040246,0.408187
trial_1,535,0.110356,0.592088
trial_1,536,0.255448,0.875205
trial_1,537,0.071852,0.751952
trial_1,538,0.113160,0.528501
trial_1,539,0.087001,0.474742
trial_1,540,0.051427,0.594184
trial_1,541,0.231472,0.523735
trial_1,542,0.172360,0.717190
trial_1,543,0.204630,0.463607
trial_1,544,0.004373,0.248747
trial_1,545,0.015872,0.413729
trial_1,546,0.019930,0.746394
trial_1,547,0.100605,0.512767
trial_1,548,0.043864,0.311506
trial_1,549,0.047004,0.458688
trial_1,550,0.127683,0.492219
trial_1,551,0.023439,0.464635
trial_1,552,0.013768,0.576736
trial_1,553,0.062720,0.447492
trial_1,554,0.387032,1.114603
trial_1,555,0.002782,0.400098
trial_1,556,0.321215,0.514207
trial_1,557,0.054001,0.573121
trial_1,558,0.194874,0.396613
trial_1,559,0.124095,0.315403
trial_1,560,0.318324,0.516831
trial_1,561,0.065390,0.499709
trial_1,562,0.211608,0.445616
trial_1,563,0.275122,0.497928
trial_1,564,0.134146,0.385998
trial_1,565,0.080943,0.586829
trial_1,566,0.096780,0.413616
trial_1,567,0.085190,0.536136
trial_1,568,0.133219,0.404301
trial_1,569,0.095302,0.536019
trial_1,570,0.072566,0.459481
trial_1,571,0.159431,0.545762
trial_1,572,0.084128,0.313146
trial_1,573,0.201556,0.347332
trial_1,574,0.015756,0.215647
trial_1,575,0.293230,1.540184
trial_1,576,0.042538,1.137738
trial_1,577,0.069847,0.508369
trial_1,578,0.219716,0.703385
trial_1,579,0.258409,0.496672
trial_1,580,0.192304,0.383143
trial_1,581,0.245492,0.508989
trial_1,582,0.051854,0.311404
trial_1,583,0.058950,0.661031
trial_1,584,0.059621,0.375487
trial_1,585,0.204964,0.492419
trial_1,586,0.110428,0.515191
trial_1,587,0.041579,0.311934
trial_1,588,0.025107,0.320606
trial_1,589,1.914222,18.094103
trial_1,590,0.045665,1.100224
trial_1,591,0.158044,0.525435
trial_1,592,0.055013,0.508126
trial_1,593,0.048257,0.486063
trial_1,594,0.030870,0.343075
trial_1,595,0.224243,0.815200
trial_1,596,0.082300,0.417698
trial_1,597,0.118653,0.450917
trial_1,598,0.045849,0.495225
trial_1,599,0.120195,0.497234
trial_1,600,0.011074,0.272906
trial_1,601,0.031370,0.785383
trial_1,602,0.181224,0.604314
trial_1,603,0.043901,0.425754
trial_1,604,0.014016,0.388342
trial_1,605,0.048250,0.405113
trial_1,606,0.101330,0.599835
trial_1,607,0.215676,0.518354
trial_1,608,0.105450,0.430537
trial_1,609,0.218006,0.634453
trial_1,610,0.427580,1.017884
trial_1,611,0.145616,0.430196
trial_1,612,0.028829,0.296157
trial_1,613,0.414101,0.706040
trial_1,614,0.002297,0.641464
trial_1,615,0.042558,0.274204
trial_1,616,0.038388,0.450953
trial_1,617,0.024175,0.483070
trial_1,618,0.261738,0.322969
trial_1,619,1.894447,7.912588
trial_1,620,0.025584,0.628492
trial_1,621,0.038966,0.346005
trial_1,622,0.332743,3.080893
trial_1,623,0.024675,0.290629
trial_1,624,0.029254,0.596034
trial_1,625,0.404818,0.750390
trial_1,626,0.145086,0.509045
trial_1,627,0.032300,1.118070
trial_1,628,0.190461,0.717658
trial_1,629,0.053865,0.398853
trial_1,630,0.139977,0.644369
trial_1,631,0.238526,0.755181
trial_1,632,0.198503,0.537127
trial_1,633,0.179610,0.545653
trial_1,634,0.180132,0.800870
trial_1,635,0.128043,0.562700
trial_1,636,0.100318,0.425021
trial_1,637,0.155875,0.821106
trial_1,638,0.143113,0.748260
trial_1,639,0.182763,0.477172
trial_1,640,0.077134,0.394889
trial_1,641,0.256666,0.632468
trial_1,642,0.271356,0.516782
trial_1,643,0.056702,0.617374
trial_1,644,0.118581,0.814229
trial_1,645,0.037068,0.451022
trial_1,646,0.278940,1.031274
trial_1,647,0.415613,1.669655
trial_1,648,0.119087,2.336092
trial_1,649,0.118518,1.077980
trial_1,650,0.602305,16.147861
trial_1,651,0.134394,0.908326
trial_1,652,0.664687,1.688078
trial_1,653,0.119158,0.687834
trial_1,654,0.158541,0.487976
trial_1,655,0.112394,0.329692
trial_1,656,0.156681,0.880518
trial_1,657,0.072717,0.864782
trial_1,658,0.436806,0.780580
trial_1,659,0.275411,0.647462
trial_1,660,0.003801,0.576424
trial_1,661,0.034594,0.957659
trial_1,662,0.149571,1.178040
trial_1,663,0.126566,0.608203
trial_1,664,0.319878,0.461802
trial_1,665,0.029767,0.851143
trial_1,666,0.414401,1.130278
trial_1,667,0.085122,0.568806
trial_1,668,0.176476,0.415701
trial_1,669,0.209017,0.354619
trial_1,670,0.096024,0.415577
trial_1,671,0.023561,0.349691
trial_1,672,0.382742,0.673282
trial_1,673,0.881279,5.266477
trial_1,674,0.102831,0.665069
trial_1,675,0.200516,0.474338
trial_1,676,0.123232,1.297378
trial_1,677,0.173341,0.662940
trial_1,678,0.032161,0.567833
trial_1,679,0.149446,1.224566
trial_1,680,0.116443,0.386051
trial_1,681,0.136989,0.339444
trial_1,682,0.001859,1.042517
trial_1,683,0.195845,0.722488
trial_1,684,0.203254,1.997248
trial_1,685,0.007172,1.162005
trial_1,686,0.129947,0.434773
trial_1,687,0.130086,0.619639
trial_1,688,0.312717,0.531633
trial_1,689,0.256926,0.548447
trial_1,690,0.150288,0.754882
trial_1,691,0.073866,0.330176
trial_1,692,0.068152,0.289431
trial_1,693,0.160368,0.585050
trial_1,694,0.409782,0.619598
trial_1,695,0.049188,0.335245
trial_1,696,0.141503,1.010995
trial_1,697,0.000205,1.437217
trial_1,698,0.150313,0.394446
trial_1,699,0.106593,0.332228
trial_1,700,0.056412,0.410094
trial_1,701,0.005531,0.430906
trial_1,702,0.091972,0.587678
trial_1,703,0.171459,0.796085
trial_1,704,0.073234,0.409487
trial_1,705,0.043791,0.314355
trial_1,706,0.023198,0.376476
trial_1,707,0.036810,0.421868
trial_1,708,0.132779,0.357714
trial_1,709,0.292219,1.073274
trial_1,710,0.077227,0.646216
trial_1,711,0.100451,0.630829
trial_1,712,0.278275,0.492858
trial_1,713,0.097337,1.663257
trial_1,714,0.007349,0.332099
trial_1,715,0.009928,0.361998
trial_1,716,0.102687,0.668186
trial_1,717,0.048852,0.624040
trial_1,718,0.016803,0.511699
trial_1,719,0.109611,0.388322
trial_1,720,0.105354,0.833601
trial_1,721,0.170925,0.562865
trial_1,722,0.131948,0.434409
trial_1,723,0.043758,0.280663
trial_1,724,0.110093,2.626810
trial_1,725,0.297500,0.747561
trial_1,726,0.090931,0.644518
trial_1,727,0.092976,1.048751
trial_1,728,0.234286,0.603931
trial_1,729,0.415642,0.577788
trial_1,730,0.077669,0.305649
trial_1,731,0.074767,0.435446
trial_1,732,0.055794,0.533458
trial_1,733,0.077466,0.466892
trial_1,734,0.069455,0.342870
trial_1,735,0.248964,0.655950
trial_1,736,0.262464,0.504927
trial_1,737,0.040946,0.446839
trial_1,738,0.037965,0.880612
trial_1,739,0.100119,0.395331
trial_1,740,0.107066,0.369544
trial_1,741,0.112189,0.421086
trial_1,742,0.153700,0.515807
trial_1,743,0.268264,1.780675
trial_1,744,0.038731,0.477881
trial_1,745,0.207239,0.436714
trial_1,746,0.026977,0.394331
trial_1,747,0.019238,0.319719
trial_1,748,0.147433,0.493962
trial_1,749,0.102430,0.402472
trial_1,750,0.117699,0.448676
trial_1,751,0.328843,0.840127
trial_1,752,0.601363,0.846376
trial_1,753,0.378237,0.731241
trial_1,754,0.005799,0.335306
trial_1,755,0.075491,0.333940
trial_1,756,0.176185,0.401962
trial_1,757,0.022465,0.358260
trial_1,758,0.229684,0.525505
trial_1,759,0.186851,0.713878
trial_1,760,0.019797,0.489667
trial_1,761,0.219122,0.711099
trial_1,762,0.019701,0.678177
trial_1,763,0.006838,0.371964
trial_1,764,0.162415,0.650733
trial_1,765,0.070646,0.619725
trial_1,766,0.237144,0.860887
trial_1,767,0.450621,0.697114
trial_1,768,0.176467,0.342436
trial_1,769,0.164120,0.430317
trial_1,770,0.470183,3.186870
trial_1,771,0.208760,0.797536
trial_1,772,2.441011,9.153411
trial_1,773,0.262587,0.615352
trial_1,774,0.255172,0.762091
trial_1,775,0.271670,0.564004
trial_1,776,0.411207,0.931461
trial_1,777,0.106179,0.534580
trial_1,778,0.085772,0.480224
trial_1,779,0.074050,0.450671
trial_1,780,0.206281,0.341258
trial_1,781,0.027882,0.490306
trial_1,782,0.101365,0.796670
trial_1,783,0.002619,0.515064
trial_1,784,0.276793,0.514439
trial_1,785,0.012459,0.403028
trial_1,786,0.027154,1.027656
trial_1,787,0.321557,0.533096
trial_1,788,0.120783,1.017980
trial_1,789,0.092669,0.474207
trial_1,790,0.131033,0.487634
trial_1,791,0.250141,0.664615
trial_1,792,0.043798,0.298502
trial_1,793,0.047808,0.596302
trial_1,794,0.062288,1.028392
trial_1,795,0.118268,1.008442
trial_1,796,0.046527,0.396951
trial_1,797,0.178157,0.392079
trial_1,798,0.030134,0.422266
trial_1,799,0.065783,0.610020
trial_1,800,0.158736,0.488710
trial_1,801,0.074457,0.685898
trial_1,802,0.074474,0.500981
trial_1,803,0.111413,0.354887
trial_1,804,0.122331,0.501868
trial_1,805,0.174751,1.010814
trial_1,806,0.366070,1.357010
trial_1,807,0.163145,0.395765
trial_1,808,0.129715,0.248656
trial_1,809,0.046739,0.302352
trial_1,810,0.026583,0.404008
trial_1,811,0.193318,0.425276
trial_1,812,0.067039,0.860924
trial_1,813,0.066837,0.889201
trial_1,814,0.173914,1.234088
trial_1,815,0.042617,0.675304
trial_1,816,0.213269,0.518778
trial_1,817,0.142675,0.511325
trial_1,818,0.277240,0.923735
trial_1,819,0.030033,0.856965
trial_1,820,0.276746,2.706546
trial_1,821,0.060481,0.582115
trial_1,822,0.135960,0.663981
trial_1,823,0.095671,0.690779
trial_1,824,0.220301,0.338406
trial_1,825,0.163885,0.404920
trial_1,826,0.263627,3.429330
trial_1,827,0.153979,0.736234
trial_1,828,0.187586,0.586242
trial_1,829,0.073968,0.509096
trial_1,830,0.141017,0.385035
trial_1,831,0.057282,0.873439
trial_1,832,0.117647,0.750223
trial_1,833,0.108431,0.557594
trial_1,834,0.121571,0.598765
trial_1,835,0.145534,0.587909
trial_1,836,0.008635,0.241915
trial_1,837,0.340517,0.824468
trial_1,838,0.000122,0.468751
trial_1,839,0.166981,0.514429
trial_1,840,0.100708,0.667966
trial_1,841,0.221787,0.988885
trial_1,842,0.252187,0.525217
trial_1,843,0.168380,0.796358
trial_1,844,0.057379,0.280699
trial_1,845,0.137033,0.307747
trial_1,846,0.052097,0.475665
trial_1,847,0.000637,0.449078
trial_1,848,0.164831,0.911110
trial_1,849,0.166155,0.292589
trial_1,850,0.166821,0.493748
trial_1,851,0.002387,0.329641
trial_1,852,0.288321,0.680758
trial_1,853,0.171456,0.434126
trial_1,854,0.433146,0.554549
trial_1,855,0.018225,0.559186
trial_1,856,0.097919,0.514854
trial_1,857,0.110771,0.648397
trial_1,858,0.005477,0.585489
trial_1,859,0.000798,0.441957
trial_1,860,0.109296,0.476304
trial_1,861,0.169524,0.383657
trial_1,862,0.114502,0.312483
trial_1,863,0.136653,0.629023
trial_1,864,0.049666,0.424490
trial_1,865,0.104449,0.378784
trial_1,866,0.183678,0.759975
trial_1,867,0.066475,0.453266
trial_1,868,0.154057,0.505255
trial_1,869,0.285583,0.815459
trial_1,870,0.037115,0.999315
trial_1,871,0.022648,0.575538
trial_1,872,0.105743,0.960837
trial_1,873,0.146971,0.381837
trial_1,874,0.149397,0.255447
trial_1,875,0.052467,0.410761
trial_1,876,0.287341,0.464528
trial_1,877,0.239174,0.500294
trial_1,878,0.135143,0.418271
trial_1,879,0.120636,0.442642
trial_1,880,0.382988,0.810251
trial_1,881,0.238367,0.425379
trial_1,882,0.118029,0.610635
trial_1,883,0.035104,0.420932
trial_1,884,0.229909,0.804124
trial_1,885,0.208600,0.520636
trial_1,886,0.092787,0.256703
trial_1,887,0.501907,3.565683
trial_1,888,0.133366,0.556356
trial_1,889,0.231930,0.430048
trial_1,890,0.228141,0.532647
trial_1,891,0.171146,0.382311
trial_1,892,0.039098,0.644173
trial_1,893,0.103573,0.542398
trial_1,894,0.130709,0.515284
trial_1,895,0.323873,0.672622
trial_1,896,0.141157,0.741366
trial_1,897,0.084132,0.369336
trial_1,898,0.012853,0.401287
trial_1,899,0.021767,0.444047
trial_1,900,0.236286,0.589810
trial_1,901,0.094072,0.370188
trial_1,902,0.007514,0.634593
trial_1,903,0.189589,0.366611
trial_1,904,0.144506,0.443208
trial_1,905,0.060425,0.427742
trial_1,906,0.061814,0.397140
trial_1,907,0.336815,0.497630
trial_1,908,0.079266,0.256430
trial_1,909,0.124048,1.152461
trial_1,910,0.015964,0.487223
trial_1,911,0.130892,0.271973
trial_1,912,0.202799,0.500990
trial_1,913,0.002925,0.512010
trial_1,914,0.062749,0.446208
trial_1,915,0.248917,0.471985
trial_1,916,0.119496,0.379222
trial_1,917,0.084518,0.275552
trial_1,918,0.119939,0.394369
trial_1,919,0.244422,0.599860
trial_1,920,0.131668,0.625219
trial_1,921,0.069993,0.303855
trial_1,922,0.060572,0.542378
trial_1,923,0.030731,0.449808
trial_1,924,0.191063,1.817702
trial_1,925,0.114720,1.089159
trial_1,926,0.311203,0.484756
trial_1,927,0.031578,0.419974
trial_1,928,0.060423,0.523550
trial_1,929,0.084172,0.570160
trial_1,930,0.213393,0.723995
trial_1,931,0.117568,1.536199
trial_1,932,0.153582,0.823944
trial_1,933,0.101336,0.790180
trial_1,934,0.244995,0.602979
trial_1,935,0.119043,0.377850
trial_1,936,0.177515,0.781338
trial_1,937,0.125602,0.551442
trial_1,938,0.055135,0.272500
trial_1,939,0.147802,0.487666
trial_1,940,0.245743,0.398311
trial_1,941,0.121307,0.678946
trial_1,942,0.049947,0.308061
trial_1,943,0.081032,0.578384
trial_1,944,0.063504,0.441396
trial_1,945,0.052590,0.411981
trial_1,946,0.197280,0.535772
trial_1,947,0.024269,0.246628
trial_1,948,0.380892,0.784992
trial_1,949,0.000010,0.896745
trial_1,950,0.064328,0.563190
trial_1,951,0.193156,0.451569
trial_1,952,0.028616,0.391644
trial_1,953,0.131760,0.559455
trial_1,954,0.061771,0.464965
trial_1,955,0.062793,0.439666
trial_1,956,0.114955,0.380467
trial_1,957,0.413662,1.279041
trial_1,958,0.105731,0.657274
trial_1,959,0.053527,0.662040
trial_1,960,0.091076,0.563220
trial_1,961,0.155412,0.574605
trial_1,962,0.610264,10.827288
trial_1,963,0.075953,1.222283
trial_1,964,0.008016,0.228499
trial_1,965,0.102466,0.454350
trial_1,966,0.032602,0.403516
trial_1,967,0.092598,0.643476
trial_1,968,0.076223,0.300738
trial_1,969,0.181231,0.336886
trial_1,970,0.044815,0.377688
trial_1,971,0.032128,0.240577
trial_1,972,0.036408,0.825048
trial_1,973,0.031883,0.573756
trial_1,974,0.015693,0.689733
trial_1,975,0.190648,0.632833
trial_1,976,0.100114,0.642506
trial_1,977,0.206915,0.399555
trial_1,978,0.235750,0.558507
trial_1,979,0.164951,0.343036
trial_1,980,0.088865,0.327893
trial_1,981,0.162804,0.697012
trial_1,982,0.199918,0.520973
trial_1,983,0.034093,0.307094
trial_1,984,0.053927,0.498511
trial_1,985,0.050864,0.477212
trial_1,986,0.371409,0.573845
trial_1,987,0.024387,0.604979
trial_1,988,0.504822,2.222372
trial_1,989,0.011040,0.499619
trial_1,990,0.028592,0.442114
trial_1,991,0.063839,0.471647
trial_1,992,0.163264,0.597758
trial_1,993,0.182189,0.747507
trial_1,994,0.036186,0.459453
trial_1,995,0.121207,0.454878
trial_1,996,0.007151,0.311130
trial_1,997,0.476095,3.912869
trial_1,998,0.177244,0.494996
trial_1,999,0.156324,0.261118
trial_1,1000,0.105997,0.456097
trial_2,1,0.034925,0.359329
trial_2,2,0.225838,0.395297
trial_2,3,0.105526,0.368500
trial_2,4,0.156607,0.453530
trial_2,5,0.204682,0.521538
trial_2,6,0.022623,0.354135
trial_2,7,0.146950,0.376139
trial_2,8,0.118223,0.406833
trial_2,9,0.163659,0.899043
trial_2,10,0.040158,0.564578
trial_2,11,0.154836,0.484800
trial_2,12,0.367033,0.527420
trial_2,13,0.351385,1.414543
trial_2,14,0.049668,0.370173
trial_2,15,0.194924,0.347896
trial_2,16,0.113999,0.350092
trial_2,17,0.085987,0.563262
trial_2,18,0.017652,0.516984
trial_2,19,0.233412,0.560955
trial_2,20,0.023709,0.474252
trial_2,21,0.034546,0.690305
trial_2,22,0.125826,0.486446
trial_2,23,0.010365,0.430473
trial_2,24,0.129592,0.657181
trial_2,25,0.213004,0.425638
trial_2,26,0.219802,0.854531
trial_2,27,0.089460,0.327294
trial_2,28,0.152916,1.499543
trial_2,29,0.009938,0.639106
trial_2,30,0.220588,0.527246
trial_2,31,0.084535,0.364619
trial_2,32,0.003126,0.284951
trial_2,33,0.011105,0.503158
trial_2,34,0.367626,2.558953
trial_2,35,0.073285,0.654571
trial_2,36,0.038026,0.420048
trial_2,37,0.201398,0.592298
trial_2,38,0.094080,0.403142
trial_2,39,0.121558,0.656266
trial_2,40,0.071125,0.740946
trial_2,41,0.233553,0.410038
trial_2,42,0.011908,0.398754
trial_2,43,0.186887,0.344624
trial_2,44,0.289657,0.471950
trial_2,45,0.027027,0.494386
trial_2,46,0.025788,0.431101
trial_2,47,0.070090,0.325389
trial_2,48,0.195377,0.393865
trial_2,49,0.074094,0.483974
trial_2,50,0.359269,0.665586
trial_2,51,0.221652,0.360488
trial_2,52,0.082111,0.476401
trial_2,53,0.079043,0.616312
trial_2,54,0.010467,0.514267
trial_2,55,0.049767,0.376561
trial_2,56,0.166223,0.448536
trial_2,57,0.019870,0.366098
trial_2,58,0.240489,0.547655
trial_2,59,0.156060,0.393165
trial_2,60,0.087703,1.726025
trial_2,61,0.038066,0.298757
trial_2,62,0.017675,0.335499
trial_2,63,0.223808,0.396691
trial_2,64,0.143698,0.412798
trial_2,65,0.203832,0.637989
trial_2,66,0.029853,0.263341
trial_2,67,0.043687,0.300832
trial_2,68,0.796161,1.221051
trial_2,69,0.073506,0.407851
trial_2,70,0.071901,0.296901
trial_2,71,0.036708,0.584998
trial_2,72,0.192820,0.453165
trial_2,73,0.336583,0.405610
trial_2,74,0.012840,0.324070
trial_2,75,0.191121,0.416792
trial_2,76,0.162211,0.569265
trial_2,77,0.061342,0.322043
trial_2,78,0.093558,0.252079
trial_2,79,0.143720,0.313930
trial_2,80,0.166159,0.352961
trial_2,81,0.294023,1.067209
trial_2,82,0.238693,0.575936
trial_2,83,0.150638,0.439958
trial_2,84,0.315506,2.572728
trial_2,85,0.260343,0.989139
trial_2,86,0.318498,1.026935
trial_2,87,0.155004,0.518322
trial_2,88,0.001954,0.287895
trial_2,89,0.234193,0.521987
trial_2,90,0.019859,0.374630
trial_2,91,0.102074,0.630959
trial_2,92,0.174632,0.486912
trial_2,93,0.012827,0.830973
trial_2,94,0.166814,0.414303
trial_2,95,0.223016,0.453968
trial_2,96,0.126984,0.498347
trial_2,97,0.295236,0.553336
trial_2,98,0.112292,0.767804
trial_2,99,0.097605,0.563448
trial_2,100,0.037954,0.260205
trial_2,101,0.264866,0.427406
trial_2,102,0.251402,0.505995
trial_2,103,0.018239,0.435320
trial_2,104,0.088355,0.363949
trial_2,105,0.015916,0.457504
trial_2,106,0.072429,0.379082
trial_2,107,0.139769,0.336321
trial_2,108,0.365355,1.826772
trial_2,109,0.292789,0.575811
trial_2,110,0.082747,0.623938
trial_2,111,0.305652,0.492529
trial_2,112,0.277616,0.449968
trial_2,113,0.088628,0.675821
trial_2,114,0.221557,0.673637
trial_2,115,0.336548,1.131516
trial_2,116,0.476097,0.602744
trial_2,117,0.159684,0.529333
trial_2,118,0.110400,0.486043
trial_2,119,0.079365,1.260301
trial_2,120,0.091067,0.561169
trial_2,121,0.252422,0.706390
trial_2,122,0.151949,0.351797
trial_2,123,0.208644,0.438268
trial_2,124,0.064953,0.652373
trial_2,125,0.144729,0.678317
trial_2,126,0.142088,0.673790
trial_2,127,0.121894,0.667342
trial_2,128,0.167106,0.362784
trial_2,129,0.141613,0.528571
trial_2,130,0.548378,1.796857
trial_2,131,0.133302,0.511858
trial_2,132,0.023590,0.705616
trial_2,133,0.464760,1.428073
trial_2,134,0.221911,0.591682
trial_2,135,0.063921,0.334729
trial_2,136,0.074512,0.434515
trial_2,137,0.097535,0.713678
trial_2,138,0.095749,0.458809
trial_2,139,0.102040,0.377370
trial_2,140,0.027934,0.334233
trial_2,141,0.067841,0.456211
trial_2,142,0.102155,0.833055
trial_2,143,0.238372,1.712498
trial_2,144,0.016345,0.638358
trial_2,145,0.171229,0.379512
trial_2,146,0.275331,1.176204
trial_2,147,0.103497,0.852183
trial_2,148,0.058971,0.433662
trial_2,149,0.067643,1.297694
trial_2,150,0.147036,0.325709
trial_2,151,0.070698,0.494195
trial_2,152,0.278986,0.613893
trial_2,153,0.381553,0.745459
trial_2,154,0.021176,0.310186
trial_2,155,0.100558,0.480229
trial_2,156,0.325952,0.504918
trial_2,157,0.136713,0.802444
trial_2,158,0.087189,0.653382
trial_2,159,0.102037,0.407377
trial_2,160,0.135485,0.482879
trial_2,161,0.114380,0.527777
trial_2,162,0.212799,0.388193
trial_2,163,0.147256,0.552061
trial_2,164,0.156917,0.368489
trial_2,165,0.055035,0.483369
trial_2,166,0.051573,0.489760
trial_2,167,0.017871,0.285372
trial_2,168,0.125163,0.403118
trial_2,169,0.102006,0.310356
trial_2,170,0.025157,0.460363
trial_2,171,0.091414,0.364276
trial_2,172,0.021970,0.445428
trial_2,173,0.022091,0.343869
trial_2,174,0.031710,0.460174
trial_2,175,0.085717,0.410440
trial_2,176,0.148700,0.528507
trial_2,177,0.099711,0.817591
trial_2,178,0.234776,0.370190
trial_2,179,0.063197,0.350144
trial_2,180,0.009703,0.922768
trial_2,181,0.045895,0.934752
trial_2,182,0.275570,0.431893
trial_2,183,0.109766,0.361289
trial_2,184,0.047974,0.749455
trial_2,185,0.184469,0.409974
trial_2,186,0.073824,0.382761
trial_2,187,0.160329,0.638272
trial_2,188,0.499304,0.655264
trial_2,189,0.107696,0.469267
trial_2,190,0.158622,0.368281
trial_2,191,0.027875,0.358768
trial_2,192,0.107266,0.439272
trial_2,193,0.018334,0.407726
trial_2,194,0.181201,0.500413
trial_2,195,0.129650,0.378051
trial_2,196,0.047211,0.491357
trial_2,197,0.151941,0.428866
trial_2,198,0.276037,0.480712
trial_2,199,0.144688,0.505554
trial_2,200,0.378395,0.633788
trial_2,201,0.021469,0.554343
trial_2,202,0.140799,0.281898
trial_2,203,0.047543,0.235501
trial_2,204,0.310020,0.582263
trial_2,205,0.037310,0.402244
trial_2,206,0.182272,0.396155
trial_2,207,0.172486,0.417022
trial_2,208,0.069010,0.350807
trial_2,209,0.357297,2.104575
trial_2,210,0.055054,1.470249
trial_2,211,0.012440,0.471491
trial_2,212,0.253552,0.343430
trial_2,213,0.219724,0.573268
trial_2,214,0.103939,0.401661
trial_2,215,0.080889,0.284074
trial_2,216,0.047712,0.366383
trial_2,217,0.028189,0.467200
trial_2,218,0.104916,1.610781
trial_2,219,0.897498,9.331573
trial_2,220,0.624010,1.282922
trial_2,221,0.384176,0.532236
trial_2,222,0.174197,0.416743
trial_2,223,0.161717,0.495474
trial_2,224,0.122085,0.385877
trial_2,225,0.311430,0.701278
trial_2,226,0.270401,0.611785
trial_2,227,0.038748,0.418205
trial_2,228,0.203420,0.445328
trial_2,229,0.175894,0.945593
trial_2,230,0.091079,0.483848
trial_2,231,0.155638,0.897917
trial_2,232,0.124099,0.413848
trial_2,233,0.019791,0.566364
trial_2,234,0.022891,0.345976
trial_2,235,0.153262,0.523599
trial_2,236,0.019870,0.331101
trial_2,237,0.162311,0.630987
trial_2,238,0.136204,0.504235
trial_2,239,0.128556,0.403837
trial_2,240,0.096778,0.603475
trial_2,241,0.144923,0.448201
trial_2,242,0.291998,0.563266
trial_2,243,0.168833,0.850580
trial_2,244,0.004373,0.940982
trial_2,245,0.099704,2.546108
trial_2,246,0.044633,0.703448
trial_2,247,0.094480,0.463827
trial_2,248,0.127477,0.368161
trial_2,249,0.275466,0.647708
trial_2,250,0.060463,0.527822
trial_2,251,0.099043,0.398211
trial_2,252,0.049334,0.523763
trial_2,253,0.207808,0.442240
trial_2,254,0.139341,1.026898
trial_2,255,0.238910,2.686677
trial_2,256,0.222106,0.750339
trial_2,257,0.019611,0.844673
trial_2,258,0.228133,0.464302
trial_2,259,0.085171,0.313271
trial_2,260,0.122231,0.249731
trial_2,261,0.180095,0.514302
trial_2,262,0.088782,0.618440
trial_2,263,0.082561,0.448300
trial_2,264,0.027023,0.383198
trial_2,265,0.000464,0.400698
trial_2,266,0.176814,0.529222
trial_2,267,0.130414,1.238674
trial_2,268,0.004049,0.273870
trial_2,269,0.024833,0.436748
trial_2,270,0.220340,0.363771
trial_2,271,0.085616,0.388915
trial_2,272,0.064654,0.437739
trial_2,273,0.015192,0.449149
trial_2,274,0.162367,0.409009
trial_2,275,0.214863,0.507959
trial_2,276,0.191008,1.094314
trial_2,277,0.024195,0.533929
trial_2,278,0.018852,0.417214
trial_2,279,0.089954,0.425075
trial_2,280,0.074861,0.700732
trial_2,281,0.121040,0.587307
trial_2,282,0.441295,1.429311
trial_2,283,0.175494,0.579723
trial_2,284,0.255026,0.438548
trial_2,285,0.242058,0.730781
trial_2,286,0.018754,0.611052
trial_2,287,0.161853,0.477698
trial_2,288,0.157305,0.824412
trial_2,289,0.075446,0.481885
trial_2,290,0.028739,0.476096
trial_2,291,0.031766,0.587621
trial_2,292,0.055471,0.590595
trial_2,293,0.051957,0.770815
trial_2,294,0.067765,0.301274
trial_2,295,0.054100,0.462833
trial_2,296,0.134397,1.209566
trial_2,297,0.190417,0.374762
trial_2,298,0.105712,0.475294
trial_2,299,0.178400,0.367959
trial_2,300,0.281405,0.515242
trial_2,301,0.115059,0.430973
trial_2,302,0.098064,0.519235
trial_2,303,0.111221,0.699215
trial_2,304,0.114866,0.291341
trial_2,305,0.178675,0.454690
trial_2,306,0.045828,0.347114
trial_2,307,0.041842,0.433900
trial_2,308,0.015228,0.835860
trial_2,309,0.185563,0.713620
trial_2,310,0.021635,1.007164
trial_2,311,0.307673,0.764471
trial_2,312,0.071718,1.650556
trial_2,313,0.022580,0.476677
trial_2,314,0.123570,0.535693
trial_2,315,0.040397,0.670950
trial_2,316,0.101683,0.515874
trial_2,317,0.135965,0.513666
trial_2,318,0.324315,0.898960
trial_2,319,0.015806,0.626173
trial_2,320,0.311360,0.907231
trial_2,321,0.107395,0.705452
trial_2,322,0.221391,0.529515
trial_2,323,0.175655,0.872294
trial_2,324,0.449724,0.714054
trial_2,325,0.269738,0.483370
trial_2,326,0.188812,0.559813
trial_2,327,0.397421,0.679193
trial_2,328,0.438935,0.673338
trial_2,329,0.362062,2.728741
trial_2,330,0.291556,0.781384
trial_2,331,0.159673,0.505314
trial_2,332,0.204644,0.691879
trial_2,333,0.204715,0.678352
trial_2,334,0.413796,0.683053
trial_2,335,0.019108,0.475527
trial_2,336,0.046395,0.442258
trial_2,337,0.070126,0.600680
trial_2,338,0.240041,1.600889
trial_2,339,0.231875,0.594847
trial_2,340,0.104075,0.414890
trial_2,341,0.387152,4.082407
trial_2,342,0.176147,0.587239
trial_2,343,0.113053,0.513051
trial_2,344,0.038172,1.101889
trial_2,345,1.024949,6.636271
trial_2,346,0.124659,1.433985
trial_2,347,0.221486,0.917731
trial_2,348,0.274617,0.812465
trial_2,349,0.075970,0.685023
trial_2,350,0.013174,0.662858
trial_2,351,0.077294,1.083636
trial_2,352,0.072095,0.829230
trial_2,353,0.021020,0.451771
trial_2,354,0.291842,1.030015
trial_2,355,0.150660,0.365210
trial_2,356,0.000452,0.381860
trial_2,357,0.284206,0.952328
trial_2,358,0.104148,0.521521
trial_2,359,0.144361,0.351653
trial_2,360,0.008293,0.472517
trial_2,361,0.122971,1.016525
trial_2,362,0.001167,2.202984
trial_2,363,0.006094,0.579363
trial_2,364,0.157144,0.405038
trial_2,365,0.032876,0.367263
trial_2,366,0.031659,0.532817
trial_2,367,0.252145,0.396402
trial_2,368,0.080360,0.507767
trial_2,369,0.157663,0.359964
trial_2,370,0.080368,0.696006
trial_2,371,0.002649,0.343678
trial_2,372,0.123450,0.511855
trial_2,373,0.113013,0.562489
trial_2,374,0.155559,0.979704
trial_2,375,0.057916,0.350098
trial_2,376,0.196935,0.425861
trial_2,377,0.246799,0.746675
trial_2,378,0.018179,0.382930
trial_2,379,0.187579,0.414677
trial_2,380,0.056714,0.551343
trial_2,381,0.068143,0.335979
trial_2,382,0.065768,0.401486
trial_2,383,0.355372,1.735204
trial_2,384,0.124512,0.346749
trial_2,385,0.310814,1.035157
trial_2,386,0.287413,1.713273
trial_2,387,0.163726,1.213078
trial_2,388,0.113673,0.682385
trial_2,389,0.059518,0.480067
trial_2,390,0.137508,0.447537
trial_2,391,0.117472,0.631733
trial_2,392,0.244785,0.529067
trial_2,393,0.229955,0.633446
trial_2,394,0.258493,0.525814
trial_2,395,0.129985,0.546979
trial_2,396,0.010751,0.251355
trial_2,397,0.021662,0.468154
trial_2,398,0.039020,0.543574
trial_2,399,0.008210,0.660914
trial_2,400,0.168393,0.506206
trial_2,401,0.163276,0.456357
trial_2,402,0.078383,0.892053
trial_2,403,0.036163,0.494930
trial_2,404,0.351385,0.424583
trial_2,405,0.054608,0.349585
trial_2,406,0.137277,0.491017
trial_2,407,0.008086,0.341443
trial_2,408,0.039879,0.389332
trial_2,409,0.028301,0.357423
trial_2,410,0.150011,0.385322
trial_2,411,0.174014,0.613155
trial_2,412,0.006792,0.341152
trial_2,413,0.089442,0.633767
trial_2,414,0.230707,0.404544
trial_2,415,0.015052,0.496828
trial_2,416,0.231775,1.865117
trial_2,417,0.000036,0.537264
trial_2,418,0.399502,0.682029
trial_2,419,0.013010,1.008004
trial_2,420,0.071058,0.436382
trial_2,421,0.116589,0.372466
trial_2,422,0.114117,0.699774
trial_2,423,0.123784,0.305921
trial_2,424,0.067819,0.271346
trial_2,425,0.150021,0.337364
trial_2,426,0.174997,0.335170
trial_2,427,0.137537,0.470793
trial_2,428,0.054157,0.715053
trial_2,429,0.151112,0.661834
trial_2,430,0.100060,0.416728
trial_2,431,0.107231,0.723304
trial_2,432,0.252027,0.804464
trial_2,433,0.060478,0.510498
trial_2,434,0.216509,0.767349
trial_2,435,0.643013,2.951495
trial_2,436,0.025150,0.377310
trial_2,437,0.189468,0.998320
trial_2,438,0.577133,0.897456
trial_2,439,0.094006,0.594594
trial_2,440,0.198072,0.739945
trial_2,441,0.303550,1.533721
trial_2,442,0.096190,0.420379
trial_2,443,0.067552,0.402393
trial_2,444,0.333307,0.652074
trial_2,445,0.210939,0.486957
trial_2,446,0.106922,0.622157
trial_2,447,0.092704,0.595791
trial_2,448,0.100381,0.463772
trial_2,449,0.114255,0.631579
trial_2,450,0.096792,0.431280
trial_2,451,0.134892,0.512279
trial_2,452,0.190660,0.499684
trial_2,453,0.109387,0.614285
trial_2,454,0.177273,0.399900
trial_2,455,0.080493,0.353615
trial_2,456,0.087966,0.534315
trial_2,457,0.124975,0.364627
trial_2,458,0.083737,0.459187
trial_2,459,0.291426,0.758228
trial_2,460,0.030108,0.363653
trial_2,461,0.017930,0.318605
trial_2,462,0.135471,0.600984
trial_2,463,0.035951,0.404468
trial_2,464,0.054737,0.286207
trial_2,465,0.004059,0.541057
trial_2,466,0.097098,0.387425
trial_2,467,0.039633,0.428349
trial_2,468,0.177701,0.313701
trial_2,469,0.130408,1.246477
trial_2,470,0.297248,0.677264
trial_2,471,0.248830,0.508749
trial_2,472,0.200429,0.484575
trial_2,473,0.001586,0.834446
trial_2,474,0.272060,1.207847
trial_2,475,0.245133,1.091043
trial_2,476,0.388300,2.133174
trial_2,477,0.311422,0.605979
trial_2,478,0.042927,0.367661
trial_2,479,0.057545,0.387874
trial_2,480,0.147281,0.502487
trial_2,481,0.020708,0.738777
trial_2,482,0.051776,0.505298
trial_2,483,0.003202,0.756339
trial_2,484,0.088279,0.789246
trial_2,485,0.170350,0.338759
trial_2,486,0.139265,0.530731
trial_2,487,0.479394,0.646780
trial_2,488,0.002955,0.537719
trial_2,489,0.011861,0.478257
trial_2,490,0.306184,0.720096
trial_2,491,0.152886,0.445052
trial_2,492,0.058538,0.452134
trial_2,493,0.048270,0.505628
trial_2,494,0.227951,0.395787
trial_2,495,0.014469,0.438620
trial_2,496,0.212258,0.419291
trial_2,497,0.149291,0.554826
trial_2,498,0.178197,0.350377
trial_2,499,0.096415,0.508672
trial_2,500,0.151568,0.666319
trial_2,501,0.058738,0.378870
trial_2,502,0.148958,0.418811
trial_2,503,0.196194,0.361650
trial_2,504,0.026605,0.423748
trial_2,505,0.041621,0.638748
trial_2,506,0.056245,0.430624
trial_2,507,0.014979,0.959998
trial_2,508,0.234824,0.585110
trial_2,509,0.007670,0.644519
trial_2,510,0.104305,0.505410
trial_2,511,0.036688,0.363406
trial_2,512,0.546910,2.245869
trial_2,513,0.122961,0.544147
trial_2,514,0.115450,0.707932
trial_2,515,0.087749,2.795580
trial_2,516,0.037166,0.727199
trial_2,517,0.475783,1.745695
trial_2,518,0.057227,0.768747
trial_2,519,0.063940,0.603779
trial_2,520,0.031738,0.363788
trial_2,521,0.121359,0.398629
trial_2,522,0.100718,0.433949
trial_2,523,0.096693,0.906253
trial_2,524,0.147011,0.594325
trial_2,525,0.005010,0.852693
trial_2,526,0.068155,0.328746
trial_2,527,0.064304,0.344975
trial_2,528,0.235487,0.490194
trial_2,529,0.005571,0.382945
trial_2,530,0.174178,0.423840
trial_2,531,0.088871,0.516439
trial_2,532,0.202494,0.493056
trial_2,533,0.248590,0.421841
trial_2,534,0.114700,0.382093
trial_2,535,0.218536,0.414408
trial_2,536,0.174851,0.801512
trial_2,537,0.014122,0.991488
trial_2,538,0.169121,0.519733
trial_2,539,0.020351,0.586464
trial_2,540,0.217321,0.465559
trial_2,541,0.303556,0.540814
trial_2,542,0.180890,1.167521
trial_2,543,0.123286,0.470598
trial_2,544,0.172164,0.395425
trial_2,545,0.022016,0.467137
trial_2,546,0.043459,0.643211
trial_2,547,0.212747,0.592216
trial_2,548,0.108275,0.374371
trial_2,549,0.033669,0.424444
trial_2,550,0.079049,0.644917
trial_2,551,0.161422,0.516775
trial_2,552,0.032016,0.526982
trial_2,553,0.032697,0.407098
trial_2,554,0.393010,1.031208
trial_2,555,0.139619,0.420480
trial_2,556,0.321903,0.500689
trial_2,557,0.139355,0.581704
trial_2,558,0.230409,0.451887
trial_2,559,0.110340,0.392970
trial_2,560,0.161607,0.437650
trial_2,561,0.019941,0.523249
trial_2,562,0.295839,0.560966
trial_2,563,0.091717,0.385322
trial_2,564,0.081395,0.450394
trial_2,565,0.120979,0.570337
trial_2,566,0.128420,0.413609
trial_2,567,0.164960,0.583458
trial_2,568,0.220332,0.446390
trial_2,569,0.241389,0.599703
trial_2,570,0.139981,0.548897
trial_2,571,0.149233,0.530958
trial_2,572,0.022554,0.341237
trial_2,573,0.391753,0.569685
trial_2,574,0.204482,0.322212
trial_2,575,0.303694,1.069047
trial_2,576,0.056215,1.239729
trial_2,577,0.049698,0.418815
trial_2,578,0.212140,0.713851
trial_2,579,0.263638,0.535240
trial_2,580,0.324799,0.471417
trial_2,581,0.231141,0.440917
trial_2,582,0.003048,0.346241
trial_2,583,0.009297,0.600099
trial_2,584,0.046444,0.409701
trial_2,585,0.162781,0.428678
trial_2,586,0.087386,0.385908
trial_2,587,0.013833,0.353496
trial_2,588,0.083282,0.305258
trial_2,589,2.058064,17.957037
trial_2,590,0.244635,0.829170
trial_2,591,0.253426,0.609041
trial_2,592,0.110615,0.524717
trial_2,593,0.113037,0.476290
trial_2,594,0.227640,0.379967
trial_2,595,0.448690,0.845620
trial_2,596,0.060837,0.414103
trial_2,597,0.022864,0.515855
trial_2,598,0.146888,0.403650
trial_2,599,0.013797,0.354693
trial_2,600,0.117055,0.290219
trial_2,601,0.131449,0.820185
trial_2,602,0.154731,0.533289
trial_2,603,0.065412,0.543522
trial_2,604,0.002753,0.399049
trial_2,605,0.097976,0.357510
trial_2,606,0.115541,0.641942
trial_2,607,0.063384,0.410273
trial_2,608,0.123618,0.609234
trial_2,609,0.210066,0.681892
trial_2,610,0.145818,0.654977
trial_2,611,0.232865,0.612438
trial_2,612,0.129822,0.296794
trial_2,613,0.062056,0.661613
trial_2,614,0.101374,0.733085
trial_2,615,0.003519,0.264418
trial_2,616,0.070169,0.482666
trial_2,617,0.152233,0.506428
trial_2,618,0.279247,0.336319
trial_2,619,0.939600,3.883806
trial_2,620,0.008315,0.662874
trial_2,621,0.036080,0.344839
trial_2,622,0.413663,2.801686
trial_2,623,0.087607,0.309400
trial_2,624,0.085356,0.711940
trial_2,625,0.375193,0.778077
trial_2,626,0.263795,0.546608
trial_2,627,0.465616,1.109443
trial_2,628,0.168641,0.566826
trial_2,629,0.198663,0.439533
trial_2,630,0.027421,0.579400
trial_2,631,0.248787,0.819494
trial_2,632,0.228526,0.418599
trial_2,633,0.066574,0.527277
trial_2,634,0.036113,0.701489
trial_2,635,0.095931,0.517791
trial_2,636,0.044431,0.320956
trial_2,637,0.096133,0.873577
trial_2,638,0.055381,0.515534
trial_2,639,0.039589,0.433999
trial_2,640,0.210588,0.379208
trial_2,641,0.264127,0.629839
trial_2,642,0.145650,0.505240
trial_2,643,0.018597,0.578658
trial_2,644,0.017929,0.656315
trial_2,645,0.041393,0.480839
trial_2,646,0.252175,1.271095
trial_2,647,0.104124,1.480467
trial_2,648,0.248842,2.834867
trial_2,649,0.149407,0.716888
trial_2,650,0.311690,0.839972
trial_2,651,0.008717,0.617757
trial_2,652,0.501362,1.991532
trial_2,653,0.050716,0.666570
trial_2,654,0.261506,0.501505
trial_2,655,0.069496,0.371444
trial_2,656,0.035614,0.791637
trial_2,657,0.003040,0.835047
trial_2,658,0.405741,0.724457
trial_2,659,0.237804,0.662681
trial_2,660,0.023809,0.614760
trial_2,661,0.270059,0.685334
trial_2,662,0.127536,1.164081
trial_2,663,0.214628,0.568131
trial_2,664,0.168023,0.422261
trial_2,665,0.068854,0.772199
trial_2,666,0.361039,1.084256
trial_2,667,0.011440,0.414961
trial_2,668,0.143838,0.385090
trial_2,669,0.013890,0.280520
trial_2,670,0.143443,0.311495
trial_2,671,0.058588,0.351772
trial_2,672,0.242090,0.565441
trial_2,673,0.767034,4.484096
trial_2,674,0.115784,0.636031
trial_2,675,0.202800,0.474923
trial_2,676,0.202348,0.971715
trial_2,677,0.046717,0.553006
trial_2,678,0.133959,0.561817
trial_2,679,0.091974,1.118635
trial_2,680,0.057317,0.324212
trial_2,681,0.081489,0.269177
trial_2,682,0.009122,1.201816
trial_2,683,0.082256,0.444792
trial_2,684,0.296042,1.670075
trial_2,685,0.225299,1.068494
trial_2,686,0.057375,0.357800
trial_2,687,0.382864,0.509207
trial_2,688,0.184059,0.496089
trial_2,689,0.211244,0.551363
trial_2,690,0.204021,0.885360
trial_2,691,0.099868,0.418123
trial_2,692,0.054956,0.337259
trial_2,693,0.184826,0.394446
trial_2,694,0.313040,0.570841
trial_2,695,0.014810,0.359488
trial_2,696,0.059796,0.779498
trial_2,697,0.048774,1.197347
trial_2,698,0.002001,0.341922
trial_2,699,0.070194,0.363767
trial_2,700,0.032589,0.438064
trial_2,701,0.149134,0.528127
trial_2,702,0.087432,0.514761
trial_2,703,0.143570,0.979029
trial_2,704,0.054662,0.359148
trial_2,705,0.180864,0.391965
trial_2,706,0.324360,0.603809
trial_2,707,0.115772,0.402673
trial_2,708,0.262383,0.526238
trial_2,709,0.035866,0.819669
trial_2,710,0.153155,0.671761
trial_2,711,0.133373,0.555449
trial_2,712,0.477465,0.625156
trial_2,713,0.075311,1.133675
trial_2,714,0.030596,0.378871
trial_2,715,0.039985,0.415210
trial_2,716,0.192507,0.814337
trial_2,717,0.034366,0.507054
trial_2,718,0.058257,0.566502
trial_2,719,0.056425,0.400037
trial_2,720,0.093669,0.750067
trial_2,721,0.287890,0.555960
trial_2,722,0.068210,0.468081
trial_2,723,0.144340,0.309830
trial_2,724,0.291631,2.826748
trial_2,725,0.039652,0.514709
trial_2,726,0.190609,0.660733
trial_2,727,0.257727,0.922528
trial_2,728,0.035302,0.452583
trial_2,729,0.435606,0.577851
trial_2,730,0.263147,0.453542
trial_2,731,0.012409,0.364859
trial_2,732,0.041256,0.429988
trial_2,733,0.238188,0.554450
trial_2,734,0.008915,0.303934
trial_2,735,0.131475,0.742334
trial_2,736,0.163845,0.536101
trial_2,737,0.204873,0.594796
trial_2,738,0.161015,0.744331
trial_2,739,0.178608,0.335112
trial_2,740,0.075203,0.341259
trial_2,741,0.047186,0.388642
trial_2,742,0.020068,0.431355
trial_2,743,0.542232,1.681506
trial_2,744,0.196676,0.471870
trial_2,745,0.054874,0.350037
trial_2,746,0.001718,0.462860
trial_2,747,0.131285,0.291705
trial_2,748,0.021097,0.679269
trial_2,749,0.050343,0.604476
trial_2,750,0.038810,0.418962
trial_2,751,0.167900,0.742867
trial_2,752,0.298959,0.658844
trial_2,753,0.048220,0.605089
trial_2,754,0.022923,0.323230
trial_2,755,0.012848,0.301296
trial_2,756,0.075775,0.344302
trial_2,757,0.111563,0.384341
trial_2,758,0.011973,0.506643
trial_2,759,0.086844,0.651366
trial_2,760,0.221863,0.499057
trial_2,761,0.186031,0.580558
trial_2,762,0.082903,0.506341
trial_2,763,0.080175,0.466376
trial_2,764,0.004300,0.718616
trial_2,765,0.175395,0.518408
trial_2,766,0.096128,0.753376
trial_2,767,0.432018,0.661270
trial_2,768,0.212791,0.379496
trial_2,769,0.077778,0.410234
trial_2,770,0.321189,3.105867
trial_2,771,0.170864,0.444355
trial_2,772,2.286339,6.048518
trial_2,773,0.064121,0.508315
trial_2,774,0.130627,0.775256
trial_2,775,0.205504,0.569049
trial_2,776,0.337041,0.860637
trial_2,777,0.040146,0.509301
trial_2,778,0.041576,0.448544
trial_2,779,0.022341,0.450333
trial_2,780,0.235272,0.323904
trial_2,781,0.209155,0.568687
trial_2,782,0.000543,0.662320
trial_2,783,0.237209,0.581332
trial_2,784,0.141580,0.470006
trial_2,785,0.175217,0.379372
trial_2,786,0.334616,1.131347
trial_2,787,0.044548,0.660346
trial_2,788,0.386413,0.916551
trial_2,789,0.216628,0.436825
trial_2,790,0.000895,0.397822
trial_2,791,0.315053,0.697223
trial_2,792,0.047196,0.247516
trial_2,793,0.410843,0.872057
trial_2,794,0.080952,1.076986
trial_2,795,0.014410,0.714458
trial_2,796,0.028134,0.366556
trial_2,797,0.104831,0.367906
trial_2,798,0.003731,0.384799
trial_2,799,0.014296,0.376341
trial_2,800,0.022076,0.426447
trial_2,801,0.033833,0.639671
trial_2,802,0.048683,0.471575
trial_2,803,0.075259,0.341659
trial_2,804,0.035864,0.448367
trial_2,805,0.080946,1.052537
trial_2,806,0.093789,1.101908
trial_2,807,0.200881,0.385574
trial_2,808,0.285427,0.365548
trial_2,809,0.007970,0.399273
trial_2,810,0.203428,0.363790
trial_2,811,0.121619,0.308496
trial_2,812,0.077738,0.753577
trial_2,813,0.086366,0.686891
trial_2,814,0.194403,1.591502
trial_2,815,0.312242,0.717511
trial_2,816,0.200447,0.501107
trial_2,817,0.314301,0.536493
trial_2,818,0.031235,0.745187
trial_2,819,0.345068,1.087973
trial_2,820,0.186460,1.436056
trial_2,821,0.131903,0.561299
trial_2,822,0.162307,0.525505
trial_2,823,0.008823,0.575401
trial_2,824,0.301129,0.400531
trial_2,825,0.111227,0.665501
trial_2,826,0.384060,3.246644
trial_2,827,0.343413,0.789029
trial_2,828,0.160515,0.541374
trial_2,829,0.086640,0.392815
trial_2,830,0.072118,0.312286
trial_2,831,0.067181,0.776701
trial_2,832,0.126573,0.737138
trial_2,833,0.024537,0.500825
trial_2,834,0.538415,0.756776
trial_2,835,0.202396,0.466955
trial_2,836,0.163483,0.373352
trial_2,837,0.254798,0.990915
trial_2,838,0.093591,0.343129
trial_2,839,0.068102,0.520604
trial_2,840,0.173168,0.619170
trial_2,841,0.008566,1.183178
trial_2,842,0.302744,0.532632
trial_2,843,0.381673,0.824882
trial_2,844,0.202493,0.323927
trial_2,845,0.224040,0.384157
trial_2,846,0.231176,0.439071
trial_2,847,0.040771,0.600530
trial_2,848,0.093025,1.160281
trial_2,849,0.327221,0.444630
trial_2,850,0.380130,0.844270
trial_2,851,0.163424,0.475309
trial_2,852,0.473688,0.866405
trial_2,853,0.134151,0.312024
trial_2,854,0.039399,0.365324
trial_2,855,0.068268,0.531500
trial_2,856,0.130536,0.742429
trial_2,857,0.059526,0.656951
trial_2,858,0.079890,0.538977
trial_2,859,0.046319,0.430915
trial_2,860,0.133057,0.411772
trial_2,861,0.159304,0.375836
trial_2,862,0.013805,0.362583
trial_2,863,0.182627,0.616318
trial_2,864,0.089078,0.339625
trial_2,865,0.005965,0.285498
trial_2,866,0.227874,0.570786
trial_2,867,0.189935,0.416970
trial_2,868,0.192702,0.534679
trial_2,869,0.119514,0.833892
trial_2,870,0.096437,0.851299
trial_2,871,0.015749,0.394525
trial_2,872,0.329331,1.124311
trial_2,873,0.157809,0.332087
trial_2,874,0.141855,0.363035
trial_2,875,0.092113,0.424333
trial_2,876,0.305134,0.480606
trial_2,877,0.241678,0.442666
trial_2,878,0.059971,0.350293
trial_2,879,0.113887,0.416545
trial_2,880,0.274103,0.757441
trial_2,881,0.044871,0.341732
trial_2,882,0.147058,0.560786
trial_2,883,0.075815,0.453624
trial_2,884,0.299905,0.803794
trial_2,885,0.202086,0.463045
trial_2,886,0.117753,0.281876
trial_2,887,0.247843,3.121081
trial_2,888,0.056890,0.494420
trial_2,889,0.174053,0.428883
trial_2,890,0.075388,0.492067
trial_2,891,0.220506,0.563276
trial_2,892,0.059058,0.646712
trial_2,893,0.045468,0.606500
trial_2,894,0.253831,0.533134
trial_2,895,0.257037,0.523701
trial_2,896,0.237987,0.741619
trial_2,897,0.174215,0.380460
trial_2,898,0.074275,0.438177
trial_2,899,0.013954,0.509912
trial_2,900,0.253970,0.591119
trial_2,901,0.130028,0.329138
trial_2,902,0.079785,0.529199
trial_2,903,0.187888,0.362912
trial_2,904,0.003957,0.559845
trial_2,905,0.200580,0.421133
trial_2,906,0.014989,0.331039
trial_2,907,0.023052,0.328965
trial_2,908,0.124519,0.293429
trial_2,909,0.092464,1.030026
trial_2,910,0.001112,0.371750
trial_2,911,0.069637,0.278728
trial_2,912,0.105525,0.361039
trial_2,913,0.109701,0.532248
trial_2,914,0.178250,0.600120
trial_2,915,0.308045,0.508165
trial_2,916,0.003607,0.399840
trial_2,917,0.031491,0.283370
trial_2,918,0.005559,0.402040
trial_2,919,0.138753,0.648600
trial_2,920,0.055217,0.530376
trial_2,921,0.054846,0.335966
trial_2,922,0.106610,0.668395
trial_2,923,0.109260,0.489281
trial_2,924,0.081229,1.757834
trial_2,925,0.064982,1.526678
trial_2,926,0.203441,0.457255
trial_2,927,0.041422,0.332533
trial_2,928,0.273566,0.538175
trial_2,929,0.052020,0.491028
trial_2,930,0.174987,0.676300
trial_2,931,0.046306,1.279106
trial_2,932,0.203394,0.719296
trial_2,933,0.163934,0.743901
trial_2,934,0.230494,0.598923
trial_2,935,0.107240,0.390005
trial_2,936,0.057981,0.824484
trial_2,937,0.042374,0.665659
trial_2,938,0.094821,0.284130
trial_2,939,0.016293,0.446654
trial_2,940,0.241151,0.535904
trial_2,941,0.094990,0.700717
trial_2,942,0.030582,0.314552
trial_2,943,0.082679,0.647537
trial_2,944,0.150722,0.462702
trial_2,945,0.057533,0.406696
trial_2,946,0.189744,0.453146
trial_2,947,0.060374,0.457247
trial_2,948,0.259225,0.881370
trial_2,949,0.126490,1.292360
trial_2,950,0.179086,0.418427
trial_2,951,0.044607,0.346589
trial_2,952,0.004579,0.404204
trial_2,953,0.020359,0.483712
trial_2,954,0.026642,0.469741
trial_2,955,0.036373,0.515082
trial_2,956,0.099713,0.389893
trial_2,957,0.723532,2.064119
trial_2,958,0.112673,0.540176
trial_2,959,0.022461,0.776958
trial_2,960,0.101150,0.610924
trial_2,961,0.075589,0.511992
trial_2,962,0.786533,10.410633
trial_2,963,0.142388,0.445482
trial_2,964,0.044735,0.246620
trial_2,965,0.083843,0.366998
trial_2,966,0.010708,0.527974
trial_2,967,0.151209,0.691131
trial_2,968,0.058108,0.278534
trial_2,969,0.290208,0.493776
trial_2,970,0.014791,0.390625
trial_2,971,0.005537,0.322854
trial_2,972,0.324748,0.984590
trial_2,973,0.044919,0.573398
trial_2,974,0.036530,0.807094
trial_2,975,0.181847,0.659774
trial_2,976,0.025574,0.490213
trial_2,977,0.124840,0.457534
trial_2,978,0.126647,0.440131
trial_2,979,0.120545,0.313026
trial_2,980,0.196896,0.396015
trial_2,981,0.019141,0.571184
trial_2,982,0.195383,0.553771
trial_2,983,0.102173,0.239133
trial_2,984,0.041713,0.393529
trial_2,985,0.119678,0.542141
trial_2,986,0.180796,0.553812
trial_2,987,0.167812,0.485398
trial_2,988,0.370793,2.032405
trial_2,989,0.073336,0.549636
trial_2,990,0.092879,0.648114
trial_2,991,0.148541,0.543723
trial_2,992,0.111181,0.565725
trial_2,993,0.030581,0.679076
trial_2,994,0.257887,0.574680
trial_2,995,0.018823,0.503938
trial_2,996,0.058472,0.365232
trial_2,997,0.380282,3.982334
trial_2,998,0.145671,0.468280
trial_2,999,0.138071,0.268180
trial_2,1000,0.035534,0.605983
trial_3,1,0.021260,0.343060
trial_3,2,0.010555,0.409746
trial_3,3,0.128583,0.391574
trial_3,4,0.164028,0.453506
trial_3,5,0.171256,0.486481
trial_3,6,0.245120,0.510440
trial_3,7,0.097373,0.567672
trial_3,8,0.088581,0.539555
trial_3,9,0.102632,0.811699
trial_3,10,0.342360,0.638921
trial_3,11,0.043097,0.448690
trial_3,12,0.303575,0.468636
trial_3,13,0.369514,2.152769
trial_3,14,0.125122,0.513785
trial_3,15,0.153647,0.341969
trial_3,16,0.079771,0.366366
trial_3,17,0.136634,0.446451
trial_3,18,0.229707,0.560677
trial_3,19,0.085100,0.448958
trial_3,20,0.046782,0.523061
trial_3,21,0.090326,0.497525
trial_3,22,0.001846,0.491658
trial_3,23,0.044849,0.513881
trial_3,24,0.027730,0.534330
trial_3,25,0.263299,0.589508
trial_3,26,0.081043,0.872356
trial_3,27,0.079808,0.490340
trial_3,28,0.144201,2.184489
trial_3,29,0.003192,0.446899
trial_3,30,0.095050,0.504183
trial_3,31,0.161933,0.459073
trial_3,32,0.172237,0.377383
trial_3,33,0.096144,0.518514
trial_3,34,0.229407,2.418434
trial_3,35,0.493101,0.894791
trial_3,36,0.166727,0.520194
trial_3,37,0.265176,0.718941
trial_3,38,0.008882,0.612544
trial_3,39,0.196639,0.636341
trial_3,40,0.020049,0.634457
trial_3,41,0.083632,0.417831
trial_3,42,0.300513,0.455431
trial_3,43,0.038398,0.353977
trial_3,44,0.242946,0.481479
trial_3,45,0.073270,0.507179
trial_3,46,0.005583,0.440447
trial_3,47,0.035887,0.407464
trial_3,48,0.113459,0.403229
trial_3,49,0.016819,0.524364
trial_3,50,0.280083,0.582750
trial_3,51,0.038269,0.385327
trial_3,52,0.218812,0.569592
trial_3,53,0.137270,0.811058
trial_3,54,0.089431,0.727529
trial_3,55,0.135953,0.588943
trial_3,56,0.150618,0.534006
trial_3,57,0.129177,0.472145
trial_3,58,0.086490,0.753726
trial_3,59,0.056658,0.410685
trial_3,60,0.522617,1.809779
trial_3,61,0.050307,0.358806
trial_3,62,0.247289,0.440277
trial_3,63,0.016210,0.511172
trial_3,64,0.108508,0.553079
trial_3,65,0.118451,0.714900
trial_3,66,0.087884,0.425454
trial_3,67,0.073828,0.322189
trial_3,68,0.199405,1.019691
trial_3,69,0.096492,0.360312
trial_3,70,0.088756,0.425473
trial_3,71,0.037146,0.731559
trial_3,72,0.163589,0.462013
trial_3,73,0.139017,0.351202
trial_3,74,0.038399,0.373347
trial_3,75,0.117075,0.373038
trial_3,76,0.078077,0.562469
trial_3,77,0.075231,0.238350
trial_3,78,0.248358,0.352166
trial_3,79,0.147654,0.301561
trial_3,80,0.087363,0.351099
trial_3,81,0.136925,0.977166
trial_3,82,0.405339,1.028232
trial_3,83,0.264233,0.515514
trial_3,84,0.450721,4.043740
trial_3,85,0.289682,0.867238
trial_3,86,0.221451,1.070116
trial_3,87,0.064306,0.464357
trial_3,88,0.204215,0.391348
trial_3,89,0.004552,0.575263
trial_3,90,0.082900,0.462413
trial_3,91,0.023371,0.667628
trial_3,92,0.149528,0.529919
trial_3,93,0.000336,0.981002
trial_3,94,0.220641,0.472400
trial_3,95,0.046003,0.387656
trial_3,96,0.212921,0.511534
trial_3,97,0.255284,0.628418
trial_3,98,0.276023,0.643624
trial_3,99,0.135748,0.482014
trial_3,100,0.125643,0.339336
trial_3,101,0.081262,0.423499
trial_3,102,0.213937,0.563100
trial_3,103,0.128276,0.568545
trial_3,104,0.218250,0.580260
trial_3,105,0.016238,0.614544
trial_3,106,0.039755,0.406624
trial_3,107,0.248520,0.416644
trial_3,108,0.065833,1.677796
trial_3,109,0.146764,0.976829
trial_3,110,0.050144,0.811471
trial_3,111,0.271779,0.457788
trial_3,112,0.212253,0.592409
trial_3,113,0.263839,0.686036
trial_3,114,0.247893,0.658063
trial_3,115,0.403451,0.917798
trial_3,116,0.177349,0.347782
trial_3,117,0.133758,0.606319
trial_3,118,0.021314,0.489877
trial_3,119,0.209607,1.391158
trial_3,120,0.176979,0.801842
trial_3,121,0.292715,0.535646
trial_3,122,0.111156,0.277154
trial_3,123,0.066304,0.353432
trial_3,124,0.039870,0.793118
trial_3,125,0.055434,0.607778
trial_3,126,0.088692,0.855224
trial_3,127,0.198556,0.593408
trial_3,128,0.250095,0.373880
trial_3,129,0.088546,0.646133
trial_3,130,0.210337,2.138507
trial_3,131,0.197696,0.477773
trial_3,132,0.053256,0.591194
trial_3,133,0.069735,1.610783
trial_3,134,0.379520,0.767953
trial_3,135,0.292233,0.448783
trial_3,136,0.063745,0.400319
trial_3,137,0.163467,0.694344
trial_3,138,0.062090,0.361983
trial_3,139,0.110043,0.293202
trial_3,140,0.050480,0.315200
trial_3,141,0.068639,0.553284
trial_3,142,0.075335,0.659176
trial_3,143,0.192384,1.159094
trial_3,144,0.086630,0.420304
trial_3,145,0.171318,0.468115
trial_3,146,0.303639,0.970319
trial_3,147,0.286990,1.018082
trial_3,148,0.393260,0.550800
trial_3,149,0.079662,1.044738
trial_3,150,0.046362,0.276979
trial_3,151,0.447304,0.621108
trial_3,152,0.028617,0.490312
trial_3,153,0.353529,0.520503
trial_3,154,0.025904,0.366672
trial_3,155,0.121958,0.447622
trial_3,156,0.246986,0.560739
trial_3,157,0.476392,0.834232
trial_3,158,0.126085,0.575150
trial_3,159,0.037632,0.199294
trial_3,160,0.286831,0.528056
trial_3,161,0.374367,0.501728
trial_3,162,0.223360,0.265410
trial_3,163,0.152407,0.486428
trial_3,164,0.061605,0.203831
trial_3,165,0.048501,0.400415
trial_3,166,0.071390,0.823621
trial_3,167,0.174442,0.467203
trial_3,168,0.159928,0.493255
trial_3,169,0.046656,0.279433
trial_3,170,0.151879,0.523694
trial_3,171,0.077169,0.460243
trial_3,172,0.064790,0.752920
trial_3,173,0.067316,0.433016
trial_3,174,0.080397,0.880355
trial_3,175,0.077541,0.267372
trial_3,176,0.156800,0.559019
trial_3,177,0.152528,1.045044
trial_3,178,0.115621,0.304467
trial_3,179,0.009090,0.378438
trial_3,180,0.164001,1.110974
trial_3,181,0.088236,1.312632
trial_3,182,0.006546,0.351931
trial_3,183,0.031719,0.551741
trial_3,184,0.081475,1.067429
trial_3,185,0.311672,0.646560
trial_3,186,0.182043,0.598094
trial_3,187,0.089408,0.692858
trial_3,188,0.454418,0.683274
trial_3,189,0.158767,0.629425
trial_3,190,0.010450,0.435564
trial_3,191,0.048575,0.379046
trial_3,192,0.032549,0.491092
trial_3,193,0.259842,0.472883
trial_3,194,0.165143,0.518626
trial_3,195,0.090809,0.541905
trial_3,196,0.001766,0.527875
trial_3,197,0.141256,0.543708
trial_3,198,0.370609,0.604378
trial_3,199,0.009617,0.786407
trial_3,200,0.261519,0.648253
trial_3,201,0.073916,0.911009
trial_3,202,0.132410,0.510340
trial_3,203,0.039552,0.420106
trial_3,204,0.254465,0.711336
trial_3,205,0.133692,0.830207
trial_3,206,0.097189,0.415279
trial_3,207,0.066203,0.431561
trial_3,208,0.319531,0.595833
trial_3,209,0.376497,2.197701
trial_3,210,0.670257,1.422421
trial_3,211,0.121224,1.139156
trial_3,212,0.264215,0.520902
trial_3,213,0.058530,0.565229
trial_3,214,0.030697,0.425693
trial_3,215,0.035180,0.614587
trial_3,216,0.006641,0.453916
trial_3,217,0.000653,0.449699
trial_3,218,0.022309,2.053402
trial_3,219,1.574287,10.198999
trial_3,220,0.201944,1.109259
trial_3,221,0.300389,0.726931
trial_3,222,0.059766,0.662527
trial_3,223,0.002518,0.479072
trial_3,224,0.029089,0.510537
trial_3,225,0.265862,0.717041
trial_3,226,0.290202,1.222300
trial_3,227,0.024024,0.577639
trial_3,228,0.004421,0.668329
trial_3,229,0.316566,2.464550
trial_3,230,0.347706,1.197790
trial_3,231,0.443541,1.489096
trial_3,232,0.148498,0.911814
trial_3,233,0.385432,1.219246
trial_3,234,0.024035,0.480364
trial_3,235,0.283320,1.967316
trial_3,236,0.209145,0.573283
trial_3,237,0.399684,1.039114
trial_3,238,0.329494,0.789950
trial_3,239,0.025080,0.676515
trial_3,240,0.054265,1.124391
trial_3,241,0.106756,0.610088
trial_3,242,0.221008,0.418255
trial_3,243,0.285404,0.997679
trial_3,244,0.169591,1.175892
trial_3,245,0.034269,4.021997
trial_3,246,0.022195,0.702699
trial_3,247,0.085871,0.544284
trial_3,248,0.055555,0.741024
trial_3,249,0.059443,0.825230
trial_3,250,0.031301,0.915300
trial_3,251,0.190567,0.588535
trial_3,252,0.171971,0.633740
trial_3,253,0.013146,0.908259
trial_3,254,0.395709,1.179652
trial_3,255,0.084560,2.997338
trial_3,256,0.323136,1.005979
trial_3,257,0.279258,2.309373
trial_3,258,0.225746,0.800329
trial_3,259,0.194795,0.802416
trial_3,260,0.205099,0.615524
trial_3,261,0.320359,1.069126
trial_3,262,0.300659,1.491141
trial_3,263,0.099453,0.687086
trial_3,264,0.168385,0.787902
trial_3,265,0.046902,0.798691
trial_3,266,0.112727,0.878450
trial_3,267,0.072123,2.138151
trial_3,268,0.116432,0.662040
trial_3,269,0.205640,0.977811
trial_3,270,0.052263,0.486459
trial_3,271,0.117437,0.655304
trial_3,272,0.394651,0.699826
trial_3,273,0.177225,0.859419
trial_3,274,0.196820,0.576719
trial_3,275,0.057474,0.682020
trial_3,276,0.497130,1.723821
trial_3,277,0.459313,1.378951
trial_3,278,0.082460,0.529180
trial_3,279,0.077503,0.512428
trial_3,280,0.276267,1.341857
trial_3,281,0.362048,2.970791
trial_3,282,0.359311,2.114026
trial_3,283,0.198941,1.063121
trial_3,284,0.004095,0.836944
trial_3,285,0.233658,0.595842
trial_3,286,0.032961,1.261860
trial_3,287,0.001673,0.966081
trial_3,288,0.217763,1.869802
trial_3,289,0.119343,0.826318
trial_3,290,0.013306,0.773163
trial_3,291,0.023247,0.899933
trial_3,292,0.321664,0.979204
trial_3,293,0.029318,1.446624
trial_3,294,0.076108,0.456359
trial_3,295,0.098516,0.640974
trial_3,296,0.052411,1.777756
trial_3,297,0.120279,0.792764
trial_3,298,0.028438,0.913460
trial_3,299,0.268535,0.629111
trial_3,300,0.411275,0.604406
trial_3,301,0.269457,0.659090
trial_3,302,0.280225,1.303693
trial_3,303,0.382149,1.261226
trial_3,304,0.036253,0.385376
trial_3,305,0.152519,0.786348
trial_3,306,0.022438,0.680945
trial_3,307,0.045332,0.692204
trial_3,308,0.200152,1.842942
trial_3,309,0.075633,0.952346
trial_3,310,0.474499,3.064975
trial_3,311,0.216466,2.035202
trial_3,312,0.699332,6.150698
trial_3,313,0.380045,1.136566
trial_3,314,0.459748,1.880180
trial_3,315,0.049969,1.158107
trial_3,316,0.161218,1.433157
trial_3,317,0.189310,0.802798
trial_3,318,0.129698,0.764908
trial_3,319,0.004258,1.570712
trial_3,320,0.109753,2.602337
trial_3,321,0.955274,2.792452
trial_3,322,0.065777,0.958942
trial_3,323,0.127632,2.067406
trial_3,324,0.661474,1.176730
trial_3,325,0.007121,0.795273
trial_3,326,0.342185,0.905930
trial_3,327,0.156573,1.317177
trial_3,328,0.588189,1.187591
trial_3,329,0.347008,4.492350
trial_3,330,0.861839,1.976818
trial_3,331,0.005638,1.173613
trial_3,332,0.319948,0.884771
trial_3,333,0.028100,1.669920
trial_3,334,0.296718,0.644645
trial_3,335,0.079388,0.829902
trial_3,336,0.109850,0.761116
trial_3,337,0.069310,1.141636
trial_3,338,0.069272,2.320236
trial_3,339,0.255426,0.880025
trial_3,340,0.085045,0.491257
trial_3,341,0.349469,4.928982
trial_3,342,0.392006,0.930734
trial_3,343,0.046894,1.400019
trial_3,344,0.371616,3.609219
trial_3,345,3.134308,11.725358
trial_3,346,0.436856,3.741163
trial_3,347,0.325383,1.373245
trial_3,348,0.709464,2.374343
trial_3,349,0.154909,0.838065
trial_3,350,0.351987,1.165540
trial_3,351,0.106794,2.836212
trial_3,352,0.233043,1.012971
trial_3,353,0.183666,1.064744
trial_3,354,0.409161,1.262234
trial_3,355,0.043026,0.435125
trial_3,356,0.191431,0.618483
trial_3,357,0.020882,1.512022
trial_3,358,0.053647,0.638164
trial_3,359,0.029508,0.585376
trial_3,360,0.359537,0.663193
trial_3,361,0.398178,2.101985
trial_3,362,0.066480,3.445732
trial_3,363,0.069656,1.107008
trial_3,364,0.386840,0.655893
trial_3,365,0.112265,0.563096
trial_3,366,0.103373,0.693550
trial_3,367,0.002290,0.699725
trial_3,368,0.033213,0.565284
trial_3,369,0.167001,0.436714
trial_3,370,0.075149,0.940027
trial_3,371,0.087960,0.765861
trial_3,372,0.047837,0.687776
trial_3,373,0.049416,1.335363
trial_3,374,0.088924,1.769957
trial_3,375,0.072907,0.376750
trial_3,376,0.283179,0.578632
trial_3,377,0.012311,0.767311
trial_3,378,0.046078,0.284284
trial_3,379,0.199380,0.458051
trial_3,380,0.296528,0.582675
trial_3,381,0.161976,0.410370
trial_3,382,0.264797,0.454139
trial_3,383,0.380049,1.862995
trial_3,384,0.127487,0.364688
trial_3,385,0.244121,1.060398
trial_3,386,0.195522,2.775433
trial_3,387,0.000450,1.657610
trial_3,388,0.220407,0.490977
trial_3,389,0.048465,0.344051
trial_3,390,0.005435,0.557986
trial_3,391,0.490944,0.742241
trial_3,392,0.067637,0.629396
trial_3,393,0.078541,0.595443
trial_3,394,0.213939,0.540097
trial_3,395,0.127725,0.523875
trial_3,396,0.214550,0.351685
trial_3,397,0.127109,0.348005
trial_3,398,0.038165,0.358118
trial_3,399,0.071023,0.681718
trial_3,400,0.073459,0.541654
trial_3,401,0.082204,0.533544
trial_3,402,0.135173,0.865927
trial_3,403,0.057735,0.454240
trial_3,404,0.222625,0.381796
trial_3,405,0.147571,0.482130
trial_3,406,0.184056,0.437399
trial_3,407,0.151100,0.278299
trial_3,408,0.023150,0.325675
trial_3,409,0.065562,0.420901
trial_3,410,0.139985,0.576737
trial_3,411,0.258999,0.726021
trial_3,412,0.006468,0.326125
trial_3,413,0.067918,0.580785
trial_3,414,0.195864,0.380255
trial_3,415,0.091604,0.374330
trial_3,416,0.088618,1.855933
trial_3,417,0.094295,0.515154
trial_3,418,0.180181,0.468587
trial_3,419,0.034815,0.789868
trial_3,420,0.212143,0.429522
trial_3,421,0.001444,0.265926
trial_3,422,0.021707,0.645346
trial_3,423,0.070259,0.200696
trial_3,424,0.104889,0.256978
trial_3,425,0.035581,0.343109
trial_3,426,0.277233,0.367630
trial_3,427,0.003065,0.348242
trial_3,428,0.089798,0.485977
trial_3,429,0.091710,0.400675
trial_3,430,0.125954,0.356619
trial_3,431,0.013679,0.594931
trial_3,432,0.174358,0.573293
trial_3,433,0.353507,0.582939
trial_3,434,0.280474,0.525750
trial_3,435,0.082637,1.614267
trial_3,436,0.183908,0.377209
trial_3,437,0.204662,0.993130
trial_3,438,0.481256,0.805094
trial_3,439,0.100781,0.747691
trial_3,440,0.388879,0.901903
trial_3,441,0.288434,1.237953
trial_3,442,0.082863,0.449659
trial_3,443,0.096958,0.422617
trial_3,444,0.315149,0.635376
trial_3,445,0.319738,0.549042
trial_3,446,0.035231,0.426860
trial_3,447,0.049103,0.569479
trial_3,448,0.015650,0.579557
trial_3,449,0.132139,0.461925
trial_3,450,0.129355,0.649753
trial_3,451,0.029454,0.361620
trial_3,452,0.158880,0.369843
trial_3,453,0.118460,0.569812
trial_3,454,0.163366,0.449878
trial_3,455,0.073668,0.409823
trial_3,456,0.228836,0.522325
trial_3,457,0.092478,0.276379
trial_3,458,0.076831,0.476415
trial_3,459,0.107719,0.490629
trial_3,460,0.043591,0.329695
trial_3,461,0.137989,0.372618
trial_3,462,0.287533,0.514866
trial_3,463,0.174014,0.322787
trial_3,464,0.007593,0.321397
trial_3,465,0.070610,0.523503
trial_3,466,0.033112,0.409815
trial_3,467,0.086029,0.415287
trial_3,468,0.110647,0.331914
trial_3,469,0.264748,1.485909
trial_3,470,0.235539,0.584303
trial_3,471,0.178429,0.430926
trial_3,472,0.325272,0.465364
trial_3,473,0.115809,0.734003
trial_3,474,0.344933,1.050158
trial_3,475,0.021258,0.923505
trial_3,476,0.172298,1.455860
trial_3,477,0.356538,0.673681
trial_3,478,0.091889,0.466089
trial_3,479,0.013446,0.480099
trial_3,480,0.319816,0.824462
trial_3,481,0.481068,1.113555
trial_3,482,0.166277,0.561175
trial_3,483,0.003147,0.605395
trial_3,484,0.108655,0.694862
trial_3,485,0.038791,0.364739
trial_3,486,0.040927,0.457550
trial_3,487,0.242987,0.456975
trial_3,488,0.020877,0.428283
trial_3,489,0.046505,0.425037
trial_3,490,0.156641,1.050596
trial_3,491,0.034001,0.370740
trial_3,492,0.108333,0.527501
trial_3,493,0.249659,0.433608
trial_3,494,0.113818,0.463638
trial_3,495,0.162033,0.371620
trial_3,496,0.199282,0.362519
trial_3,497,0.127359,0.487280
trial_3,498,0.247952,0.397487
trial_3,499,0.039204,0.424377
trial_3,500,0.378859,0.872044
trial_3,501,0.183305,0.417979
trial_3,502,0.151286,0.392924
trial_3,503,0.049990,0.230617
trial_3,504,0.031875,0.332276
trial_3,505,0.039803,0.606787
trial_3,506,0.170600,0.430795
trial_3,507,0.067864,0.882438
trial_3,508,0.345240,0.425373
trial_3,509,0.039854,0.460104
trial_3,510,0.014650,0.443759
trial_3,511,0.015938,0.270137
trial_3,512,0.645082,2.563021
trial_3,513,0.011698,0.402836
trial_3,514,0.056745,0.698262
trial_3,515,0.084994,2.567318
trial_3,516,0.104121,0.755048
trial_3,517,0.009376,1.326303
trial_3,518,0.054489,0.634387
trial_3,519,0.096199,0.605475
trial_3,520,0.229261,0.435838
trial_3,521,0.087059,0.313456
trial_3,522,0.200229,0.348531
trial_3,523,0.132221,0.711550
trial_3,524,0.067704,0.606754
trial_3,525,0.015923,0.616369
trial_3,526,0.143436,0.451183
trial_3,527,0.102428,0.356034
trial_3,528,0.320576,0.540020
trial_3,529,0.000465,0.315769
trial_3,530,0.037317,0.375425
trial_3,531,0.153136,0.402963
trial_3,532,0.013159,0.435627
trial_3,533,0.089484,0.302838
trial_3,534,0.156372,0.398787
trial_3,535,0.078610,0.411095
trial_3,536,0.216170,0.698224
trial_3,537,0.120748,0.800858
trial_3,538,0.084955,0.554318
trial_3,539,0.010143,0.414926
trial_3,540,0.047102,0.660375
trial_3,541,0.020407,0.401460
trial_3,542,0.085242,0.775960
trial_3,543,0.248724,0.578200
trial_3,544,0.096624,0.284795
trial_3,545,0.009155,0.423314
trial_3,546,0.237252,0.682645
trial_3,547,0.026430,0.483652
trial_3,548,0.126889,0.346926
trial_3,549,0.112953,0.345545
trial_3,550,0.081933,0.555037
trial_3,551,0.025150,0.404307
trial_3,552,0.085254,0.498537
trial_3,553,0.055034,0.367052
trial_3,554,0.153434,0.834245
trial_3,555,0.064732,0.376324
trial_3,556,0.287694,0.415988
trial_3,557,0.091587,0.427455
trial_3,558,0.158291,0.345126
trial_3,559,0.178121,0.391253
trial_3,560,0.067487,0.335247
trial_3,561,0.047562,0.414210
trial_3,562,0.342085,0.539651
trial_3,563,0.227309,0.464689
trial_3,564,0.235793,0.396135
trial_3,565,0.087608,0.588089
trial_3,566,0.068855,0.323861
trial_3,567,0.192733,0.604184
trial_3,568,0.245518,0.416443
trial_3,569,0.027515,0.602784
trial_3,570,0.034329,0.463799
trial_3,571,0.070634,0.515121
trial_3,572,0.001244,0.197318
trial_3,573,0.460381,0.544425
trial_3,574,0.110990,0.282660
trial_3,575,0.249478,1.421563
trial_3,576,0.255451,0.899900
trial_3,577,0.036918,0.458866
trial_3,578,0.122182,0.487298
trial_3,579,0.053235,0.398801
trial_3,580,0.123549,0.310473
trial_3,581,0.063959,0.494267
trial_3,582,0.059787,0.339615
trial_3,583,0.060419,0.478358
trial_3,584,0.014312,0.279020
trial_3,585,0.028281,0.520103
trial_3,586,0.117782,0.449105
trial_3,587,0.124607,0.385035
trial_3,588,0.022516,0.294308
trial_3,589,2.226429,16.376005
trial_3,590,0.247434,1.521882
trial_3,591,0.219842,0.701085
trial_3,592,0.267789,0.541914
trial_3,593,0.214567,0.546296
trial_3,594,0.066172,0.373883
trial_3,595,0.296895,0.817864
trial_3,596,0.037300,0.451731
trial_3,597,0.028178,0.381482
trial_3,598,0.062281,0.449511
trial_3,599,0.037944,0.395389
trial_3,600,0.177500,0.339307
trial_3,601,0.093179,0.682630
trial_3,602,0.018537,0.505724
trial_3,603,0.041643,0.420165
trial_3,604,0.151727,0.536536
trial_3,605,0.044893,0.344227
trial_3,606,0.270893,0.718875
trial_3,607,0.201310,0.466874
trial_3,608,0.120478,0.459622
trial_3,609,0.014486,0.640006
trial_3,610,0.314389,0.580280
trial_3,611,0.238980,0.546755
trial_3,612,0.120251,0.347446
trial_3,613,0.247837,0.481931
trial_3,614,0.097794,0.641983
trial_3,615,0.033198,0.301185
trial_3,616,0.024040,0.330412
trial_3,617,0.048644,0.377519
trial_3,618,0.295956,0.344403
trial_3,619,0.841478,3.144036
trial_3,620,0.124744,0.717539
trial_3,621,0.017491,0.349323
trial_3,622,0.530666,2.576249
trial_3,623,0.035075,0.292489
trial_3,624,0.064212,0.479516
trial_3,625,0.306257,0.609692
trial_3,626,0.206413,0.417285
trial_3,627,0.208626,0.925439
trial_3,628,0.170568,0.580922
trial_3,629,0.118180,0.382394
trial_3,630,0.116877,0.454238
trial_3,631,0.086885,0.677657
trial_3,632,0.266823,0.442745
trial_3,633,0.091595,0.567194
trial_3,634,0.277944,0.655058
trial_3,635,0.175405,0.581038
trial_3,636,0.166967,0.415391
trial_3,637,0.024481,0.691259
trial_3,638,0.070037,0.466050
trial_3,639,0.011223,0.469658
trial_3,640,0.318631,0.517621
trial_3,641,0.319346,0.651571
trial_3,642,0.124548,0.406170
trial_3,643,0.092943,0.544361
trial_3,644,0.100396,0.661120
trial_3,645,0.091652,0.464801
trial_3,646,0.145338,0.924461
trial_3,647,0.221515,1.533096
trial_3,648,0.326317,1.980827
trial_3,649,0.000018,0.527422
trial_3,650,0.170582,0.541456
trial_3,651,0.012526,0.486507
trial_3,652,0.476733,1.188792
trial_3,653,0.242493,0.815685
trial_3,654,0.175519,0.405300
trial_3,655,0.013966,0.335024
trial_3,656,0.005312,0.532183
trial_3,657,0.026456,0.841153
trial_3,658,0.459322,0.685496
trial_3,659,0.236101,0.536889
trial_3,660,0.054053,0.426025
trial_3,661,0.022520,0.441353
trial_3,662,0.100702,1.185977
trial_3,663,0.213581,0.551107
trial_3,664,0.208710,0.364369
trial_3,665,0.194308,0.741516
trial_3,666,0.308357,1.060300
trial_3,667,0.269128,1.647788
trial_3,668,0.235849,0.374480
trial_3,669,0.067411,0.296525
trial_3,670,0.207604,0.345392
trial_3,671,0.256507,0.494358
trial_3,672,0.242060,0.418352
trial_3,673,0.677451,3.788268
trial_3,674,0.097156,0.595267
trial_3,675,0.500544,0.694661
trial_3,676,0.187874,0.877042
trial_3,677,0.332714,0.696603
trial_3,678,0.202731,0.561008
trial_3,679,0.071321,0.863762
trial_3,680,0.105643,0.363011
trial_3,681,0.041164,0.323796
trial_3,682,0.236794,0.989478
trial_3,683,0.008356,0.638907
trial_3,684,0.045999,2.233208
trial_3,685,0.078293,1.318855
trial_3,686,0.101934,0.563928
trial_3,687,0.174192,0.599341
trial_3,688,0.081625,0.423713
trial_3,689,0.223184,0.611908
trial_3,690,0.198657,0.666944
trial_3,691,0.088409,0.376338
trial_3,692,0.175607,0.387305
trial_3,693,0.119048,0.453302
trial_3,694,0.269699,0.541094
trial_3,695,0.104233,0.313757
trial_3,696,0.005627,1.053111
trial_3,697,0.301347,1.279567
trial_3,698,0.142644,0.287105
trial_3,699,0.009529,0.290343
trial_3,700,0.069576,0.288628
trial_3,701,0.168616,0.440450
trial_3,702,0.140175,0.342170
trial_3,703,0.026166,0.596997
trial_3,704,0.043726,0.261129
trial_3,705,0.050431,0.285033
trial_3,706,0.091384,0.345772
trial_3,707,0.011780,0.355505
trial_3,708,0.258417,0.423424
trial_3,709,0.021331,0.765268
trial_3,710,0.262213,0.665079
trial_3,711,0.203576,0.479141
trial_3,712,0.121874,0.475109
trial_3,713,0.204544,1.308193
trial_3,714,0.009998,0.309062
trial_3,715,0.015416,0.448734
trial_3,716,0.197318,0.625872
trial_3,717,0.128518,0.272992
trial_3,718,0.029057,0.479791
trial_3,719,0.031966,0.235659
trial_3,720,0.006704,0.699466
trial_3,721,0.195687,0.427305
trial_3,722,0.091667,0.429207
trial_3,723,0.005961,0.161259
trial_3,724,0.307905,2.094587
trial_3,725,0.186781,0.559340
trial_3,726,0.208389,0.563621
trial_3,727,0.220689,0.688588
trial_3,728,0.112830,0.324200
trial_3,729,0.337037,0.452859
trial_3,730,0.153270,0.489496
trial_3,731,0.045718,0.426921
trial_3,732,0.057889,0.459626
trial_3,733,0.102965,0.378119
trial_3,734,0.107479,0.271685
trial_3,735,0.040578,0.471532
trial_3,736,0.136881,0.362837
trial_3,737,0.171316,0.441727
trial_3,738,0.173183,1.134887
trial_3,739,0.051056,0.267190
trial_3,740,0.131474,0.399455
trial_3,741,0.053732,0.287083
trial_3,742,0.058546,0.483593
trial_3,743,0.163716,1.861451
trial_3,744,0.112520,0.487224
trial_3,745,0.157928,0.426775
trial_3,746,0.024906,0.325446
trial_3,747,0.111728,0.262597
trial_3,748,0.350555,0.593581
trial_3,749,0.099922,0.440949
trial_3,750,0.092413,0.402797
trial_3,751,0.136788,0.576321
trial_3,752,0.250419,0.469533
trial_3,753,0.064375,0.485830
trial_3,754,0.048489,0.384613
trial_3,755,0.000956,0.352911
trial_3,756,0.175409,0.289795
trial_3,757,0.194385,0.454395
trial_3,758,0.169214,0.508088
trial_3,759,0.115095,0.602938
trial_3,760,0.033706,0.384207
trial_3,761,0.384732,0.636430
trial_3,762,0.080579,0.496411
trial_3,763,0.026485,0.350694
trial_3,764,0.031251,0.565774
trial_3,765,0.090791,0.501072
trial_3,766,0.172792,0.677736
trial_3,767,0.102004,0.580512
trial_3,768,0.056636,0.372442
trial_3,769,0.125948,0.358893
trial_3,770,0.471763,2.763912
trial_3,771,0.238175,0.427237
trial_3,772,1.180168,4.661117
trial_3,773,0.285126,0.650806
trial_3,774,0.059674,0.600360
trial_3,775,0.076434,0.473646
trial_3,776,0.115932,0.700113
trial_3,777,0.223389,0.472591
trial_3,778,0.183435,0.516573
trial_3,779,0.013062,0.474642
trial_3,780,0.049726,0.239767
trial_3,781,0.159331,0.495246
trial_3,782,0.106343,0.658196
trial_3,783,0.006304,0.513329
trial_3,784,0.064503,0.337172
trial_3,785,0.165253,0.421084
trial_3,786,0.146379,0.898743
trial_3,787,0.209348,0.671566
trial_3,788,0.164587,0.798183
trial_3,789,0.067138,0.360465
trial_3,790,0.149774,0.405892
trial_3,791,0.330676,0.598947
trial_3,792,0.244941,0.323046
trial_3,793,0.379408,0.702811
trial_3,794,0.144005,1.165917
trial_3,795,0.086081,0.746446
trial_3,796,0.111805,0.392907
trial_3,797,0.065589,0.307818
trial_3,798,0.122532,0.342938
trial_3,799,0.071992,0.385455
trial_3,800,0.150612,0.499457
trial_3,801,0.012324,0.649920
trial_3,802,0.286521,0.483293
trial_3,803,0.010491,0.344200
trial_3,804,0.106839,0.428430
trial_3,805,0.073067,0.563790
trial_3,806,0.177923,0.998066
trial_3,807,0.121515,0.309441
trial_3,808,0.147465,0.274446
trial_3,809,0.035727,0.378286
trial_3,810,0.058711,0.356519
trial_3,811,0.023990,0.466012
trial_3,812,0.111993,0.672343
trial_3,813,0.027843,1.119642
trial_3,814,0.147961,1.392593
trial_3,815,0.106720,0.642932
trial_3,816,0.206055,0.473731
trial_3,817,0.125667,0.449689
trial_3,818,0.006819,0.800599
trial_3,819,0.048572,0.789926
trial_3,820,0.152412,2.407513
trial_3,821,0.046667,0.439569
trial_3,822,0.154973,0.419030
trial_3,823,0.025744,0.512941
trial_3,824,0.128778,0.300617
trial_3,825,0.045040,0.357697
trial_3,826,0.281723,3.909111
trial_3,827,0.073976,0.700591
trial_3,828,0.052595,0.593651
trial_3,829,0.042687,0.406063
trial_3,830,0.057702,0.337855
trial_3,831,0.181230,0.727586
trial_3,832,0.079596,0.638922
trial_3,833,0.038896,0.458471
trial_3,834,0.256893,0.490196
trial_3,835,0.213096,0.479888
trial_3,836,0.089523,0.236692
trial_3,837,0.269724,0.957789
trial_3,838,0.024618,0.546968
trial_3,839,0.160229,0.441091
trial_3,840,0.117895,0.490337
trial_3,841,0.028405,0.684632
trial_3,842,0.364244,0.597424
trial_3,843,0.177573,0.808967
trial_3,844,0.254058,0.506931
trial_3,845,0.149727,0.274095
trial_3,846,0.018716,0.420449
trial_3,847,0.004314,0.487803
trial_3,848,0.098191,1.157934
trial_3,849,0.070072,0.253850
trial_3,850,0.107655,0.382033
trial_3,851,0.113510,0.340541
trial_3,852,0.371533,0.733667
trial_3,853,0.302891,0.585565
trial_3,854,0.028456,0.249302
trial_3,855,0.065282,0.528963
trial_3,856,0.505708,0.939487
trial_3,857,0.127937,0.586075
trial_3,858,0.053397,0.528594
trial_3,859,0.016627,0.513867
trial_3,860,0.248930,0.480121
trial_3,861,0.204690,0.336680
trial_3,862,0.111149,0.326331
trial_3,863,0.135695,0.400280
trial_3,864,0.141415,0.310471
trial_3,865,0.002554,0.288314
trial_3,866,0.206644,0.480573
trial_3,867,0.233909,0.365472
trial_3,868,0.444403,0.583571
trial_3,869,0.098416,0.716428
trial_3,870,0.014728,0.556462
trial_3,871,0.138934,0.510901
trial_3,872,0.347189,0.841128
trial_3,873,0.001301,0.207142
trial_3,874,0.132516,0.361229
trial_3,875,0.269629,0.496110
trial_3,876,0.228020,0.382181
trial_3,877,0.098426,0.485936
trial_3,878,0.013095,0.370034
trial_3,879,0.180214,0.317638
trial_3,880,0.201357,0.610835
trial_3,881,0.104848,0.349597
trial_3,882,0.066355,0.336522
trial_3,883,0.100701,0.310870
trial_3,884,0.353884,0.756081
trial_3,885,0.179580,0.486525
trial_3,886,0.075201,0.305453
trial_3,887,0.418088,3.162513
trial_3,888,0.005915,0.492221
trial_3,889,0.184269,0.428723
trial_3,890,0.347359,0.546152
trial_3,891,0.108416,0.517558
trial_3,892,0.053413,0.607345
trial_3,893,0.142166,0.509614
trial_3,894,0.157112,0.441759
trial_3,895,0.159170,0.567039
trial_3,896,0.162688,0.665487
trial_3,897,0.069386,0.421534
trial_3,898,0.000731,0.362149
trial_3,899,0.104581,0.537840
trial_3,900,0.166177,0.545476
trial_3,901,0.018494,0.464577
trial_3,902,0.149695,0.966467
trial_3,903,0.159222,0.430373
trial_3,904,0.016499,0.632862
trial_3,905,0.175412,0.958057
trial_3,906,0.045708,0.600674
trial_3,907,0.065741,0.812052
trial_3,908,0.110979,0.457249
trial_3,909,0.049498,2.911229
trial_3,910,0.032551,0.327609
trial_3,911,0.136159,0.365483
trial_3,912,0.064785,0.839951
trial_3,913,0.001112,1.008413
trial_3,914,0.190361,0.826763
trial_3,915,0.279580,1.060958
trial_3,916,0.038104,0.876715
trial_3,917,0.316191,0.875078
trial_3,918,0.177527,0.895314
trial_3,919,0.682616,2.681660
trial_3,920,0.331572,1.254460
trial_3,921,0.129259,0.637785
trial_3,922,0.087311,0.622690
trial_3,923,0.193147,1.268417
trial_3,924,0.937226,3.728663
trial_3,925,0.983008,5.680427
trial_3,926,0.034478,1.250961
trial_3,927,0.074664,1.031872
trial_3,928,0.180096,1.596341
trial_3,929,0.287807,0.971677
trial_3,930,0.126033,0.888756
trial_3,931,0.436766,3.127734
trial_3,932,0.155466,0.880117
trial_3,933,0.389755,1.421577
trial_3,934,0.697032,2.277386
trial_3,935,0.079434,0.696743
trial_3,936,0.286917,1.673317
trial_3,937,0.138815,1.198744
trial_3,938,0.167838,0.561673
trial_3,939,0.278528,1.384028
trial_3,940,0.422601,1.099678
trial_3,941,0.199669,0.863885
trial_3,942,0.062674,0.630181
trial_3,943,0.020466,1.018360
trial_3,944,0.127926,0.622434
trial_3,945,0.213270,0.731832
trial_3,946,0.278910,0.672259
trial_3,947,0.097324,0.646753
trial_3,948,0.247791,1.383102
trial_3,949,0.049498,2.556970
trial_3,950,0.093894,0.818211
trial_3,951,0.233808,0.603355
trial_3,952,0.142583,0.867353
trial_3,953,0.237152,0.871133
trial_3,954,0.105242,0.838895
trial_3,955,0.213901,1.376340
trial_3,956,0.054569,1.381485
trial_3,957,0.807493,3.477302
trial_3,958,0.283350,1.752369
trial_3,959,0.877238,3.243002
trial_3,960,0.016256,2.805886
trial_3,961,0.109979,2.104348
trial_3,962,0.280775,11.184624
trial_3,963,0.292869,2.389349
trial_3,964,0.152744,0.735889
trial_3,965,0.086821,1.040677
trial_3,966,0.335423,1.659436
trial_3,967,0.395496,2.424588
trial_3,968,0.046372,0.891891
trial_3,969,0.109263,0.694500
trial_3,970,0.086767,0.937586
trial_3,971,0.040706,0.548336
trial_3,972,0.250540,2.162418
trial_3,973,0.087533,0.687586
trial_3,974,0.336392,2.854924
trial_3,975,0.170784,1.428219
trial_3,976,0.066638,1.298523
trial_3,977,0.225012,0.705872
trial_3,978,0.557353,0.921958
trial_3,979,0.226179,0.484332
trial_3,980,0.065823,0.459952
trial_3,981,0.249167,1.853953
trial_3,982,0.233105,1.310461
trial_3,983,0.134105,0.772290
trial_3,984,0.029611,0.543759
trial_3,985,0.133822,0.806297
trial_3,986,0.137921,1.010332
trial_3,987,0.151649,0.593927
trial_3,988,0.477422,3.155820
trial_3,989,0.035545,0.742650
trial_3,990,0.114991,1.296312
trial_3,991,0.182330,1.242299
trial_3,992,0.352819,1.320539
trial_3,993,0.076186,0.913904
trial_3,994,0.051885,1.053126
trial_3,995,0.143816,0.685897
trial_3,996,0.101165,0.431780
trial_3,997,0.874616,5.335908
trial_3,998,0.296198,0.602292
trial_3,999,0.135155,0.416935
trial_3,1000,0.125448,0.727403
trial_4,1,0.074952,0.368947
trial_4,2,0.068046,0.422758
trial_4,3,0.078265,0.444365
trial_4,4,0.291249,0.590403
trial_4,5,0.075832,0.515513
trial_4,6,0.166560,0.490027
trial_4,7,0.178611,0.557408
trial_4,8,0.085467,0.597339
trial_4,9,0.392502,2.154280
trial_4,10,0.045510,1.409128
trial_4,11,0.176141,0.768909
trial_4,12,0.208381,0.784621
trial_4,13,0.323376,3.324174
trial_4,14,0.093822,0.570100
trial_4,15,0.291913,0.591426
trial_4,16,0.212542,0.653890
trial_4,17,0.036152,1.090967
trial_4,18,0.050430,0.785154
trial_4,19,0.137451,0.838385
trial_4,20,0.105844,0.490554
trial_4,21,0.037144,1.233193
trial_4,22,0.025389,0.505675
trial_4,23,0.257373,1.404026
trial_4,24,0.157395,1.411124
trial_4,25,0.254200,1.064144
trial_4,26,0.163966,1.443004
trial_4,27,0.042248,0.539786
trial_4,28,0.911053,3.319973
trial_4,29,0.048354,1.090459
trial_4,30,0.194227,0.895422
trial_4,31,0.287318,0.800938
trial_4,32,0.089524,0.533874
trial_4,33,0.085393,0.924074
trial_4,34,0.846506,10.535010
trial_4,35,0.531819,1.902899
trial_4,36,0.131399,1.793569
trial_4,37,0.195539,2.266538
trial_4,38,0.014008,0.973931
trial_4,39,0.124018,1.409723
trial_4,40,0.253369,1.733715
trial_4,41,0.263138,0.723855
trial_4,42,0.021484,0.551183
trial_4,43,0.008495,0.690463
trial_4,44,0.137087,0.595957
trial_4,45,0.029160,1.139559
trial_4,46,0.025369,0.936994
trial_4,47,0.044560,1.016330
trial_4,48,0.227141,0.702604
trial_4,49,0.086253,0.746257
trial_4,50,0.401661,0.938029
trial_4,51,0.142341,0.533070
trial_4,52,0.343597,0.864010
trial_4,53,0.297277,2.943965
trial_4,54,0.089710,1.213075
trial_4,55,0.274508,0.842330
trial_4,56,0.023534,0.510218
trial_4,57,0.102829,0.598232
trial_4,58,0.296261,0.762625
trial_4,59,0.038707,0.447261
trial_4,60,0.076494,2.715796
trial_4,61,0.075799,0.481304
trial_4,62,0.156846,0.626033
trial_4,63,0.008676,0.917771
trial_4,64,0.088476,0.730014
trial_4,65,0.151723,1.692637
trial_4,66,0.119946,0.542188
trial_4,67,0.197088,0.573213
trial_4,68,0.675638,2.238008
trial_4,69,0.225234,0.607955
trial_4,70,0.090964,0.418212
trial_4,71,0.096177,1.761148
trial_4,72,0.235422,0.521350
trial_4,73,0.024140,0.375447
trial_4,74,0.030355,0.451437
trial_4,75,0.178369,0.448729
trial_4,76,0.330060,1.233069
trial_4,77,0.299664,0.468570
trial_4,78,0.016442,0.354378
trial_4,79,0.138651,0.449858
trial_4,80,0.150585,0.473555
trial_4,81,0.292860,2.954560
trial_4,82,0.324918,4.784881
trial_4,83,0.500705,0.898891
trial_4,84,0.771643,7.066586
trial_4,85,0.124169,2.837885
trial_4,86,0.138421,4.365413
trial_4,87,0.102523,0.918603
trial_4,88,0.021117,0.523352
trial_4,89,0.199481,1.049478
trial_4,90,0.315253,0.631310
trial_4,91,0.006782,0.605236
trial_4,92,0.159199,1.138431
trial_4,93,0.101625,2.205672
trial_4,94,0.244127,0.689757
trial_4,95,0.005881,0.675974
trial_4,96,0.065995,0.710559
trial_4,97,0.404957,0.869105
trial_4,98,0.082983,1.124638
trial_4,99,0.268111,0.858785
trial_4,100,0.144812,0.525273
trial_4,101,0.201741,0.833317
trial_4,102,0.095161,1.275136
trial_4,103,0.116630,0.667626
trial_4,104,0.243362,0.476181
trial_4,105,0.182567,0.858490
trial_4,106,0.258318,0.963905
trial_4,107,0.151579,0.395190
trial_4,108,0.496560,3.267703
trial_4,109,0.220520,1.433371
trial_4,110,0.022754,1.847963
trial_4,111,0.170397,1.229826
trial_4,112,0.372798,1.710620
trial_4,113,0.015445,2.183895
trial_4,114,0.333820,0.841612
trial_4,115,0.201362,2.788191
trial_4,116,0.398448,0.802279
trial_4,117,0.435572,0.920214
trial_4,118,0.064953,0.626431
trial_4,119,0.167770,2.934786
trial_4,120,0.030713,1.413901
trial_4,121,0.137026,0.727178
trial_4,122,0.029287,0.521618
trial_4,123,0.130153,0.946647
trial_4,124,0.006131,1.146800
trial_4,125,0.052075,0.636204
trial_4,126,0.109812,2.116103
trial_4,127,0.516558,1.207973
trial_4,128,0.089332,0.603613
trial_4,129,0.222626,1.434589
trial_4,130,0.837059,3.604803
trial_4,131,0.051323,0.479135
trial_4,132,0.090000,1.073747
trial_4,133,0.075581,4.125204
trial_4,134,0.232831,1.634914
trial_4,135,0.047052,0.831712
trial_4,136,0.060838,0.850483
trial_4,137,0.285527,2.343707
trial_4,138,0.091937,0.601203
trial_4,139,0.428879,0.681577
trial_4,140,0.254838,0.533708
trial_4,141,0.166568,0.786802
trial_4,142,0.022265,1.180743
trial_4,143,0.608667,4.373286
trial_4,144,0.083697,0.631152
trial_4,145,0.045759,0.592669
trial_4,146,0.117937,1.477003
trial_4,147,0.122372,1.831697
trial_4,148,0.069913,1.201410
trial_4,149,0.038637,3.083578
trial_4,150,0.084708,0.583026
trial_4,151,0.205403,1.187204
trial_4,152,0.086209,1.273255
trial_4,153,0.357282,1.372920
trial_4,154,0.120765,0.995081
trial_4,155,0.041175,0.786007
trial_4,156,0.332370,0.714184
trial_4,157,0.640379,2.646719
trial_4,158,0.042916,1.780433
trial_4,159,0.068268,0.491648
trial_4,160,0.205088,1.058181
trial_4,161,0.283270,0.808560
trial_4,162,0.187672,0.470040
trial_4,163,0.290766,0.970673
trial_4,164,0.082291,0.547402
trial_4,165,0.083110,1.212789
trial_4,166,0.209650,1.797101
trial_4,167,0.069738,0.590372
trial_4,168,0.313100,0.746683
trial_4,169,0.064399,0.512133
trial_4,170,0.178912,0.851089
trial_4,171,0.305124,1.717076
trial_4,172,0.392682,0.792150
trial_4,173,0.082648,0.382722
trial_4,174,0.127891,0.747134
trial_4,175,0.071698,0.619628
trial_4,176,0.060046,0.706648
trial_4,177,0.067335,1.624168
trial_4,178,0.009588,0.686200
trial_4,179,0.104326,0.737493
trial_4,180,0.175121,3.019015
trial_4,181,0.062009,1.714356
trial_4,182,0.030997,0.632864
trial_4,183,0.033542,0.538745
trial_4,184,0.023397,2.741684
trial_4,185,0.269305,0.768356
trial_4,186,0.278456,0.748678
trial_4,187,0.166143,1.650779
trial_4,188,0.057948,0.644155
trial_4,189,0.096299,0.908393
trial_4,190,0.077213,1.008964
trial_4,191,0.031394,0.658188
trial_4,192,0.004669,0.664947
trial_4,193,0.372790,0.821400
trial_4,194,0.024553,0.694560
trial_4,195,0.027401,0.801883
trial_4,196,0.058871,0.933751
trial_4,197,0.023068,0.735630
trial_4,198,0.324094,0.775042
trial_4,199,0.757748,2.166371
trial_4,200,0.505848,0.980530
trial_4,201,0.155151,1.014413
trial_4,202,0.131007,0.491735
trial_4,203,0.052290,0.449631
trial_4,204,0.234682,0.896988
trial_4,205,0.037155,1.530468
trial_4,206,0.035861,0.458716
trial_4,207,0.075593,0.427695
trial_4,208,0.310424,0.609160
trial_4,209,0.153627,4.689626
trial_4,210,0.324019,3.080139
trial_4,211,0.140389,1.688393
trial_4,212,0.365810,0.733738
trial_4,213,0.089088,0.593704
trial_4,214,0.062099,0.590749
trial_4,215,0.079465,0.824995
trial_4,216,0.046992,0.678453
trial_4,217,0.005960,0.672453
trial_4,218,0.121664,2.017448
trial_4,219,2.880287,16.558350
trial_4,220,0.212704,3.159606
trial_4,221,0.376538,0.894803
trial_4,222,0.007636,0.709371
trial_4,223,0.597547,0.798958
trial_4,224,0.462066,0.720394
trial_4,225,0.003397,1.461148
trial_4,226,0.329076,1.309136
trial_4,227,0.016401,0.582155
trial_4,228,0.043619,0.736203
trial_4,229,0.351646,2.146611
trial_4,230,0.372480,1.279596
trial_4,231,0.573531,2.199031
trial_4,232,0.277853,0.911995
trial_4,233,0.144184,0.888682
trial_4,234,0.015191,0.423248
trial_4,235,0.169465,1.166832
trial_4,236,0.272601,0.593421
trial_4,237,0.182904,1.581851
trial_4,238,0.026654,0.720954
trial_4,239,0.002296,0.595428
trial_4,240,0.101358,0.825743
trial_4,241,0.086618,0.723614
trial_4,242,0.036683,0.427576
trial_4,243,0.035654,0.952762
trial_4,244,0.088999,1.379512
trial_4,245,0.347024,2.695221
trial_4,246,0.207276,1.251429
trial_4,247,0.071294,0.777799
trial_4,248,0.181403,0.721479
trial_4,249,0.248944,0.919184
trial_4,250,0.104089,0.893165
trial_4,251,0.102850,0.695002
trial_4,252,0.087122,0.686774
trial_4,253,0.215194,0.719153
trial_4,254,0.050035,2.248626
trial_4,255,1.538809,5.202670
trial_4,256,0.150162,0.951687
trial_4,257,0.238719,1.312776
trial_4,258,0.196841,0.587200
trial_4,259,0.209840,0.631949
trial_4,260,0.036601,0.517685
trial_4,261,0.196563,1.168297
trial_4,262,0.158032,1.121070
trial_4,263,0.082355,0.810373
trial_4,264,0.016739,0.491529
trial_4,265,0.048127,0.904107
trial_4,266,0.055419,0.903662
trial_4,267,0.003418,1.744976
trial_4,268,0.029146,0.487090
trial_4,269,0.271231,0.985403
trial_4,270,0.107307,0.436212
trial_4,271,0.097160,0.705184
trial_4,272,0.083334,0.557460
trial_4,273,0.177957,0.780654
trial_4,274,0.212859,0.604359
trial_4,275,0.256808,0.744807
trial_4,276,0.125493,1.804922
trial_4,277,0.119381,0.903966
trial_4,278,0.077620,0.447973
trial_4,279,0.448742,0.680304
trial_4,280,0.193252,1.357791
trial_4,281,0.068119,2.039641
trial_4,282,0.763969,2.116736
trial_4,283,0.133533,1.789827
trial_4,284,0.452620,0.883294
trial_4,285,0.041728,0.507580
trial_4,286,0.043279,1.444363
trial_4,287,0.100534,1.057779
trial_4,288,0.100736,1.861044
trial_4,289,0.230450,0.725579
trial_4,290,0.001532,0.805385
trial_4,291,0.082318,0.823206
trial_4,292,0.133136,1.357071
trial_4,293,0.160952,1.641001
trial_4,294,0.067222,0.450061
trial_4,295,0.060062,0.594282
trial_4,296,0.130221,1.190469
trial_4,297,0.027332,0.658053
trial_4,298,0.072451,0.765438
trial_4,299,0.143935,0.479838
trial_4,300,0.190985,0.559576
trial_4,301,0.256572,0.715421
trial_4,302,0.145905,1.596663
trial_4,303,0.080558,0.734258
trial_4,304,0.153694,0.565329
trial_4,305,0.036004,1.002092
trial_4,306,0.041101,0.693778
trial_4,307,0.043778,0.813472
trial_4,308,0.411811,3.617438
trial_4,309,0.098507,1.051788
trial_4,310,0.129016,2.250657
trial_4,311,0.031355,2.400307
trial_4,312,0.854234,6.379713
trial_4,313,0.120541,1.034735
trial_4,314,0.248135,1.524825
trial_4,315,0.231529,1.140941
trial_4,316,0.141985,1.564106
trial_4,317,0.197497,0.904669
trial_4,318,0.052280,0.765630
trial_4,319,0.139268,1.533436
trial_4,320,0.236270,2.992645
trial_4,321,0.768599,3.408065
trial_4,322,0.180599,1.223328
trial_4,323,0.016382,1.590132
trial_4,324,0.519399,1.086263
trial_4,325,0.089463,0.656015
trial_4,326,0.217102,0.985824
trial_4,327,0.395622,1.001653
trial_4,328,0.289426,1.125998
trial_4,329,0.438714,4.922909
trial_4,330,1.222967,3.633657
trial_4,331,0.159732,1.428326
trial_4,332,0.347072,1.014605
trial_4,333,0.004298,2.048720
trial_4,334,0.532282,0.831448
trial_4,335,0.155311,1.121047
trial_4,336,0.035046,0.779123
trial_4,337,0.021605,1.395216
trial_4,338,0.269898,2.646412
trial_4,339,0.185429,1.070012
trial_4,340,0.178239,0.500323
trial_4,341,0.595234,4.552924
trial_4,342,0.288819,0.826095
trial_4,343,0.099168,1.438397
trial_4,344,0.749485,2.147024
trial_4,345,2.159756,10.801723
trial_4,346,0.717028,3.836390
trial_4,347,0.436858,1.626617
trial_4,348,0.753319,4.147216
trial_4,349,0.176287,0.834428
trial_4,350,0.187856,2.262195
trial_4,351,0.621408,3.408278
trial_4,352,0.046065,1.451622
trial_4,353,0.149245,1.182142
trial_4,354,0.499786,3.073245
trial_4,355,0.047006,0.635587
trial_4,356,0.174627,0.624916
trial_4,357,0.017237,2.220521
trial_4,358,0.025113,0.689072
trial_4,359,0.181091,0.822084
trial_4,360,0.042692,0.737565
trial_4,361,0.049906,3.365991
trial_4,362,0.007574,3.969822
trial_4,363,0.268998,1.693474
trial_4,364,0.060230,0.567952
trial_4,365,0.045591,0.707351
trial_4,366,0.468614,1.331753
trial_4,367,0.121102,0.825848
trial_4,368,0.079874,0.650399
trial_4,369,0.334375,0.689629
trial_4,370,0.021390,1.947733
trial_4,371,0.139475,0.847143
trial_4,372,0.083982,0.881401
trial_4,373,0.495390,1.865518
trial_4,374,0.256644,5.293685
trial_4,375,0.053858,0.605065
trial_4,376,0.311576,0.792086
trial_4,377,0.018545,0.695174
trial_4,378,0.086854,0.425565
trial_4,379,0.217350,0.534588
trial_4,380,0.084240,0.783824
trial_4,381,0.038328,0.524474
trial_4,382,0.269418,0.603729
trial_4,383,0.775627,2.788339
trial_4,384,0.274964,0.522945
trial_4,385,0.353100,1.566572
trial_4,386,0.040835,4.556288
trial_4,387,1.539525,7.072837
trial_4,388,0.218145,0.721012
trial_4,389,0.115687,0.809902
trial_4,390,0.277418,1.337222
trial_4,391,0.019743,1.499649
trial_4,392,0.255336,1.248052
trial_4,393,0.290898,1.411977
trial_4,394,0.009168,1.200669
trial_4,395,0.048584,0.629958
trial_4,396,0.067535,0.403952
trial_4,397,0.000427,0.608000
trial_4,398,0.035637,0.956046
trial_4,399,0.157520,0.811307
trial_4,400,0.231773,1.030149
trial_4,401,0.268919,1.053173
trial_4,402,0.478303,2.597540
trial_4,403,0.019711,0.609097
trial_4,404,0.345500,0.688844
trial_4,405,0.132389,0.660082
trial_4,406,0.268993,0.739496
trial_4,407,0.052762,0.544173
trial_4,408,0.037142,0.758380
trial_4,409,0.081300,0.826911
trial_4,410,0.293411,0.899294
trial_4,411,0.427523,1.473398
trial_4,412,0.022628,0.515796
trial_4,413,0.090794,1.140944
trial_4,414,0.076220,0.779612
trial_4,415,0.095688,0.696211
trial_4,416,0.759868,4.937114
trial_4,417,0.158270,0.741174
trial_4,418,0.514985,0.807086
trial_4,419,0.185100,2.081728
trial_4,420,0.242367,1.101589
trial_4,421,0.152127,0.497983
trial_4,422,0.029510,1.007974
trial_4,423,0.038088,0.631668
trial_4,424,0.205707,0.534085
trial_4,425,0.250274,0.507688
trial_4,426,0.011478,0.457977
trial_4,427,0.242255,0.721087
trial_4,428,0.331614,0.980245
trial_4,429,0.080711,0.750994
trial_4,430,0.066714,0.529764
trial_4,431,0.081119,1.636868
trial_4,432,0.134218,0.904727
trial_4,433,0.083876,0.563272
trial_4,434,0.150014,1.479046
trial_4,435,1.218327,5.033483
trial_4,436,0.073113,0.566485
trial_4,437,0.639723,1.599110
trial_4,438,0.662668,1.498510
trial_4,439,0.206100,1.368778
trial_4,440,0.392048,1.431649
trial_4,441,0.373616,2.132942
trial_4,442,0.526779,0.734634
trial_4,443,0.052638,0.667852
trial_4,444,0.204198,0.605428
trial_4,445,0.220041,0.723128
trial_4,446,0.102698,0.813075
trial_4,447,0.102273,0.974559
trial_4,448,0.167918,0.550445
trial_4,449,0.098279,1.186180
trial_4,450,0.065561,1.152958
trial_4,451,0.173207,0.751341
trial_4,452,0.189737,0.834855
trial_4,453,0.025574,1.163518
trial_4,454,0.312351,0.737601
trial_4,455,0.037405,0.920975
trial_4,456,0.402784,1.207219
trial_4,457,0.180435,0.435759
trial_4,458,0.044564,0.927159
trial_4,459,0.111086,1.089797
trial_4,460,0.032662,0.665706
trial_4,461,0.182745,0.512260
trial_4,462,0.089013,0.906920
trial_4,463,0.071419,0.869959
trial_4,464,0.023808,0.576265
trial_4,465,0.140397,0.637412
trial_4,466,0.183341,0.419030
trial_4,467,0.014586,0.695993
trial_4,468,0.061701,0.486184
trial_4,469,0.208040,3.221740
trial_4,470,0.395394,0.919744
trial_4,471,0.336334,0.841812
trial_4,472,0.201112,0.837898
trial_4,473,0.493611,1.119775
trial_4,474,0.124491,1.714396
trial_4,475,0.611545,2.662402
trial_4,476,0.248482,2.452388
trial_4,477,0.204180,0.832240
trial_4,478,0.028150,0.615314
trial_4,479,0.060184,0.524292
trial_4,480,0.509943,1.055749
trial_4,481,0.026399,1.449728
trial_4,482,0.163982,1.912940
trial_4,483,0.097165,2.266712
trial_4,484,0.267131,3.480512
trial_4,485,0.130839,0.589129
trial_4,486,0.106833,1.124644
trial_4,487,0.334218,0.902482
trial_4,488,0.059049,1.033087
trial_4,489,0.126335,0.565881
trial_4,490,0.055336,0.954057
trial_4,491,0.071020,0.421002
trial_4,492,0.113976,0.705074
trial_4,493,0.259216,1.191190
trial_4,494,0.154778,0.594657
trial_4,495,0.116559,0.697588
trial_4,496,0.091195,0.550875
trial_4,497,0.229999,0.926420
trial_4,498,0.001289,0.582649
trial_4,499,0.292880,1.630523
trial_4,500,0.085177,1.236062
trial_4,501,0.133184,0.675271
trial_4,502,0.179920,0.648745
trial_4,503,0.034404,0.387477
trial_4,504,0.069037,0.635740
trial_4,505,0.138322,0.826055
trial_4,506,0.215430,0.621479
trial_4,507,0.034713,1.136803
trial_4,508,0.058902,0.637339
trial_4,509,0.364450,2.184832
trial_4,510,0.006449,1.024205
trial_4,511,0.046343,0.590453
trial_4,512,0.750387,6.907288
trial_4,513,0.239602,1.392630
trial_4,514,0.053192,1.830207
trial_4,515,0.517555,5.249019
trial_4,516,0.105821,0.980551
trial_4,517,0.018686,2.500329
trial_4,518,0.040561,0.898646
trial_4,519,0.026663,1.282542
trial_4,520,0.143103,0.621025
trial_4,521,0.132422,0.604365
trial_4,522,0.092125,0.516194
trial_4,523,0.161312,1.667920
trial_4,524,0.169399,0.680791
trial_4,525,0.115492,1.130709
trial_4,526,0.086441,0.694051
trial_4,527,0.030830,0.651872
trial_4,528,0.579171,0.781982
trial_4,529,0.195538,0.490848
trial_4,530,0.016736,0.458734
trial_4,531,0.227049,0.718986
trial_4,532,0.046762,0.509988
trial_4,533,0.068172,0.506228
trial_4,534,0.174912,0.532237
trial_4,535,0.204215,0.851764
trial_4,536,0.416913,1.334455
trial_4,537,0.156026,1.347262
trial_4,538,0.270867,0.737199
trial_4,539,0.071645,0.670547
trial_4,540,0.116605,0.531245
trial_4,541,0.391043,0.611507
trial_4,542,0.272987,1.444780
trial_4,543,0.021620,0.585274
trial_4,544,0.140614,0.405486
trial_4,545,0.126774,1.146480
trial_4,546,0.416800,1.086386
trial_4,547,0.181196,0.938626
trial_4,548,0.062628,0.673798
trial_4,549,0.039108,0.710735
trial_4,550,0.137253,0.824636
trial_4,551,0.274563,0.503854
trial_4,552,0.057832,0.912424
trial_4,553,0.359363,0.864044
trial_4,554,0.100109,1.577122
trial_4,555,0.073060,0.372215
trial_4,556,0.405182,0.688653
trial_4,557,0.131748,1.712271
trial_4,558,0.204366,0.519788
trial_4,559,0.076977,0.624590
trial_4,560,0.211693,0.883970
trial_4,561,0.055425,1.521673
trial_4,562,0.400757,1.015055
trial_4,563,0.168072,1.029269
trial_4,564,0.127841,0.767601
trial_4,565,0.438284,1.328443
trial_4,566,0.121310,0.734595
trial_4,567,0.058636,1.143079
trial_4,568,0.230611,0.693632
trial_4,569,0.015164,0.619654
trial_4,570,0.028353,0.882901
trial_4,571,0.131881,0.846863
trial_4,572,0.129949,0.654819
trial_4,573,0.215702,0.529046
trial_4,574,0.046188,0.313549
trial_4,575,0.292915,1.789834
trial_4,576,0.271102,2.527069
trial_4,577,0.159579,0.485506
trial_4,578,0.123517,1.439731
trial_4,579,0.112475,0.691838
trial_4,580,0.335107,0.626893
trial_4,581,0.334790,0.950097
trial_4,582,0.165234,0.807991
trial_4,583,0.032822,1.091440
trial_4,584,0.009271,0.493226
trial_4,585,0.047706,0.739208
trial_4,586,0.024691,0.572272
trial_4,587,0.047000,0.763751
trial_4,588,0.023925,0.388963
trial_4,589,3.321212,20.491434
trial_4,590,0.137983,1.361196
trial_4,591,0.025940,1.171446
trial_4,592,0.131901,1.759405
trial_4,593,0.243876,0.649428
trial_4,594,0.124370,0.510302
trial_4,595,0.157799,1.091634
trial_4,596,0.059874,0.779374
trial_4,597,0.110996,1.136631
trial_4,598,0.140491,0.583390
trial_4,599,0.065552,0.805682
trial_4,600,0.017846,0.413988
trial_4,601,0.077644,1.442968
trial_4,602,0.320300,1.020441
trial_4,603,0.101160,1.042709
trial_4,604,0.257119,0.651969
trial_4,605,0.143344,0.752433
trial_4,606,0.058914,0.734411
trial_4,607,0.115697,0.763478
trial_4,608,0.124138,0.569542
trial_4,609,0.129836,1.172117
trial_4,610,0.159267,0.849661
trial_4,611,0.259723,0.602576
trial_4,612,0.132012,0.451914
trial_4,613,0.103612,1.304172
trial_4,614,0.181228,1.730094
trial_4,615,0.137366,0.370869
trial_4,616,0.032843,0.656224
trial_4,617,0.111543,0.894022
trial_4,618,0.131453,0.321236
trial_4,619,2.120140,8.395744
trial_4,620,0.141458,0.695307
trial_4,621,0.165147,0.485581
trial_4,622,0.824259,5.836112
trial_4,623,0.098514,0.471845
trial_4,624,0.301204,1.915476
trial_4,625,0.380901,1.109954
trial_4,626,0.172131,0.655094
trial_4,627,0.349322,2.188943
trial_4,628,0.192620,1.195701
trial_4,629,0.048817,0.574463
trial_4,630,0.000354,0.826489
trial_4,631,0.047089,1.041222
trial_4,632,0.434917,1.650943
trial_4,633,0.213532,0.706090
trial_4,634,0.160304,2.404320
trial_4,635,0.168320,2.662968
trial_4,636,0.076491,1.189492
trial_4,637,0.545265,3.005643
trial_4,638,0.098660,0.790139
trial_4,639,0.153247,0.896144
trial_4,640,0.039198,0.596593
trial_4,641,0.545571,1.199495
trial_4,642,0.040757,0.583442
trial_4,643,0.373044,2.851169
trial_4,644,0.331969,2.079768
trial_4,645,0.353082,1.617400
trial_4,646,0.318028,4.565552
trial_4,647,0.162262,4.944177
trial_4,648,0.325901,11.730668
trial_4,649,0.136589,1.057041
trial_4,650,1.277673,4.261354
trial_4,651,0.037739,1.477203
trial_4,652,1.710403,5.006488
trial_4,653,0.219224,0.675018
trial_4,654,0.224184,0.847398
trial_4,655,0.061062,0.572040
trial_4,656,0.183928,1.497647
trial_4,657,0.169726,3.790708
trial_4,658,0.500817,1.788305
trial_4,659,0.179293,1.773970
trial_4,660,0.108228,1.451003
trial_4,661,0.093318,2.504579
trial_4,662,0.326449,1.152576
trial_4,663,0.260301,1.160167
trial_4,664,0.317601,0.861042
trial_4,665,0.116383,1.626804
trial_4,666,0.161119,2.190139
trial_4,667,0.302172,0.989827
trial_4,668,0.007241,0.442506
trial_4,669,0.074353,0.424953
trial_4,670,0.009653,0.462751
trial_4,671,0.062714,1.183333
trial_4,672,0.230782,0.641420
trial_4,673,3.128767,11.574656
trial_4,674,0.037709,0.608545
trial_4,675,0.009648,1.037991
trial_4,676,0.001159,2.071560
trial_4,677,0.059036,0.739834
trial_4,678,0.400059,0.842116
trial_4,679,0.146107,2.248986
trial_4,680,0.129030,0.664534
trial_4,681,0.026512,0.568005
trial_4,682,0.155184,2.412670
trial_4,683,0.126783,0.629194
trial_4,684,0.407561,5.347238
trial_4,685,0.009101,2.903960
trial_4,686,0.042753,0.731284
trial_4,687,0.102311,0.658769
trial_4,688,0.291284,0.543816
trial_4,689,0.401438,1.065745
trial_4,690,0.178559,1.300269
trial_4,691,0.245952,0.599797
trial_4,692,0.019493,0.495971
trial_4,693,0.199492,0.959480
trial_4,694,0.326631,0.996301
trial_4,695,0.122489,0.578296
trial_4,696,0.042739,2.516835
trial_4,697,0.335535,3.487967
trial_4,698,0.124501,0.568951
trial_4,699,0.253088,0.600946
trial_4,700,0.228112,0.829068
trial_4,701,0.014530,1.403796
trial_4,702,0.155751,0.729579
trial_4,703,0.056288,2.165871
trial_4,704,0.084929,0.589122
trial_4,705,0.090837,0.443910
trial_4,706,0.077311,1.300784
trial_4,707,0.101199,0.739865
trial_4,708,0.216532,0.674506
trial_4,709,0.228455,2.588058
trial_4,710,0.023071,2.249050
trial_4,711,0.071082,1.315209
trial_4,712,0.242828,0.800581
trial_4,713,0.576418,2.941995
trial_4,714,0.084047,0.635927
trial_4,715,0.012735,0.630809
trial_4,716,0.119394,1.681403
trial_4,717,0.149223,0.645879
trial_4,718,0.188869,0.952215
trial_4,719,0.322299,0.608902
trial_4,720,0.357983,2.753764
trial_4,721,0.128582,0.646282
trial_4,722,0.317162,0.741119
trial_4,723,0.039760,0.421593
trial_4,724,1.475630,7.204035
trial_4,725,0.191318,3.402629
trial_4,726,0.023186,3.358616
trial_4,727,0.365871,1.541465
trial_4,728,0.376442,0.881463
trial_4,729,0.300252,0.671990
trial_4,730,0.081440,0.736613
trial_4,731,0.022753,0.865713
trial_4,732,0.309006,0.872302
trial_4,733,0.131214,0.657574
trial_4,734,0.201397,0.452849
trial_4,735,0.089069,1.337925
trial_4,736,0.265706,1.441628
trial_4,737,0.182886,1.082688
trial_4,738,0.213451,2.547486
trial_4,739,0.216114,1.035923
trial_4,740,0.051048,0.641171
trial_4,741,0.062374,0.838323
trial_4,742,0.073915,0.785395
trial_4,743,0.953945,3.853603
trial_4,744,0.040471,0.899586
trial_4,745,0.227322,0.667359
trial_4,746,0.145984,0.546409
trial_4,747,0.280371,0.587515
trial_4,748,0.140949,1.025637
trial_4,749,0.112847,1.207226
trial_4,750,0.206960,0.556677
trial_4,751,0.122716,1.613987
trial_4,752,0.348175,0.709572
trial_4,753,0.490776,2.851900
trial_4,754,0.065190,0.523856
trial_4,755,0.238459,0.961611
trial_4,756,0.114676,0.559054
trial_4,757,0.061397,1.108876
trial_4,758,0.138714,1.412598
trial_4,759,0.328029,2.282977
trial_4,760,0.475792,1.602396
trial_4,761,0.441484,1.533572
trial_4,762,0.256211,1.319852
trial_4,763,0.218608,0.835353
trial_4,764,0.194514,1.884867
trial_4,765,0.077483,1.236370
trial_4,766,0.394175,2.348971
trial_4,767,0.168712,1.501965
trial_4,768,0.299087,0.888165
trial_4,769,0.147364,0.846969
trial_4,770,0.807571,8.769783
trial_4,771,0.141386,0.895065
trial_4,772,1.684720,27.510498
trial_4,773,0.089021,1.138726
trial_4,774,0.034440,2.068012
trial_4,775,0.125613,0.835429
trial_4,776,0.461172,2.365094
trial_4,777,0.200115,1.478318
trial_4,778,0.073797,0.730545
trial_4,779,0.513564,1.132281
trial_4,780,0.032692,0.605004
trial_4,781,0.054082,0.931690
trial_4,782,0.011170,1.070466
trial_4,783,0.075749,1.166873
trial_4,784,0.076793,0.629916
trial_4,785,0.079679,0.705174
trial_4,786,0.657704,2.504638
trial_4,787,0.412399,0.705424
trial_4,788,0.839877,6.693777
trial_4,789,0.084187,0.625288
trial_4,790,0.092931,0.892506
trial_4,791,0.435798,0.970849
trial_4,792,0.013103,0.490130
trial_4,793,0.505939,1.137018
trial_4,794,0.954004,3.386287
trial_4,795,0.305255,2.852238
trial_4,796,0.392744,1.276764
trial_4,797,0.004367,0.752511
trial_4,798,0.058525,0.631039
trial_4,799,0.038700,0.559377
trial_4,800,0.161828,0.924494
trial_4,801,0.144307,1.503133
trial_4,802,0.170748,0.943466
trial_4,803,0.107924,0.475712
trial_4,804,0.096285,0.744323
trial_4,805,0.224141,1.068171
trial_4,806,0.547016,3.785396
trial_4,807,0.230961,0.745221
trial_4,808,0.276929,0.502895
trial_4,809,0.089006,0.554261
trial_4,810,0.132095,0.768557
trial_4,811,0.191091,0.956272
trial_4,812,0.003635,2.488827
trial_4,813,0.047604,6.480069
trial_4,814,0.102196,8.240009
trial_4,815,0.009579,0.788924
trial_4,816,0.359197,1.056876
trial_4,817,0.295711,0.766347
trial_4,818,0.319642,2.971664
trial_4,819,0.269198,3.742022
trial_4,820,1.514160,10.648450
trial_4,821,0.196538,1.105011
trial_4,822,0.137751,1.503380
trial_4,823,0.184792,1.246594
trial_4,824,0.190537,0.668267
trial_4,825,0.220877,1.787749
trial_4,826,0.845316,8.473976
trial_4,827,0.199100,2.867462
trial_4,828,0.012374,0.984866
trial_4,829,0.040711,1.168811
trial_4,830,0.451812,0.908762
trial_4,831,0.253543,2.068919
trial_4,832,0.172540,1.093559
trial_4,833,0.043912,1.597730
trial_4,834,0.417310,1.741029
trial_4,835,0.013305,1.158761
trial_4,836,0.181999,0.545126
trial_4,837,0.257392,3.373406
trial_4,838,0.211795,1.312916
trial_4,839,0.113281,1.403722
trial_4,840,0.049478,1.228161
trial_4,841,0.316919,4.994678
trial_4,842,0.069519,0.737647
trial_4,843,0.353011,1.933066
trial_4,844,0.173302,0.582146
trial_4,845,0.358038,0.777260
trial_4,846,0.354528,0.701656
trial_4,847,0.290434,1.193401
trial_4,848,0.087985,2.220022
trial_4,849,0.305181,0.569264
trial_4,850,0.073808,1.247689
trial_4,851,0.089778,1.052129
trial_4,852,0.231512,2.168072
trial_4,853,0.581499,0.772328
trial_4,854,0.083093,0.576997
trial_4,855,0.131962,0.719243
trial_4,856,0.291478,3.342695
trial_4,857,0.430323,2.365257
trial_4,858,0.068123,0.667792
trial_4,859,0.191526,0.963997
trial_4,860,0.568980,0.902866
trial_4,861,0.058428,0.530597
trial_4,862,0.158342,0.677563
trial_4,863,0.168887,0.838211
trial_4,864,0.110129,0.791190
trial_4,865,0.146352,0.661744
trial_4,866,0.011571,1.876472
trial_4,867,0.146189,0.757588
trial_4,868,0.150717,1.684401
trial_4,869,0.573208,3.749547
trial_4,870,0.015329,0.904025
trial_4,871,0.476442,1.739393
trial_4,872,0.352793,3.564763
trial_4,873,0.094249,0.646386
trial_4,874,0.131471,0.545483
trial_4,875,0.193895,0.963280
trial_4,876,0.030741,1.007912
trial_4,877,0.132700,0.665394
trial_4,878,0.189140,0.694399
trial_4,879,0.003775,0.487083
trial_4,880,0.337581,2.199634
trial_4,881,0.094208,0.612221
trial_4,882,0.299791,0.673730
trial_4,883,0.178759,0.638102
trial_4,884,0.391879,2.390285
trial_4,885,0.069523,0.536046
trial_4,886,0.059259,0.543801
trial_4,887,0.594084,7.133292
trial_4,888,0.008297,1.261027
trial_4,889,0.074918,0.717996
trial_4,890,0.570096,1.650599
trial_4,891,0.161542,1.176945
trial_4,892,0.033923,0.731316
trial_4,893,0.362201,2.269424
trial_4,894,0.730228,2.130460
trial_4,895,0.156637,1.169584
trial_4,896,0.226681,1.221917
trial_4,897,0.015991,0.991220
trial_4,898,0.023293,1.281057
trial_4,899,0.198267,1.224356
trial_4,900,0.211884,0.871765
trial_4,901,0.268541,0.628400
trial_4,902,0.124530,2.293167
trial_4,903,0.222535,0.661890
trial_4,904,0.009194,0.629390
trial_4,905,0.060228,1.107975
trial_4,906,0.117378,0.721835
trial_4,907,0.079586,0.736986
trial_4,908,0.052831,0.475445
trial_4,909,0.483951,3.937627
trial_4,910,0.158341,0.628923
trial_4,911,0.161514,0.515354
trial_4,912,0.295528,0.913909
trial_4,913,0.170347,1.720028
trial_4,914,0.045712,0.768264
trial_4,915,0.208091,0.945104
trial_4,916,0.026346,0.862280
trial_4,917,0.094153,0.814317
trial_4,918,0.303832,1.115439
trial_4,919,0.815089,3.836829
trial_4,920,0.020041,1.212103
trial_4,921,0.075111,0.558046
trial_4,922,0.087667,0.703084
trial_4,923,0.098772,1.302860
trial_4,924,0.322720,5.660290
trial_4,925,0.460772,4.895482
trial_4,926,0.008428,1.364518
trial_4,927,0.069115,0.810347
trial_4,928,0.014984,1.920626
trial_4,929,0.267228,0.907570
trial_4,930,0.083609,0.916763
trial_4,931,0.255860,5.710270
trial_4,932,0.181765,0.980479
trial_4,933,0.948190,3.217059
trial_4,934,0.782090,2.050177
trial_4,935,0.065252,0.912103
trial_4,936,0.601454,3.543556
trial_4,937,0.243527,1.348638
trial_4,938,0.175464,0.643101
trial_4,939,0.149589,1.502942
trial_4,940,0.502484,1.152347
trial_4,941,0.172595,0.907058
trial_4,942,0.235578,0.744984
trial_4,943,0.271496,1.170643
trial_4,944,0.274655,0.722666
trial_4,945,0.158038,0.808309
trial_4,946,0.008375,0.637252
trial_4,947,0.226845,0.802761
trial_4,948,0.298719,1.459123
trial_4,949,0.183189,4.596085
trial_4,950,0.249541,0.695068
trial_4,951,0.199713,0.576954
trial_4,952,0.187983,0.866599
trial_4,953,0.174346,0.848133
trial_4,954,0.088134,0.877884
trial_4,955,0.051839,1.305462
trial_4,956,0.095176,1.223929
trial_4,957,1.311154,6.377030
trial_4,958,0.116657,2.168661
trial_4,959,0.668583,2.033737
trial_4,960,0.265249,2.801001
trial_4,961,0.193356,2.023929
trial_4,962,0.443802,12.985216
trial_4,963,0.466437,2.226940
trial_4,964,0.035021,0.821505
trial_4,965,0.092294,1.058609
trial_4,966,0.313038,1.744527
trial_4,967,0.183785,1.913851
trial_4,968,0.117619,0.844213
trial_4,969,0.162383,0.891458
trial_4,970,0.087277,1.075419
trial_4,971,0.167111,0.626474
trial_4,972,0.700036,2.324133
trial_4,973,0.017396,0.670076
trial_4,974,0.363542,2.848606
trial_4,975,0.118546,1.909901
trial_4,976,0.071370,1.291847
trial_4,977,0.211356,0.813067
trial_4,978,0.367201,0.940032
trial_4,979,0.082623,0.647498
trial_4,980,0.234483,0.652236
trial_4,981,0.090623,1.610969
trial_4,982,0.094968,1.932067
trial_4,983,0.153074,0.727133
trial_4,984,0.005708,0.913154
trial_4,985,0.427532,1.435507
trial_4,986,0.138224,0.966937
trial_4,987,0.196039,0.853761
trial_4,988,0.589152,5.686279
trial_4,989,0.022229,0.761949
trial_4,990,0.136092,1.462896
trial_4,991,0.220877,1.271688
trial_4,992,0.132113,2.185000
trial_4,993,0.213332,1.237024
trial_4,994,0.021153,1.020659
trial_4,995,0.038481,0.784376
trial_4,996,0.040530,0.428554
trial_4,997,0.963366,6.744871
trial_4,998,0.377012,0.869246
trial_4,999,0.089813,0.554050
trial_4,1000,0.469378,1.446217
trial_5,1,0.061352,0.517041
trial_5,2,0.052488,0.514816
trial_5,3,0.119947,0.575939
trial_5,4,0.271886,0.726727
trial_5,5,0.046203,1.134946
trial_5,6,0.066055,0.697149
trial_5,7,0.206502,0.635463
trial_5,8,0.066458,0.770040
trial_5,9,0.494449,3.488583
trial_5,10,0.071206,1.657945
trial_5,11,0.038185,0.988987
trial_5,12,0.367858,0.961165
trial_5,13,1.100149,6.018794
trial_5,14,0.126850,0.879993
trial_5,15,0.051379,0.640710
trial_5,16,0.155753,0.631727
trial_5,17,0.378387,1.211966
trial_5,18,0.272948,0.944240
trial_5,19,0.180407,0.812963
trial_5,20,0.151911,0.585553
trial_5,21,0.346812,2.310204
trial_5,22,0.006333,0.659561
trial_5,23,0.522712,1.394523
trial_5,24,0.259998,1.672629
trial_5,25,0.008997,0.932042
trial_5,26,0.185392,2.709346
trial_5,27,0.115150,0.956003
trial_5,28,1.134901,9.018050
trial_5,29,0.030422,1.103259
trial_5,30,0.105633,0.853942
trial_5,31,0.119252,0.764549
trial_5,32,0.019610,0.546639
trial_5,33,0.044505,0.958259
trial_5,34,0.808047,10.805781
trial_5,35,0.034226,1.909693
trial_5,36,0.484705,1.971751
trial_5,37,0.297523,2.190903
trial_5,38,0.158459,1.156145
trial_5,39,0.446585,1.341659
trial_5,40,0.233642,1.487841
trial_5,41,0.071712,0.700895
trial_5,42,0.055044,0.618467
trial_5,43,0.371849,0.826438
trial_5,44,0.060107,0.688980
trial_5,45,0.246502,1.185697
trial_5,46,0.167199,1.029456
trial_5,47,0.106055,1.048418
trial_5,48,0.144667,0.855625
trial_5,49,0.116000,0.877636
trial_5,50,0.415567,1.109181
trial_5,51,0.262832,0.729141
trial_5,52,0.219719,0.724498
trial_5,53,0.309999,2.796534
trial_5,54,0.228981,1.899010
trial_5,55,0.353231,0.861023
trial_5,56,0.010782,0.598632
trial_5,57,0.272843,0.680595
trial_5,58,0.197749,0.894163
trial_5,59,0.109008,0.563688
trial_5,60,0.476314,5.221888
trial_5,61,0.037173,0.633751
trial_5,62,0.189349,0.813653
trial_5,63,0.154882,0.893870
trial_5,64,0.100841,0.716236
trial_5,65,0.036025,1.662801
trial_5,66,0.149701,0.724719
trial_5,67,0.271242,0.632000
trial_5,68,1.516746,5.377840
trial_5,69,0.281176,0.747372
trial_5,70,0.141557,0.649524
trial_5,71,0.014659,1.851831
trial_5,72,0.081846,0.697229
trial_5,73,0.049542,0.441128
trial_5,74,0.035605,0.558856
trial_5,75,0.231558,0.462731
trial_5,76,0.452347,1.385831
trial_5,77,0.071705,0.602414
trial_5,78,0.338817,0.594196
trial_5,79,0.277197,0.554164
trial_5,80,0.087066,0.575664
trial_5,81,0.485124,2.741042
trial_5,82,0.033234,2.645448
trial_5,83,0.615665,1.125938
trial_5,84,0.984436,7.161708
trial_5,85,1.354214,6.265686
trial_5,86,0.328460,3.572788
trial_5,87,0.221626,1.035634
trial_5,88,0.118315,0.794024
trial_5,89,0.046964,1.021638
trial_5,90,0.137068,0.879814
trial_5,91,0.031349,0.881702
trial_5,92,0.275054,1.220542
trial_5,93,0.104050,2.641688
trial_5,94,0.319344,0.825961
trial_5,95,0.132373,0.689659
trial_5,96,0.083439,0.823470
trial_5,97,0.218243,0.797086
trial_5,98,0.323140,3.253498
trial_5,99,0.408284,0.988694
trial_5,100,0.014563,0.680353
trial_5,101,0.059009,0.916311
trial_5,102,0.218056,1.210386
trial_5,103,0.397313,0.882765
trial_5,104,0.247770,0.663580
trial_5,105,0.195381,0.763831
trial_5,106,0.006213,0.813736
trial_5,107,0.159122,0.549192
trial_5,108,1.364955,6.885478
trial_5,109,0.370757,1.378585
trial_5,110,0.009444,1.943361
trial_5,111,0.175820,1.247741
trial_5,112,0.198117,1.610485
trial_5,113,0.254116,1.922830
trial_5,114,0.171795,0.715365
trial_5,115,0.406788,2.440333
trial_5,116,0.324207,0.591244
trial_5,117,0.239188,0.810203
trial_5,118,0.009538,0.716849
trial_5,119,0.034936,2.840479
trial_5,120,0.601243,2.256100
trial_5,121,0.277970,0.867772
trial_5,122,0.017322,0.500891
trial_5,123,0.226306,0.858735
trial_5,124,0.410270,2.098557
trial_5,125,0.047116,0.819462
trial_5,126,0.460083,4.007342
trial_5,127,0.439557,1.088161
trial_5,128,0.282296,0.665849
trial_5,129,0.056380,1.709780
trial_5,130,1.292371,4.970107
trial_5,131,0.042872,0.662051
trial_5,132,0.264477,1.468158
trial_5,133,0.315575,6.306593
trial_5,134,0.048727,1.305691
trial_5,135,0.226793,0.787324
trial_5,136,0.203900,0.994997
trial_5,137,0.408242,3.034710
trial_5,138,0.010486,0.597208
trial_5,139,0.219805,0.582149
trial_5,140,0.079272,0.504552
trial_5,141,0.116427,0.964019
trial_5,142,0.031759,1.275605
trial_5,143,0.021682,4.752666
trial_5,144,0.082827,0.919237
trial_5,145,0.496977,0.772262
trial_5,146,0.109827,1.190955
trial_5,147,0.128727,2.213528
trial_5,148,0.095879,1.026919
trial_5,149,0.085882,3.739997
trial_5,150,0.071038,1.046033
trial_5,151,0.051583,1.046536
trial_5,152,0.388906,1.416627
trial_5,153,0.333112,1.306896
trial_5,154,0.070987,1.150614
trial_5,155,0.082676,1.027394
trial_5,156,0.351629,0.773503
trial_5,157,0.213465,2.756816
trial_5,158,0.315388,2.020923
trial_5,159,0.130973,0.657422
trial_5,160,0.284060,1.104861
trial_5,161,0.154907,0.835610
trial_5,162,0.172078,0.533075
trial_5,163,0.232827,0.914664
trial_5,164,0.155698,0.592586
trial_5,165,0.170986,0.967545
trial_5,166,0.162562,1.825088
trial_5,167,0.165760,0.623242
trial_5,168,0.057420,0.774955
trial_5,169,0.054781,0.500644
trial_5,170,0.045663,0.858515
trial_5,171,0.244929,1.118840
trial_5,172,0.165010,0.734108
trial_5,173,0.103100,0.480925
trial_5,174,0.026810,0.806145
trial_5,175,0.184740,0.551188
trial_5,176,0.199247,0.709925
trial_5,177,0.288146,1.542947
trial_5,178,0.323337,0.699050
trial_5,179,0.063179,0.680967
trial_5,180,0.293685,2.935336
trial_5,181,0.537011,3.262545
trial_5,182,0.193378,0.701707
trial_5,183,0.107527,0.575556
trial_5,184,0.464729,2.159528
trial_5,185,0.313725,0.894004
trial_5,186,0.058748,0.652949
trial_5,187,0.330171,1.445284
trial_5,188,0.248786,0.743472
trial_5,189,0.290224,1.227578
trial_5,190,0.056816,0.636554
trial_5,191,0.052053,0.563514
trial_5,192,0.008359,0.690469
trial_5,193,0.204547,0.817599
trial_5,194,0.078634,0.578833
trial_5,195,0.161464,0.708960
trial_5,196,0.175775,0.838568
trial_5,197,0.147613,0.649884
trial_5,198,0.248742,0.742045
trial_5,199,0.234455,1.563590
trial_5,200,0.517009,0.960221
trial_5,201,0.123225,0.838262
trial_5,202,0.168299,0.464521
trial_5,203,0.004605,0.452479
trial_5,204,0.287112,1.044609
trial_5,205,0.033489,1.419035
trial_5,206,0.323280,0.570654
trial_5,207,0.016514,0.483110
trial_5,208,0.157231,0.579242
trial_5,209,0.108843,4.094733
trial_5,210,0.237706,4.931577
trial_5,211,0.173689,1.896423
trial_5,212,0.009942,0.793461
trial_5,213,0.038474,0.603367
trial_5,214,0.069076,0.602649
trial_5,215,0.020775,0.705209
trial_5,216,0.130392,0.578170
trial_5,217,0.048801,0.709326
trial_5,218,0.112316,2.197697
trial_5,219,3.266781,17.666495
trial_5,220,0.387721,3.486896
trial_5,221,0.332521,0.919194
trial_5,222,0.301457,0.737856
trial_5,223,0.373191,0.885831
trial_5,224,0.343804,0.623022
trial_5,225,0.072093,1.552795
trial_5,226,0.326189,1.353568
trial_5,227,0.168564,0.598506
trial_5,228,0.097048,0.785439
trial_5,229,0.264356,2.190275
trial_5,230,0.252332,1.228538
trial_5,231,0.367587,2.000486
trial_5,232,0.240956,1.182111
trial_5,233,0.142256,1.145136
trial_5,234,0.106030,0.595300
trial_5,235,0.257172,1.472539
trial_5,236,0.235406,0.781922
trial_5,237,0.403520,1.684236
trial_5,238,0.092510,0.806648
trial_5,239,0.008786,0.755775
trial_5,240,0.001421,1.179367
trial_5,241,0.339269,0.722417
trial_5,242,0.075225,0.433580
trial_5,243,0.021629,1.156071
trial_5,244,0.139106,2.104148
trial_5,245,1.474129,5.920390
trial_5,246,0.233941,1.263694
trial_5,247,0.062171,0.730087
trial_5,248,0.121547,0.593605
trial_5,249,0.513669,1.270547
trial_5,250,0.287202,0.989075
trial_5,251,0.181274,0.678649
trial_5,252,0.076429,0.628011
trial_5,253,0.066264,0.827553
trial_5,254,0.033867,6.434662
trial_5,255,2.343680,10.059917
trial_5,256,0.195158,1.189358
trial_5,257,0.020134,2.263210
trial_5,258,0.221527,0.873599
trial_5,259,0.165498,0.781719
trial_5,260,0.004599,0.596788
trial_5,261,0.509169,1.159794
trial_5,262,0.082760,1.431889
trial_5,263,0.106575,0.794225
trial_5,264,0.042086,0.782614
trial_5,265,0.120223,0.888670
trial_5,266,0.085262,0.756688
trial_5,267,0.004210,2.217600
trial_5,268,0.180234,0.625223
trial_5,269,0.060701,0.916074
trial_5,270,0.050155,0.465269
trial_5,271,0.123355,0.787858
trial_5,272,0.395896,0.734885
trial_5,273,0.003919,0.761837
trial_5,274,0.205281,0.542746
trial_5,275,0.085258,0.678838
trial_5,276,0.059842,3.248504
trial_5,277,0.318448,1.588744
trial_5,278,0.033949,0.644382
trial_5,279,0.336104,0.617412
trial_5,280,0.615427,1.786592
trial_5,281,0.161878,3.197662
trial_5,282,1.161129,4.437732
trial_5,283,0.357805,1.907135
trial_5,284,0.049130,0.875641
trial_5,285,0.156478,0.600544
trial_5,286,0.015892,1.274520
trial_5,287,0.000158,1.013817
trial_5,288,0.104741,1.826072
trial_5,289,0.125568,0.728695
trial_5,290,0.004694,0.863479
trial_5,291,0.015610,0.877255
trial_5,292,0.355385,1.753077
trial_5,293,0.226384,1.494743
trial_5,294,0.076214,0.584316
trial_5,295,0.012412,0.710947
trial_5,296,0.377848,1.717618
trial_5,297,0.011583,0.648444
trial_5,298,0.023893,0.728130
trial_5,299,0.308650,0.484500
trial_5,300,0.214708,0.487521
trial_5,301,0.041241,0.616072
trial_5,302,0.079456,1.140185
trial_5,303,0.259977,1.185571
trial_5,304,0.020856,0.411379
trial_5,305,0.324463,0.884699
trial_5,306,0.102288,0.672872
trial_5,307,0.121626,0.953242
trial_5,308,0.596736,4.307953
trial_5,309,0.274900,0.885186
trial_5,310,0.002127,3.270497
trial_5,311,0.272517,2.299226
trial_5,312,0.452540,4.448756
trial_5,313,0.243893,1.095625
trial_5,314,0.159921,1.184870
trial_5,315,0.034607,1.024212
trial_5,316,0.192250,1.351730
trial_5,317,0.137876,0.770430
trial_5,318,0.222044,0.826846
trial_5,319,0.012212,0.985151
trial_5,320,0.161684,2.814948
trial_5,321,0.589140,3.330380
trial_5,322,0.092605,1.010759
trial_5,323,0.216745,1.733992
trial_5,324,0.316299,0.747504
trial_5,325,0.209799,0.589328
trial_5,326,0.095115,0.669653
trial_5,327,0.092604,0.946720
trial_5,328,0.391646,1.006135
trial_5,329,0.659924,4.512694
trial_5,330,0.897831,2.900782
trial_5,331,0.114826,1.284732
trial_5,332,0.300943,1.019948
trial_5,333,0.260236,1.848976
trial_5,334,0.312751,0.650584
trial_5,335,0.176670,1.071131
trial_5,336,0.152242,0.881606
trial_5,337,0.091703,1.000447
trial_5,338,0.055551,2.160509
trial_5,339,0.312411,0.898251
trial_5,340,0.151699,0.458678
trial_5,341,1.199102,7.784596
trial_5,342,0.264823,0.957483
trial_5,343,0.168967,1.435375
trial_5,344,0.522124,3.152025
trial_5,345,3.119340,14.789535
trial_5,346,0.470420,6.111222
trial_5,347,0.161021,1.251012
trial_5,348,0.742148,4.490615
trial_5,349,0.109594,1.006120
trial_5,350,0.351362,2.688165
trial_5,351,1.111458,5.064534
trial_5,352,0.171176,1.451471
trial_5,353,0.110265,1.317082
trial_5,354,0.140430,2.272900
trial_5,355,0.132269,0.737042
trial_5,356,0.301563,0.775805
trial_5,357,0.307443,3.092902
trial_5,358,0.005780,0.801084
trial_5,359,0.080513,0.809826
trial_5,360,0.038302,0.668501
trial_5,361,0.051701,2.977818
trial_5,362,0.637733,5.497037
trial_5,363,0.245174,1.289482
trial_5,364,0.220979,0.609485
trial_5,365,0.149894,0.618974
trial_5,366,0.379746,1.294619
trial_5,367,0.094175,0.702622
trial_5,368,0.116189,0.611423
trial_5,369,0.070883,0.580778
trial_5,370,0.102319,2.680937
trial_5,371,0.241795,0.956908
trial_5,372,0.031533,0.654415
trial_5,373,0.510102,1.688592
trial_5,374,0.364321,3.929070
trial_5,375,0.090161,0.707467
trial_5,376,0.117806,0.852629
trial_5,377,0.021847,0.777231
trial_5,378,0.142249,0.544094
trial_5,379,0.384438,0.632449
trial_5,380,0.049648,1.094545
trial_5,381,0.191498,0.585456
trial_5,382,0.272075,0.641749
trial_5,383,0.696742,2.565885
trial_5,384,0.259278,0.538996
trial_5,385,0.282071,1.838559
trial_5,386,0.017538,4.553810
trial_5,387,1.346128,7.274481
trial_5,388,0.139783,0.791172
trial_5,389,0.306339,0.855787
trial_5,390,0.179426,1.229001
trial_5,391,0.025073,1.366150
trial_5,392,0.083065,1.601781
trial_5,393,0.393833,1.913148
trial_5,394,0.163732,1.454146
trial_5,395,0.208312,0.737889
trial_5,396,0.143547,0.450233
trial_5,397,0.078757,0.460020
trial_5,398,0.204726,0.830791
trial_5,399,0.108100,0.827833
trial_5,400,0.323426,0.898563
trial_5,401,0.246533,1.168311
trial_5,402,0.629044,2.753734
trial_5,403,0.066963,0.688122
trial_5,404,0.355650,0.625204
trial_5,405,0.186911,0.730288
trial_5,406,0.030345,0.624428
trial_5,407,0.070678,0.416180
trial_5,408,0.078652,0.730607
trial_5,409,0.080629,0.926261
trial_5,410,0.245701,0.961729
trial_5,411,0.565949,2.207065
trial_5,412,0.212449,0.574714
trial_5,413,0.195997,1.864071
trial_5,414,0.375310,0.849213
trial_5,415,0.070699,1.084778
trial_5,416,1.408982,6.910265
trial_5,417,0.076851,1.020759
trial_5,418,0.260384,0.803679
trial_5,419,0.172706,2.203797
trial_5,420,0.014672,0.943187
trial_5,421,0.040026,0.708233
trial_5,422,0.119608,1.595110
trial_5,423,0.044634,0.754714
trial_5,424,0.066903,0.614680
trial_5,425,0.058186,0.758099
trial_5,426,0.444929,0.623054
trial_5,427,0.150349,0.910808
trial_5,428,0.346491,1.463081
trial_5,429,0.055245,0.900127
trial_5,430,0.026732,0.577314
trial_5,431,0.108731,1.295510
trial_5,432,0.019308,0.850943
trial_5,433,0.040548,0.512831
trial_5,434,0.043898,1.442980
trial_5,435,2.782431,12.195519
trial_5,436,0.050065,0.681371
trial_5,437,0.489387,1.588688
trial_5,438,0.928759,2.409485
trial_5,439,0.505038,1.934723
trial_5,440,0.317079,2.740565
trial_5,441,1.166764,3.794742
trial_5,442,0.080330,0.621695
trial_5,443,0.089164,0.672644
trial_5,444,0.175636,0.680495
trial_5,445,0.388443,1.182700
trial_5,446,0.037191,1.083248
trial_5,447,0.083050,1.355718
trial_5,448,0.068666,0.622480
trial_5,449,0.159456,1.511481
trial_5,450,0.107802,1.030559
trial_5,451,0.059722,1.079840
trial_5,452,0.268169,0.861025
trial_5,453,0.104001,1.133352
trial_5,454,0.207604,0.723761
trial_5,455,0.067567,0.873059
trial_5,456,0.234667,1.185854
trial_5,457,0.095831,0.434626
trial_5,458,0.195663,0.721887
trial_5,459,0.620214,1.211171
trial_5,460,0.065307,0.709171
trial_5,461,0.104196,0.536658
trial_5,462,0.052807,1.428216
trial_5,463,0.102812,0.872361
trial_5,464,0.060121,0.552516
trial_5,465,0.167952,1.033513
trial_5,466,0.068192,0.478663
trial_5,467,0.045307,0.929445
trial_5,468,0.093284,0.575303
trial_5,469,0.342651,4.689875
trial_5,470,0.039756,0.715657
trial_5,471,0.495590,0.908687
trial_5,472,0.341009,1.452860
trial_5,473,0.016364,0.775907
trial_5,474,0.189216,3.877801
trial_5,475,0.866648,7.493670
trial_5,476,0.200933,5.983827
trial_5,477,0.189843,0.875735
trial_5,478,0.021400,0.623862
trial_5,479,0.047430,0.502775
trial_5,480,0.432418,0.939022
trial_5,481,0.654186,3.270289
trial_5,482,0.205604,1.462039
trial_5,483,0.103791,2.598270
trial_5,484,0.302388,3.101694
trial_5,485,0.205310,0.520896
trial_5,486,0.046242,0.919089
trial_5,487,0.092287,0.762132
trial_5,488,0.202355,0.758683
trial_5,489,0.041695,0.553559
trial_5,490,0.154186,0.923610
trial_5,491,0.048333,0.436838
trial_5,492,0.014632,0.721065
trial_5,493,0.237274,1.063290
trial_5,494,0.187689,0.714205
trial_5,495,0.139840,0.918053
trial_5,496,0.083786,0.566877
trial_5,497,0.175383,0.922985
trial_5,498,0.082179,0.537047
trial_5,499,0.388844,1.380508
trial_5,500,0.647116,2.749661
trial_5,501,0.047899,0.507927
trial_5,502,0.181165,0.613613
trial_5,503,0.089348,0.440477
trial_5,504,0.082209,0.693908
trial_5,505,0.069583,0.987045
trial_5,506,0.157262,0.517679
trial_5,507,0.400445,2.630434
trial_5,508,0.145142,0.785337
trial_5,509,0.218204,2.059925
trial_5,510,0.136605,1.113495
trial_5,511,0.171007,0.611829
trial_5,512,0.611609,6.341012
trial_5,513,0.094822,1.262868
trial_5,514,0.009767,1.865665
trial_5,515,1.106845,11.183936
trial_5,516,0.045773,1.271358
trial_5,517,0.889376,5.458315
trial_5,518,0.071054,1.048424
trial_5,519,0.057393,1.186775
trial_5,520,0.066957,0.617039
trial_5,521,0.032551,0.562624
trial_5,522,0.191013,0.523950
trial_5,523,0.391216,2.268989
trial_5,524,0.195333,0.770398
trial_5,525,0.008613,1.516115
trial_5,526,0.091285,0.681333
trial_5,527,0.072342,0.776225
trial_5,528,0.063979,1.064208
trial_5,529,0.012416,0.774628
trial_5,530,0.220248,0.537956
trial_5,531,0.113610,1.089472
trial_5,532,0.240089,0.771639
trial_5,533,0.150412,0.554193
trial_5,534,0.064456,0.653179
trial_5,535,0.044107,1.201580
trial_5,536,0.216710,1.590545
trial_5,537,0.183938,1.779435
trial_5,538,0.039023,0.711938
trial_5,539,0.270504,1.608426
trial_5,540,0.071593,0.694470
trial_5,541,0.317076,0.716182
trial_5,542,0.032436,2.376162
trial_5,543,0.059142,1.132220
trial_5,544,0.196649,0.653858
trial_5,545,0.276907,1.417805
trial_5,546,0.215447,1.178055
trial_5,547,0.180023,0.981389
trial_5,548,0.313405,0.813476
trial_5,549,0.151904,0.705784
trial_5,550,0.046145,0.953756
trial_5,551,0.252150,0.616730
trial_5,552,0.234717,1.111729
trial_5,553,0.081322,0.854451
trial_5,554,0.479442,2.585967
trial_5,555,0.141404,0.467870
trial_5,556,0.280470,0.623438
trial_5,557,0.096793,1.048514
trial_5,558,0.118083,0.601304
trial_5,559,0.145301,0.634404
trial_5,560,0.079772,0.920306
trial_5,561,0.005862,1.383923
trial_5,562,0.339397,1.008682
trial_5,563,0.236198,1.042773
trial_5,564,0.090888,1.070049
trial_5,565,0.012964,1.370713
trial_5,566,0.154239,0.860163
trial_5,567,0.029497,1.267240
trial_5,568,0.354344,0.807954
trial_5,569,0.059446,0.639009
trial_5,570,0.098189,1.318808
trial_5,571,0.032620,0.512138
trial_5,572,0.090692,0.496309
trial_5,573,0.439336,0.628246
trial_5,574,0.024415,0.408891
trial_5,575,0.287870,1.937121
trial_5,576,0.059529,4.145268
trial_5,577,0.035425,0.496568
trial_5,578,0.027569,2.004387
trial_5,579,0.164048,0.694700
trial_5,580,0.082442,0.449605
trial_5,581,0.121504,0.835541
trial_5,582,0.003733,0.700276
trial_5,583,0.038710,1.361029
trial_5,584,0.023543,0.568901
trial_5,585,0.002947,0.729277
trial_5,586,0.031160,0.538418
trial_5,587,0.115171,0.822222
trial_5,588,0.163217,0.460447
trial_5,589,3.362063,19.990470
trial_5,590,0.022331,1.282098
trial_5,591,0.080445,0.967660
trial_5,592,0.127645,1.211496
trial_5,593,0.178276,0.684061
trial_5,594,0.264124,0.556875
trial_5,595,0.647807,3.008761
trial_5,596,0.107772,0.679184
trial_5,597,0.038402,1.037395
trial_5,598,0.166459,0.677574
trial_5,599,0.188679,0.731104
trial_5,600,0.182520,0.441153
trial_5,601,0.206076,2.037815
trial_5,602,0.179066,1.022659
trial_5,603,0.049453,1.026720
trial_5,604,0.113027,0.451852
trial_5,605,0.030552,0.791892
trial_5,606,0.216420,0.649551
trial_5,607,0.167207,0.871836
trial_5,608,0.018578,0.561763
trial_5,609,0.148305,0.989598
trial_5,610,0.285293,0.931364
trial_5,611,0.055458,0.559427
trial_5,612,0.003650,0.425890
trial_5,613,0.254771,0.878303
trial_5,614,0.109511,2.338666
trial_5,615,0.092554,0.409281
trial_5,616,0.252980,0.614662
trial_5,617,0.066991,0.845451
trial_5,618,0.146780,0.462061
trial_5,619,1.622662,5.785168
trial_5,620,0.061089,0.732851
trial_5,621,0.152662,0.551142
trial_5,622,0.349411,5.701658
trial_5,623,0.015007,0.549048
trial_5,624,0.319579,2.824616
trial_5,625,0.344999,1.293064
trial_5,626,0.285595,0.830978
trial_5,627,0.561290,2.984164
trial_5,628,0.139056,1.541635
trial_5,629,0.129498,0.644563
trial_5,630,0.144815,0.948419
trial_5,631,0.351630,1.494377
trial_5,632,0.401888,1.613354
trial_5,633,0.137680,0.687514
trial_5,634,0.305363,2.346508
trial_5,635,0.083262,2.502362
trial_5,636,0.010866,1.137998
trial_5,637,0.368260,2.621684
trial_5,638,0.049968,0.742579
trial_5,639,0.040192,0.916411
trial_5,640,0.256433,0.505088
trial_5,641,0.319800,0.964448
trial_5,642,0.173554,0.588621
trial_5,643,0.077348,1.667830
trial_5,644,0.124757,2.173860
trial_5,645,0.172609,1.444300
trial_5,646,0.517471,4.446119
trial_5,647,0.304223,4.252418
trial_5,648,0.133262,6.044108
trial_5,649,0.215589,1.073457
trial_5,650,0.996505,3.710403
trial_5,651,0.477477,1.728838
trial_5,652,0.264332,3.563437
trial_5,653,0.012109,0.955040
trial_5,654,0.031523,0.799374
trial_5,655,0.065592,0.700129
trial_5,656,0.019082,2.159679
trial_5,657,0.585521,3.309258
trial_5,658,0.379033,1.696993
trial_5,659,0.022034,1.431999
trial_5,660,0.165659,1.337347
trial_5,661,0.038580,2.146207
trial_5,662,0.162536,1.031001
trial_5,663,0.080013,0.969526
trial_5,664,0.259487,0.751696
trial_5,665,0.113887,1.649208
trial_5,666,0.340892,1.807350
trial_5,667,0.028129,0.933058
trial_5,668,0.373490,0.593421
trial_5,669,0.094600,0.414881
trial_5,670,0.037093,0.467887
trial_5,671,0.009799,0.836212
trial_5,672,0.355195,0.727627
trial_5,673,2.009675,9.031882
trial_5,674,0.140778,0.756366
trial_5,675,0.257303,0.983264
trial_5,676,0.174920,1.919799
trial_5,677,0.060261,0.840405
trial_5,678,0.309291,1.013788
trial_5,679,0.427322,4.061059
trial_5,680,0.153709,0.561889
trial_5,681,0.022846,0.495629
trial_5,682,0.307649,2.333297
trial_5,683,0.119112,0.626809
trial_5,684,0.135079,3.872807
trial_5,685,0.193928,3.132213
trial_5,686,0.352408,0.721676
trial_5,687,0.083295,0.619831
trial_5,688,0.045780,0.551791
trial_5,689,0.373766,0.948997
trial_5,690,0.101540,1.231184
trial_5,691,0.421533,0.660346
trial_5,692,0.117613,0.450366
trial_5,693,0.246117,0.794267
trial_5,694,0.457181,1.000054
trial_5,695,0.001156,0.600440
trial_5,696,0.128968,1.859918
trial_5,697,0.067813,2.487535
trial_5,698,0.228528,0.605525
trial_5,699,0.239721,0.672023
trial_5,700,0.092039,0.763490
trial_5,701,0.210995,1.064314
trial_5,702,0.290918,0.721993
trial_5,703,0.159079,1.783682
trial_5,704,0.123263,0.536009
trial_5,705,0.002253,0.398789
trial_5,706,0.058881,0.826262
trial_5,707,0.070730,0.658701
trial_5,708,0.183949,0.652485
trial_5,709,0.112440,2.236020
trial_5,710,0.097811,2.125753
trial_5,711,0.060491,1.081233
trial_5,712,0.263164,0.607535
trial_5,713,0.248223,2.493396
trial_5,714,0.048624,0.528804
trial_5,715,0.091232,0.439772
trial_5,716,0.178188,1.328408
trial_5,717,0.202591,0.613354
trial_5,718,0.104718,0.816059
trial_5,719,0.014207,0.460637
trial_5,720,0.512796,2.748304
trial_5,721,0.144649,0.531420
trial_5,722,0.198143,0.630964
trial_5,723,0.270661,0.496106
trial_5,724,0.194145,4.283864
trial_5,725,0.136107,2.402514
trial_5,726,0.143923,3.408218
trial_5,727,0.414610,1.445057
trial_5,728,0.175103,0.492181
trial_5,729,0.306761,0.578268
trial_5,730,0.002938,0.577122
trial_5,731,0.030072,0.734941
trial_5,732,0.094319,0.721282
trial_5,733,0.123435,0.632683
trial_5,734,0.147646,0.445367
trial_5,735,0.097270,1.232397
trial_5,736,0.059303,0.792643
trial_5,737,0.218903,0.708497
trial_5,738,0.219625,1.904619
trial_5,739,0.005319,0.916920
trial_5,740,0.031050,0.435986
trial_5,741,0.288825,0.719408
trial_5,742,0.000943,0.571658
trial_5,743,0.174617,3.588628
trial_5,744,0.045965,0.526773
trial_5,745,0.124533,0.445029
trial_5,746,0.025971,0.357602
trial_5,747,0.049879,0.343839
trial_5,748,0.090851,0.894570
trial_5,749,0.154933,1.539625
trial_5,750,0.196368,0.494282
trial_5,751,0.343472,1.696053
trial_5,752,0.254568,0.530243
trial_5,753,0.357001,2.612248
trial_5,754,0.096482,0.423184
trial_5,755,0.041420,0.647160
trial_5,756,0.149850,0.408081
trial_5,757,0.056287,1.098913
trial_5,758,0.408158,1.026156
trial_5,759,0.321382,2.139514
trial_5,760,0.121832,0.878371
trial_5,761,0.361668,1.606044
trial_5,762,0.033499,1.406344
trial_5,763,0.090236,0.647646
trial_5,764,0.103441,2.038285
trial_5,765,0.113644,1.128925
trial_5,766,0.127628,2.219650
trial_5,767,0.269854,1.574099
trial_5,768,0.044024,0.791396
trial_5,769,0.153640,0.800273
trial_5,770,1.006226,10.797405
trial_5,771,0.232555,0.668878
trial_5,772,3.410344,25.325392
trial_5,773,0.055990,1.194960
trial_5,774,0.019830,2.194605
trial_5,775,0.004355,0.559681
trial_5,776,0.075418,2.402110
trial_5,777,0.426999,1.350701
trial_5,778,0.072642,0.680129
trial_5,779,0.159410,1.169175
trial_5,780,0.119249,0.518597
trial_5,781,0.541176,1.102261
trial_5,782,0.108471,0.993174
trial_5,783,0.121173,1.170357
trial_5,784,0.062962,0.651578
trial_5,785,0.116123,0.659165
trial_5,786,0.370935,2.525039
trial_5,787,0.166330,0.768744
trial_5,788,0.228646,5.839071
trial_5,789,0.042053,0.588692
trial_5,790,0.014755,0.824859
trial_5,791,0.211867,0.754075
trial_5,792,0.029722,0.411056
trial_5,793,0.543565,1.364342
trial_5,794,0.776274,3.088854
trial_5,795,0.748095,3.222914
trial_5,796,0.013160,0.910492
trial_5,797,0.000514,0.772486
trial_5,798,0.058056,0.772973
trial_5,799,0.088896,0.474178
trial_5,800,0.109848,0.979616
trial_5,801,0.118158,1.519355
trial_5,802,0.024519,0.959711
trial_5,803,0.076470,0.424668
trial_5,804,0.311589,0.673350
trial_5,805,0.052960,0.857211
trial_5,806,0.194704,3.255625
trial_5,807,0.159121,0.746973
trial_5,808,0.087491,0.449740
trial_5,809,0.066502,0.511278
trial_5,810,0.173391,0.715507
trial_5,811,0.200941,0.945568
trial_5,812,0.069205,2.946146
trial_5,813,0.344110,5.101478
trial_5,814,0.326744,6.197722
trial_5,815,0.081455,0.756497
trial_5,816,0.370920,0.979541
trial_5,817,0.292890,0.818404
trial_5,818,0.756908,2.409329
trial_5,819,0.071387,2.818794
trial_5,820,2.173217,10.923732
trial_5,821,0.065786,0.922889
trial_5,822,0.178486,1.447840
trial_5,823,0.304788,1.502607
trial_5,824,0.147842,0.589631
trial_5,825,0.076887,1.919505
trial_5,826,0.668644,7.579095
trial_5,827,0.186118,3.425276
trial_5,828,0.048986,0.919148
trial_5,829,0.133135,1.065887
trial_5,830,0.033597,0.692352
trial_5,831,0.032351,2.193011
trial_5,832,0.175121,0.834872
trial_5,833,0.153697,1.828302
trial_5,834,0.395802,1.555069
trial_5,835,0.090311,0.866119
trial_5,836,0.114083,0.524057
trial_5,837,0.048764,3.296534
trial_5,838,0.322788,1.215785
trial_5,839,0.153045,1.173301
trial_5,840,0.207789,1.102860
trial_5,841,0.915434,4.372149
trial_5,842,0.063320,0.536731
trial_5,843,0.279091,1.939601
trial_5,844,0.188503,0.482479
trial_5,845,0.079605,0.589007
trial_5,846,0.062556,0.463869
trial_5,847,0.049552,0.897074
trial_5,848,0.000041,2.239977
trial_5,849,0.045536,0.422200
trial_5,850,0.200140,1.239696
trial_5,851,0.052913,0.932056
trial_5,852,0.407765,2.398998
trial_5,853,0.089382,0.449455
trial_5,854,0.100702,0.498045
trial_5,855,0.189682,0.762859
trial_5,856,0.502125,2.284438
trial_5,857,0.264011,2.198537
trial_5,858,0.046461,0.466779
trial_5,859,0.223688,0.735319
trial_5,860,0.094986,0.835006
trial_5,861,0.179794,0.548190
trial_5,862,0.139028,0.597414
trial_5,863,0.145732,0.647965
trial_5,864,0.178281,0.718039
trial_5,865,0.162308,0.558416
trial_5,866,0.001752,1.938163
trial_5,867,0.099921,0.579565
trial_5,868,0.116981,1.116503
trial_5,869,0.236194,2.135572
trial_5,870,0.038088,0.764679
trial_5,871,0.019003,1.123413
trial_5,872,0.287864,1.820684
trial_5,873,0.010186,0.480806
trial_5,874,0.083393,0.480462
trial_5,875,0.210232,0.968649
trial_5,876,0.210865,1.075922
trial_5,877,0.238775,0.700865
trial_5,878,0.096292,0.678639
trial_5,879,0.020309,0.394812
trial_5,880,0.129582,2.228003
trial_5,881,0.113909,0.709315
trial_5,882,0.065713,0.728564
trial_5,883,0.295758,0.719606
trial_5,884,0.264870,2.737719
trial_5,885,0.117912,0.656574
trial_5,886,0.034821,0.577948
trial_5,887,0.442537,7.325432
trial_5,888,0.196825,1.415803
trial_5,889,0.139346,0.797667
trial_5,890,0.599469,1.884061
trial_5,891,0.118101,1.016218
trial_5,892,0.151475,0.669631
trial_5,893,0.528334,2.522252
trial_5,894,0.529330,2.217904
trial_5,895,0.480211,0.997402
trial_5,896,0.028058,1.414670
trial_5,897,0.077098,0.966150
trial_5,898,0.183013,1.355268
trial_5,899,0.011574,1.227629
trial_5,900,0.025219,0.809747
trial_5,901,0.036837,0.478439
trial_5,902,0.407035,2.339033
trial_5,903,0.179201,0.556290
trial_5,904,0.009371,0.572635
trial_5,905,0.179768,1.154462
trial_5,906,0.076434,0.641241
trial_5,907,0.114968,0.655058
trial_5,908,0.053529,0.469150
trial_5,909,0.233141,3.691256
trial_5,910,0.065486,0.475522
trial_5,911,0.304888,0.642559
trial_5,912,0.098435,0.885366
trial_5,913,0.256021,1.517639
trial_5,914,0.110642,0.713987
trial_5,915,0.590661,1.049438
trial_5,916,0.224756,0.770311
trial_5,917,0.236048,0.929939
trial_5,918,0.141419,1.109134
trial_5,919,0.573489,3.113677
trial_5,920,0.229737,1.317177
trial_5,921,0.008374,0.448058
trial_5,922,0.002131,0.645251
trial_5,923,0.227171,1.311434
trial_5,924,0.449131,5.151983
trial_5,925,0.122556,4.522737
trial_5,926,0.009769,1.074183
trial_5,927,0.209294,1.080673
trial_5,928,0.108570,1.789676
trial_5,929,0.079257,0.870468
trial_5,930,0.243741,1.037806
trial_5,931,0.434902,7.122057
trial_5,932,0.024050,0.809335
trial_5,933,0.369517,3.007212
trial_5,934,0.256361,1.571716
trial_5,935,0.013148,0.645275
trial_5,936,0.081172,3.109351
trial_5,937,0.022532,1.222583
trial_5,938,0.279340,0.620127
trial_5,939,0.230820,1.303539
trial_5,940,0.196446,1.009102
trial_5,941,0.073736,0.781369
trial_5,942,0.011357,0.613824
trial_5,943,0.011203,0.953707
trial_5,944,0.261132,0.570021
trial_5,945,0.127811,0.747078
trial_5,946,0.190528,0.676815
trial_5,947,0.273454,0.697041
trial_5,948,0.158851,2.264664
trial_5,949,0.011787,4.922397
trial_5,950,0.212022,0.613970
trial_5,951,0.135884,0.464075
trial_5,952,0.331914,0.892258
trial_5,953,0.441904,0.970317
trial_5,954,0.022494,0.853954
trial_5,955,0.083823,1.260061
trial_5,956,0.144677,1.306539
trial_5,957,0.987733,5.135991
trial_5,958,0.110862,1.851331
trial_5,959,1.060404,3.263226
trial_5,960,0.832372,3.857044
trial_5,961,0.124262,2.238409
trial_5,962,0.659328,16.750631
trial_5,963,0.370582,2.094723
trial_5,964,0.054946,0.580907
trial_5,965,0.158109,0.924726
trial_5,966,0.279443,1.716804
trial_5,967,0.271052,2.476538
trial_5,968,0.061426,0.683054
trial_5,969,0.194399,0.639366
trial_5,970,0.124930,1.001040
trial_5,971,0.085377,0.472057
trial_5,972,0.861464,2.920649
trial_5,973,0.068980,0.645859
trial_5,974,0.587929,2.897307
trial_5,975,0.002461,1.878460
trial_5,976,0.227990,1.247610
trial_5,977,0.191995,0.614393
trial_5,978,0.046930,0.828096
trial_5,979,0.205899,0.420171
trial_5,980,0.011515,0.493751
trial_5,981,0.277831,1.752211
trial_5,982,0.009823,1.924350
trial_5,983,0.035990,0.616450
trial_5,984,0.077910,0.880817
trial_5,985,0.224477,1.349651
trial_5,986,0.227518,1.004553
trial_5,987,0.118504,0.789013
trial_5,988,1.384585,7.175023
trial_5,989,0.022290,0.692941
trial_5,990,0.204376,1.570243
trial_5,991,0.095133,1.328925
trial_5,992,0.420657,2.301191
trial_5,993,0.343828,1.285588
trial_5,994,0.099406,1.213854
trial_5,995,0.249785,0.950259
trial_5,996,0.047928,0.544392
trial_5,997,1.672090,9.076131
trial_5,998,0.328078,0.728670
trial_5,999,0.200773,0.478577
trial_5,1000,0.074280,1.535574
trial_6,1,0.061445,0.523372
trial_6,2,0.008818,0.458820
trial_6,3,0.052543,0.481757
trial_6,4,0.182449,0.613438
trial_6,5,0.178744,0.993671
trial_6,6,0.062632,0.376833
trial_6,7,0.155996,0.612451
trial_6,8,0.082605,0.817723
trial_6,9,0.216609,5.076742
trial_6,10,0.011143,1.915915
trial_6,11,0.047832,0.785142
trial_6,12,0.038044,1.057692
trial_6,13,1.243368,8.375914
trial_6,14,0.187451,0.715811
trial_6,15,0.005900,0.528253
trial_6,16,0.105244,0.562962
trial_6,17,0.242319,1.125751
trial_6,18,0.273432,0.841794
trial_6,19,0.136399,0.761526
trial_6,20,0.073891,0.481904
trial_6,21,0.610669,2.357683
trial_6,22,0.114011,0.660140
trial_6,23,0.183788,1.285362
trial_6,24,0.046532,1.715896
trial_6,25,0.022497,1.000278
trial_6,26,0.233170,2.856657
trial_6,27,0.105926,0.739619
trial_6,28,1.332471,6.647925
trial_6,29,0.055565,1.013989
trial_6,30,0.369414,1.021619
trial_6,31,0.150908,0.889682
trial_6,32,0.222059,0.526921
trial_6,33,0.119548,0.965370
trial_6,34,0.141915,8.970921
trial_6,35,0.854192,2.126289
trial_6,36,0.280087,1.843082
trial_6,37,0.072508,1.937770
trial_6,38,0.165001,1.106666
trial_6,39,0.279031,1.197918
trial_6,40,0.193231,1.459057
trial_6,41,0.214897,0.584237
trial_6,42,0.277133,0.618643
trial_6,43,0.099338,0.558354
trial_6,44,0.016570,0.603355
trial_6,45,0.140338,1.221369
trial_6,46,0.011966,0.896260
trial_6,47,0.274599,1.096763
trial_6,48,0.216089,0.567099
trial_6,49,0.013532,0.880146
trial_6,50,0.614977,1.084489
trial_6,51,0.201057,0.602773
trial_6,52,0.260015,0.893013
trial_6,53,0.310459,2.452613
trial_6,54,0.297252,1.786065
trial_6,55,0.276808,0.755146
trial_6,56,0.111868,0.466276
trial_6,57,0.029278,0.470981
trial_6,58,0.361293,0.953886
trial_6,59,0.044079,0.443380
trial_6,60,0.476922,5.551790
trial_6,61,0.108194,0.443628
trial_6,62,0.124859,0.750333
trial_6,63,0.133020,0.950362
trial_6,64,0.097530,0.652781
trial_6,65,0.105215,1.793411
trial_6,66,0.068977,0.510172
trial_6,67,0.208488,0.581982
trial_6,68,1.082505,3.511348
trial_6,69,0.105051,0.506753
trial_6,70,0.035717,0.395050
trial_6,71,0.030185,1.639949
trial_6,72,0.123520,0.517698
trial_6,73,0.136603,0.452899
trial_6,74,0.006767,0.404641
trial_6,75,0.326953,0.477249
trial_6,76,0.410452,1.480343
trial_6,77,0.036823,0.351013
trial_6,78,0.008619,0.342540
trial_6,79,0.083986,0.417443
trial_6,80,0.174542,0.440910
trial_6,81,0.578430,5.503755
trial_6,82,0.143935,5.013846
trial_6,83,0.329352,0.977663
trial_6,84,0.957862,7.356323
trial_6,85,1.012178,6.708381
trial_6,86,0.695270,4.634408
trial_6,87,0.084200,0.994487
trial_6,88,0.068122,0.567473
trial_6,89,0.066914,0.933768
trial_6,90,0.020048,0.665352
trial_6,91,0.158394,0.703766
trial_6,92,0.246221,1.163827
trial_6,93,0.540984,3.847165
trial_6,94,0.151232,0.847551
trial_6,95,0.218815,0.710812
trial_6,96,0.084479,0.852612
trial_6,97,0.242886,0.862711
trial_6,98,0.019972,4.091002
trial_6,99,0.127893,0.963193
trial_6,100,0.203852,0.576720
trial_6,101,0.372233,0.991127
trial_6,102,0.148138,1.329054
trial_6,103,0.068297,0.653847
trial_6,104,0.041320,0.599933
trial_6,105,0.045991,0.987235
trial_6,106,0.119450,0.825778
trial_6,107,0.044207,0.409165
trial_6,108,0.646196,6.075351
trial_6,109,0.146495,1.879215
trial_6,110,0.149097,2.566375
trial_6,111,0.115592,1.352309
trial_6,112,0.218641,1.584898
trial_6,113,0.207808,2.889762
trial_6,114,0.255121,0.710399
trial_6,115,0.052668,2.786144
trial_6,116,0.497328,0.704531
trial_6,117,0.471875,1.032877
trial_6,118,0.191270,0.706481
trial_6,119,0.232904,3.020638
trial_6,120,0.493780,2.127106
trial_6,121,0.179998,0.755350
trial_6,122,0.129367,0.409397
trial_6,123,0.046016,0.917401
trial_6,124,0.563253,2.614970
trial_6,125,0.152016,0.828962
trial_6,126,0.080817,3.290870
trial_6,127,0.393691,1.121879
trial_6,128,0.253599,0.618398
trial_6,129,0.138351,2.369192
trial_6,130,1.280823,5.681819
trial_6,131,0.007858,0.504924
trial_6,132,0.119269,1.255916
trial_6,133,0.001725,7.015744
trial_6,134,0.007444,1.441818
trial_6,135,0.125850,0.802690
trial_6,136,0.322021,1.078463
trial_6,137,0.366754,2.805661
trial_6,138,0.058108,0.701037
trial_6,139,0.018269,0.567268
trial_6,140,0.161344,0.473425
trial_6,141,0.165971,0.942567
trial_6,142,0.030204,1.342173
trial_6,143,0.168640,5.055862
trial_6,144,0.087563,0.763295
trial_6,145,0.149708,0.713404
trial_6,146,0.121427,1.303262
trial_6,147,0.733916,3.907281
trial_6,148,0.137485,1.079373
trial_6,149,0.033076,4.621295
trial_6,150,0.038628,0.948775
trial_6,151,0.070012,1.290181
trial_6,152,0.375963,1.378472
trial_6,153,0.269623,1.468449
trial_6,154,0.069440,0.913541
trial_6,155,0.087572,1.159539
trial_6,156,0.741911,0.976451
trial_6,157,0.163897,2.766441
trial_6,158,0.094208,1.986718
trial_6,159,0.058173,0.427164
trial_6,160,0.092117,1.036570
trial_6,161,0.239696,0.783610
trial_6,162,0.225744,0.510994
trial_6,163,0.272283,1.438842
trial_6,164,0.260540,0.521105
trial_6,165,0.035782,1.164100
trial_6,166,0.219959,1.600529
trial_6,167,0.130014,0.437285
trial_6,168,0.297881,0.849904
trial_6,169,0.067352,0.508478
trial_6,170,0.174162,0.910588
trial_6,171,0.247489,1.569003
trial_6,172,0.071103,0.617127
trial_6,173,0.070318,0.367171
trial_6,174,0.254235,0.942315
trial_6,175,0.114066,0.570365
trial_6,176,0.028169,0.730893
trial_6,177,0.160380,1.865723
trial_6,178,0.528981,0.926156
trial_6,179,0.109735,0.761832
trial_6,180,0.070349,3.680341
trial_6,181,0.583672,3.584328
trial_6,182,0.179562,0.572776
trial_6,183,0.201988,0.612850
trial_6,184,0.733491,2.779530
trial_6,185,0.237080,0.698126
trial_6,186,0.011212,0.610874
trial_6,187,0.057980,1.661593
trial_6,188,0.070060,0.803203
trial_6,189,0.093583,1.403348
trial_6,190,0.121777,0.789629
trial_6,191,0.085193,0.420730
trial_6,192,0.075699,0.651202
trial_6,193,0.157187,0.680703
trial_6,194,0.233526,0.522459
trial_6,195,0.111386,0.665365
trial_6,196,0.035495,0.772065
trial_6,197,0.013876,0.589564
trial_6,198,0.273676,0.687132
trial_6,199,0.483705,1.951691
trial_6,200,0.350271,0.941928
trial_6,201,0.034934,0.965069
trial_6,202,0.197751,0.496642
trial_6,203,0.100461,0.350274
trial_6,204,0.141450,0.913310
trial_6,205,0.100476,1.450824
trial_6,206,0.064427,0.497814
trial_6,207,0.087817,0.482410
trial_6,208,0.282519,0.576574
trial_6,209,0.228189,4.719822
trial_6,210,0.481911,4.734067
trial_6,211,0.204479,1.987008
trial_6,212,0.362898,0.783330
trial_6,213,0.036494,0.715730
trial_6,214,0.050273,0.541091
trial_6,215,0.214432,0.674372
trial_6,216,0.114939,0.623799
trial_6,217,0.088349,0.770965
trial_6,218,0.155650,2.255588
trial_6,219,4.151225,21.608902
trial_6,220,0.045786,3.452208
trial_6,221,0.324250,0.737764
trial_6,222,0.309939,0.743385
trial_6,223,0.125667,0.712680
trial_6,224,0.211817,0.559976
trial_6,225,0.163360,1.273892
trial_6,226,0.670778,1.379490
trial_6,227,0.099943,0.579820
trial_6,228,0.086983,0.829830
trial_6,229,0.293531,2.087087
trial_6,230,0.411091,1.255375
trial_6,231,0.292788,2.061617
trial_6,232,0.272528,1.099505
trial_6,233,0.150998,1.018071
trial_6,234,0.033562,0.318724
trial_6,235,0.527917,2.064476
trial_6,236,0.255441,0.521048
trial_6,237,0.278348,1.200282
trial_6,238,0.039865,0.712368
trial_6,239,0.011638,0.916647
trial_6,240,0.125498,1.341159
trial_6,241,0.413422,0.694596
trial_6,242,0.109498,0.467305
trial_6,243,0.111173,1.244866
trial_6,244,0.257914,2.734989
trial_6,245,0.545968,5.779356
trial_6,246,0.086122,1.280246
trial_6,247,0.162360,0.517094
trial_6,248,0.296431,0.769293
trial_6,249,0.363803,1.258257
trial_6,250,0.238261,1.023284
trial_6,251,0.007330,0.616461
trial_6,252,0.032153,0.618521
trial_6,253,0.183500,0.963742
trial_6,254,0.323290,7.415326
trial_6,255,3.547284,13.130526
trial_6,256,0.346753,1.130559
trial_6,257,0.325096,2.474216
trial_6,258,0.134915,0.627769
trial_6,259,0.056013,0.572657
trial_6,260,0.023832,0.453632
trial_6,261,0.292117,1.233124
trial_6,262,0.471918,1.614345
trial_6,263,0.001903,0.505150
trial_6,264,0.176584,1.023713
trial_6,265,0.008604,0.904321
trial_6,266,0.171901,0.953772
trial_6,267,0.284875,2.363430
trial_6,268,0.248864,0.668729
trial_6,269,0.003450,0.824639
trial_6,270,0.024906,0.464102
trial_6,271,0.016891,0.776509
trial_6,272,0.159037,0.588933
trial_6,273,0.027932,0.831636
trial_6,274,0.174466,0.591141
trial_6,275,0.067590,0.677468
trial_6,276,0.021656,4.660404
trial_6,277,0.077712,1.446423
trial_6,278,0.085819,0.432039
trial_6,279,0.406361,0.635012
trial_6,280,0.327026,1.957327
trial_6,281,0.236051,3.734373
trial_6,282,0.937335,4.891852
trial_6,283,0.380784,2.306514
trial_6,284,0.030740,1.037476
trial_6,285,0.090024,0.575676
trial_6,286,0.356832,1.452281
trial_6,287,0.205911,1.111771
trial_6,288,0.218656,2.058429
trial_6,289,0.004854,0.683936
trial_6,290,0.361189,0.841581
trial_6,291,0.017610,0.879840
trial_6,292,0.408989,2.363203
trial_6,293,0.092062,1.643330
trial_6,294,0.036833,0.478254
trial_6,295,0.016758,0.665978
trial_6,296,0.507870,2.360019
trial_6,297,0.034855,0.581611
trial_6,298,0.065667,0.905998
trial_6,299,0.179684,0.392181
trial_6,300,0.174709,0.544094
trial_6,301,0.077090,0.575208
trial_6,302,0.099245,1.471044
trial_6,303,0.183830,1.319759
trial_6,304,0.079972,0.408372
trial_6,305,0.091748,0.952342
trial_6,306,0.061000,0.663400
trial_6,307,0.121667,1.163011
trial_6,308,0.535523,4.160879
trial_6,309,0.070031,1.013714
trial_6,310,0.406180,3.466852
trial_6,311,0.170719,3.290163
trial_6,312,1.033738,6.504468
trial_6,313,0.269042,1.227739
trial_6,314,0.917725,2.325840
trial_6,315,0.097030,1.131517
trial_6,316,0.047572,1.443001
trial_6,317,0.106352,0.838731
trial_6,318,0.050002,0.670232
trial_6,319,0.035662,1.503979
trial_6,320,0.049522,5.726798
trial_6,321,0.301680,3.406548
trial_6,322,0.178781,1.125957
trial_6,323,0.000821,2.781820
trial_6,324,0.370917,0.983894
trial_6,325,0.041939,0.711768
trial_6,326,0.559467,1.207167
trial_6,327,0.377861,1.643733
trial_6,328,0.285944,1.207943
trial_6,329,1.695890,7.836421
trial_6,330,1.128018,3.819683
trial_6,331,0.019103,1.504636
trial_6,332,0.372621,0.865322
trial_6,333,0.115189,2.478714
trial_6,334,0.663423,0.857713
trial_6,335,0.132559,0.973596
trial_6,336,0.248153,1.051934
trial_6,337,0.158069,1.806415
trial_6,338,0.193815,4.522887
trial_6,339,0.192476,1.020561
trial_6,340,0.013634,0.592277
trial_6,341,0.434526,9.634825
trial_6,342,0.427257,0.825575
trial_6,343,0.256730,1.510999
trial_6,344,0.313329,2.884794
trial_6,345,2.779128,14.304575
trial_6,346,0.245138,6.450150
trial_6,347,0.300939,1.249112
trial_6,348,0.510965,4.552313
trial_6,349,0.062061,0.948963
trial_6,350,0.369650,2.784953
trial_6,351,1.232978,5.671686
trial_6,352,0.113959,1.300595
trial_6,353,0.169471,1.139776
trial_6,354,0.389117,2.590944
trial_6,355,0.088983,0.614821
trial_6,356,0.196774,0.599761
trial_6,357,0.193855,3.007276
trial_6,358,0.053473,0.710385
trial_6,359,0.144807,0.788280
trial_6,360,0.145734,0.673702
trial_6,361,0.108200,3.351254
trial_6,362,0.355488,6.839984
trial_6,363,0.023799,0.977296
trial_6,364,0.165757,0.577838
trial_6,365,0.014236,0.539492
trial_6,366,0.170192,1.340790
trial_6,367,0.164005,0.810228
trial_6,368,0.007198,0.611140
trial_6,369,0.063888,0.516325
trial_6,370,0.027991,2.221607
trial_6,371,0.022150,0.885429
trial_6,372,0.006659,0.822742
trial_6,373,0.021687,1.884027
trial_6,374,0.116757,6.371213
trial_6,375,0.043514,0.481400
trial_6,376,0.309035,0.849648
trial_6,377,0.036441,0.696053
trial_6,378,0.011850,0.410453
trial_6,379,0.044694,0.404384
trial_6,380,0.117769,1.004854
trial_6,381,0.090511,0.458797
trial_6,382,0.303565,0.570450
trial_6,383,0.492324,2.795447
trial_6,384,0.105286,0.453201
trial_6,385,0.256536,1.896991
trial_6,386,0.001696,6.003799
trial_6,387,1.205497,7.553670
trial_6,388,0.144700,0.599429
trial_6,389,0.051620,0.662132
trial_6,390,0.273617,1.191064
trial_6,391,0.159441,1.415881
trial_6,392,0.301542,1.170843
trial_6,393,0.434227,2.306996
trial_6,394,0.127697,1.564381
trial_6,395,0.186796,0.563424
trial_6,396,0.138114,0.506109
trial_6,397,0.102369,0.504698
trial_6,398,0.029317,0.771497
trial_6,399,0.142120,0.730437
trial_6,400,0.088322,0.961674
trial_6,401,0.067369,1.238373
trial_6,402,0.539717,2.373487
trial_6,403,0.134774,0.742253
trial_6,404,0.331398,0.615193
trial_6,405,0.144441,0.513971
trial_6,406,0.091714,0.492136
trial_6,407,0.001698,0.381195
trial_6,408,0.042549,0.675961
trial_6,409,0.111671,0.818797
trial_6,410,0.255220,0.708440
trial_6,411,0.354027,2.261061
trial_6,412,0.012865,0.441186
trial_6,413,0.296847,2.430093
trial_6,414,0.112887,0.700874
trial_6,415,0.018279,0.779458
trial_6,416,0.125668,6.338815
trial_6,417,0.258479,1.497043
trial_6,418,0.759458,1.401952
trial_6,419,0.427645,2.675594
trial_6,420,0.231018,1.299603
trial_6,421,0.096036,0.943940
trial_6,422,0.015352,1.352613
trial_6,423,0.276619,0.836110
trial_6,424,0.017227,0.591516
trial_6,425,0.014082,0.546478
trial_6,426,0.095954,0.440891
trial_6,427,0.031888,0.824400
trial_6,428,0.164657,1.354088
trial_6,429,0.030230,0.709872
trial_6,430,0.145051,0.631024
trial_6,431,0.483012,1.576725
trial_6,432,0.017562,1.058852
trial_6,433,0.311592,0.656164
trial_6,434,0.224809,1.723092
trial_6,435,2.103109,12.478967
trial_6,436,0.053836,0.725978
trial_6,437,0.363529,1.473939
trial_6,438,0.633993,2.452466
trial_6,439,0.143943,1.999129
trial_6,440,0.722573,2.529660
trial_6,441,0.536287,2.708757
trial_6,442,0.205815,0.860061
trial_6,443,0.065531,0.805240
trial_6,444,0.148161,0.844249
trial_6,445,0.162869,1.235730
trial_6,446,0.009585,1.317609
trial_6,447,0.086070,1.219904
trial_6,448,0.006005,0.731831
trial_6,449,0.013421,1.426384
trial_6,450,0.368355,2.023872
trial_6,451,0.095905,1.128134
trial_6,452,0.241682,0.842224
trial_6,453,0.541580,2.124406
trial_6,454,0.140500,0.604671
trial_6,455,0.084745,0.863072
trial_6,456,0.305722,1.363836
trial_6,457,0.088621,0.557715
trial_6,458,0.233435,0.919925
trial_6,459,0.028462,1.251848
trial_6,460,0.097735,0.791610
trial_6,461,0.088210,0.533171
trial_6,462,0.340143,1.790623
trial_6,463,0.077296,0.874239
trial_6,464,0.255664,0.610223
trial_6,465,0.141135,0.859787
trial_6,466,0.128956,0.361574
trial_6,467,0.077456,0.969018
trial_6,468,0.129814,0.492447
trial_6,469,0.274694,4.918518
trial_6,470,0.221224,0.836040
trial_6,471,0.400022,0.928111
trial_6,472,0.449693,1.143000
trial_6,473,0.000328,0.810986
trial_6,474,0.051371,4.864258
trial_6,475,0.648981,5.196916
trial_6,476,0.220495,3.513523
trial_6,477,0.167145,0.997973
trial_6,478,0.058751,0.553476
trial_6,479,0.059590,0.595081
trial_6,480,0.348804,0.783705
trial_6,481,0.507232,5.175349
trial_6,482,0.390078,1.412794
trial_6,483,0.033322,2.729989
trial_6,484,0.048353,2.963007
trial_6,485,0.060363,0.603155
trial_6,486,0.225471,0.892878
trial_6,487,0.248643,0.897290
trial_6,488,0.085459,0.632432
trial_6,489,0.075471,0.524325
trial_6,490,0.006938,1.146992
trial_6,491,0.123960,0.393444
trial_6,492,0.223908,0.805033
trial_6,493,0.129212,1.136844
trial_6,494,0.296144,0.766008
trial_6,495,0.071521,0.601237
trial_6,496,0.155207,0.523920
trial_6,497,0.350951,1.031291
trial_6,498,0.024590,0.508838
trial_6,499,0.124291,2.103409
trial_6,500,0.201910,3.812718
trial_6,501,0.214433,0.510642
trial_6,502,0.023826,0.630910
trial_6,503,0.101577,0.380100
trial_6,504,0.014096,0.580447
trial_6,505,0.082665,0.901088
trial_6,506,0.253657,0.618414
trial_6,507,0.334472,2.614438
trial_6,508,0.183581,0.622812
trial_6,509,0.114600,1.665335
trial_6,510,0.414980,1.079434
trial_6,511,0.178105,0.572555
trial_6,512,0.814626,4.888524
trial_6,513,0.100762,1.881730
trial_6,514,0.752921,2.413812
trial_6,515,1.009319,8.913433
trial_6,516,0.301879,1.376355
trial_6,517,0.343067,4.267878
trial_6,518,0.194661,1.041556
trial_6,519,0.245256,1.588013
trial_6,520,0.089414,0.474005
trial_6,521,0.359409,0.531441
trial_6,522,0.192923,0.550069
trial_6,523,0.042454,1.670247
trial_6,524,0.033321,0.571317
trial_6,525,0.052845,1.652494
trial_6,526,0.138852,0.576082
trial_6,527,0.030940,0.754028
trial_6,528,0.099025,1.087242
trial_6,529,0.143265,0.856059
trial_6,530,0.077933,0.459220
trial_6,531,0.109552,1.124772
trial_6,532,0.295972,0.726778
trial_6,533,0.104214,0.472991
trial_6,534,0.172825,0.595068
trial_6,535,0.108317,1.513676
trial_6,536,0.237590,1.401679
trial_6,537,0.005833,1.667093
trial_6,538,0.040617,0.692413
trial_6,539,0.288122,1.732361
trial_6,540,0.046831,0.794616
trial_6,541,0.082490,0.556497
trial_6,542,0.301168,2.121084
trial_6,543,0.072679,0.701647
trial_6,544,0.173679,0.442368
trial_6,545,0.248738,1.303206
trial_6,546,0.142325,0.860546
trial_6,547,0.284540,0.786680
trial_6,548,0.019204,0.697806
trial_6,549,0.057553,0.792111
trial_6,550,0.128500,0.822695
trial_6,551,0.016745,0.490772
trial_6,552,0.023582,1.347449
trial_6,553,0.276629,0.957456
trial_6,554,0.382441,3.171279
trial_6,555,0.009743,0.608742
trial_6,556,0.208351,0.537264
trial_6,557,0.098632,1.285771
trial_6,558,0.130404,0.505556
trial_6,559,0.273689,0.620683
trial_6,560,0.047210,0.978880
trial_6,561,0.060747,2.389134
trial_6,562,0.372250,1.215651
trial_6,563,0.194634,1.150336
trial_6,564,0.133217,1.026024
trial_6,565,0.109391,1.677673
trial_6,566,0.155514,0.814000
trial_6,567,0.029727,1.664482
trial_6,568,0.308688,0.866329
trial_6,569,0.056842,0.686796
trial_6,570,0.158897,1.402491
trial_6,571,0.349546,0.759608
trial_6,572,0.060578,0.664160
trial_6,573,0.365767,0.629348
trial_6,574,0.007731,0.370978
trial_6,575,0.094824,4.244355
trial_6,576,0.018364,4.169363
trial_6,577,0.026382,0.488741
trial_6,578,0.083181,1.934915
trial_6,579,0.194629,0.744903
trial_6,580,0.228093,0.696866
trial_6,581,0.234132,0.941952
trial_6,582,0.019768,0.717768
trial_6,583,0.171766,1.898767
trial_6,584,0.104942,0.544534
trial_6,585,0.283237,0.920399
trial_6,586,0.052222,0.655863
trial_6,587,0.209320,0.872039
trial_6,588,0.034470,0.389235
trial_6,589,3.384505,22.841716
trial_6,590,0.124284,1.462802
trial_6,591,0.174810,1.153189
trial_6,592,0.142142,2.018586
trial_6,593,0.364686,0.704097
trial_6,594,0.322261,0.612723
trial_6,595,0.476680,3.342217
trial_6,596,0.084076,0.827353
trial_6,597,0.230496,0.993708
trial_6,598,0.032988,0.578184
trial_6,599,0.004247,0.757262
trial_6,600,0.455820,0.625285
trial_6,601,0.749570,2.782824
trial_6,602,0.038267,0.699765
trial_6,603,0.145487,1.023210
trial_6,604,0.007656,0.490032
trial_6,605,0.097961,0.720157
trial_6,606,0.038904,0.679631
trial_6,607,0.106867,0.940493
trial_6,608,0.155201,0.647145
trial_6,609,0.284143,1.523571
trial_6,610,0.194905,0.879173
trial_6,611,0.095815,0.385182
trial_6,612,0.043705,0.374041
trial_6,613,0.337947,1.302627
trial_6,614,0.198424,2.956168
trial_6,615,0.020928,0.343752
trial_6,616,0.006073,0.582673
trial_6,617,0.053938,0.618756
trial_6,618,0.190500,0.403816
trial_6,619,2.583822,10.269934
trial_6,620,0.087847,0.750154
trial_6,621,0.057867,0.578490
trial_6,622,0.456909,5.921496
trial_6,623,0.008037,0.438669
trial_6,624,0.127729,1.578552
trial_6,625,0.444908,1.226780
trial_6,626,0.120141,0.690120
trial_6,627,0.839222,3.042477
trial_6,628,0.386101,1.637467
trial_6,629,0.157413,0.757399
trial_6,630,0.342127,0.953378
trial_6,631,0.261545,2.148102
trial_6,632,0.262574,1.579497
trial_6,633,0.058803,0.697975
trial_6,634,0.471400,3.528507
trial_6,635,0.207223,1.617225
trial_6,636,0.173810,1.178395
trial_6,637,0.196331,1.626900
trial_6,638,0.177144,0.699552
trial_6,639,0.092934,1.013521
trial_6,640,0.291205,0.482422
trial_6,641,0.499967,1.170065
trial_6,642,0.010577,0.554279
trial_6,643,0.229929,2.406796
trial_6,644,0.316179,2.347902
trial_6,645,0.011195,1.666331
trial_6,646,0.394232,4.429627
trial_6,647,0.137717,3.353837
trial_6,648,0.553183,4.896972
trial_6,649,0.096516,0.957937
trial_6,650,1.099212,4.359279
trial_6,651,0.352523,2.375102
trial_6,652,2.738303,9.020875
trial_6,653,0.017721,0.849819
trial_6,654,0.148333,0.804678
trial_6,655,0.070153,0.510925
trial_6,656,0.039198,2.312405
trial_6,657,0.380356,4.497491
trial_6,658,0.638993,2.005570
trial_6,659,0.207491,1.771383
trial_6,660,0.000123,1.703416
trial_6,661,0.147745,3.007358
trial_6,662,0.294175,1.122450
trial_6,663,0.267256,1.203713
trial_6,664,0.400909,0.866547
trial_6,665,0.003532,1.692145
trial_6,666,0.370117,2.328063
trial_6,667,0.003208,1.049364
trial_6,668,0.217374,0.492774
trial_6,669,0.099902,0.311838
trial_6,670,0.112758,0.445226
trial_6,671,0.063958,1.169843
trial_6,672,0.305898,0.750793
trial_6,673,2.941685,13.024364
trial_6,674,0.211630,0.603939
trial_6,675,0.197984,1.104040
trial_6,676,0.329590,2.105099
trial_6,677,0.063207,0.819675
trial_6,678,0.009131,0.782139
trial_6,679,0.490089,4.419699
trial_6,680,0.210711,0.585027
trial_6,681,0.186360,0.413102
trial_6,682,0.115757,2.693962
trial_6,683,0.179984,0.597151
trial_6,684,1.422546,7.494877
trial_6,685,0.453942,5.230893
trial_6,686,0.062306,0.816589
trial_6,687,0.104882,0.881756
trial_6,688,0.175557,0.474912
trial_6,689,0.176037,1.037521
trial_6,690,0.067266,1.514517
trial_6,691,0.085042,0.444457
trial_6,692,0.027639,0.385656
trial_6,693,0.246600,0.891195
trial_6,694,0.403086,0.970901
trial_6,695,0.097903,0.513336
trial_6,696,0.185243,2.964871
trial_6,697,0.314321,3.337276
trial_6,698,0.101416,0.556559
trial_6,699,0.097150,0.584468
trial_6,700,0.106083,0.744946
trial_6,701,0.065451,1.700495
trial_6,702,0.016057,0.754090
trial_6,703,0.202491,3.642065
trial_6,704,0.112879,0.635212
trial_6,705,0.343165,0.525263
trial_6,706,0.262390,1.548254
trial_6,707,0.245816,0.716730
trial_6,708,0.097175,0.681789
trial_6,709,0.585919,4.668053
trial_6,710,0.096876,2.452210
trial_6,711,0.251418,1.139304
trial_6,712,0.221772,0.678895
trial_6,713,0.142254,3.762882
trial_6,714,0.196185,0.629699
trial_6,715,0.109290,0.611069
trial_6,716,0.328484,2.636894
trial_6,717,0.033787,0.473374
trial_6,718,0.026748,0.976896
trial_6,719,0.267302,0.491545
trial_6,720,0.275190,2.975283
trial_6,721,0.007470,0.560329
trial_6,722,0.205263,0.656170
trial_6,723,0.116286,0.339034
trial_6,724,0.079279,4.451645
trial_6,725,0.363514,4.421482
trial_6,726,0.067467,4.251866
trial_6,727,0.180061,1.484090
trial_6,728,0.256491,0.698136
trial_6,729,0.297353,0.678661
trial_6,730,0.029840,0.620261
trial_6,731,0.130376,0.793711
trial_6,732,0.105539,0.880611
trial_6,733,0.087638,0.646310
trial_6,734,0.256107,0.474797
trial_6,735,0.074533,1.394895
trial_6,736,0.061292,1.380245
trial_6,737,0.350261,1.092731
trial_6,738,0.153269,2.650455
trial_6,739,0.274052,1.016352
trial_6,740,0.306858,0.600746
trial_6,741,0.343678,0.841228
trial_6,742,0.068016,0.631688
trial_6,743,1.251035,5.987099
trial_6,744,0.082845,0.828052
trial_6,745,0.090803,0.540694
trial_6,746,0.157279,0.586224
trial_6,747,0.080069,0.419621
trial_6,748,0.140889,1.006077
trial_6,749,0.120761,1.487249
trial_6,750,0.169925,0.469569
trial_6,751,0.416977,1.941023
trial_6,752,0.188262,0.547883
trial_6,753,0.515331,3.008575
trial_6,754,0.069354,0.444156
trial_6,755,0.053433,0.844299
trial_6,756,0.156489,0.445856
trial_6,757,0.031520,1.081259
trial_6,758,0.604774,1.488443
trial_6,759,0.306343,2.305120
trial_6,760,0.236702,1.390364
trial_6,761,0.196653,1.674100
trial_6,762,0.230894,1.590709
trial_6,763,0.183086,0.755123
trial_6,764,0.213896,2.325958
trial_6,765,0.182286,1.283017
trial_6,766,0.297163,2.592631
trial_6,767,0.258177,1.682552
trial_6,768,0.168482,0.739086
trial_6,769,0.022856,0.871859
trial_6,770,1.191648,9.658289
trial_6,771,0.184879,0.765658
trial_6,772,5.747201,37.141962
trial_6,773,0.279463,0.683453
trial_6,774,0.252060,2.005383
trial_6,775,0.071615,0.506949
trial_6,776,0.261911,2.734252
trial_6,777,0.371030,1.423693
trial_6,778,0.058640,0.653701
trial_6,779,0.211213,1.094808
trial_6,780,0.197856,0.487145
trial_6,781,0.178883,1.075968
trial_6,782,0.025532,1.314680
trial_6,783,0.148758,1.225745
trial_6,784,0.041235,0.471307
trial_6,785,0.071703,0.669630
trial_6,786,0.081862,2.398441
trial_6,787,0.413639,0.781741
trial_6,788,0.873026,7.260917
trial_6,789,0.015435,0.469438
trial_6,790,0.265855,0.986093
trial_6,791,0.235312,1.064869
trial_6,792,0.042394,0.320590
trial_6,793,0.579769,1.368639
trial_6,794,1.184102,3.804115
trial_6,795,0.396642,4.384563
trial_6,796,0.130744,1.263318
trial_6,797,0.081554,0.877782
trial_6,798,0.157405,0.708437
trial_6,799,0.132046,0.559431
trial_6,800,0.067808,0.785511
trial_6,801,0.134555,1.634315
trial_6,802,0.053636,1.091432
trial_6,803,0.107232,0.452486
trial_6,804,0.009611,0.739105
trial_6,805,0.219363,0.872475
trial_6,806,0.299296,4.714605
trial_6,807,0.178475,0.553756
trial_6,808,0.160353,0.366983
trial_6,809,0.150692,0.447737
trial_6,810,0.482371,0.833488
trial_6,811,0.308179,1.018487
trial_6,812,0.038895,3.301263
trial_6,813,0.981379,6.308781
trial_6,814,0.138855,8.283682
trial_6,815,0.015241,0.674709
trial_6,816,0.398611,1.169596
trial_6,817,0.202924,0.641258
trial_6,818,0.153108,3.919274
trial_6,819,0.512705,5.331267
trial_6,820,2.797418,11.285735
trial_6,821,0.046869,1.283033
trial_6,822,0.586949,1.587649
trial_6,823,0.019229,1.596320
trial_6,824,0.272308,0.604598
trial_6,825,0.002836,2.222155
trial_6,826,0.433073,9.440502
trial_6,827,0.146473,2.998668
trial_6,828,0.116452,1.004589
trial_6,829,0.320095,1.266760
trial_6,830,0.291836,0.839649
trial_6,831,0.072014,2.148267
trial_6,832,0.383738,0.956408
trial_6,833,0.099983,2.064868
trial_6,834,0.253353,1.469053
trial_6,835,0.323682,0.939978
trial_6,836,0.252086,0.565720
trial_6,837,0.199411,3.787475
trial_6,838,0.668532,1.436536
trial_6,839,0.077054,1.298774
trial_6,840,0.130840,1.755886
trial_6,841,0.539750,5.052480
trial_6,842,0.069857,0.664546
trial_6,843,0.011778,2.562556
trial_6,844,0.223985,0.460338
trial_6,845,0.176732,0.668091
trial_6,846,0.079572,0.490932
trial_6,847,0.357228,1.231688
trial_6,848,0.026334,2.619023
trial_6,849,0.073547,0.433440
trial_6,850,0.146883,1.282049
trial_6,851,0.054836,1.039841
trial_6,852,0.124326,2.346745
trial_6,853,0.066061,0.449177
trial_6,854,0.040027,0.471492
trial_6,855,0.143977,0.672172
trial_6,856,0.442701,3.291520
trial_6,857,0.439566,2.339042
trial_6,858,0.013344,0.553761
trial_6,859,0.081283,0.953107
trial_6,860,0.030722,0.845733
trial_6,861,0.080209,0.522928
trial_6,862,0.190769,0.647276
trial_6,863,0.072780,0.748820
trial_6,864,0.118299,0.863066
trial_6,865,0.153503,0.632912
trial_6,866,0.229955,2.283549
trial_6,867,0.182820,0.695912
trial_6,868,0.404108,2.105126
trial_6,869,0.031338,5.395621
trial_6,870,0.042541,0.859507
trial_6,871,0.415362,1.912484
trial_6,872,0.130942,3.282275
trial_6,873,0.097224,0.449003
trial_6,874,0.106036,0.610401
trial_6,875,0.279475,0.954197
trial_6,876,0.386644,1.068919
trial_6,877,0.307883,0.595977
trial_6,878,0.096635,0.628901
trial_6,879,0.094841,0.409414
trial_6,880,0.230933,2.841860
trial_6,881,0.011421,0.630412
trial_6,882,0.008606,0.616974
trial_6,883,0.321009,0.644093
trial_6,884,0.411337,3.343400
trial_6,885,0.095227,0.585076
trial_6,886,0.034071,0.587346
trial_6,887,0.020207,8.589126
trial_6,888,0.069068,1.347900
trial_6,889,0.017557,0.860639
trial_6,890,0.669584,1.956994
trial_6,891,0.183014,1.051143
trial_6,892,0.023968,0.836603
trial_6,893,0.209817,1.939468
trial_6,894,0.577426,2.539373
trial_6,895,0.415293,1.180363
trial_6,896,0.371513,1.638866
trial_6,897,0.077354,0.836445
trial_6,898,0.250804,1.434893
trial_6,899,0.107733,1.375078
trial_6,900,0.081699,0.962340
trial_6,901,0.040983,0.475958
trial_6,902,0.265948,2.473492
trial_6,903,0.316234,0.572930
trial_6,904,0.139429,0.643282
trial_6,905,0.338979,1.453075
trial_6,906,0.105930,0.886243
trial_6,907,0.370258,0.845854
trial_6,908,0.090210,0.372019
trial_6,909,0.124889,4.501236
trial_6,910,0.158711,0.435903
trial_6,911,0.283023,0.471174
trial_6,912,0.076522,0.899508
trial_6,913,0.084763,1.557973
trial_6,914,0.276735,0.856327
trial_6,915,0.269583,0.911815
trial_6,916,0.035107,1.012133
trial_6,917,0.088690,0.831077
trial_6,918,0.029132,1.047366
trial_6,919,0.677870,3.776361
trial_6,920,0.136512,1.264203
trial_6,921,0.194803,0.535580
trial_6,922,0.016762,0.632818
trial_6,923,0.081802,1.198544
trial_6,924,0.673657,6.464018
trial_6,925,0.642405,4.135397
trial_6,926,0.136338,1.264868
trial_6,927,0.329742,1.118562
trial_6,928,0.217549,1.966632
trial_6,929,0.002568,0.911681
trial_6,930,0.047126,1.009982
trial_6,931,1.408376,5.994358
trial_6,932,0.123633,1.075119
trial_6,933,0.323282,3.206117
trial_6,934,1.121702,2.708332
trial_6,935,0.118571,0.735483
trial_6,936,0.321937,3.127118
trial_6,937,0.059238,1.055919
trial_6,938,0.150280,0.542074
trial_6,939,0.077838,1.294349
trial_6,940,0.514498,1.092524
trial_6,941,0.075270,0.801621
trial_6,942,0.094770,0.679795
trial_6,943,0.176212,1.234662
trial_6,944,0.018527,0.440749
trial_6,945,0.114350,0.788087
trial_6,946,0.207032,0.741616
trial_6,947,0.126480,0.688506
trial_6,948,0.106606,2.357217
trial_6,949,0.115811,4.999134
trial_6,950,0.027748,0.731098
trial_6,951,0.326588,0.636078
trial_6,952,0.077570,0.906870
trial_6,953,0.101332,1.026781
trial_6,954,0.165602,0.831839
trial_6,955,0.538933,1.577115
trial_6,956,0.078043,1.349487
trial_6,957,1.076037,7.183935
trial_6,958,0.480710,2.589613
trial_6,959,1.063953,3.187555
trial_6,960,0.515310,3.934518
trial_6,961,0.006563,2.174417
trial_6,962,0.792071,17.505912
trial_6,963,0.172686,2.643877
trial_6,964,0.141640,0.525667
trial_6,965,0.124743,0.939014
trial_6,966,0.263125,1.679018
trial_6,967,0.415715,3.444141
trial_6,968,0.014284,0.893377
trial_6,969,0.059582,0.619902
trial_6,970,0.065829,0.915002
trial_6,971,0.247433,0.566734
trial_6,972,1.075674,3.225253
trial_6,973,0.293096,0.931382
trial_6,974,0.529457,3.222630
trial_6,975,0.042621,2.476364
trial_6,976,0.041929,1.128197
trial_6,977,0.227803,0.660594
trial_6,978,0.013970,0.781233
trial_6,979,0.053655,0.360924
trial_6,980,0.191869,0.516033
trial_6,981,0.099016,1.756104
trial_6,982,0.292966,2.232130
trial_6,983,0.279618,0.731881
trial_6,984,0.163949,0.922623
trial_6,985,0.009366,1.396285
trial_6,986,0.024073,1.288054
trial_6,987,0.004105,0.813351
trial_6,988,0.982171,8.236468
trial_6,989,0.240230,1.062601
trial_6,990,0.489753,2.376640
trial_6,991,0.279033,1.406263
trial_6,992,0.195449,2.265063
trial_6,993,0.106473,1.303074
trial_6,994,0.020216,1.090442
trial_6,995,0.211042,0.623262
trial_6,996,0.011542,0.432412
trial_6,997,1.658086,8.894171
trial_6,998,0.213716,0.553060
trial_6,999,0.086718,0.397779
trial_6,1000,0.308786,1.386145
trial_7,1,0.081069,0.413309
trial_7,2,0.167676,0.523266
trial_7,3,0.036110,0.494402
trial_7,4,0.082296,0.569235
trial_7,5,0.387320,1.139099
trial_7,6,0.032938,0.534501
trial_7,7,0.018078,0.579726
trial_7,8,0.030190,0.737715
trial_7,9,0.172327,4.600786
trial_7,10,0.469784,2.552166
trial_7,11,0.033711,0.855091
trial_7,12,0.358559,1.308571
trial_7,13,2.309109,8.758716
trial_7,14,0.095581,0.595925
trial_7,15,0.090079,0.698838
trial_7,16,0.118189,0.574767
trial_7,17,0.334836,1.580295
trial_7,18,0.115329,1.077488
trial_7,19,0.161661,1.054718
trial_7,20,0.118575,0.574547
trial_7,21,0.106076,2.389276
trial_7,22,0.010967,0.670587
trial_7,23,0.274810,1.364370
trial_7,24,0.220082,2.100665
trial_7,25,0.226920,1.187016
trial_7,26,0.367118,3.809658
trial_7,27,0.172528,0.655304
trial_7,28,0.016787,10.387519
trial_7,29,0.055661,0.899659
trial_7,30,0.058020,1.059241
trial_7,31,0.345381,0.770676
trial_7,32,0.334855,0.537877
trial_7,33,0.012333,1.116558
trial_7,34,0.065509,14.517938
trial_7,35,0.350011,1.979948
trial_7,36,0.294430,1.848850
trial_7,37,0.306244,2.214819
trial_7,38,0.458827,1.140710
trial_7,39,0.237678,1.769857
trial_7,40,0.457854,1.984303
trial_7,41,0.096592,0.652167
trial_7,42,0.167565,0.522728
trial_7,43,0.148253,0.557967
trial_7,44,0.017135,0.504614
trial_7,45,0.153397,1.164000
trial_7,46,0.052638,1.251041
trial_7,47,0.014252,1.357355
trial_7,48,0.022518,0.604733
trial_7,49,0.098918,0.825262
trial_7,50,0.324726,1.132261
trial_7,51,0.234246,0.587532
trial_7,52,0.543542,0.923718
trial_7,53,0.829021,5.032495
trial_7,54,0.047941,1.903789
trial_7,55,0.358548,0.811661
trial_7,56,0.282636,0.626946
trial_7,57,0.487858,0.781597
trial_7,58,0.177767,0.913013
trial_7,59,0.161842,0.525539
trial_7,60,0.867844,5.293798
trial_7,61,0.182912,0.496948
trial_7,62,0.359906,0.851987
trial_7,63,0.245132,0.973681
trial_7,64,0.123918,0.661334
trial_7,65,0.167853,1.780416
trial_7,66,0.094610,0.689933
trial_7,67,0.076518,0.444282
trial_7,68,1.299766,4.655659
trial_7,69,0.092799,0.482862
trial_7,70,0.085552,0.337442
trial_7,71,0.062404,2.181191
trial_7,72,0.300224,0.445702
trial_7,73,0.075053,0.335065
trial_7,74,0.217496,0.539431
trial_7,75,0.145069,0.414531
trial_7,76,0.446519,1.456581
trial_7,77,0.151494,0.391228
trial_7,78,0.039367,0.317178
trial_7,79,0.126267,0.391087
trial_7,80,0.210356,0.441988
trial_7,81,0.553240,4.845754
trial_7,82,0.224027,4.893437
trial_7,83,0.372567,0.988965
trial_7,84,0.330009,7.574764
trial_7,85,1.802895,6.289920
trial_7,86,1.175221,4.521922
trial_7,87,0.161894,0.968951
trial_7,88,0.084796,0.559178
trial_7,89,0.145513,0.891277
trial_7,90,0.005461,0.483154
trial_7,91,0.228398,0.904787
trial_7,92,0.230353,1.250649
trial_7,93,0.002571,5.393899
trial_7,94,0.089391,0.489620
trial_7,95,0.189251,0.673114
trial_7,96,0.123004,0.781463
trial_7,97,0.366734,0.949971
trial_7,98,0.582669,3.570494
trial_7,99,0.169710,0.793463
trial_7,100,0.095356,0.537748
trial_7,101,0.340521,0.900905
trial_7,102,0.007036,1.304056
trial_7,103,0.213030,0.745169
trial_7,104,0.095727,0.480599
trial_7,105,0.134839,1.175387
trial_7,106,0.019550,0.966381
trial_7,107,0.146198,0.401397
trial_7,108,0.375452,5.681985
trial_7,109,0.346130,1.935210
trial_7,110,0.169312,2.255412
trial_7,111,0.144259,1.368716
trial_7,112,0.322805,1.879200
trial_7,113,0.116015,2.463412
trial_7,114,0.218445,0.734208
trial_7,115,0.223746,2.899959
trial_7,116,0.236770,0.632495
trial_7,117,0.112738,0.889773
trial_7,118,0.058242,0.669809
trial_7,119,0.008484,2.943331
trial_7,120,0.554126,2.479746
trial_7,121,0.206144,0.859227
trial_7,122,0.168547,0.528986
trial_7,123,0.178285,1.067520
trial_7,124,0.687344,2.631002
trial_7,125,0.114605,0.730888
trial_7,126,0.480622,4.185737
trial_7,127,0.387833,1.219632
trial_7,128,0.153816,0.577469
trial_7,129,0.036062,1.513381
trial_7,130,1.126989,5.064817
trial_7,131,0.116087,0.571648
trial_7,132,0.044320,1.041614
trial_7,133,0.440009,6.273596
trial_7,134,0.127186,1.242011
trial_7,135,0.200920,0.657703
trial_7,136,0.035617,0.987766
trial_7,137,0.107356,2.385687
trial_7,138,0.126877,0.552812
trial_7,139,0.054748,0.541178
trial_7,140,0.104368,0.451698
trial_7,141,0.060119,0.964431
trial_7,142,0.000087,1.351979
trial_7,143,0.511712,3.662323
trial_7,144,0.041657,0.705120
trial_7,145,0.150522,0.646756
trial_7,146,0.079127,1.380941
trial_7,147,0.114852,2.587164
trial_7,148,0.071910,1.195848
trial_7,149,0.617977,4.521962
trial_7,150,0.032274,0.452791
trial_7,151,0.141262,1.303350
trial_7,152,0.344652,1.340620
trial_7,153,0.367871,1.509994
trial_7,154,0.526208,1.258043
trial_7,155,0.198597,1.216017
trial_7,156,0.066176,0.586677
trial_7,157,0.513247,3.315643
trial_7,158,0.275220,2.035349
trial_7,159,0.008388,0.587079
trial_7,160,0.129533,0.968929
trial_7,161,0.038000,0.701028
trial_7,162,0.087210,0.396507
trial_7,163,0.270153,1.541951
trial_7,164,0.089474,0.454658
trial_7,165,0.065003,1.183391
trial_7,166,0.242294,2.011632
trial_7,167,0.183889,0.557345
trial_7,168,0.096946,0.688797
trial_7,169,0.070597,0.556791
trial_7,170,0.253218,0.915612
trial_7,171,0.030097,1.210234
trial_7,172,0.142521,0.707784
trial_7,173,0.001226,0.369784
trial_7,174,0.314426,0.869855
trial_7,175,0.147681,0.622690
trial_7,176,0.135048,0.760158
trial_7,177,0.252258,1.721254
trial_7,178,0.291607,0.832384
trial_7,179,0.116405,0.859306
trial_7,180,0.004888,2.702621
trial_7,181,0.166594,3.739809
trial_7,182,0.194429,0.547675
trial_7,183,0.489000,0.697954
trial_7,184,0.204286,3.005654
trial_7,185,0.173531,0.561013
trial_7,186,0.175279,0.637274
trial_7,187,0.193652,1.793695
trial_7,188,0.365376,0.567194
trial_7,189,0.021253,1.598154
trial_7,190,0.078221,1.067525
trial_7,191,0.057639,0.461926
trial_7,192,0.108181,0.618827
trial_7,193,0.292216,0.780292
trial_7,194,0.429979,0.642901
trial_7,195,0.016191,0.705727
trial_7,196,0.038777,0.865566
trial_7,197,0.089693,0.652759
trial_7,198,0.356847,0.842713
trial_7,199,0.623701,1.989749
trial_7,200,0.225312,0.913719
trial_7,201,0.067678,0.774234
trial_7,202,0.081599,0.443329
trial_7,203,0.140942,0.441441
trial_7,204,0.046970,1.055992
trial_7,205,0.301578,1.532144
trial_7,206,0.241279,0.487252
trial_7,207,0.036919,0.447379
trial_7,208,0.334558,0.598335
trial_7,209,0.032394,3.730193
trial_7,210,0.227308,3.178645
trial_7,211,0.058706,2.090780
trial_7,212,0.420761,0.818726
trial_7,213,0.032333,0.761968
trial_7,214,0.152489,0.569704
trial_7,215,0.054170,0.711551
trial_7,216,0.180116,0.570500
trial_7,217,0.069457,0.724994
trial_7,218,0.085733,2.850597
trial_7,219,5.338605,21.429183
trial_7,220,0.242879,4.389764
trial_7,221,0.291187,0.627797
trial_7,222,0.367407,0.702411
trial_7,223,0.285317,0.571173
trial_7,224,0.139185,0.518433
trial_7,225,0.114323,1.418853
trial_7,226,0.339891,1.466163
trial_7,227,0.060609,0.528115
trial_7,228,0.152950,0.610193
trial_7,229,0.269954,2.470559
trial_7,230,0.473116,1.346565
trial_7,231,0.543056,3.440697
trial_7,232,0.244168,1.136683
trial_7,233,0.298205,1.267065
trial_7,234,0.101733,0.452634
trial_7,235,0.745140,2.983039
trial_7,236,0.254484,0.574218
trial_7,237,0.604695,1.957033
trial_7,238,0.048622,0.701631
trial_7,239,0.130897,0.519184
trial_7,240,0.118779,1.301302
trial_7,241,0.207730,0.581112
trial_7,242,0.007300,0.290484
trial_7,243,0.151155,1.155891
trial_7,244,0.056431,2.725926
trial_7,245,1.577338,6.303358
trial_7,246,0.212629,1.520772
trial_7,247,0.133340,0.429532
trial_7,248,0.090745,0.789429
trial_7,249,0.410683,1.352959
trial_7,250,0.054776,0.925996
trial_7,251,0.024134,0.610150
trial_7,252,0.121409,0.661814
trial_7,253,0.128914,0.914565
trial_7,254,0.241071,8.041237
trial_7,255,3.528359,18.641938
trial_7,256,0.371805,1.006772
trial_7,257,0.185257,3.325794
trial_7,258,0.093026,0.560667
trial_7,259,0.235300,0.662106
trial_7,260,0.102797,0.365782
trial_7,261,0.263150,1.226414
trial_7,262,0.505469,1.956447
trial_7,263,0.003390,0.502391
trial_7,264,0.093066,1.258982
trial_7,265,0.155934,0.758465
trial_7,266,0.138354,0.791419
trial_7,267,0.046690,2.541628
trial_7,268,0.003972,0.501372
trial_7,269,0.006621,0.955441
trial_7,270,0.083407,0.402252
trial_7,271,0.007678,0.749620
trial_7,272,0.177483,0.526297
trial_7,273,0.057672,0.927581
trial_7,274,0.284744,0.603994
trial_7,275,0.055965,0.661414
trial_7,276,0.914748,4.287967
trial_7,277,0.093252,1.295816
trial_7,278,0.094788,0.407058
trial_7,279,0.065369,0.401968
trial_7,280,0.242420,2.049009
trial_7,281,0.400030,3.729119
trial_7,282,1.612710,5.665197
trial_7,283,0.272253,2.032476
trial_7,284,0.172339,0.808798
trial_7,285,0.060383,0.460219
trial_7,286,0.025327,1.721514
trial_7,287,0.044810,1.324039
trial_7,288,0.082429,2.423878
trial_7,289,0.065446,0.705696
trial_7,290,0.136798,0.871542
trial_7,291,0.208926,0.886774
trial_7,292,0.492273,2.328966
trial_7,293,0.127692,1.623296
trial_7,294,0.022612,0.443575
trial_7,295,0.057569,0.677802
trial_7,296,0.256043,2.328506
trial_7,297,0.723092,0.952691
trial_7,298,0.162807,0.854853
trial_7,299,0.085564,0.366920
trial_7,300,0.257135,0.614502
trial_7,301,0.037761,0.649395
trial_7,302,0.243979,1.791105
trial_7,303,0.258705,1.343812
trial_7,304,0.041738,0.387889
trial_7,305,0.165116,0.886319
trial_7,306,0.058472,0.606591
trial_7,307,0.087079,1.225338
trial_7,308,0.470791,4.431891
trial_7,309,0.255163,1.077317
trial_7,310,0.372183,4.722607
trial_7,311,0.112175,2.896127
trial_7,312,0.987859,6.708612
trial_7,313,0.260010,1.109968
trial_7,314,0.693008,1.992271
trial_7,315,0.413457,1.945716
trial_7,316,0.037734,1.333043
trial_7,317,0.009089,0.879239
trial_7,318,0.095271,0.750318
trial_7,319,0.009091,1.348835
trial_7,320,0.828969,6.073900
trial_7,321,0.581405,3.654492
trial_7,322,0.095414,1.250530
trial_7,323,0.072088,2.133342
trial_7,324,0.626092,1.343069
trial_7,325,0.195998,0.713384
trial_7,326,0.190793,1.318637
trial_7,327,0.225068,1.515151
trial_7,328,0.399006,1.284860
trial_7,329,1.419774,8.617847
trial_7,330,1.256740,3.986495
trial_7,331,0.097900,1.560606
trial_7,332,0.301891,1.139187
trial_7,333,0.123000,2.423017
trial_7,334,0.588523,0.781712
trial_7,335,0.162163,1.093942
trial_7,336,0.132873,1.042486
trial_7,337,0.202301,1.538997
trial_7,338,0.309240,4.849288
trial_7,339,0.186850,1.044330
trial_7,340,0.287031,0.708032
trial_7,341,0.910720,10.568386
trial_7,342,0.196200,0.832669
trial_7,343,0.018491,1.383173
trial_7,344,0.682502,4.659870
trial_7,345,3.123849,15.426710
trial_7,346,1.267612,9.221051
trial_7,347,0.283596,1.418501
trial_7,348,0.729204,4.237551
trial_7,349,0.001224,0.872387
trial_7,350,0.111239,2.027480
trial_7,351,0.435178,3.040033
trial_7,352,0.136306,1.917083
trial_7,353,0.115777,1.404346
trial_7,354,0.466728,2.992983
trial_7,355,0.190725,0.563331
trial_7,356,0.143536,0.641090
trial_7,357,0.217495,3.250781
trial_7,358,0.094356,0.722761
trial_7,359,0.000593,0.718285
trial_7,360,0.091337,0.674026
trial_7,361,0.060044,3.241530
trial_7,362,0.175842,4.533325
trial_7,363,0.004763,1.982011
trial_7,364,0.063461,0.681088
trial_7,365,0.039374,0.669234
trial_7,366,0.196015,1.373399
trial_7,367,0.015164,0.790144
trial_7,368,0.034498,0.577052
trial_7,369,0.053630,0.535897
trial_7,370,0.371877,2.491559
trial_7,371,0.244674,0.836373
trial_7,372,0.331738,0.949091
trial_7,373,0.210908,1.826380
trial_7,374,0.290877,5.955542
trial_7,375,0.308514,0.607770
trial_7,376,0.348167,0.823045
trial_7,377,0.318047,0.737302
trial_7,378,0.011282,0.381650
trial_7,379,0.286270,0.497795
trial_7,380,0.185300,1.330624
trial_7,381,0.120969,0.613268
trial_7,382,0.055182,0.528214
trial_7,383,0.780788,3.142152
trial_7,384,0.067500,0.322695
trial_7,385,0.368218,1.890464
trial_7,386,0.606147,5.806227
trial_7,387,1.408548,8.169968
trial_7,388,0.379018,0.815161
trial_7,389,0.128466,0.733149
trial_7,390,0.094757,1.730646
trial_7,391,0.082824,1.361510
trial_7,392,0.148718,1.228886
trial_7,393,0.535457,2.043566
trial_7,394,0.043483,1.555461
trial_7,395,0.209931,0.609478
trial_7,396,0.129150,0.445490
trial_7,397,0.216421,0.573208
trial_7,398,0.061490,0.940357
trial_7,399,0.123030,0.849737
trial_7,400,0.150918,0.822210
trial_7,401,0.454792,1.389092
trial_7,402,0.351645,1.822441
trial_7,403,0.031869,0.853106
trial_7,404,0.243209,0.624573
trial_7,405,0.150799,0.487849
trial_7,406,0.135292,0.575401
trial_7,407,0.000926,0.456638
trial_7,408,0.002015,0.864468
trial_7,409,0.165395,1.085900
trial_7,410,0.159721,1.174183
trial_7,411,0.749093,2.759619
trial_7,412,0.006873,0.591119
trial_7,413,0.561291,2.450911
trial_7,414,0.264540,0.789439
trial_7,415,0.238332,1.005695
trial_7,416,1.701844,12.196826
trial_7,417,0.581871,1.061826
trial_7,418,0.334425,0.746378
trial_7,419,0.126999,2.431207
trial_7,420,0.283147,1.113294
trial_7,421,0.093524,0.468105
trial_7,422,0.102392,1.416859
trial_7,423,0.011087,0.696322
trial_7,424,0.196206,0.681010
trial_7,425,0.024633,0.474892
trial_7,426,0.074560,0.420121
trial_7,427,0.116605,1.006208
trial_7,428,0.024746,1.605326
trial_7,429,0.114965,0.714473
trial_7,430,0.131548,0.403301
trial_7,431,0.084999,1.833418
trial_7,432,0.494862,1.548580
trial_7,433,0.044129,0.595250
trial_7,434,0.169466,1.932330
trial_7,435,1.269066,5.695150
trial_7,436,0.033970,0.627100
trial_7,437,0.618098,1.560144
trial_7,438,0.721750,3.257692
trial_7,439,0.106564,2.192341
trial_7,440,0.797333,3.535665
trial_7,441,1.191270,3.772007
trial_7,442,0.220393,0.684782
trial_7,443,0.001297,0.794610
trial_7,444,0.344454,0.900019
trial_7,445,0.271681,1.259336
trial_7,446,0.199514,1.789171
trial_7,447,0.002535,1.872466
trial_7,448,0.137683,0.780478
trial_7,449,0.087047,1.867934
trial_7,450,0.407060,2.902979
trial_7,451,0.427184,1.333074
trial_7,452,0.217254,0.940970
trial_7,453,0.501785,3.137175
trial_7,454,0.078363,0.604784
trial_7,455,0.354509,1.189838
trial_7,456,0.271267,1.502374
trial_7,457,0.063075,0.549522
trial_7,458,0.130686,0.860029
trial_7,459,0.005250,1.279156
trial_7,460,0.275933,0.647421
trial_7,461,0.021135,0.563283
trial_7,462,0.018739,1.908397
trial_7,463,0.150780,1.009694
trial_7,464,0.055335,0.506421
trial_7,465,0.149238,0.829600
trial_7,466,0.069912,0.420173
trial_7,467,0.120285,0.956579
trial_7,468,0.188046,0.557358
trial_7,469,0.177937,5.479872
trial_7,470,0.322614,0.839910
trial_7,471,0.387478,0.898676
trial_7,472,0.421348,1.279965
trial_7,473,0.175907,0.954044
trial_7,474,0.887565,5.779987
trial_7,475,0.953686,6.938091
trial_7,476,0.335344,3.237724
trial_7,477,0.071936,0.805460
trial_7,478,0.109483,0.527869
trial_7,479,0.002453,0.577047
trial_7,480,0.147279,0.808577
trial_7,481,0.264643,4.486184
trial_7,482,0.077571,1.518693
trial_7,483,0.378347,3.011049
trial_7,484,0.446314,2.981216
trial_7,485,0.042778,0.662423
trial_7,486,0.178817,0.949385
trial_7,487,0.268338,0.956966
trial_7,488,0.348493,0.849311
trial_7,489,0.060628,0.463930
trial_7,490,0.365486,0.989445
trial_7,491,0.036568,0.430822
trial_7,492,0.042487,0.777035
trial_7,493,0.291150,1.379033
trial_7,494,0.327362,0.832185
trial_7,495,0.173397,0.805672
trial_7,496,0.018426,0.532870
trial_7,497,0.257474,0.969205
trial_7,498,0.222541,0.678578
trial_7,499,0.128094,1.963895
trial_7,500,0.331866,3.754170
trial_7,501,0.197611,0.541858
trial_7,502,0.079639,0.673016
trial_7,503,0.163795,0.474107
trial_7,504,0.180412,0.795854
trial_7,505,0.094855,0.862842
trial_7,506,0.237368,0.581447
trial_7,507,1.693316,4.148371
trial_7,508,0.048379,0.541947
trial_7,509,0.462783,2.425490
trial_7,510,0.468316,1.337587
trial_7,511,0.053725,0.616364
trial_7,512,0.412418,5.101837
trial_7,513,0.140103,1.696886
trial_7,514,0.402450,2.383692
trial_7,515,2.056463,19.211133
trial_7,516,0.317320,0.999710
trial_7,517,0.091945,5.608526
trial_7,518,0.063544,1.043906
trial_7,519,0.031504,1.512039
trial_7,520,0.130033,0.374361
trial_7,521,0.107196,0.332246
trial_7,522,0.035415,0.486409
trial_7,523,0.589499,3.849843
trial_7,524,0.214742,0.790838
trial_7,525,0.515867,3.345090
trial_7,526,0.148991,0.792143
trial_7,527,0.133175,0.729216
trial_7,528,0.344814,1.294474
trial_7,529,0.106973,0.886154
trial_7,530,0.025509,0.544159
trial_7,531,0.061366,1.299484
trial_7,532,0.425637,0.743141
trial_7,533,0.296667,0.535587
trial_7,534,0.162550,0.511132
trial_7,535,0.219791,1.302220
trial_7,536,0.038126,2.361044
trial_7,537,0.626259,2.668400
trial_7,538,0.347135,0.850252
trial_7,539,0.299881,1.480938
trial_7,540,0.017289,0.761291
trial_7,541,0.328453,0.674503
trial_7,542,0.125473,4.811267
trial_7,543,0.100209,0.597033
trial_7,544,0.125124,0.453557
trial_7,545,0.256306,1.485412
trial_7,546,0.204790,1.008289
trial_7,547,0.108154,0.828668
trial_7,548,0.101672,0.711207
trial_7,549,0.070724,0.644623
trial_7,550,0.101889,0.930285
trial_7,551,0.304168,0.531482
trial_7,552,0.090330,1.775144
trial_7,553,0.034015,1.040796
trial_7,554,0.946777,4.891934
trial_7,555,0.107159,0.497075
trial_7,556,0.012752,0.440068
trial_7,557,0.122971,1.429427
trial_7,558,0.266964,0.574355
trial_7,559,0.176120,0.586400
trial_7,560,0.008278,1.014565
trial_7,561,0.002137,2.351168
trial_7,562,0.209659,1.621825
trial_7,563,0.392092,1.223171
trial_7,564,0.476745,1.041661
trial_7,565,0.213423,1.749789
trial_7,566,0.111093,0.948981
trial_7,567,0.014533,1.947812
trial_7,568,0.086484,0.684901
trial_7,569,0.061711,0.567582
trial_7,570,0.045469,1.528440
trial_7,571,0.054470,0.624212
trial_7,572,0.194110,0.598880
trial_7,573,0.281208,0.614803
trial_7,574,0.022301,0.335309
trial_7,575,0.287128,3.931048
trial_7,576,0.384270,5.263374
trial_7,577,0.003750,0.600803
trial_7,578,0.268782,2.381780
trial_7,579,0.074414,0.646041
trial_7,580,0.147400,0.612251
trial_7,581,0.182890,0.974224
trial_7,582,0.129170,0.775215
trial_7,583,0.118883,1.756185
trial_7,584,0.201308,0.649665
trial_7,585,0.219442,0.995289
trial_7,586,0.028947,0.558461
trial_7,587,0.161593,0.830754
trial_7,588,0.044500,0.483676
trial_7,589,3.723995,26.628205
trial_7,590,0.155177,1.583665
trial_7,591,0.053352,1.106917
trial_7,592,0.296836,1.904982
trial_7,593,0.053154,0.637958
trial_7,594,0.194538,0.537341
trial_7,595,0.766508,4.278889
trial_7,596,0.046084,0.757390
trial_7,597,0.162287,0.948231
trial_7,598,0.153777,0.572042
trial_7,599,0.190767,0.860409
trial_7,600,0.391401,0.574541
trial_7,601,0.724739,3.191792
trial_7,602,0.492212,1.258256
trial_7,603,0.005959,0.880995
trial_7,604,0.010190,0.468846
trial_7,605,0.000729,0.718735
trial_7,606,0.025476,0.736463
trial_7,607,0.616780,0.999843
trial_7,608,0.094586,0.683403
trial_7,609,0.217852,1.646611
trial_7,610,0.224058,0.906147
trial_7,611,0.289846,0.446947
trial_7,612,0.251900,0.481923
trial_7,613,0.319020,1.492358
trial_7,614,0.174576,2.598330
trial_7,615,0.115081,0.387843
trial_7,616,0.090782,0.607499
trial_7,617,0.086933,0.749251
trial_7,618,0.056587,0.303834
trial_7,619,2.906025,12.982434
trial_7,620,0.101812,0.747604
trial_7,621,0.250314,0.613005
trial_7,622,0.892434,6.009453
trial_7,623,0.059889,0.434481
trial_7,624,0.595797,2.571928
trial_7,625,0.248986,1.018476
trial_7,626,0.234367,0.836779
trial_7,627,0.956456,3.456599
trial_7,628,0.465716,1.655371
trial_7,629,0.183597,0.657449
trial_7,630,0.129413,0.887249
trial_7,631,0.041179,2.227910
trial_7,632,0.237631,1.665673
trial_7,633,0.133478,0.718155
trial_7,634,0.534678,3.783212
trial_7,635,0.134221,3.287340
trial_7,636,0.272843,1.656646
trial_7,637,0.549414,3.343204
trial_7,638,0.159427,0.635981
trial_7,639,0.135257,0.943530
trial_7,640,0.272905,0.475171
trial_7,641,0.459896,1.287102
trial_7,642,0.030705,0.590783
trial_7,643,0.035904,1.877276
trial_7,644,0.449675,2.682151
trial_7,645,0.294652,1.669809
trial_7,646,0.702106,4.090698
trial_7,647,0.431172,4.794763
trial_7,648,0.733115,12.949301
trial_7,649,0.340656,1.068861
trial_7,650,0.933994,3.468879
trial_7,651,0.273882,2.806932
trial_7,652,0.888841,6.062743
trial_7,653,0.007675,0.618486
trial_7,654,0.199313,0.696305
trial_7,655,0.090277,0.437355
trial_7,656,0.201560,2.656157
trial_7,657,0.418557,6.417060
trial_7,658,0.478012,1.689228
trial_7,659,0.186980,2.422846
trial_7,660,0.045371,1.463033
trial_7,661,0.125043,3.128296
trial_7,662,0.211539,1.134226
trial_7,663,0.493557,1.244115
trial_7,664,0.542099,1.058671
trial_7,665,0.089968,1.596705
trial_7,666,0.340168,4.253605
trial_7,667,0.205788,0.936891
trial_7,668,0.044026,0.501340
trial_7,669,0.041827,0.357731
trial_7,670,0.078298,0.427806
trial_7,671,0.120331,1.299718
trial_7,672,0.257551,0.623054
trial_7,673,2.723836,13.008911
trial_7,674,0.286147,0.693052
trial_7,675,0.300064,0.907945
trial_7,676,0.571117,3.449081
trial_7,677,0.440836,1.032099
trial_7,678,0.132377,0.796579
trial_7,679,0.243831,5.081169
trial_7,680,0.089887,0.429742
trial_7,681,0.069328,0.443483
trial_7,682,0.365570,2.653676
trial_7,683,0.113671,0.674553
trial_7,684,0.304109,10.084062
trial_7,685,0.188348,3.857701
trial_7,686,0.023130,1.226955
trial_7,687,0.084792,0.884323
trial_7,688,0.093380,0.410211
trial_7,689,0.469488,1.574540
trial_7,690,0.001410,1.620834
trial_7,691,0.274679,0.479437
trial_7,692,0.030032,0.368925
trial_7,693,0.140820,0.817985
trial_7,694,0.207500,0.894994
trial_7,695,0.081255,0.475360
trial_7,696,0.330760,3.579510
trial_7,697,0.392961,3.642989
trial_7,698,0.158354,0.472262
trial_7,699,0.016564,0.516425
trial_7,700,0.252200,0.877013
trial_7,701,0.160559,1.851845
trial_7,702,0.183725,0.914764
trial_7,703,0.105602,2.401076
trial_7,704,0.025016,0.564266
trial_7,705,0.138471,0.422582
trial_7,706,0.399503,1.681412
trial_7,707,0.056556,0.664898
trial_7,708,0.214971,0.735022
trial_7,709,0.213727,5.043655
trial_7,710,0.319663,3.113782
trial_7,711,0.189054,1.381660
trial_7,712,0.318400,0.738552
trial_7,713,1.052643,7.170796
trial_7,714,0.074230,0.551755
trial_7,715,0.569045,0.820308
trial_7,716,0.100127,3.027644
trial_7,717,0.147843,0.673602
trial_7,718,0.153346,1.022905
trial_7,719,0.109276,0.468853
trial_7,720,0.715567,2.838190
trial_7,721,0.185538,0.598064
trial_7,722,0.163201,0.619388
trial_7,723,0.116783,0.401471
trial_7,724,0.420338,9.508323
trial_7,725,0.646036,4.646368
trial_7,726,0.212547,3.758298
trial_7,727,0.052127,1.709980
trial_7,728,0.153853,0.719874
trial_7,729,0.526746,0.777746
trial_7,730,0.171670,0.795247
trial_7,731,0.224127,1.023932
trial_7,732,0.263301,0.823771
trial_7,733,0.036149,0.575785
trial_7,734,0.073691,0.348209
trial_7,735,0.039696,1.493097
trial_7,736,0.463663,1.522503
trial_7,737,0.122121,1.338871
trial_7,738,0.389242,2.666487
trial_7,739,0.217718,0.976249
trial_7,740,0.320389,0.580827
trial_7,741,0.104845,0.999823
trial_7,742,0.197688,0.585563
trial_7,743,1.926055,9.010343
trial_7,744,0.054789,0.698075
trial_7,745,0.119678,0.441096
trial_7,746,0.049519,0.480471
trial_7,747,0.184442,0.422448
trial_7,748,0.185386,0.895337
trial_7,749,0.049239,1.453074
trial_7,750,0.127608,0.460676
trial_7,751,0.156740,1.876286
trial_7,752,0.079978,0.586144
trial_7,753,0.881858,3.593972
trial_7,754,0.037368,0.465321
trial_7,755,0.520897,1.087946
trial_7,756,0.126909,0.429330
trial_7,757,0.017908,1.072608
trial_7,758,0.445274,1.665842
trial_7,759,0.390519,2.472683
trial_7,760,0.523994,1.890117
trial_7,761,0.417968,1.759313
trial_7,762,0.114250,1.629373
trial_7,763,0.001119,0.673757
trial_7,764,0.054875,2.110301
trial_7,765,0.038997,1.110269
trial_7,766,0.059510,2.586497
trial_7,767,0.162414,1.671724
trial_7,768,0.082853,0.713321
trial_7,769,0.229921,0.804724
trial_7,770,0.347418,10.932613
trial_7,771,0.163750,0.802413
trial_7,772,4.719843,24.835486
trial_7,773,0.118611,0.707713
trial_7,774,0.140095,1.994691
trial_7,775,0.072857,0.403064
trial_7,776,0.098663,4.101047
trial_7,777,0.309331,1.359465
trial_7,778,0.039918,0.618187
trial_7,779,0.042475,1.016756
trial_7,780,0.239089,0.563320
trial_7,781,0.096886,1.131935
trial_7,782,0.073283,1.131563
trial_7,783,0.190115,1.239701
trial_7,784,0.081568,0.473550
trial_7,785,0.081712,0.634113
trial_7,786,0.267747,2.509689
trial_7,787,0.255534,0.783549
trial_7,788,1.136623,7.258937
trial_7,789,0.034346,0.472814
trial_7,790,0.273876,1.026281
trial_7,791,0.321305,1.007923
trial_7,792,0.014988,0.370192
trial_7,793,0.347769,1.202080
trial_7,794,0.887172,3.405784
trial_7,795,0.145902,2.711785
trial_7,796,0.689566,1.325201
trial_7,797,0.278082,0.886939
trial_7,798,0.005864,0.733025
trial_7,799,0.403225,0.631569
trial_7,800,0.163446,0.851333
trial_7,801,0.259476,1.909735
trial_7,802,0.441018,0.994368
trial_7,803,0.033330,0.441379
trial_7,804,0.186442,0.696898
trial_7,805,0.087235,0.891788
trial_7,806,0.630008,4.606915
trial_7,807,0.219448,0.631996
trial_7,808,0.075053,0.369122
trial_7,809,0.044393,0.497603
trial_7,810,0.186522,0.713341
trial_7,811,0.082787,1.034213
trial_7,812,0.251933,2.609028
trial_7,813,0.409431,7.960845
trial_7,814,0.096749,7.357916
trial_7,815,0.191265,0.671121
trial_7,816,0.333018,1.083355
trial_7,817,0.106760,0.778363
trial_7,818,0.375694,3.648694
trial_7,819,0.585826,3.777608
trial_7,820,2.023698,11.273185
trial_7,821,0.137968,1.215070
trial_7,822,0.083405,1.583243
trial_7,823,0.133100,1.394545
trial_7,824,0.144668,0.431399
trial_7,825,0.218341,1.985786
trial_7,826,0.654152,8.673237
trial_7,827,0.161287,3.456655
trial_7,828,0.190856,1.051154
trial_7,829,0.027430,1.036654
trial_7,830,0.425896,0.839783
trial_7,831,0.281824,1.998298
trial_7,832,0.235537,0.871867
trial_7,833,0.013903,1.876879
trial_7,834,0.210150,1.323299
trial_7,835,0.369885,0.960286
trial_7,836,0.170764,0.547589
trial_7,837,0.434175,4.102124
trial_7,838,0.188175,1.264847
trial_7,839,0.142393,1.419663
trial_7,840,0.255216,1.613474
trial_7,841,0.445069,4.718085
trial_7,842,0.036202,0.562611
trial_7,843,0.226877,2.424672
trial_7,844,0.179207,0.433954
trial_7,845,0.064911,0.628637
trial_7,846,0.054759,0.501298
trial_7,847,0.199005,1.142072
trial_7,848,0.112589,2.568091
trial_7,849,0.126246,0.358398
trial_7,850,0.257550,1.359411
trial_7,851,0.076102,1.108122
trial_7,852,0.558603,2.508647
trial_7,853,0.143501,0.533287
trial_7,854,0.149692,0.470907
trial_7,855,0.128919,0.705039
trial_7,856,0.302211,3.409422
trial_7,857,0.627793,2.584716
trial_7,858,0.117528,0.619968
trial_7,859,0.055598,0.999612
trial_7,860,0.244870,0.777922
trial_7,861,0.080108,0.584133
trial_7,862,0.429667,0.770152
trial_7,863,0.213001,0.780708
trial_7,864,0.331655,0.839772
trial_7,865,0.111069,0.608320
trial_7,866,0.128654,2.094253
trial_7,867,0.089992,0.627501
trial_7,868,0.275417,2.048922
trial_7,869,0.495871,4.391716
trial_7,870,0.323148,0.862152
trial_7,871,0.304175,2.147234
trial_7,872,0.273129,3.379323
trial_7,873,0.135348,0.598701
trial_7,874,0.270217,0.639241
trial_7,875,0.218644,0.978415
trial_7,876,0.140755,1.012950
trial_7,877,0.230617,0.665407
trial_7,878,0.115090,0.705105
trial_7,879,0.112623,0.526007
trial_7,880,0.169898,2.582995
trial_7,881,0.107438,0.668738
trial_7,882,0.006697,0.581585
trial_7,883,0.000854,0.612073
trial_7,884,0.186252,3.073776
trial_7,885,0.155323,0.497657
trial_7,886,0.114254,0.654883
trial_7,887,0.337810,8.211456
trial_7,888,0.237070,1.456877
trial_7,889,0.075693,0.983198
trial_7,890,0.265281,2.145500
trial_7,891,0.351473,1.250555
trial_7,892,0.104729,0.829867
trial_7,893,0.228965,3.493266
trial_7,894,0.361727,2.344288
trial_7,895,0.512381,1.330354
trial_7,896,0.139465,1.725683
trial_7,897,0.107003,1.110364
trial_7,898,0.070695,1.633375
trial_7,899,0.019647,1.235585
trial_7,900,0.106133,1.000247
trial_7,901,0.069557,0.490906
trial_7,902,0.014149,2.431480
trial_7,903,0.181289,0.451302
trial_7,904,0.229804,0.692575
trial_7,905,0.129892,1.408750
trial_7,906,0.217340,0.944880
trial_7,907,0.052290,0.771796
trial_7,908,0.010073,0.336199
trial_7,909,0.498639,4.782270
trial_7,910,0.125203,0.448592
trial_7,911,0.224558,0.478230
trial_7,912,0.082447,0.939393
trial_7,913,0.266786,1.768312
trial_7,914,0.271834,0.853848
trial_7,915,0.290318,1.033857
trial_7,916,0.291984,1.087096
trial_7,917,0.306006,0.859857
trial_7,918,0.042314,1.189776
trial_7,919,0.819067,3.675926
trial_7,920,0.028431,1.141994
trial_7,921,0.186316,0.573914
trial_7,922,0.086000,0.693127
trial_7,923,0.122174,1.496674
trial_7,924,0.453643,7.913537
trial_7,925,1.025580,4.168235
trial_7,926,0.256960,1.248937
trial_7,927,0.187800,1.383129
trial_7,928,0.245904,2.450628
trial_7,929,0.272660,1.079068
trial_7,930,0.195506,0.972414
trial_7,931,0.636231,8.569968
trial_7,932,0.104455,0.970716
trial_7,933,0.312933,3.538298
trial_7,934,0.857747,2.430607
trial_7,935,0.181061,0.710714
trial_7,936,0.858334,3.403944
trial_7,937,0.087043,1.243935
trial_7,938,0.183891,0.452546
trial_7,939,0.112150,1.239282
trial_7,940,0.470925,1.071304
trial_7,941,0.401318,0.996235
trial_7,942,0.067799,0.636977
trial_7,943,0.014551,1.292743
trial_7,944,0.151580,0.476091
trial_7,945,0.045076,0.785499
trial_7,946,0.094617,0.690769
trial_7,947,0.035038,0.679383
trial_7,948,0.434935,2.545924
trial_7,949,0.576541,7.471295
trial_7,950,0.159267,0.657250
trial_7,951,0.187309,0.591818
trial_7,952,0.197285,0.863989
trial_7,953,0.159002,0.864733
trial_7,954,0.008886,0.887257
trial_7,955,0.281111,1.489357
trial_7,956,0.057066,1.437133
trial_7,957,1.268274,7.778680
trial_7,958,0.270014,2.219155
trial_7,959,0.981881,3.036714
trial_7,960,0.788957,3.868266
trial_7,961,0.161206,2.055170
trial_7,962,0.201902,19.176029
trial_7,963,0.118894,2.535189
trial_7,964,0.201713,0.694241
trial_7,965,0.161833,0.884256
trial_7,966,0.436462,1.793597
trial_7,967,0.224894,3.328590
trial_7,968,0.083167,0.835432
trial_7,969,0.078788,0.676655
trial_7,970,0.154476,0.944749
trial_7,971,0.024968,0.503966
trial_7,972,1.548419,4.422587
trial_7,973,0.214638,0.704474
trial_7,974,0.384339,3.262752
trial_7,975,0.020005,2.344853
trial_7,976,0.004077,1.221255
trial_7,977,0.244252,0.671635
trial_7,978,0.653313,1.123359
trial_7,979,0.052266,0.451791
trial_7,980,0.143854,0.543656
trial_7,981,0.503828,1.775915
trial_7,982,0.137442,2.238969
trial_7,983,0.302177,0.764911
trial_7,984,0.054232,1.088404
trial_7,985,0.119300,1.392247
trial_7,986,0.124725,1.115336
trial_7,987,0.022171,0.907436
trial_7,988,0.556416,6.796263
trial_7,989,0.065951,0.640962
trial_7,990,0.345916,2.178179
trial_7,991,0.225018,1.473560
trial_7,992,0.260034,2.364908
trial_7,993,0.209983,1.622545
trial_7,994,0.014804,1.384826
trial_7,995,0.078227,0.626086
trial_7,996,0.252770,0.473066
trial_7,997,2.557614,9.547177
trial_7,998,0.327797,0.674199
trial_7,999,0.081223,0.374844
trial_7,1000,0.073619,1.425766
trial_8,1,0.201241,0.451872
trial_8,2,0.011186,0.377980
trial_8,3,0.118932,0.541859
trial_8,4,0.180666,0.626204
trial_8,5,0.284742,1.141651
trial_8,6,0.118860,0.547995
trial_8,7,0.137808,0.503000
trial_8,8,0.133413,0.820372
trial_8,9,0.141176,6.306570
trial_8,10,0.005245,2.214470
trial_8,11,0.153008,0.871440
trial_8,12,0.184919,1.077075
trial_8,13,1.404325,7.914985
trial_8,14,0.330898,0.657760
trial_8,15,0.287283,0.667597
trial_8,16,0.143378,0.505664
trial_8,17,0.058020,1.382088
trial_8,18,0.308500,0.926548
trial_8,19,0.056511,0.895953
trial_8,20,0.044628,0.508887
trial_8,21,0.442794,2.719849
trial_8,22,0.153321,0.683958
trial_8,23,0.427896,1.275891
trial_8,24,0.199217,1.978384
trial_8,25,0.187875,1.144143
trial_8,26,0.349485,4.053109
trial_8,27,0.205639,0.611592
trial_8,28,1.526391,10.922350
trial_8,29,0.019613,1.022214
trial_8,30,0.059264,0.856341
trial_8,31,0.048395,0.713201
trial_8,32,0.105861,0.488772
trial_8,33,0.035755,1.191720
trial_8,34,0.052955,15.310098
trial_8,35,0.553710,1.485647
trial_8,36,0.391091,1.718749
trial_8,37,0.094711,2.594747
trial_8,38,0.040764,0.882698
trial_8,39,0.158380,1.601784
trial_8,40,0.137970,1.753111
trial_8,41,0.084186,0.642239
trial_8,42,0.030563,0.489865
trial_8,43,0.269539,0.674486
trial_8,44,0.110308,0.537495
trial_8,45,0.157466,1.218867
trial_8,46,0.182656,1.159179
trial_8,47,0.338222,1.240550
trial_8,48,0.125175,0.612342
trial_8,49,0.011206,0.736632
trial_8,50,0.580454,1.200033
trial_8,51,0.133166,0.531637
trial_8,52,0.253091,0.810540
trial_8,53,0.829661,4.319886
trial_8,54,0.028866,1.998086
trial_8,55,0.168914,0.767472
trial_8,56,0.040464,0.390417
trial_8,57,0.052831,0.493739
trial_8,58,0.000176,0.784596
trial_8,59,0.167826,0.546463
trial_8,60,0.422619,5.601247
trial_8,61,0.029753,0.474651
trial_8,62,0.120143,0.800850
trial_8,63,0.164790,0.965830
trial_8,64,0.190754,0.718417
trial_8,65,0.092914,1.976088
trial_8,66,0.068255,0.636718
trial_8,67,0.325894,0.629592
trial_8,68,1.306311,4.159024
trial_8,69,0.021792,0.526288
trial_8,70,0.123715,0.475763
trial_8,71,0.098548,1.931632
trial_8,72,0.333395,0.795561
trial_8,73,0.026597,0.472650
trial_8,74,0.024449,0.587156
trial_8,75,0.216571,0.490896
trial_8,76,0.266574,1.367782
trial_8,77,0.059309,0.401945
trial_8,78,0.113208,0.355825
trial_8,79,0.057958,0.399408
trial_8,80,0.038001,0.515609
trial_8,81,0.880014,4.470012
trial_8,82,0.059070,4.969944
trial_8,83,0.203778,1.028878
trial_8,84,0.831869,9.136624
trial_8,85,0.266391,8.902706
trial_8,86,0.842941,4.129980
trial_8,87,0.044904,0.822093
trial_8,88,0.517160,0.680837
trial_8,89,0.094014,0.959233
trial_8,90,0.156006,0.489575
trial_8,91,0.059016,0.713172
trial_8,92,0.248346,1.187625
trial_8,93,0.057169,4.117773
trial_8,94,0.318039,0.558584
trial_8,95,0.168449,0.581247
trial_8,96,0.037370,0.764833
trial_8,97,0.277172,0.875027
trial_8,98,0.122938,3.350106
trial_8,99,0.323687,0.895099
trial_8,100,0.289186,0.646434
trial_8,101,0.205319,0.877038
trial_8,102,0.109306,1.199522
trial_8,103,0.176082,0.824392
trial_8,104,0.029210,0.455111
trial_8,105,0.053097,0.927561
trial_8,106,0.016050,0.882163
trial_8,107,0.156012,0.461066
trial_8,108,0.368028,6.948269
trial_8,109,0.301325,1.657286
trial_8,110,0.015431,2.155964
trial_8,111,0.257393,1.217940
trial_8,112,0.431735,1.763297
trial_8,113,0.053729,2.601953
trial_8,114,0.261923,0.744322
trial_8,115,0.279168,2.927195
trial_8,116,0.175172,0.730001
trial_8,117,0.034148,0.857319
trial_8,118,0.004304,0.613473
trial_8,119,0.202003,2.944821
trial_8,120,0.505410,2.320805
trial_8,121,0.185581,0.821106
trial_8,122,0.035366,0.499316
trial_8,123,0.128017,0.933723
trial_8,124,0.175668,2.164951
trial_8,125,0.240662,0.699049
trial_8,126,0.529210,4.466161
trial_8,127,0.445629,1.174080
trial_8,128,0.330344,0.579227
trial_8,129,0.042837,1.912227
trial_8,130,1.262166,6.678370
trial_8,131,0.110638,0.553916
trial_8,132,0.068698,1.180170
trial_8,133,0.839969,6.725704
trial_8,134,0.018195,1.335248
trial_8,135,0.042717,0.595017
trial_8,136,0.172866,1.143337
trial_8,137,0.508753,3.853716
trial_8,138,0.132112,0.639534
trial_8,139,0.274547,0.514065
trial_8,140,0.173204,0.530860
trial_8,141,0.017350,0.975987
trial_8,142,0.068404,1.319892
trial_8,143,0.122855,6.741673
trial_8,144,0.161608,0.740952
trial_8,145,0.012704,0.508662
trial_8,146,0.018348,1.376330
trial_8,147,0.205566,3.612923
trial_8,148,0.188127,1.406591
trial_8,149,0.499389,8.038764
trial_8,150,0.084462,0.743932
trial_8,151,0.176916,1.309966
trial_8,152,0.383832,1.834708
trial_8,153,0.463707,1.495250
trial_8,154,0.041035,1.215231
trial_8,155,0.071379,1.334053
trial_8,156,0.201994,0.737708
trial_8,157,0.431241,3.459459
trial_8,158,0.194208,2.198297
trial_8,159,0.090312,0.532090
trial_8,160,0.230803,1.082082
trial_8,161,0.112135,0.741259
trial_8,162,0.300634,0.615084
trial_8,163,0.369012,1.597660
trial_8,164,0.051824,0.548114
trial_8,165,0.114604,1.099670
trial_8,166,0.318634,1.822241
trial_8,167,0.195317,0.471160
trial_8,168,0.079091,0.916317
trial_8,169,0.037807,0.425459
trial_8,170,0.283869,0.897936
trial_8,171,0.136621,1.912112
trial_8,172,0.288261,0.670310
trial_8,173,0.067836,0.456900
trial_8,174,0.209940,0.902766
trial_8,175,0.083734,0.524718
trial_8,176,0.000329,0.870904
trial_8,177,0.231231,1.748786
trial_8,178,0.144691,0.736278
trial_8,179,0.163131,0.664221
trial_8,180,0.132955,3.839972
trial_8,181,0.323861,3.450844
trial_8,182,0.000576,0.535551
trial_8,183,0.193827,0.495903
trial_8,184,0.310984,2.791856
trial_8,185,0.314001,0.696734
trial_8,186,0.389538,0.669500
trial_8,187,0.319637,1.694399
trial_8,188,0.351908,0.638725
trial_8,189,0.278466,1.372932
trial_8,190,0.014462,1.006165
trial_8,191,0.119726,0.549640
trial_8,192,0.021536,0.657196
trial_8,193,0.256070,0.857606
trial_8,194,0.420636,0.679910
trial_8,195,0.082133,0.724420
trial_8,196,0.057989,0.846199
trial_8,197,0.048477,0.621648
trial_8,198,0.257129,0.765568
trial_8,199,0.905634,2.258668
trial_8,200,0.451998,0.964430
trial_8,201,0.156395,0.884321
trial_8,202,0.109175,0.436389
trial_8,203,0.061034,0.406134
trial_8,204,0.101282,1.045741
trial_8,205,0.025067,1.449652
trial_8,206,0.285143,0.448050
trial_8,207,0.028621,0.446038
trial_8,208,0.217993,0.545031
trial_8,209,0.201980,4.968499
trial_8,210,0.881000,5.931525
trial_8,211,0.150153,1.857570
trial_8,212,0.131257,0.480843
trial_8,213,0.116342,0.512304
trial_8,214,0.127961,0.497534
trial_8,215,0.059020,0.704444
trial_8,216,0.119745,0.514363
trial_8,217,0.155051,0.747134
trial_8,218,0.116439,2.437345
trial_8,219,5.957054,22.082132
trial_8,220,0.325424,4.782594
trial_8,221,0.300399,0.705438
trial_8,222,0.102393,0.661567
trial_8,223,0.001438,0.412575
trial_8,224,0.255140,0.494105
trial_8,225,0.021009,1.388157
trial_8,226,0.588981,1.496349
trial_8,227,0.162233,0.479965
trial_8,228,0.197937,0.702388
trial_8,229,0.559286,2.588710
trial_8,230,0.180587,1.212998
trial_8,231,0.579009,2.995201
trial_8,232,0.214174,1.045319
trial_8,233,0.234725,1.161763
trial_8,234,0.004463,0.391600
trial_8,235,0.845328,2.801187
trial_8,236,0.090927,0.447583
trial_8,237,0.456830,1.929087
trial_8,238,0.120561,0.684613
trial_8,239,0.012219,0.550404
trial_8,240,0.305952,1.363483
trial_8,241,0.126029,0.554703
trial_8,242,0.026995,0.395083
trial_8,243,0.075911,1.357711
trial_8,244,0.331814,2.489693
trial_8,245,0.705948,5.700255
trial_8,246,0.196143,1.535719
trial_8,247,0.245059,0.561817
trial_8,248,0.187472,0.773234
trial_8,249,0.464849,1.512869
trial_8,250,0.008643,1.002567
trial_8,251,0.248861,0.648577
trial_8,252,0.057065,0.640280
trial_8,253,0.197875,1.086340
trial_8,254,0.456302,7.259394
trial_8,255,3.085201,10.507972
trial_8,256,0.486212,1.305513
trial_8,257,1.000666,3.707066
trial_8,258,0.170379,0.738942
trial_8,259,0.046901,0.662294
trial_8,260,0.088303,0.474755
trial_8,261,0.319833,1.376876
trial_8,262,0.395554,2.449686
trial_8,263,0.098363,0.451209
trial_8,264,0.204936,1.440192
trial_8,265,0.094264,0.880110
trial_8,266,0.251449,0.760974
trial_8,267,0.233476,2.568910
trial_8,268,0.140801,0.497343
trial_8,269,0.014456,0.944720
trial_8,270,0.157053,0.434591
trial_8,271,0.060252,0.807479
trial_8,272,0.455911,0.678765
trial_8,273,0.172984,0.783769
trial_8,274,0.277862,0.671178
trial_8,275,0.108001,0.688721
trial_8,276,0.142667,4.274644
trial_8,277,0.113541,1.419879
trial_8,278,0.146478,0.444278
trial_8,279,0.277855,0.552345
trial_8,280,0.353287,1.880219
trial_8,281,0.148584,3.891493
trial_8,282,0.959775,4.946932
trial_8,283,0.524332,2.120793
trial_8,284,0.012361,0.870202
trial_8,285,0.128271,0.495415
trial_8,286,0.072517,1.546921
trial_8,287,0.143253,1.239373
trial_8,288,0.238826,2.265992
trial_8,289,0.056334,0.627705
trial_8,290,0.083074,0.793639
trial_8,291,0.100354,0.793247
trial_8,292,0.196643,2.048825
trial_8,293,0.140232,1.537883
trial_8,294,0.072117,0.440390
trial_8,295,0.060481,0.616420
trial_8,296,0.041252,2.051011
trial_8,297,0.014132,0.613946
trial_8,298,0.237303,0.885946
trial_8,299,0.154755,0.362859
trial_8,300,0.241541,0.557763
trial_8,301,0.184520,0.682853
trial_8,302,0.168964,1.871907
trial_8,303,0.009250,1.385724
trial_8,304,0.180895,0.441001
trial_8,305,0.073250,0.840168
trial_8,306,0.134811,0.600482
trial_8,307,0.088867,1.245042
trial_8,308,0.581921,4.471621
trial_8,309,0.264879,1.120912
trial_8,310,0.027279,4.248551
trial_8,311,0.047753,3.669400
trial_8,312,0.607850,6.710998
trial_8,313,0.339866,1.175382
trial_8,314,0.667264,1.974238
trial_8,315,0.308428,1.702717
trial_8,316,0.237292,1.282558
trial_8,317,0.138515,0.887342
trial_8,318,0.223857,0.851745
trial_8,319,0.006141,1.687093
trial_8,320,0.368461,6.632996
trial_8,321,0.500056,3.788281
trial_8,322,0.091406,1.138786
trial_8,323,0.241560,2.854177
trial_8,324,0.559769,1.203119
trial_8,325,0.022927,0.846010
trial_8,326,0.075658,1.910678
trial_8,327,0.073624,1.310722
trial_8,328,0.597170,1.302127
trial_8,329,1.226147,8.801690
trial_8,330,1.178669,4.022343
trial_8,331,0.156532,1.632571
trial_8,332,0.544331,1.097653
trial_8,333,0.377319,2.710743
trial_8,334,0.424087,0.660304
trial_8,335,0.174010,1.173315
trial_8,336,0.106777,1.000416
trial_8,337,0.383713,2.686677
trial_8,338,0.177331,5.500879
trial_8,339,0.141030,0.791206
trial_8,340,0.046586,0.409595
trial_8,341,0.340691,10.436586
trial_8,342,0.445963,0.966339
trial_8,343,0.181760,1.454553
trial_8,344,0.628010,6.056592
trial_8,345,4.072975,20.338464
trial_8,346,0.722590,7.293000
trial_8,347,0.406995,1.856395
trial_8,348,0.791711,4.310636
trial_8,349,0.052144,0.744977
trial_8,350,0.120525,2.838208
trial_8,351,0.524982,5.542331
trial_8,352,0.522567,2.451815
trial_8,353,0.123495,1.219911
trial_8,354,0.562552,3.119840
trial_8,355,0.139234,0.480475
trial_8,356,0.225125,0.657242
trial_8,357,0.632603,3.512993
trial_8,358,0.260926,0.838821
trial_8,359,0.061883,0.762744
trial_8,360,0.097307,0.627504
trial_8,361,0.160184,2.893725
trial_8,362,0.228735,7.780385
trial_8,363,0.146257,1.295323
trial_8,364,0.195407,0.428349
trial_8,365,0.016830,0.593793
trial_8,366,0.029108,1.564819
trial_8,367,0.150038,0.711496
trial_8,368,0.040450,0.567017
trial_8,369,0.374555,0.670340
trial_8,370,0.164332,3.000532
trial_8,371,0.220906,0.855823
trial_8,372,0.082167,0.855027
trial_8,373,0.002080,1.801487
trial_8,374,0.757208,4.052233
trial_8,375,0.065911,0.704318
trial_8,376,0.774297,1.155720
trial_8,377,0.216211,0.812547
trial_8,378,0.071403,0.469945
trial_8,379,0.306923,0.560636
trial_8,380,0.225522,0.974204
trial_8,381,0.060740,0.435465
trial_8,382,0.142778,0.474368
trial_8,383,0.533339,3.215398
trial_8,384,0.009698,0.397112
trial_8,385,0.272376,1.816825
trial_8,386,0.313487,6.332202
trial_8,387,1.441437,10.462381
trial_8,388,0.345668,0.556838
trial_8,389,0.109530,0.695482
trial_8,390,0.056017,1.535508
trial_8,391,0.097033,1.279860
trial_8,392,0.240240,1.243584
trial_8,393,0.497255,2.105743
trial_8,394,0.300000,1.606087
trial_8,395,0.296336,0.671449
trial_8,396,0.027062,0.342133
trial_8,397,0.003656,0.453455
trial_8,398,0.058115,0.817688
trial_8,399,0.028946,0.924945
trial_8,400,0.257353,0.885966
trial_8,401,0.389370,1.384712
trial_8,402,0.414394,2.888559
trial_8,403,0.192499,0.710414
trial_8,404,0.267622,0.633793
trial_8,405,0.067933,0.495890
trial_8,406,0.033159,0.535097
trial_8,407,0.090458,0.359123
trial_8,408,0.044229,0.724361
trial_8,409,0.087712,1.114722
trial_8,410,0.436958,1.126198
trial_8,411,0.813042,3.099854
trial_8,412,0.231611,0.594933
trial_8,413,0.408225,2.393887
trial_8,414,0.221353,0.722799
trial_8,415,0.008266,0.884599
trial_8,416,2.179467,22.037928
trial_8,417,0.506860,0.676305
trial_8,418,0.221347,0.566935
trial_8,419,0.220483,2.446331
trial_8,420,0.067162,1.147154
trial_8,421,0.145008,0.414430
trial_8,422,0.113772,1.531603
trial_8,423,0.109736,0.520468
trial_8,424,0.049460,0.490016
trial_8,425,0.040442,0.350134
trial_8,426,0.041305,0.336577
trial_8,427,0.081284,0.919311
trial_8,428,0.176199,1.746743
trial_8,429,0.155299,0.681886
trial_8,430,0.067178,0.449993
trial_8,431,0.058547,1.504326
trial_8,432,0.077774,1.371546
trial_8,433,0.125180,0.491822
trial_8,434,0.103580,1.830047
trial_8,435,2.712804,12.719919
trial_8,436,0.309922,0.588991
trial_8,437,0.454925,1.528938
trial_8,438,0.837232,2.685687
trial_8,439,0.406470,2.403738
trial_8,440,0.209768,2.769761
trial_8,441,1.157688,4.217789
trial_8,442,0.080659,0.511429
trial_8,443,0.090665,0.718822
trial_8,444,0.193749,0.789349
trial_8,445,0.266831,1.279576
trial_8,446,0.228728,1.634325
trial_8,447,0.123827,1.565170
trial_8,448,0.028203,0.726216
trial_8,449,0.172634,1.506227
trial_8,450,0.366786,2.211501
trial_8,451,0.058221,1.306190
trial_8,452,0.183413,1.008337
trial_8,453,0.272964,2.669855
trial_8,454,0.063719,0.485182
trial_8,455,0.254122,1.281137
trial_8,456,0.121788,1.457809
trial_8,457,0.110616,0.449250
trial_8,458,0.022358,0.850486
trial_8,459,0.023028,1.296266
trial_8,460,0.107503,0.659253
trial_8,461,0.330141,0.569223
trial_8,462,0.104561,1.842282
trial_8,463,0.207194,1.060497
trial_8,464,0.133374,0.565807
trial_8,465,0.166089,0.726951
trial_8,466,0.178988,0.466645
trial_8,467,0.267824,0.992886
trial_8,468,0.040963,0.483196
trial_8,469,0.049496,5.651121
trial_8,470,0.160907,0.627355
trial_8,471,0.357635,0.937748
trial_8,472,0.527945,1.603055
trial_8,473,0.141145,0.956743
trial_8,474,0.058329,7.260772
trial_8,475,1.194592,9.638044
trial_8,476,0.693662,8.544360
trial_8,477,0.137586,0.721600
trial_8,478,0.178070,0.510375
trial_8,479,0.017375,0.450389
trial_8,480,0.224434,0.821351
trial_8,481,0.973003,5.079910
trial_8,482,0.089571,1.435866
trial_8,483,0.506810,3.154008
trial_8,484,0.127390,3.369389
trial_8,485,0.052138,0.592004
trial_8,486,0.147916,0.941314
trial_8,487,0.288775,0.968229
trial_8,488,0.089636,0.686661
trial_8,489,0.056369,0.528274
trial_8,490,0.338862,1.002537
trial_8,491,0.019254,0.384774
trial_8,492,0.053772,0.769382
trial_8,493,0.288442,1.193300
trial_8,494,0.127984,0.749417
trial_8,495,0.090505,0.591103
trial_8,496,0.058525,0.493524
trial_8,497,0.152859,0.968884
trial_8,498,0.004388,0.521631
trial_8,499,0.221633,2.048160
trial_8,500,0.095033,3.050178
trial_8,501,0.287617,0.492996
trial_8,502,0.280138,0.685388
trial_8,503,0.361178,0.534151
trial_8,504,0.013359,0.657300
trial_8,505,0.020885,0.839763
trial_8,506,0.051516,0.514801
trial_8,507,1.110689,3.869106
trial_8,508,0.255321,0.591096
trial_8,509,0.092181,1.867809
trial_8,510,0.353187,1.238557
trial_8,511,0.350303,0.733399
trial_8,512,0.656373,7.961849
trial_8,513,0.147656,1.492622
trial_8,514,0.138760,2.377904
trial_8,515,1.233542,15.839293
trial_8,516,0.019267,0.967461
trial_8,517,1.621008,6.926263
trial_8,518,0.149049,0.936069
trial_8,519,0.002105,1.505979
trial_8,520,0.094269,0.507530
trial_8,521,0.179214,0.447412
trial_8,522,0.131041,0.564472
trial_8,523,0.723393,4.206450
trial_8,524,0.116668,0.703151
trial_8,525,0.532877,3.437391
trial_8,526,0.045677,0.639325
trial_8,527,0.020120,0.787666
trial_8,528,0.212983,1.400282
trial_8,529,0.060160,0.861726
trial_8,530,0.055291,0.419220
trial_8,531,0.043273,1.292962
trial_8,532,0.353896,0.678939
trial_8,533,0.011170,0.482963
trial_8,534,0.146175,0.544758
trial_8,535,0.067106,1.395306
trial_8,536,0.073180,2.141189
trial_8,537,0.476603,2.473879
trial_8,538,0.334004,0.780839
trial_8,539,0.221282,1.641080
trial_8,540,0.086514,0.677944
trial_8,541,0.181657,0.605522
trial_8,542,0.257090,4.845311
trial_8,543,0.067609,0.627438
trial_8,544,0.147971,0.428872
trial_8,545,0.231015,1.390211
trial_8,546,0.338631,0.870415
trial_8,547,0.151558,0.820945
trial_8,548,0.088244,0.750489
trial_8,549,0.158645,0.743334
trial_8,550,0.198167,0.845686
trial_8,551,0.105695,0.525599
trial_8,552,0.118807,1.590234
trial_8,553,0.141233,0.878062
trial_8,554,0.410299,4.230050
trial_8,555,0.027319,0.570182
trial_8,556,0.275655,0.582600
trial_8,557,0.356550,1.870430
trial_8,558,0.113111,0.404946
trial_8,559,0.097289,0.552866
trial_8,560,0.081654,1.077534
trial_8,561,0.123590,2.376160
trial_8,562,0.396742,1.654059
trial_8,563,0.224361,1.244537
trial_8,564,0.230188,1.140396
trial_8,565,0.133341,1.717087
trial_8,566,0.124040,0.888913
trial_8,567,0.099625,1.974136
trial_8,568,0.081764,0.903005
trial_8,569,0.158885,0.712511
trial_8,570,0.041805,1.563577
trial_8,571,0.122851,0.714854
trial_8,572,0.251910,0.594604
trial_8,573,0.344084,0.603085
trial_8,574,0.019669,0.352090
trial_8,575,0.236863,4.041118
trial_8,576,0.190402,6.036703
trial_8,577,0.094313,0.733913
trial_8,578,0.108235,2.652567
trial_8,579,0.039886,0.766637
trial_8,580,0.268535,0.614709
trial_8,581,0.007715,1.107142
trial_8,582,0.266000,0.742035
trial_8,583,0.307412,2.713084
trial_8,584,0.185472,0.599982
trial_8,585,0.373135,0.998398
trial_8,586,0.063326,0.572443
trial_8,587,0.178894,0.845872
trial_8,588,0.137761,0.558853
trial_8,589,7.185304,32.359901
trial_8,590,0.103159,1.153694
trial_8,591,0.103802,1.212601
trial_8,592,0.153091,2.040405
trial_8,593,0.131930,0.670792
trial_8,594,0.116819,0.479722
trial_8,595,0.229461,3.380202
trial_8,596,0.191903,0.896775
trial_8,597,0.033170,0.952029
trial_8,598,0.119861,0.599567
trial_8,599,0.016946,0.858898
trial_8,600,0.026573,0.417473
trial_8,601,0.782700,3.187034
trial_8,602,0.160517,0.969755
trial_8,603,0.189242,1.062863
trial_8,604,0.056819,0.483458
trial_8,605,0.002812,0.748293
trial_8,606,0.371541,0.812781
trial_8,607,0.066801,0.876607
trial_8,608,0.154975,0.702722
trial_8,609,0.004905,1.463220
trial_8,610,0.081126,0.791248
trial_8,611,0.147496,0.425398
trial_8,612,0.143264,0.496946
trial_8,613,0.294584,1.356403
trial_8,614,0.032932,2.575582
trial_8,615,0.027221,0.372941
trial_8,616,0.164437,0.660157
trial_8,617,0.030140,0.845800
trial_8,618,0.047443,0.362630
trial_8,619,2.599764,13.566962
trial_8,620,0.126497,0.655476
trial_8,621,0.088819,0.466968
trial_8,622,0.748705,6.108801
trial_8,623,0.007829,0.374896
trial_8,624,0.694359,3.077381
trial_8,625,0.434237,1.166518
trial_8,626,0.236618,0.757594
trial_8,627,0.747866,3.462721
trial_8,628,0.097305,1.971924
trial_8,629,0.005265,0.614605
trial_8,630,0.178866,0.841076
trial_8,631,0.056973,2.242989
trial_8,632,0.413057,1.645645
trial_8,633,0.003951,0.671547
trial_8,634,0.051677,3.642651
trial_8,635,0.009643,3.779721
trial_8,636,0.082343,1.416558
trial_8,637,0.453623,3.313347
trial_8,638,0.106276,0.703455
trial_8,639,0.377854,1.111806
trial_8,640,0.176618,0.417364
trial_8,641,0.534839,1.271273
trial_8,642,0.171164,0.547013
trial_8,643,0.350258,3.026848
trial_8,644,0.743705,2.775647
trial_8,645,0.311230,1.644840
trial_8,646,0.576784,4.873055
trial_8,647,0.067926,5.389662
trial_8,648,1.035395,13.490138
trial_8,649,0.079358,0.938913
trial_8,650,0.720325,3.213209
trial_8,651,0.459270,3.094503
trial_8,652,2.194972,10.293131
trial_8,653,0.019791,0.549022
trial_8,654,0.323443,0.819714
trial_8,655,0.002137,0.373824
trial_8,656,0.106979,2.803697
trial_8,657,0.051286,6.113941
trial_8,658,0.419861,1.652664
trial_8,659,0.099963,1.765013
trial_8,660,0.170999,1.493998
trial_8,661,0.050038,3.036193
trial_8,662,0.618798,1.247810
trial_8,663,0.466157,1.368914
trial_8,664,0.353521,0.949569
trial_8,665,0.049029,1.722732
trial_8,666,0.123885,4.158424
trial_8,667,0.052588,0.955021
trial_8,668,0.328870,0.606847
trial_8,669,0.005010,0.295679
trial_8,670,0.176686,0.477537
trial_8,671,0.102424,1.289772
trial_8,672,0.369944,0.730123
trial_8,673,3.388751,13.966661
trial_8,674,0.232162,0.702322
trial_8,675,0.002629,1.036843
trial_8,676,0.470070,3.952819
trial_8,677,0.149092,0.969663
trial_8,678,0.149507,0.818620
trial_8,679,0.788658,4.910930
trial_8,680,0.138106,0.461987
trial_8,681,0.161066,0.436815
trial_8,682,0.165634,2.697637
trial_8,683,0.076915,0.707803
trial_8,684,1.330729,12.122768
trial_8,685,0.876178,5.366195
trial_8,686,0.094506,0.887958
trial_8,687,0.108940,0.777025
trial_8,688,0.182843,0.503497
trial_8,689,0.409183,1.583227
trial_8,690,0.097836,1.410371
trial_8,691,0.131097,0.483822
trial_8,692,0.254403,0.463706
trial_8,693,0.225313,0.911014
trial_8,694,0.184604,0.895731
trial_8,695,0.078556,0.472737
trial_8,696,0.199617,3.332307
trial_8,697,0.493942,3.169727
trial_8,698,0.017143,0.474705
trial_8,699,0.004255,0.541536
trial_8,700,0.067001,0.805859
trial_8,701,0.244657,2.022874
trial_8,702,0.053654,0.799406
trial_8,703,0.238061,3.533876
trial_8,704,0.028420,0.662224
trial_8,705,0.018148,0.447863
trial_8,706,0.299979,1.638793
trial_8,707,0.010017,0.656079
trial_8,708,0.231918,0.747581
trial_8,709,0.345010,3.892501
trial_8,710,0.312350,2.796301
trial_8,711,0.312964,1.529596
trial_8,712,0.159547,0.662076
trial_8,713,0.091155,3.240127
trial_8,714,0.056143,0.645289
trial_8,715,0.012134,0.657664
trial_8,716,0.434055,2.119712
trial_8,717,0.036126,0.723639
trial_8,718,0.067595,1.044892
trial_8,719,0.140739,0.549239
trial_8,720,0.465320,2.690793
trial_8,721,0.199715,0.563327
trial_8,722,0.081069,0.539159
trial_8,723,0.085199,0.370276
trial_8,724,0.409973,10.237050
trial_8,725,0.162880,4.040595
trial_8,726,0.491075,3.321188
trial_8,727,0.088882,1.720020
trial_8,728,0.075336,0.617189
trial_8,729,0.332189,0.789299
trial_8,730,0.150146,0.739255
trial_8,731,0.314544,1.168611
trial_8,732,0.224636,0.844011
trial_8,733,0.098363,0.669868
trial_8,734,0.206910,0.422257
trial_8,735,0.135315,1.638490
trial_8,736,0.203022,1.440668
trial_8,737,0.015540,1.284676
trial_8,738,0.114930,3.049502
trial_8,739,0.165883,0.907318
trial_8,740,0.183466,0.528774
trial_8,741,0.044457,0.905080
trial_8,742,0.101246,0.696442
trial_8,743,1.540615,8.492420
trial_8,744,0.043731,0.673928
trial_8,745,0.000137,0.405381
trial_8,746,0.106224,0.493900
trial_8,747,0.094970,0.378641
trial_8,748,0.086853,0.777359
trial_8,749,0.038743,1.354536
trial_8,750,0.074329,0.343575
trial_8,751,0.057459,1.920781
trial_8,752,0.135511,0.522890
trial_8,753,0.464759,2.412693
trial_8,754,0.015954,0.476397
trial_8,755,0.125165,1.018481
trial_8,756,0.133506,0.486656
trial_8,757,0.128000,1.270809
trial_8,758,0.309622,1.684685
trial_8,759,0.326700,2.398166
trial_8,760,0.498005,2.146260
trial_8,761,0.547252,2.217191
trial_8,762,0.390371,1.615694
trial_8,763,0.016991,0.764052
trial_8,764,0.105225,2.013128
trial_8,765,0.021316,1.305296
trial_8,766,0.140356,2.555791
trial_8,767,0.294672,1.876113
trial_8,768,0.147980,0.723407
trial_8,769,0.145714,0.841748
trial_8,770,0.973692,8.214517
trial_8,771,0.118291,0.659408
trial_8,772,1.603545,30.462267
trial_8,773,0.179726,0.624954
trial_8,774,0.280103,1.721706
trial_8,775,0.068584,0.550530
trial_8,776,0.465713,4.059393
trial_8,777,0.375124,1.478089
trial_8,778,0.115712,0.652321
trial_8,779,0.009959,1.059802
trial_8,780,0.079514,0.539789
trial_8,781,0.089004,1.091723
trial_8,782,0.055225,1.210154
trial_8,783,0.184570,1.334898
trial_8,784,0.032723,0.441481
trial_8,785,0.087464,0.616777
trial_8,786,0.404113,2.619146
trial_8,787,0.381608,0.728938
trial_8,788,0.783548,7.704180
trial_8,789,0.047303,0.548887
trial_8,790,0.133844,1.104704
trial_8,791,0.464425,1.137052
trial_8,792,0.143568,0.386716
trial_8,793,0.562846,1.312310
trial_8,794,1.263431,3.987750
trial_8,795,0.937808,4.905267
trial_8,796,0.425468,1.273302
trial_8,797,0.071343,0.791893
trial_8,798,0.098796,0.606562
trial_8,799,0.176805,0.547379
trial_8,800,0.182905,0.833762
trial_8,801,0.274131,1.848029
trial_8,802,0.212252,1.005441
trial_8,803,0.234355,0.459366
trial_8,804,0.151370,0.682290
trial_8,805,0.346252,0.945546
trial_8,806,0.307548,4.797625
trial_8,807,0.385686,0.623109
trial_8,808,0.071960,0.318909
trial_8,809,0.085437,0.478672
trial_8,810,0.286062,0.724276
trial_8,811,0.037033,0.965634
trial_8,812,0.274778,3.314002
trial_8,813,0.017509,6.968505
trial_8,814,0.355274,8.837995
trial_8,815,0.050509,0.480221
trial_8,816,0.161991,0.985306
trial_8,817,0.275339,0.749840
trial_8,818,0.288056,3.932758
trial_8,819,0.492956,5.367745
trial_8,820,2.886473,11.704990
trial_8,821,0.210592,1.076780
trial_8,822,0.006161,1.827838
trial_8,823,0.243340,1.680709
trial_8,824,0.023312,0.443111
trial_8,825,0.154480,1.982967
trial_8,826,0.264610,9.955996
trial_8,827,0.162584,3.977822
trial_8,828,0.138155,1.019701
trial_8,829,0.127506,1.130654
trial_8,830,0.066939,0.780560
trial_8,831,0.071095,1.983691
trial_8,832,0.334542,1.042260
trial_8,833,0.090774,1.986193
trial_8,834,0.428980,1.308612
trial_8,835,0.467739,0.991772
trial_8,836,0.099592,0.468370
trial_8,837,0.203930,3.960640
trial_8,838,0.008329,1.296414
trial_8,839,0.041759,1.688957
trial_8,840,0.448825,1.882240
trial_8,841,0.671004,5.016353
trial_8,842,0.213554,0.560588
trial_8,843,0.417495,2.777779
trial_8,844,0.130880,0.285943
trial_8,845,0.127937,0.604713
trial_8,846,0.074056,0.559855
trial_8,847,0.337474,1.271814
trial_8,848,0.035708,2.750064
trial_8,849,0.093150,0.365100
trial_8,850,0.048061,1.390571
trial_8,851,0.238093,1.110051
trial_8,852,0.670037,2.434069
trial_8,853,0.114925,0.484899
trial_8,854,0.023581,0.428854
trial_8,855,0.092930,0.670552
trial_8,856,0.483161,3.459994
trial_8,857,0.555865,2.311966
trial_8,858,0.061216,0.512164
trial_8,859,0.165233,1.056307
trial_8,860,0.359817,0.824220
trial_8,861,0.146825,0.574546
trial_8,862,0.356539,0.708601
trial_8,863,0.101709,0.840196
trial_8,864,0.155216,0.894033
trial_8,865,0.068894,0.591224
trial_8,866,0.040504,2.215317
trial_8,867,0.149790,0.705955
trial_8,868,0.278424,1.853083
trial_8,869,0.285731,5.824199
trial_8,870,0.020050,0.822203
trial_8,871,0.345638,2.076998
trial_8,872,0.045559,3.488899
trial_8,873,0.056893,0.385105
trial_8,874,0.202295,0.497813
trial_8,875,0.032099,1.032651
trial_8,876,0.113759,1.078220
trial_8,877,0.205965,0.566116
trial_8,878,0.098076,0.590382
trial_8,879,0.076004,0.394263
trial_8,880,0.131758,2.854976
trial_8,881,0.057691,0.653729
trial_8,882,0.047189,0.619916
trial_8,883,0.138405,0.457977
trial_8,884,0.120660,3.538403
trial_8,885,0.059351,0.458291
trial_8,886,0.035306,0.608957
trial_8,887,0.195239,7.811861
trial_8,888,0.015292,1.544434
trial_8,889,0.270096,0.993824
trial_8,890,0.499431,2.095169
trial_8,891,0.087152,1.102692
trial_8,892,0.155447,0.731897
trial_8,893,0.554986,3.209443
trial_8,894,0.721085,2.807854
trial_8,895,0.092849,1.301615
trial_8,896,0.297298,1.868767
trial_8,897,0.006561,0.994545
trial_8,898,0.066703,1.561203
trial_8,899,0.051854,1.158116
trial_8,900,0.258571,0.881573
trial_8,901,0.124010,0.494169
trial_8,902,0.241341,2.480019
trial_8,903,0.194949,0.429902
trial_8,904,0.008419,0.674871
trial_8,905,0.137852,1.218390
trial_8,906,0.262588,0.841680
trial_8,907,0.500263,0.878742
trial_8,908,0.125005,0.439142
trial_8,909,0.470111,4.540601
trial_8,910,0.008285,0.431714
trial_8,911,0.155583,0.403991
trial_8,912,0.071317,0.927842
trial_8,913,0.365535,1.808377
trial_8,914,0.154482,0.909675
trial_8,915,0.218845,1.029562
trial_8,916,0.020311,1.081570
trial_8,917,0.083373,0.806180
trial_8,918,0.002131,1.224097
trial_8,919,0.851848,4.141831
trial_8,920,0.210968,1.084928
trial_8,921,0.007381,0.482745
trial_8,922,0.091808,0.636671
trial_8,923,0.087860,1.300060
trial_8,924,0.031353,6.107998
trial_8,925,0.917316,5.115249
trial_8,926,0.243453,1.261141
trial_8,927,0.098853,1.319626
trial_8,928,0.230636,2.031322
trial_8,929,0.011871,0.907291
trial_8,930,0.093945,0.927078
trial_8,931,1.009255,9.577326
trial_8,932,0.014890,0.921987
trial_8,933,0.707997,4.287170
trial_8,934,0.485241,2.256472
trial_8,935,0.069937,0.713859
trial_8,936,1.123492,3.362048
trial_8,937,0.052794,0.999840
trial_8,938,0.329685,0.630357
trial_8,939,0.177693,1.293062
trial_8,940,0.637908,1.183279
trial_8,941,0.010065,0.782441
trial_8,942,0.263511,0.661460
trial_8,943,0.094587,1.113663
trial_8,944,0.045570,0.528373
trial_8,945,0.271521,0.856733
trial_8,946,0.108182,0.625323
trial_8,947,0.025793,0.710753
trial_8,948,0.200122,2.645037
trial_8,949,0.399889,6.969999
trial_8,950,0.143328,0.570493
trial_8,951,0.315625,0.623910
trial_8,952,0.051474,0.920061
trial_8,953,0.015723,1.000411
trial_8,954,0.042147,0.879198
trial_8,955,0.104952,1.466890
trial_8,956,0.111214,1.483443
trial_8,957,0.597198,6.091328
trial_8,958,0.316467,2.686406
trial_8,959,1.131692,3.264689
trial_8,960,0.620521,3.585853
trial_8,961,0.216541,2.218802
trial_8,962,0.142635,18.862369
trial_8,963,0.002534,2.724481
trial_8,964,0.006566,0.474104
trial_8,965,0.051625,0.933441
trial_8,966,0.136485,1.802417
trial_8,967,0.140400,3.989906
trial_8,968,0.098658,0.867599
trial_8,969,0.190660,0.612927
trial_8,970,0.166280,0.874898
trial_8,971,0.211369,0.512907
trial_8,972,0.973720,2.866356
trial_8,973,0.042590,0.729918
trial_8,974,0.546282,3.240503
trial_8,975,0.139751,2.408213
trial_8,976,0.218311,1.226214
trial_8,977,0.139109,0.580263
trial_8,978,0.381136,0.882100
trial_8,979,0.122788,0.503912
trial_8,980,0.052179,0.400272
trial_8,981,0.026855,1.974442
trial_8,982,0.009447,2.215705
trial_8,983,0.049563,0.761523
trial_8,984,0.082686,0.983922
trial_8,985,0.137381,1.390162
trial_8,986,0.187976,1.229326
trial_8,987,0.156674,0.855624
trial_8,988,1.175650,9.089164
trial_8,989,0.017185,0.754289
trial_8,990,0.519488,2.193319
trial_8,991,0.227428,1.474805
trial_8,992,0.364196,2.360814
trial_8,993,0.368034,1.503847
trial_8,994,0.025951,1.518001
trial_8,995,0.163776,0.627889
trial_8,996,0.071090,0.451806
trial_8,997,1.715987,9.402419
trial_8,998,0.465272,0.727967
trial_8,999,0.199831,0.456896
trial_8,1000,0.079397,1.271147
trial_9,1,0.179428,0.535031
trial_9,2,0.092449,0.458996
trial_9,3,0.116105,0.500726
trial_9,4,0.326454,0.581411
trial_9,5,0.075766,1.127295
trial_9,6,0.109074,0.544977
trial_9,7,0.076961,0.500259
trial_9,8,0.247080,0.877777
trial_9,9,0.660509,7.964048
trial_9,10,0.233085,2.020108
trial_9,11,0.235696,0.897467
trial_9,12,0.505792,1.283082
trial_9,13,1.843458,9.867215
trial_9,14,0.218558,0.573009
trial_9,15,0.339516,0.672595
trial_9,16,0.114227,0.488741
trial_9,17,0.170388,1.347292
trial_9,18,0.463835,0.945232
trial_9,19,0.116577,0.843173
trial_9,20,0.056098,0.556792
trial_9,21,0.042081,2.460788
trial_9,22,0.132602,0.657872
trial_9,23,0.176015,1.413334
trial_9,24,0.036379,2.244927
trial_9,25,0.020826,1.091630
trial_9,26,0.135744,3.142605
trial_9,27,0.064103,0.642739
trial_9,28,0.481780,11.017872
trial_9,29,0.154920,1.136854
trial_9,30,0.348497,0.835912
trial_9,31,0.136587,0.795657
trial_9,32,0.146481,0.468697
trial_9,33,0.108051,0.975883
trial_9,34,0.842073,15.383599
trial_9,35,0.583727,1.810441
trial_9,36,0.363731,1.696384
trial_9,37,0.216704,2.304543
trial_9,38,0.318412,0.939691
trial_9,39,0.002169,1.713129
trial_9,40,0.190154,1.493147
trial_9,41,0.020683,0.675467
trial_9,42,0.119512,0.550653
trial_9,43,0.242642,0.627176
trial_9,44,0.374446,0.637765
trial_9,45,0.044401,1.094410
trial_9,46,0.052964,1.269026
trial_9,47,0.054465,1.268274
trial_9,48,0.070992,0.667338
trial_9,49,0.015847,0.833375
trial_9,50,0.265563,1.011107
trial_9,51,0.080528,0.563422
trial_9,52,0.508210,1.040270
trial_9,53,0.761635,4.523210
trial_9,54,0.019667,1.923292
trial_9,55,0.286152,0.941594
trial_9,56,0.123070,0.403119
trial_9,57,0.059037,0.462843
trial_9,58,0.000734,0.772298
trial_9,59,0.052382,0.416053
trial_9,60,0.723833,5.542787
trial_9,61,0.019952,0.471953
trial_9,62,0.281648,0.876378
trial_9,63,0.077717,1.023001
trial_9,64,0.083359,0.715627
trial_9,65,0.311051,2.134287
trial_9,66,0.171655,0.525611
trial_9,67,0.190212,0.517702
trial_9,68,1.702087,5.233850
trial_9,69,0.249292,0.679603
trial_9,70,0.192021,0.531258
trial_9,71,0.239328,2.088682
trial_9,72,0.136125,0.390394
trial_9,73,0.091671,0.354158
trial_9,74,0.056146,0.525766
trial_9,75,0.216699,0.419502
trial_9,76,0.175515,1.514540
trial_9,77,0.071233,0.389072
trial_9,78,0.188740,0.360146
trial_9,79,0.215223,0.423439
trial_9,80,0.236395,0.453588
trial_9,81,0.103155,6.093204
trial_9,82,0.254452,5.310918
trial_9,83,0.279981,1.057395
trial_9,84,0.666097,9.775438
trial_9,85,0.478500,8.982697
trial_9,86,1.133296,5.311766
trial_9,87,0.022506,0.781641
trial_9,88,0.243457,0.489115
trial_9,89,0.136899,1.126988
trial_9,90,0.140937,0.506945
trial_9,91,0.203097,0.698103
trial_9,92,0.197377,1.219323
trial_9,93,0.293488,4.450053
trial_9,94,0.066426,0.624369
trial_9,95,0.114198,0.647936
trial_9,96,0.127907,0.779129
trial_9,97,0.292954,0.972367
trial_9,98,0.426342,3.953425
trial_9,99,0.427307,1.094718
trial_9,100,0.115224,0.656203
trial_9,101,0.021693,0.899859
trial_9,102,0.152541,1.308757
trial_9,103,0.087631,0.662819
trial_9,104,0.121283,0.496766
trial_9,105,0.120507,0.851846
trial_9,106,0.221322,0.916672
trial_9,107,0.202812,0.446730
trial_9,108,0.580775,6.706099
trial_9,109,0.135533,1.652666
trial_9,110,0.319207,2.134016
trial_9,111,0.134217,1.391641
trial_9,112,0.213252,1.856307
trial_9,113,0.391484,2.880074
trial_9,114,0.189802,0.806440
trial_9,115,0.359851,2.973215
trial_9,116,0.436487,0.796136
trial_9,117,0.168941,0.924149
trial_9,118,0.030470,0.706874
trial_9,119,0.052020,2.820304
trial_9,120,0.356099,2.286025
trial_9,121,0.180364,0.757024
trial_9,122,0.042208,0.616634
trial_9,123,0.184141,0.916144
trial_9,124,0.353709,2.485630
trial_9,125,0.010671,0.675258
trial_9,126,0.407391,4.147201
trial_9,127,0.368411,1.067136
trial_9,128,0.198115,0.603669
trial_9,129,0.446162,2.459243
trial_9,130,1.432664,7.101914
trial_9,131,0.359003,0.725783
trial_9,132,0.188212,1.283387
trial_9,133,0.027219,6.817116
trial_9,134,0.085974,1.482858
trial_9,135,0.067830,0.813112
trial_9,136,0.207767,1.135062
trial_9,137,0.423150,3.444185
trial_9,138,0.119669,0.485855
trial_9,139,0.073706,0.449996
trial_9,140,0.127426,0.444523
trial_9,141,0.108241,0.986428
trial_9,142,0.065746,1.325655
trial_9,143,0.166470,5.738748
trial_9,144,0.274120,0.747412
trial_9,145,0.070906,0.672537
trial_9,146,0.096375,1.455516
trial_9,147,0.197120,3.231284
trial_9,148,0.326072,1.620865
trial_9,149,1.227239,8.482585
trial_9,150,0.053134,0.491674
trial_9,151,0.118943,1.210408
trial_9,152,0.023346,1.904789
trial_9,153,0.374979,1.556313
trial_9,154,0.076353,1.027282
trial_9,155,0.140381,1.223244
trial_9,156,0.322271,0.831480
trial_9,157,0.819946,3.214385
trial_9,158,0.002135,2.285270
trial_9,159,0.164648,0.447576
trial_9,160,0.269411,1.063184
trial_9,161,0.335607,0.772734
trial_9,162,0.043105,0.358049
trial_9,163,0.198382,1.533412
trial_9,164,0.117662,0.475453
trial_9,165,0.260502,1.092423
trial_9,166,0.031111,2.121712
trial_9,167,0.015846,0.487885
trial_9,168,0.036604,0.920165
trial_9,169,0.126025,0.488909
trial_9,170,0.338101,0.944427
trial_9,171,0.166286,1.828110
trial_9,172,0.232121,0.653850
trial_9,173,0.024729,0.381879
trial_9,174,0.279312,0.932551
trial_9,175,0.053772,0.512052
trial_9,176,0.209843,0.879939
trial_9,177,0.048003,1.836121
trial_9,178,0.192942,0.661211
trial_9,179,0.199621,0.761170
trial_9,180,0.009126,3.269188
trial_9,181,0.782403,3.597897
trial_9,182,0.241769,0.459054
trial_9,183,0.007184,0.470003
trial_9,184,0.427856,2.739645
trial_9,185,0.178577,0.536533
trial_9,186,0.230464,0.581644
trial_9,187,0.038297,1.846482
trial_9,188,0.087209,0.687725
trial_9,189,0.178852,1.648052
trial_9,190,0.051206,1.087938
trial_9,191,0.091109,0.470009
trial_9,192,0.148819,0.652763
trial_9,193,0.033540,0.704556
trial_9,194,0.060281,0.478598
trial_9,195,0.047399,0.659139
trial_9,196,0.186528,0.881832
trial_9,197,0.110905,0.667707
trial_9,198,0.205909,0.778762
trial_9,199,0.624277,2.166286
trial_9,200,0.436632,1.018332
trial_9,201,0.180593,1.047530
trial_9,202,0.086034,0.410827
trial_9,203,0.005651,0.366796
trial_9,204,0.281573,1.147593
trial_9,205,0.061291,1.512038
trial_9,206,0.088195,0.387277
trial_9,207,0.005138,0.522136
trial_9,208,0.265257,0.512667
trial_9,209,0.166825,4.967675
trial_9,210,1.030158,5.568847
trial_9,211,0.251444,2.524695
trial_9,212,0.203389,0.493795
trial_9,213,0.029242,0.539772
trial_9,214,0.056072,0.497220
trial_9,215,0.413562,0.880947
trial_9,216,0.057578,0.531540
trial_9,217,0.046710,0.709691
trial_9,218,0.075913,2.755071
trial_9,219,7.039777,24.695328
trial_9,220,0.701497,4.192474
trial_9,221,0.179038,1.006413
trial_9,222,0.001816,0.735969
trial_9,223,0.151357,0.644357
trial_9,224,0.123739,0.502924
trial_9,225,0.287992,1.499325
trial_9,226,0.502060,1.608475
trial_9,227,0.015606,0.513514
trial_9,228,0.085370,0.557585
trial_9,229,0.327043,2.441458
trial_9,230,0.294288,1.453811
trial_9,231,0.358828,2.312958
trial_9,232,0.187657,1.276201
trial_9,233,0.169613,1.290354
trial_9,234,0.075175,0.415957
trial_9,235,0.082314,2.950693
trial_9,236,0.234276,0.533540
trial_9,237,0.563028,2.203230
trial_9,238,0.212769,0.745805
trial_9,239,0.129078,0.513849
trial_9,240,0.048683,1.300733
trial_9,241,0.029118,0.568178
trial_9,242,0.011599,0.335508
trial_9,243,0.292907,1.539809
trial_9,244,0.012152,2.306227
trial_9,245,0.702483,5.628226
trial_9,246,0.172695,1.419364
trial_9,247,0.204787,0.496397
trial_9,248,0.299297,0.807671
trial_9,249,0.288134,1.156991
trial_9,250,0.196077,0.956593
trial_9,251,0.091580,0.610568
trial_9,252,0.070844,0.507169
trial_9,253,0.193292,1.154082
trial_9,254,0.821898,7.391833
trial_9,255,6.087968,19.022954
trial_9,256,0.460912,1.035572
trial_9,257,0.388241,3.341014
trial_9,258,0.007539,0.569772
trial_9,259,0.180013,0.565624
trial_9,260,0.029787,0.336484
trial_9,261,0.207452,1.337282
trial_9,262,0.700387,2.661737
trial_9,263,0.232251,0.525728
trial_9,264,0.124933,1.307048
trial_9,265,0.134344,0.853247
trial_9,266,0.158794,0.732627
trial_9,267,0.065510,2.533161
trial_9,268,0.133195,0.488284
trial_9,269,0.047803,0.999850
trial_9,270,0.217624,0.463077
trial_9,271,0.073919,0.916703
trial_9,272,0.263674,0.535385
trial_9,273,0.066810,0.900857
trial_9,274,0.250906,0.559534
trial_9,275,0.079110,0.673230
trial_9,276,0.276899,4.625271
trial_9,277,0.140909,1.304893
trial_9,278,0.000011,0.400019
trial_9,279,0.163981,0.357049
trial_9,280,0.444102,1.857871
trial_9,281,0.253662,4.447419
trial_9,282,1.049419,5.687915
trial_9,283,0.361855,1.941781
trial_9,284,0.425467,0.820581
trial_9,285,0.141716,0.500449
trial_9,286,0.145196,1.554547
trial_9,287,0.047615,1.317107
trial_9,288,0.175390,2.323316
trial_9,289,0.114240,0.727785
trial_9,290,0.040685,0.805102
trial_9,291,0.109348,0.849106
trial_9,292,0.460485,2.509105
trial_9,293,0.381710,1.640262
trial_9,294,0.046614,0.337209
trial_9,295,0.143386,0.695816
trial_9,296,0.283115,2.407430
trial_9,297,0.322676,0.644249
trial_9,298,0.249920,0.941278
trial_9,299,0.022973,0.366564
trial_9,300,0.225241,0.563096
trial_9,301,0.063127,0.589067
trial_9,302,0.006890,1.711809
trial_9,303,0.192730,1.283393
trial_9,304,0.282084,0.464174
trial_9,305,0.305951,0.993358
trial_9,306,0.097383,0.633576
trial_9,307,0.028043,1.558810
trial_9,308,0.510577,4.177749
trial_9,309,0.322706,1.143189
trial_9,310,0.397424,5.252795
trial_9,311,0.008025,3.396269
trial_9,312,0.994206,6.754566
trial_9,313,0.246429,1.141349
trial_9,314,0.700341,2.124846
trial_9,315,0.586418,2.232947
trial_9,316,0.078677,1.194485
trial_9,317,0.056600,0.903957
trial_9,318,0.071801,0.779221
trial_9,319,0.206452,1.941311
trial_9,320,0.270664,6.334835
trial_9,321,0.599603,3.745065
trial_9,322,0.080328,1.011431
trial_9,323,0.017071,3.595824
trial_9,324,0.508302,1.111442
trial_9,325,0.016513,0.643911
trial_9,326,0.079054,1.792616
trial_9,327,0.105953,1.866678
trial_9,328,0.262392,1.212710
trial_9,329,1.331403,9.369818
trial_9,330,1.083663,3.867916
trial_9,331,0.136646,1.619704
trial_9,332,0.282840,1.041970
trial_9,333,0.030233,2.390476
trial_9,334,0.477751,0.657539
trial_9,335,0.343995,1.160823
trial_9,336,0.010499,1.161312
trial_9,337,0.030339,2.705846
trial_9,338,0.656569,6.148103
trial_9,339,0.283661,0.905123
trial_9,340,0.128266,0.431399
trial_9,341,0.054168,10.378771
trial_9,342,0.222815,0.707500
trial_9,343,0.000365,1.293429
trial_9,344,0.726124,6.594256
trial_9,345,4.522014,23.966676
trial_9,346,0.835777,6.413954
trial_9,347,0.413520,1.555323
trial_9,348,0.616361,4.779022
trial_9,349,0.071042,0.932409
trial_9,350,0.117091,2.435801
trial_9,351,0.961052,5.068056
trial_9,352,0.205203,1.901768
trial_9,353,0.465821,1.328022
trial_9,354,0.466369,3.210525
trial_9,355,0.063432,0.632634
trial_9,356,0.064933,0.783986
trial_9,357,0.285087,3.488128
trial_9,358,0.024230,0.961114
trial_9,359,0.130279,0.876072
trial_9,360,0.200650,0.683103
trial_9,361,0.146139,3.525322
trial_9,362,0.656922,6.835958
trial_9,363,0.005418,1.588413
trial_9,364,0.233817,0.671018
trial_9,365,0.082137,0.591424
trial_9,366,0.162662,1.428493
trial_9,367,0.101261,0.680544
trial_9,368,0.179975,0.709530
trial_9,369,0.149121,0.646784
trial_9,370,0.312948,3.245300
trial_9,371,0.005485,0.849747
trial_9,372,0.061839,0.780411
trial_9,373,0.313712,1.826332
trial_9,374,0.231877,6.856714
trial_9,375,0.422749,0.702938
trial_9,376,0.414221,0.850536
trial_9,377,0.049573,0.799854
trial_9,378,0.169706,0.511369
trial_9,379,0.095807,0.399716
trial_9,380,0.074611,1.113738
trial_9,381,0.116812,0.462353
trial_9,382,0.075775,0.478253
trial_9,383,0.992856,3.504679
trial_9,384,0.259577,0.484581
trial_9,385,0.244778,2.021629
trial_9,386,0.506198,6.822119
trial_9,387,2.055263,8.205271
trial_9,388,0.371168,0.770022
trial_9,389,0.001565,0.711715
trial_9,390,0.068307,1.572614
trial_9,391,0.456089,1.530309
trial_9,392,0.245674,1.137655
trial_9,393,0.541094,2.173535
trial_9,394,0.012591,1.562963
trial_9,395,0.208081,0.502100
trial_9,396,0.176341,0.464697
trial_9,397,0.001216,0.524685
trial_9,398,0.029982,0.807456
trial_9,399,0.039819,0.881373
trial_9,400,0.001110,0.870909
trial_9,401,0.414480,1.746342
trial_9,402,0.334438,4.712476
trial_9,403,0.077727,0.816524
trial_9,404,0.115400,0.687727
trial_9,405,0.055317,0.427475
trial_9,406,0.198101,0.584285
trial_9,407,0.051258,0.395138
trial_9,408,0.054932,0.733907
trial_9,409,0.206930,1.217033
trial_9,410,0.121059,1.171027
trial_9,411,1.109079,2.941446
trial_9,412,0.194968,0.528774
trial_9,413,0.141484,2.247269
trial_9,414,0.391492,0.748160
trial_9,415,0.196606,0.927620
trial_9,416,2.423485,23.849488
trial_9,417,0.103336,0.527107
trial_9,418,0.249293,0.527707
trial_9,419,0.183825,2.680354
trial_9,420,0.185282,1.130620
trial_9,421,0.209041,0.446128
trial_9,422,0.022969,1.509690
trial_9,423,0.328814,0.616968
trial_9,424,0.087009,0.496322
trial_9,425,0.038597,0.380279
trial_9,426,0.191877,0.372586
trial_9,427,0.047610,1.174666
trial_9,428,0.065821,1.789719
trial_9,429,0.011877,0.603909
trial_9,430,0.189758,0.449732
trial_9,431,0.118952,1.517794
trial_9,432,0.428542,1.893788
trial_9,433,0.247718,0.497776
trial_9,434,0.314451,1.681591
trial_9,435,2.579766,13.084028
trial_9,436,0.020235,0.593145
trial_9,437,0.384190,1.480784
trial_9,438,0.817392,2.407464
trial_9,439,0.058699,2.031945
trial_9,440,0.503303,2.844912
trial_9,441,1.094330,4.222879
trial_9,442,0.166810,0.557494
trial_9,443,0.540055,0.929707
trial_9,444,0.271931,0.711327
trial_9,445,0.332450,1.358689
trial_9,446,0.205377,1.152267
trial_9,447,0.149033,1.589219
trial_9,448,0.074628,0.649206
trial_9,449,0.124348,1.685517
trial_9,450,0.007907,2.499706
trial_9,451,0.070812,1.140123
trial_9,452,0.300121,0.937059
trial_9,453,0.470187,3.024798
trial_9,454,0.212805,0.535827
trial_9,455,0.235950,1.010127
trial_9,456,0.284974,1.551433
trial_9,457,0.029452,0.409019
trial_9,458,0.159352,0.848441
trial_9,459,0.060845,1.364459
trial_9,460,0.028483,0.592801
trial_9,461,0.253062,0.483185
trial_9,462,0.052268,1.865086
trial_9,463,0.067260,1.157996
trial_9,464,0.058071,0.533687
trial_9,465,0.183427,0.866335
trial_9,466,0.080100,0.378445
trial_9,467,0.191950,1.006404
trial_9,468,0.218826,0.479774
trial_9,469,0.511664,4.985420
trial_9,470,0.285984,0.820621
trial_9,471,0.505126,0.918695
trial_9,472,0.720086,1.703396
trial_9,473,0.120229,0.963210
trial_9,474,0.398343,7.347522
trial_9,475,1.213136,9.088631
trial_9,476,0.932934,8.451913
trial_9,477,0.049229,0.642039
trial_9,478,0.100623,0.506336
trial_9,479,0.001915,0.404958
trial_9,480,0.447252,0.841112
trial_9,481,0.688950,5.490366
trial_9,482,0.044287,1.402404
trial_9,483,0.273470,2.939054
trial_9,484,0.231245,3.110132
trial_9,485,0.103690,0.617875
trial_9,486,0.099206,0.977151
trial_9,487,0.420201,0.995780
trial_9,488,0.106703,0.808568
trial_9,489,0.049448,0.449349
trial_9,490,0.099483,0.877062
trial_9,491,0.077986,0.408387
trial_9,492,0.037406,0.753293
trial_9,493,0.223740,1.020088
trial_9,494,0.269011,0.682453
trial_9,495,0.008335,0.543957
trial_9,496,0.086552,0.477214
trial_9,497,0.358856,0.863089
trial_9,498,0.251822,0.558941
trial_9,499,0.095894,1.660049
trial_9,500,0.026920,1.682708
trial_9,501,0.025175,0.511704
trial_9,502,0.092881,0.619405
trial_9,503,0.251841,0.471522
trial_9,504,0.110095,0.793303
trial_9,505,0.172128,0.820753
trial_9,506,0.289453,0.707188
trial_9,507,0.542058,2.154327
trial_9,508,0.161173,0.670768
trial_9,509,0.079421,1.974506
trial_9,510,0.420728,1.171940
trial_9,511,0.007972,0.505513
trial_9,512,1.035272,6.582414
trial_9,513,0.017866,1.005840
trial_9,514,0.133719,1.356816
trial_9,515,1.507858,16.450620
trial_9,516,0.318388,1.031970
trial_9,517,1.347809,7.045102
trial_9,518,0.024734,0.932141
trial_9,519,0.167453,1.537940
trial_9,520,0.038243,0.420162
trial_9,521,0.253439,0.490339
trial_9,522,0.123297,0.472907
trial_9,523,0.451442,2.946183
trial_9,524,0.218916,0.794069
trial_9,525,0.217057,2.176947
trial_9,526,0.081474,0.506209
trial_9,527,0.068448,0.498275
trial_9,528,0.135699,0.713803
trial_9,529,0.058430,0.534832
trial_9,530,0.118400,0.453462
trial_9,531,0.109895,0.738642
trial_9,532,0.246822,0.523189
trial_9,533,0.068774,0.458879
trial_9,534,0.136436,0.442175
trial_9,535,0.323094,1.119107
trial_9,536,0.355202,1.316283
trial_9,537,0.204887,1.127550
trial_9,538,0.059151,0.614381
trial_9,539,0.217535,0.941956
trial_9,540,0.139223,1.032822
trial_9,541,0.435060,0.622090
trial_9,542,0.096804,1.591273
trial_9,543,0.100470,0.612100
trial_9,544,0.000648,0.384326
trial_9,545,0.210859,1.314678
trial_9,546,0.288836,0.990028
trial_9,547,0.049166,0.694585
trial_9,548,0.007658,0.677299
trial_9,549,0.024790,0.654830
trial_9,550,0.182024,0.968130
trial_9,551,0.048805,0.527409
trial_9,552,0.113184,0.907504
trial_9,553,0.034185,1.013932
trial_9,554,0.596835,1.986696
trial_9,555,0.011422,0.479754
trial_9,556,0.414279,0.659345
trial_9,557,0.021209,1.807203
trial_9,558,0.178437,0.479761
trial_9,559,0.248202,0.764424
trial_9,560,0.031217,0.950146
trial_9,561,0.118428,2.128479
trial_9,562,0.339703,0.898080
trial_9,563,0.232276,1.271410
trial_9,564,0.409694,1.177999
trial_9,565,0.037003,1.875358
trial_9,566,0.093123,0.898090
trial_9,567,0.049610,2.178603
trial_9,568,0.498530,0.975496
trial_9,569,0.053170,0.600265
trial_9,570,0.141006,1.245657
trial_9,571,0.214155,0.820153
trial_9,572,0.183284,0.610291
trial_9,573,0.284625,0.547749
trial_9,574,0.064239,0.299966
trial_9,575,0.050156,4.624218
trial_9,576,0.302620,3.462928
trial_9,577,0.089156,0.431576
trial_9,578,0.007065,1.708178
trial_9,579,0.140536,0.763377
trial_9,580,0.311147,0.659597
trial_9,581,0.250326,1.163001
trial_9,582,0.073596,0.691457
trial_9,583,0.204250,2.817700
trial_9,584,0.082631,0.571582
trial_9,585,0.242646,0.901995
trial_9,586,0.069702,0.608748
trial_9,587,0.001504,0.744181
trial_9,588,0.055897,0.559465
trial_9,589,5.073079,29.453932
trial_9,590,0.012832,2.094615
trial_9,591,0.155689,1.208260
trial_9,592,0.024946,1.888669
trial_9,593,0.198016,0.740925
trial_9,594,0.001537,0.468489
trial_9,595,0.355576,4.374657
trial_9,596,0.077441,0.909926
trial_9,597,0.298396,1.065327
trial_9,598,0.052114,0.575094
trial_9,599,0.135491,0.785846
trial_9,600,0.068005,0.439509
trial_9,601,0.944765,3.176277
trial_9,602,0.117622,1.312164
trial_9,603,0.067903,0.853446
trial_9,604,0.133141,0.719282
trial_9,605,0.114082,0.722624
trial_9,606,0.452026,0.918409
trial_9,607,0.155196,0.913326
trial_9,608,0.224672,0.722605
trial_9,609,0.045954,1.766937
trial_9,610,0.387601,0.956282
trial_9,611,0.006721,0.456092
trial_9,612,0.044881,0.388520
trial_9,613,0.135937,1.610633
trial_9,614,0.344720,2.675222
trial_9,615,0.199214,0.390326
trial_9,616,0.170026,0.705408
trial_9,617,0.175718,0.749477
trial_9,618,0.160632,0.327991
trial_9,619,2.749657,12.464094
trial_9,620,0.102878,0.852334
trial_9,621,0.027509,0.613414
trial_9,622,0.404025,6.305407
trial_9,623,0.117427,0.480719
trial_9,624,0.942630,3.067614
trial_9,625,0.354897,1.275465
trial_9,626,0.228885,0.831785
trial_9,627,0.840959,3.403846
trial_9,628,0.299359,1.882243
trial_9,629,0.068776,0.616506
trial_9,630,0.110356,1.011912
trial_9,631,0.238075,2.065867
trial_9,632,0.502656,1.664763
trial_9,633,0.141658,0.786913
trial_9,634,0.233456,3.673695
trial_9,635,0.131656,3.753796
trial_9,636,0.000343,1.515659
trial_9,637,0.558898,3.243316
trial_9,638,0.066657,0.825836
trial_9,639,0.066354,1.125855
trial_9,640,0.109644,0.457609
trial_9,641,0.575410,1.295266
trial_9,642,0.044374,0.539037
trial_9,643,0.183803,1.970747
trial_9,644,0.531687,2.719402
trial_9,645,0.047645,1.626545
trial_9,646,0.145263,4.820804
trial_9,647,0.342765,4.392721
trial_9,648,0.167401,14.050997
trial_9,649,0.127175,1.035256
trial_9,650,0.862467,3.199027
trial_9,651,0.377309,2.947497
trial_9,652,1.256924,5.083628
trial_9,653,0.233562,0.806113
trial_9,654,0.176435,0.749255
trial_9,655,0.099464,0.449238
trial_9,656,0.007988,2.368535
trial_9,657,0.047867,4.407877
trial_9,658,0.399219,1.982782
trial_9,659,0.019843,1.788204
trial_9,660,0.140255,1.649294
trial_9,661,0.096364,2.375206
trial_9,662,0.033242,1.277086
trial_9,663,0.365027,1.350655
trial_9,664,0.473948,1.009996
trial_9,665,0.039726,1.630740
trial_9,666,0.520968,3.778591
trial_9,667,0.047063,0.897056
trial_9,668,0.018319,0.425237
trial_9,669,0.132518,0.337463
trial_9,670,0.040697,0.391167
trial_9,671,0.016251,1.238358
trial_9,672,0.478916,0.784138
trial_9,673,1.811154,8.356939
trial_9,674,0.252883,1.030534
trial_9,675,0.211854,1.094623
trial_9,676,0.301094,3.948537
trial_9,677,0.096663,0.906479
trial_9,678,0.237201,0.738603
trial_9,679,0.939791,4.332562
trial_9,680,0.218738,0.569590
trial_9,681,0.053051,0.521002
trial_9,682,0.728079,2.772456
trial_9,683,0.402278,0.800185
trial_9,684,0.615849,11.046151
trial_9,685,0.521728,4.955411
trial_9,686,0.184936,0.747298
trial_9,687,0.086845,0.822497
trial_9,688,0.085823,0.411621
trial_9,689,0.429888,1.773164
trial_9,690,0.082790,1.772493
trial_9,691,0.298174,0.559909
trial_9,692,0.000102,0.422441
trial_9,693,0.212586,0.845520
trial_9,694,0.108490,0.865604
trial_9,695,0.008813,0.492366
trial_9,696,0.205132,3.683816
trial_9,697,0.279040,4.126807
trial_9,698,0.275320,0.464108
trial_9,699,0.106637,0.568322
trial_9,700,0.062641,0.848585
trial_9,701,0.033159,1.981980
trial_9,702,0.036514,0.742015
trial_9,703,0.176150,4.394103
trial_9,704,0.061242,0.539754
trial_9,705,0.082773,0.428007
trial_9,706,0.172763,1.550108
trial_9,707,0.166259,0.726828
trial_9,708,0.139622,0.789677
trial_9,709,0.175553,6.845706
trial_9,710,0.409285,3.216202
trial_9,711,0.175842,1.442576
trial_9,712,0.260930,0.683453
trial_9,713,0.733334,8.461150
trial_9,714,0.042915,0.443732
trial_9,715,0.075375,0.496552
trial_9,716,0.204874,2.532243
trial_9,717,0.080176,0.612744
trial_9,718,0.220151,0.994742
trial_9,719,0.001225,0.454026
trial_9,720,0.180332,2.648414
trial_9,721,0.354642,0.749384
trial_9,722,0.167429,0.600137
trial_9,723,0.184756,0.429369
trial_9,724,1.210456,8.478398
trial_9,725,0.852495,4.856950
trial_9,726,0.385611,4.955880
trial_9,727,0.104895,1.576423
trial_9,728,0.028235,0.613984
trial_9,729,0.628171,0.825635
trial_9,730,0.071617,0.755004
trial_9,731,0.203418,0.901566
trial_9,732,0.236453,0.812985
trial_9,733,0.043522,0.725382
trial_9,734,0.092443,0.295775
trial_9,735,0.078845,1.364274
trial_9,736,0.039442,1.059732
trial_9,737,0.135861,1.132862
trial_9,738,0.351689,2.957681
trial_9,739,0.117426,0.858899
trial_9,740,0.211773,0.538551
trial_9,741,0.203986,0.834885
trial_9,742,0.021197,0.644259
trial_9,743,1.489870,8.102923
trial_9,744,0.054188,0.805883
trial_9,745,0.129130,0.481910
trial_9,746,0.008677,0.458536
trial_9,747,0.042782,0.398651
trial_9,748,0.108532,0.903568
trial_9,749,0.127591,1.159382
trial_9,750,0.033920,0.496350
trial_9,751,0.332752,1.913434
trial_9,752,0.021439,0.577833
trial_9,753,0.874845,3.149314
trial_9,754,0.035165,0.541589
trial_9,755,0.192284,0.941385
trial_9,756,0.163808,0.412812
trial_9,757,0.026453,1.014443
trial_9,758,0.628185,1.663691
trial_9,759,0.466026,2.230254
trial_9,760,0.528193,1.966415
trial_9,761,0.545135,1.563694
trial_9,762,0.254492,1.668837
trial_9,763,0.144579,0.741150
trial_9,764,0.086841,1.821396
trial_9,765,0.050982,1.336743
trial_9,766,0.224638,2.226479
trial_9,767,0.165830,1.537053
trial_9,768,0.343131,0.811915
trial_9,769,0.256366,0.874125
trial_9,770,1.876254,13.378710
trial_9,771,0.226320,0.897880
trial_9,772,2.938026,23.096285
trial_9,773,0.420840,0.754316
trial_9,774,0.166979,1.775250
trial_9,775,0.152764,0.629906
trial_9,776,0.062489,3.827526
trial_9,777,0.044965,1.509093
trial_9,778,0.150454,0.657099
trial_9,779,0.217321,1.104801
trial_9,780,0.254472,0.562483
trial_9,781,0.149939,1.139654
trial_9,782,0.137755,1.161778
trial_9,783,0.111677,1.282293
trial_9,784,0.352170,0.588601
trial_9,785,0.191750,0.660535
trial_9,786,0.442749,2.520049
trial_9,787,0.453427,0.821856
trial_9,788,1.060236,7.567254
trial_9,789,0.060884,0.473167
trial_9,790,0.254977,1.023268
trial_9,791,0.477471,1.048003
trial_9,792,0.024226,0.364063
trial_9,793,0.425425,1.121891
trial_9,794,1.272525,4.077847
trial_9,795,0.651192,4.138235
trial_9,796,0.366233,1.243931
trial_9,797,0.006865,0.807252
trial_9,798,0.024891,0.569245
trial_9,799,0.182385,0.554925
trial_9,800,0.007371,0.806386
trial_9,801,0.303513,1.838196
trial_9,802,0.059756,1.000200
trial_9,803,0.018321,0.359991
trial_9,804,0.149329,0.759436
trial_9,805,0.031115,0.852192
trial_9,806,0.093383,4.261971
trial_9,807,0.117191,0.596629
trial_9,808,0.124437,0.419607
trial_9,809,0.253441,0.477599
trial_9,810,0.233562,0.731005
trial_9,811,0.092838,0.931763
trial_9,812,0.225833,3.097085
trial_9,813,0.370408,7.327280
trial_9,814,0.247262,8.034643
trial_9,815,0.144492,0.516437
trial_9,816,0.299800,1.011491
trial_9,817,0.300203,0.622767
trial_9,818,0.251744,3.232103
trial_9,819,0.492691,5.292998
trial_9,820,2.128239,12.455403
trial_9,821,0.128110,1.213508
trial_9,822,0.047260,1.696448
trial_9,823,0.055202,1.740176
trial_9,824,0.102146,0.557095
trial_9,825,0.024845,2.129820
trial_9,826,0.745368,8.857132
trial_9,827,0.020318,3.233104
trial_9,828,0.181709,1.030118
trial_9,829,0.174615,1.176246
trial_9,830,0.246363,0.808971
trial_9,831,0.148658,2.162356
trial_9,832,0.046069,0.803927
trial_9,833,0.177121,1.469962
trial_9,834,0.265777,1.015416
trial_9,835,0.347649,0.917510
trial_9,836,0.153426,0.462986
trial_9,837,0.333075,3.082577
trial_9,838,0.651091,1.444630
trial_9,839,0.084430,1.378515
trial_9,840,0.435181,1.950020
trial_9,841,0.420764,3.247523
trial_9,842,0.119838,0.443382
trial_9,843,0.225579,1.841572
trial_9,844,0.082037,0.305505
trial_9,845,0.091842,0.580636
trial_9,846,0.299307,0.563402
trial_9,847,0.039939,0.842309
trial_9,848,0.144095,1.747791
trial_9,849,0.033049,0.383488
trial_9,850,0.285321,1.428247
trial_9,851,0.086504,1.221432
trial_9,852,0.286333,1.430385
trial_9,853,0.448498,0.628491
trial_9,854,0.074897,0.449147
trial_9,855,0.011364,0.606283
trial_9,856,0.439132,2.695672
trial_9,857,0.642812,2.455870
trial_9,858,0.170458,0.598335
trial_9,859,0.260280,0.859920
trial_9,860,0.139573,0.771685
trial_9,861,0.186619,0.690414
trial_9,862,0.308407,0.665362
trial_9,863,0.032261,0.833787
trial_9,864,0.306981,0.847806
trial_9,865,0.033455,0.671176
trial_9,866,0.028999,1.890227
trial_9,867,0.100729,0.632067
trial_9,868,0.129896,1.646830
trial_9,869,0.407085,3.783518
trial_9,870,0.032662,0.824694
trial_9,871,0.214557,1.371986
trial_9,872,0.001588,1.994853
trial_9,873,0.141288,0.394828
trial_9,874,0.125411,0.436558
trial_9,875,0.190360,0.988740
trial_9,876,0.201916,1.048035
trial_9,877,0.225273,0.627602
trial_9,878,0.056035,0.625552
trial_9,879,0.166450,0.425987
trial_9,880,0.204220,2.135285
trial_9,881,0.184478,0.679280
trial_9,882,0.020960,0.577586
trial_9,883,0.150530,0.558490
trial_9,884,0.064764,1.960590
trial_9,885,0.121745,0.632708
trial_9,886,0.231185,0.664779
trial_9,887,0.505379,10.992760
trial_9,888,0.164052,1.647143
trial_9,889,0.007081,0.921654
trial_9,890,0.454683,2.055679
trial_9,891,0.263910,1.124102
trial_9,892,0.221381,0.766482
trial_9,893,0.659848,3.344150
trial_9,894,0.641310,2.915600
trial_9,895,0.523036,1.298886
trial_9,896,0.325587,1.313804
trial_9,897,0.074196,0.936493
trial_9,898,0.134250,1.684093
trial_9,899,0.232925,1.528276
trial_9,900,0.003515,1.086261
trial_9,901,0.072831,0.375433
trial_9,902,0.171637,1.629108
trial_9,903,0.200143,0.582296
trial_9,904,0.007290,0.690643
trial_9,905,0.351168,1.521307
trial_9,906,0.054988,0.795174
trial_9,907,0.086529,0.773722
trial_9,908,0.116861,0.474247
trial_9,909,0.278026,3.665432
trial_9,910,0.303791,0.564909
trial_9,911,0.253997,0.440129
trial_9,912,0.150566,0.943234
trial_9,913,0.011737,1.712243
trial_9,914,0.035840,0.965801
trial_9,915,0.337143,1.156267
trial_9,916,0.032506,1.151906
trial_9,917,0.125716,1.069815
trial_9,918,0.311819,1.344656
trial_9,919,0.771606,4.842166
trial_9,920,0.253464,1.238510
trial_9,921,0.119791,0.461824
trial_9,922,0.032125,0.587374
trial_9,923,0.238196,1.467477
trial_9,924,0.460824,7.697899
trial_9,925,0.803655,5.299661
trial_9,926,0.113737,1.335952
trial_9,927,0.589773,1.720591
trial_9,928,0.214458,2.751541
trial_9,929,0.043618,1.268845
trial_9,930,0.132634,0.955984
trial_9,931,0.651323,9.160973
trial_9,932,0.233175,1.443940
trial_9,933,1.267248,4.452078
trial_9,934,0.767474,2.959069
trial_9,935,0.185127,0.862599
trial_9,936,0.779654,3.751963
trial_9,937,0.086672,1.248941
trial_9,938,0.158438,0.485818
trial_9,939,0.003334,1.393782
trial_9,940,0.286124,1.077445
trial_9,941,0.175080,1.090095
trial_9,942,0.196137,0.811079
trial_9,943,0.014363,1.215765
trial_9,944,0.126882,0.581189
trial_9,945,0.140182,0.858565
trial_9,946,0.125473,0.791988
trial_9,947,0.184738,0.779256
trial_9,948,0.251185,2.714319
trial_9,949,0.802118,7.608872
trial_9,950,0.218470,0.813853
trial_9,951,0.137096,0.630460
trial_9,952,0.315795,1.009365
trial_9,953,0.361363,1.279087
trial_9,954,0.055343,1.138456
trial_9,955,0.018097,1.455912
trial_9,956,0.080704,1.497583
trial_9,957,1.136972,7.328164
trial_9,958,0.218792,2.660668
trial_9,959,0.314361,4.315936
trial_9,960,1.722908,5.369876
trial_9,961,0.125415,1.898828
trial_9,962,2.108359,20.925430
trial_9,963,0.087359,2.736200
trial_9,964,0.058500,0.812951
trial_9,965,0.166824,0.914564
trial_9,966,0.507923,1.811376
trial_9,967,0.243613,4.768238
trial_9,968,0.429940,1.002452
trial_9,969,0.351292,0.830570
trial_9,970,0.357916,1.097734
trial_9,971,0.100553,0.568061
trial_9,972,1.418679,4.297840
trial_9,973,0.107620,0.820193
trial_9,974,0.509326,3.302140
trial_9,975,0.037190,2.450518
trial_9,976,0.091842,1.318371
trial_9,977,0.025316,0.739294
trial_9,978,0.434460,0.886736
trial_9,979,0.120279,0.471729
trial_9,980,0.190663,0.558088
trial_9,981,0.153576,1.854694
trial_9,982,0.350186,2.320737
trial_9,983,0.169687,0.818720
trial_9,984,0.180371,1.046092
trial_9,985,0.140648,1.267245
trial_9,986,0.017982,1.305685
trial_9,987,0.120322,0.942453
trial_9,988,1.240247,8.341207
trial_9,989,0.110926,1.058331
trial_9,990,0.678796,2.699859
trial_9,991,0.165507,1.429056
trial_9,992,0.353849,2.194034
trial_9,993,0.005015,1.668166
trial_9,994,0.308968,1.635090
trial_9,995,0.025847,0.577335
trial_9,996,0.106257,0.485280
trial_9,997,2.495082,10.965006
trial_9,998,0.289179,0.627140
trial_9,999,0.083830,0.460599
trial_9,1000,0.003033,1.340392
trial_10,1,0.011438,0.423595
trial_10,2,0.088207,0.410406
trial_10,3,0.114282,0.593888
trial_10,4,0.142277,0.683593
trial_10,5,0.071303,1.151306
trial_10,6,0.028843,0.507969
trial_10,7,0.467605,0.750462
trial_10,8,0.264678,1.089881
trial_10,9,0.058282,7.113514
trial_10,10,0.195769,2.281996
trial_10,11,0.137763,0.908784
trial_10,12,0.263497,1.481008
trial_10,13,1.295614,8.109296
trial_10,14,0.105421,0.659282
trial_10,15,0.187412,0.652834
trial_10,16,0.047561,0.595589
trial_10,17,0.482790,1.580681
trial_10,18,0.245351,0.936915
trial_10,19,0.023385,0.877526
trial_10,20,0.187440,0.539807
trial_10,21,0.436155,2.633812
trial_10,22,0.222371,0.715613
trial_10,23,0.205553,1.250751
trial_10,24,0.053777,2.081875
trial_10,25,0.059764,1.058405
trial_10,26,0.251642,4.270766
trial_10,27,0.255610,0.683570
trial_10,28,0.998009,12.101138
trial_10,29,0.349677,1.023041
trial_10,30,0.148266,0.936466
trial_10,31,0.326647,0.873014
trial_10,32,0.245421,0.526325
trial_10,33,0.051541,0.965327
trial_10,34,0.363033,14.021722
trial_10,35,0.571751,1.671486
trial_10,36,0.434485,1.676836
trial_10,37,0.150212,2.778217
trial_10,38,0.077532,0.913080
trial_10,39,0.198024,1.568238
trial_10,40,0.189464,1.957599
trial_10,41,0.009485,0.578542
trial_10,42,0.033388,0.548857
trial_10,43,0.009759,0.516232
trial_10,44,0.139727,0.553648
trial_10,45,0.182985,1.117182
trial_10,46,0.173635,1.280729
trial_10,47,0.101708,1.259567
trial_10,48,0.182201,0.611696
trial_10,49,0.305217,0.747187
trial_10,50,0.413924,1.122837
trial_10,51,0.064074,0.523463
trial_10,52,0.117407,0.801753
trial_10,53,0.747637,4.207901
trial_10,54,0.154245,2.057571
trial_10,55,0.344755,0.950501
trial_10,56,0.129814,0.500626
trial_10,57,0.194412,0.649979
trial_10,58,0.120358,0.682352
trial_10,59,0.357880,0.574271
trial_10,60,0.809766,5.104089
trial_10,61,0.124320,0.479305
trial_10,62,0.225714,0.805081
trial_10,63,0.090825,0.920537
trial_10,64,0.258085,0.661493
trial_10,65,0.369597,1.759639
trial_10,66,0.117459,0.687781
trial_10,67,0.076932,0.376099
trial_10,68,1.037648,4.028699
trial_10,69,0.214292,0.621093
trial_10,70,0.090244,0.425301
trial_10,71,0.140250,2.237068
trial_10,72,0.326230,0.499119
trial_10,73,0.239570,0.381033
trial_10,74,0.034496,0.523841
trial_10,75,0.304224,0.537568
trial_10,76,0.291568,1.375038
trial_10,77,0.069472,0.339627
trial_10,78,0.196587,0.352462
trial_10,79,0.389426,0.575387
trial_10,80,0.220458,0.473058
trial_10,81,0.388446,4.455222
trial_10,82,0.239454,5.154142
trial_10,83,0.400527,0.740471
trial_10,84,0.537558,8.566220
trial_10,85,0.475501,5.461810
trial_10,86,1.062903,4.456108
trial_10,87,0.063555,0.991254
trial_10,88,0.034700,0.556419
trial_10,89,0.300993,0.996906
trial_10,90,0.138629,0.480625
trial_10,91,0.032608,0.682106
trial_10,92,0.171239,1.069488
trial_10,93,0.119312,4.966233
trial_10,94,0.351114,0.548863
trial_10,95,0.242816,0.590317
trial_10,96,0.260774,0.763025
trial_10,97,0.113923,0.930177
trial_10,98,0.111901,1.318739
trial_10,99,0.402784,1.023364
trial_10,100,0.241549,0.712658
trial_10,101,0.625669,1.031326
trial_10,102,0.030640,1.443718
trial_10,103,0.093392,0.738935
trial_10,104,0.281981,0.547469
trial_10,105,0.039146,0.880946
trial_10,106,0.080919,0.787441
trial_10,107,0.095404,0.368857
trial_10,108,0.369222,5.974377
trial_10,109,0.088287,1.469065
trial_10,110,0.076385,2.091025
trial_10,111,0.029707,1.394234
trial_10,112,0.391854,1.663466
trial_10,113,0.092059,1.729518
trial_10,114,0.335643,0.794220
trial_10,115,0.424811,3.123722
trial_10,116,0.298354,0.843933
trial_10,117,0.076923,1.011158
trial_10,118,0.196263,0.645717
trial_10,119,0.277254,3.136077
trial_10,120,0.536238,1.812250
trial_10,121,0.075205,0.783920
trial_10,122,0.032859,0.522408
trial_10,123,0.127457,0.966849
trial_10,124,0.232479,2.009583
trial_10,125,0.122833,0.661143
trial_10,126,0.148064,2.065453
trial_10,127,0.423604,1.171794
trial_10,128,0.239935,0.666757
trial_10,129,0.024617,1.547707
trial_10,130,1.167774,3.725527
trial_10,131,0.049550,0.400765
trial_10,132,0.020917,0.922754
trial_10,133,0.172027,3.684670
trial_10,134,0.365986,1.453765
trial_10,135,0.036128,0.571148
trial_10,136,0.259293,0.969498
trial_10,137,0.217856,1.385338
trial_10,138,0.106817,0.466596
trial_10,139,0.074837,0.387716
trial_10,140,0.103345,0.449029
trial_10,141,0.272726,0.731758
trial_10,142,0.023464,1.178557
trial_10,143,0.007450,3.024534
trial_10,144,0.069320,0.777877
trial_10,145,0.081390,0.600445
trial_10,146,0.230245,1.544741
trial_10,147,0.442838,2.539259
trial_10,148,0.038318,1.482113
trial_10,149,0.790307,4.291148
trial_10,150,0.010533,0.628138
trial_10,151,0.237650,1.164992
trial_10,152,0.521269,1.126108
trial_10,153,0.423384,1.446369
trial_10,154,0.372238,1.038573
trial_10,155,0.126769,1.127322
trial_10,156,0.146414,0.553947
trial_10,157,0.087248,1.119594
trial_10,158,0.108092,1.005797
trial_10,159,0.030160,0.357781
trial_10,160,0.167893,0.834034
trial_10,161,0.183706,0.697343
trial_10,162,0.488298,0.597203
trial_10,163,0.039555,0.585511
trial_10,164,0.270529,0.448199
trial_10,165,0.071460,0.640630
trial_10,166,0.047968,1.103640
trial_10,167,0.180109,0.463524
trial_10,168,0.012137,0.637343
trial_10,169,0.141176,0.473833
trial_10,170,0.132288,0.845771
trial_10,171,0.183342,1.646936
trial_10,172,0.245290,0.705147
trial_10,173,0.049682,0.326583
trial_10,174,0.230132,0.790854
trial_10,175,0.002662,0.507367
trial_10,176,0.012756,0.666745
trial_10,177,0.050186,1.339385
trial_10,178,0.156377,0.639354
trial_10,179,0.231097,0.674875
trial_10,180,0.101529,3.266083
trial_10,181,0.733605,3.720287
trial_10,182,0.321806,0.499408
trial_10,183,0.089322,0.479095
trial_10,184,0.466076,2.575308
trial_10,185,0.037169,0.546246
trial_10,186,0.125754,0.512039
trial_10,187,0.232902,1.344183
trial_10,188,0.066134,0.490081
trial_10,189,0.045460,0.875630
trial_10,190,0.145118,0.950542
trial_10,191,0.036491,0.420541
trial_10,192,0.198637,0.726690
trial_10,193,0.103724,0.641086
trial_10,194,0.194501,0.532863
trial_10,195,0.166367,0.688453
trial_10,196,0.050098,0.840981
trial_10,197,0.269982,0.673282
trial_10,198,0.218455,0.720249
trial_10,199,0.896128,2.389511
trial_10,200,0.218556,0.851231
trial_10,201,0.098942,0.915577
trial_10,202,0.132860,0.408432
trial_10,203,0.047258,0.353358
trial_10,204,0.281565,1.170705
trial_10,205,0.136731,1.438952
trial_10,206,0.015587,0.321661
trial_10,207,0.030307,0.393009
trial_10,208,0.215834,0.574243
trial_10,209,0.068936,2.828541
trial_10,210,0.152405,3.121410
trial_10,211,0.144415,2.391484
trial_10,212,0.267131,0.735537
trial_10,213,0.078727,0.473505
trial_10,214,0.343810,0.612058
trial_10,215,0.010499,0.707225
trial_10,216,0.226657,0.532744
trial_10,217,0.086395,0.683661
trial_10,218,0.109721,3.086949
trial_10,219,4.540525,19.635865
trial_10,220,0.537765,2.559474
trial_10,221,0.649272,2.038601
trial_10,222,0.195958,0.659592
trial_10,223,0.068908,0.447864
trial_10,224,0.280809,0.547407
trial_10,225,0.216725,1.339676
trial_10,226,0.256614,1.561092
trial_10,227,0.063287,0.436319
trial_10,228,0.137272,0.588639
trial_10,229,0.501505,2.575475
trial_10,230,0.308925,1.361538
trial_10,231,0.558797,2.403733
trial_10,232,0.023662,1.382998
trial_10,233,0.145597,1.227097
trial_10,234,0.175821,0.539200
trial_10,235,0.367783,2.174608
trial_10,236,0.165100,0.501240
trial_10,237,0.306846,1.081319
trial_10,238,0.356940,0.740489
trial_10,239,0.287066,0.812792
trial_10,240,0.041217,1.283021
trial_10,241,0.144881,0.521046
trial_10,242,0.083344,0.353623
trial_10,243,0.147743,0.761075
trial_10,244,0.046783,1.315673
trial_10,245,0.477719,3.481922
trial_10,246,0.342410,1.513718
trial_10,247,0.037550,0.532294
trial_10,248,0.073728,0.611950
trial_10,249,0.155839,0.824031
trial_10,250,0.067551,0.885301
trial_10,251,0.025295,0.586847
trial_10,252,0.142646,0.622595
trial_10,253,0.240426,0.679633
trial_10,254,0.295294,4.805726
trial_10,255,2.691600,10.147782
trial_10,256,0.021447,1.024635
trial_10,257,0.652203,3.458570
trial_10,258,0.211784,0.486163
trial_10,259,0.369206,0.687732
trial_10,260,0.110007,0.329375
trial_10,261,0.178720,1.342297
trial_10,262,0.307640,1.345688
trial_10,263,0.006708,0.615748
trial_10,264,0.301632,0.634605
trial_10,265,0.154802,0.856873
trial_10,266,0.169579,0.889656
trial_10,267,0.002261,1.620417
trial_10,268,0.071083,0.468115
trial_10,269,0.046738,1.073968
trial_10,270,0.084152,0.379423
trial_10,271,0.093798,0.641998
trial_10,272,0.283711,0.634696
trial_10,273,0.168801,0.911771
trial_10,274,0.254756,0.559433
trial_10,275,0.015766,0.630130
trial_10,276,0.005864,1.464502
trial_10,277,0.094036,1.291499
trial_10,278,0.508809,0.677516
trial_10,279,0.036783,0.427814
trial_10,280,0.275143,2.112823
trial_10,281,0.076237,3.022400
trial_10,282,0.435334,3.171876
trial_10,283,0.131256,1.730012
trial_10,284,0.279737,0.709347
trial_10,285,0.090889,0.499377
trial_10,286,0.135241,1.039331
trial_10,287,0.310638,1.371877
trial_10,288,0.110459,1.540277
trial_10,289,0.185450,0.736251
trial_10,290,0.195657,0.877915
trial_10,291,0.099393,0.902119
trial_10,292,0.075178,1.401477
trial_10,293,0.120533,0.956487
trial_10,294,0.203467,0.427835
trial_10,295,0.095099,0.673755
trial_10,296,0.389000,1.453303
trial_10,297,0.274656,0.621447
trial_10,298,0.110098,0.827089
trial_10,299,0.082392,0.346536
trial_10,300,0.131130,0.539164
trial_10,301,0.188715,0.650861
trial_10,302,0.045313,2.147368
trial_10,303,0.033893,1.010321
trial_10,304,0.047708,0.320017
trial_10,305,0.107237,1.112395
trial_10,306,0.038114,0.613212
trial_10,307,0.131286,1.045521
trial_10,308,0.167399,1.935955
trial_10,309,0.381476,1.244574
trial_10,310,0.019286,2.401508
trial_10,311,0.340608,1.509639
trial_10,312,1.230677,7.424333
trial_10,313,0.230485,1.112829
trial_10,314,0.023678,1.588860
trial_10,315,0.431874,1.832555
trial_10,316,0.017442,1.388851
trial_10,317,0.072624,0.816890
trial_10,318,0.376798,0.914160
trial_10,319,0.114815,1.846602
trial_10,320,0.048499,2.420571
trial_10,321,0.472511,3.704628
trial_10,322,0.012407,1.160514
trial_10,323,0.201946,2.913399
trial_10,324,0.407938,1.278461
trial_10,325,0.135987,0.840387
trial_10,326,0.054912,1.526831
trial_10,327,0.032241,1.101597
trial_10,328,0.318289,1.255668
trial_10,329,0.546363,9.954804
trial_10,330,0.888591,4.274374
trial_10,331,0.037674,1.746761
trial_10,332,0.083650,1.040955
trial_10,333,0.034672,2.257255
trial_10,334,0.392141,0.694137
trial_10,335,0.216284,1.012997
trial_10,336,0.035396,1.245771
trial_10,337,0.170437,1.111135
trial_10,338,0.082463,3.619656
trial_10,339,0.171666,0.785927
trial_10,340,0.114058,0.464788
trial_10,341,0.245366,6.233745
trial_10,342,0.529832,1.785724
trial_10,343,0.006887,1.378266
trial_10,344,0.310770,7.545495
trial_10,345,4.769626,24.504961
trial_10,346,1.025514,6.196386
trial_10,347,0.535481,1.852936
trial_10,348,0.504696,4.672706
trial_10,349,0.146366,0.964091
trial_10,350,0.211014,2.530107
trial_10,351,0.484005,5.289874
trial_10,352,0.109953,2.074605
trial_10,353,0.388415,1.291115
trial_10,354,0.402860,3.446649
trial_10,355,0.137947,0.534382
trial_10,356,0.298303,0.773455
trial_10,357,0.016241,3.009941
trial_10,358,0.163342,1.067459
trial_10,359,0.020494,0.963481
trial_10,360,0.122424,0.660297
trial_10,361,0.233838,3.302764
trial_10,362,0.951954,9.616587
trial_10,363,0.123701,1.496770
trial_10,364,0.244867,0.555481
trial_10,365,0.006984,0.697772
trial_10,366,0.093094,1.501033
trial_10,367,0.116146,0.807866
trial_10,368,0.142271,0.630874
trial_10,369,0.066877,0.567785
trial_10,370,0.142416,3.367153
trial_10,371,0.025442,0.826309
trial_10,372,0.092794,1.043640
trial_10,373,0.247372,1.851597
trial_10,374,0.197788,7.248093
trial_10,375,0.299582,0.486362
trial_10,376,0.358856,0.835830
trial_10,377,0.073328,0.639171
trial_10,378,0.056683,0.365311
trial_10,379,0.240491,0.485100
trial_10,380,0.105908,1.265734
trial_10,381,0.011653,0.542131
trial_10,382,0.117916,0.499169
trial_10,383,0.734882,3.318500
trial_10,384,0.211061,0.376432
trial_10,385,0.747003,2.437873
trial_10,386,0.822233,5.625762
trial_10,387,2.080740,10.005427
trial_10,388,0.276435,0.571202
trial_10,389,0.061103,0.767963
trial_10,390,0.298428,1.756009
trial_10,391,0.522601,1.432290
trial_10,392,0.338325,1.267111
trial_10,393,0.367730,2.075581
trial_10,394,0.144459,1.677250
trial_10,395,0.051344,0.761904
trial_10,396,0.145174,0.344719
trial_10,397,0.024641,0.518291
trial_10,398,0.020065,0.834287
trial_10,399,0.007942,0.866483
trial_10,400,0.313073,0.831221
trial_10,401,0.272077,1.002230
trial_10,402,0.001502,2.138154
trial_10,403,0.072540,0.714507
trial_10,404,0.184839,0.597440
trial_10,405,0.175831,0.554593
trial_10,406,0.014916,0.524161
trial_10,407,0.055289,0.473252
trial_10,408,0.021581,0.783155
trial_10,409,0.110784,1.025522
trial_10,410,0.371144,1.212772
trial_10,411,0.386922,1.390274
trial_10,412,0.043167,0.557050
trial_10,413,0.230875,2.441185
trial_10,414,0.276995,0.744832
trial_10,415,0.267697,0.980411
trial_10,416,0.914353,13.132410
trial_10,417,0.101128,0.529061
trial_10,418,0.342854,0.737389
trial_10,419,0.200724,2.710153
trial_10,420,0.046651,1.125764
trial_10,421,0.023972,0.486760
trial_10,422,0.026910,1.453278
trial_10,423,0.117923,0.542838
trial_10,424,0.040361,0.563633
trial_10,425,0.074183,0.441278
trial_10,426,0.249761,0.472688
trial_10,427,0.220295,1.126623
trial_10,428,0.068832,1.801956
trial_10,429,0.005294,0.554117
trial_10,430,0.062470,0.470791
trial_10,431,0.161164,0.758813
trial_10,432,0.129258,1.080095
trial_10,433,0.165264,0.519606
trial_10,434,0.098596,0.838198
trial_10,435,1.037528,4.523719
trial_10,436,0.273977,0.792643
trial_10,437,0.501528,1.486975
trial_10,438,0.696110,1.702277
trial_10,439,0.571894,2.605217
trial_10,440,0.542504,3.172892
trial_10,441,1.060598,4.011229
trial_10,442,0.023142,0.561786
trial_10,443,0.318611,0.843954
trial_10,444,0.299263,0.996584
trial_10,445,0.132745,1.330215
trial_10,446,0.026039,1.722770
trial_10,447,0.107964,1.803408
trial_10,448,0.381572,0.874073
trial_10,449,0.015174,1.595097
trial_10,450,0.248357,2.718544
trial_10,451,0.084418,1.288619
trial_10,452,0.240945,0.960253
trial_10,453,0.033035,3.647898
trial_10,454,0.302498,0.580499
trial_10,455,0.315291,1.302496
trial_10,456,0.387431,1.526765
trial_10,457,0.051641,0.394998
trial_10,458,0.002254,0.881203
trial_10,459,0.007349,1.406342
trial_10,460,0.203359,0.684203
trial_10,461,0.036236,0.565974
trial_10,462,0.211194,1.889457
trial_10,463,0.094270,1.085254
trial_10,464,0.193266,0.615021
trial_10,465,0.269461,0.837879
trial_10,466,0.019433,0.430666
trial_10,467,0.196623,0.963068
trial_10,468,0.169735,0.491369
trial_10,469,0.524953,5.914725
trial_10,470,0.149858,0.753909
trial_10,471,0.534198,0.980726
trial_10,472,0.136389,1.056645
trial_10,473,0.081291,0.948134
trial_10,474,0.877354,6.260204
trial_10,475,0.345897,8.850299
trial_10,476,0.635531,8.382014
trial_10,477,0.591204,0.920529
trial_10,478,0.317705,0.554915
trial_10,479,0.049234,0.438661
trial_10,480,0.083792,0.763771
trial_10,481,0.222315,3.277365
trial_10,482,0.089895,1.452787
trial_10,483,0.007650,1.700407
trial_10,484,0.753028,2.271759
trial_10,485,0.129479,0.769344
trial_10,486,0.105189,0.886846
trial_10,487,0.002742,1.018847
trial_10,488,0.017983,0.606354
trial_10,489,0.074208,0.523203
trial_10,490,0.028288,0.980195
trial_10,491,0.067355,0.288254
trial_10,492,0.021150,0.712232
trial_10,493,0.052345,1.304150
trial_10,494,0.120443,0.814482
trial_10,495,0.056627,0.840296
trial_10,496,0.207043,0.531493
trial_10,497,0.360833,1.138375
trial_10,498,0.050384,0.573988
trial_10,499,0.104938,1.324170
trial_10,500,0.137924,1.610499
trial_10,501,0.206411,0.406008
trial_10,502,0.007657,0.649294
trial_10,503,0.133318,0.403609
trial_10,504,0.008412,0.866352
trial_10,505,0.059851,1.002101
trial_10,506,0.068974,0.449179
trial_10,507,0.190884,1.863448
trial_10,508,0.048659,0.664632
trial_10,509,0.181956,2.265065
trial_10,510,0.426066,1.316692
trial_10,511,0.041540,0.476668
trial_10,512,0.936928,7.979145
trial_10,513,0.012120,2.035522
trial_10,514,1.028582,2.920468
trial_10,515,0.220285,25.919939
trial_10,516,0.131982,1.052396
trial_10,517,0.845291,8.319776
trial_10,518,0.094354,1.158948
trial_10,519,0.122760,1.664720
trial_10,520,0.004599,0.487542
trial_10,521,0.078298,0.464295
trial_10,522,0.159947,0.559584
trial_10,523,0.121488,3.511169
trial_10,524,0.047247,0.787559
trial_10,525,0.380731,3.196249
trial_10,526,0.084116,0.664972
trial_10,527,0.044325,0.803085
trial_10,528,0.231460,1.478137
trial_10,529,0.166483,1.090599
trial_10,530,0.029436,0.424864
trial_10,531,0.112259,1.320526
trial_10,532,0.067418,0.668845
trial_10,533,0.047923,0.495764
trial_10,534,0.205977,0.589336
trial_10,535,0.083604,1.576240
trial_10,536,0.275529,1.920342
trial_10,537,0.714694,2.290663
trial_10,538,0.081870,0.782848
trial_10,539,0.377879,1.804474
trial_10,540,0.027387,0.815972
trial_10,541,0.219854,0.758304
trial_10,542,0.246680,4.888419
trial_10,543,0.089462,0.834163
trial_10,544,0.115452,0.432983
trial_10,545,0.510040,1.445751
trial_10,546,0.003544,1.063307
trial_10,547,0.114186,0.589745
trial_10,548,0.012287,0.626686
trial_10,549,0.174169,0.702933
trial_10,550,0.120212,0.883946
trial_10,551,0.300357,0.572961
trial_10,552,0.100557,1.330336
trial_10,553,0.271808,0.914684
trial_10,554,0.304179,2.854799
trial_10,555,0.027483,0.856928
trial_10,556,0.146840,0.589390
trial_10,557,0.315000,1.895531
trial_10,558,0.102094,0.419940
trial_10,559,0.033347,0.610657
trial_10,560,0.111168,1.073979
trial_10,561,0.043103,2.410691
trial_10,562,0.399768,1.229064
trial_10,563,0.254183,1.169303
trial_10,564,0.414818,1.150720
trial_10,565,0.123908,1.632926
trial_10,566,0.162638,0.883447
trial_10,567,0.034804,1.745534
trial_10,568,0.462917,0.936543
trial_10,569,0.012510,0.576114
trial_10,570,0.115815,1.319695
trial_10,571,0.172005,0.698458
trial_10,572,0.193379,0.614720
trial_10,573,0.260808,0.576066
trial_10,574,0.122017,0.419089
trial_10,575,0.178296,2.147149
trial_10,576,0.357197,3.531293
trial_10,577,0.002859,0.457263
trial_10,578,0.173298,3.162309
trial_10,579,0.053377,0.818702
trial_10,580,0.301710,0.617879
trial_10,581,0.117368,0.907929
trial_10,582,0.200951,0.778545
trial_10,583,0.112806,2.568128
trial_10,584,0.157293,0.556592
trial_10,585,0.172385,1.021462
trial_10,586,0.110155,0.707764
trial_10,587,0.023903,0.851874
trial_10,588,0.016405,0.394495
trial_10,589,5.590287,30.577647
trial_10,590,0.207472,1.632271
trial_10,591,0.290710,1.329737
trial_10,592,0.418700,2.195694
trial_10,593,0.050474,0.711967
trial_10,594,0.141378,0.564634
trial_10,595,0.418347,4.181106
trial_10,596,0.191446,1.004445
trial_10,597,0.212670,1.040962
trial_10,598,0.038377,0.531375
trial_10,599,0.107289,0.690424
trial_10,600,0.044555,0.349973
trial_10,601,0.793441,3.277394
trial_10,602,0.165600,1.236383
trial_10,603,0.088172,0.827578
trial_10,604,0.058357,0.452084
trial_10,605,0.066051,0.714904
trial_10,606,0.026787,0.537840
trial_10,607,0.095212,0.957134
trial_10,608,0.105445,0.543823
trial_10,609,0.029227,1.649204
trial_10,610,0.326700,0.987103
trial_10,611,0.137681,0.478736
trial_10,612,0.310320,0.467383
trial_10,613,0.469802,1.623849
trial_10,614,0.190482,2.809722
trial_10,615,0.092584,0.336343
trial_10,616,0.163798,0.535064
trial_10,617,0.163792,0.664324
trial_10,618,0.138332,0.308820
trial_10,619,3.622557,15.982151
trial_10,620,0.179507,0.776126
trial_10,621,0.137890,0.452062
trial_10,622,0.648052,6.177933
trial_10,623,0.162388,0.449570
trial_10,624,0.718868,2.764440
trial_10,625,0.319227,1.170728
trial_10,626,0.199691,0.829556
trial_10,627,1.192343,3.710092
trial_10,628,0.178970,2.048608
trial_10,629,0.036420,0.588457
trial_10,630,0.037860,0.990031
trial_10,631,0.192320,2.453359
trial_10,632,0.467797,1.683592
trial_10,633,0.077910,0.786831
trial_10,634,0.159217,3.568291
trial_10,635,0.141218,3.526082
trial_10,636,0.058684,1.567406
trial_10,637,0.483569,2.935387
trial_10,638,0.271968,0.741462
trial_10,639,0.268160,1.148613
trial_10,640,0.468007,0.638190
trial_10,641,0.312063,1.009846
trial_10,642,0.193995,0.438870
trial_10,643,0.302243,3.038561
trial_10,644,1.064535,2.639269
trial_10,645,0.247830,1.677687
trial_10,646,0.206231,4.863092
trial_10,647,0.690502,6.608232
trial_10,648,0.744599,12.830709
trial_10,649,0.316823,1.082445
trial_10,650,1.211949,4.445064
trial_10,651,0.618983,3.079158
trial_10,652,1.899839,9.782734
trial_10,653,0.119472,0.677979
trial_10,654,0.100406,0.690470
trial_10,655,0.080991,0.336152
trial_10,656,0.382468,2.623865
trial_10,657,0.258191,5.770695
trial_10,658,0.457858,1.628534
trial_10,659,0.318305,2.014280
trial_10,660,0.102856,1.620876
trial_10,661,0.054251,3.090216
trial_10,662,0.007166,0.970090
trial_10,663,0.261350,1.310893
trial_10,664,0.438856,0.987252
trial_10,665,0.065588,1.652280
trial_10,666,0.579571,2.649431
trial_10,667,0.091275,1.138561
trial_10,668,0.021590,0.469067
trial_10,669,0.022083,0.337716
trial_10,670,0.122636,0.382943
trial_10,671,0.015576,1.339862
trial_10,672,0.437889,0.687389
trial_10,673,2.898512,12.954503
trial_10,674,0.008554,0.575192
trial_10,675,0.254596,1.084352
trial_10,676,0.217433,3.465486
trial_10,677,0.265290,1.001711
trial_10,678,0.208853,1.020353
trial_10,679,0.737382,5.518828
trial_10,680,0.319320,0.660684
trial_10,681,0.138048,0.444789
trial_10,682,0.180964,2.509288
trial_10,683,0.117040,0.715466
trial_10,684,0.401154,11.925017
trial_10,685,0.313485,5.169340
trial_10,686,0.066148,0.799110
trial_10,687,0.243790,0.922867
trial_10,688,0.345770,0.606289
trial_10,689,0.330245,1.129853
trial_10,690,0.082380,1.166354
trial_10,691,0.289151,0.560308
trial_10,692,0.068933,0.393147
trial_10,693,0.152432,0.875732
trial_10,694,0.134745,0.956770
trial_10,695,0.147292,0.584190
trial_10,696,0.002005,3.066548
trial_10,697,0.457359,3.790633
trial_10,698,0.145889,0.443040
trial_10,699,0.030761,0.556264
trial_10,700,0.108830,0.715061
trial_10,701,0.036321,1.609364
trial_10,702,0.154274,0.650278
trial_10,703,0.253352,3.615024
trial_10,704,0.168399,0.589986
trial_10,705,0.004128,0.501375
trial_10,706,0.167904,1.381084
trial_10,707,0.076579,0.739408
trial_10,708,0.095009,0.707692
trial_10,709,0.166971,2.463215
trial_10,710,0.116451,2.492162
trial_10,711,0.264519,1.364495
trial_10,712,0.360510,0.726234
trial_10,713,0.370330,2.99541