trial_id,replica,eps_ate,pehe
trial_0,1,0.087434,0.448159
trial_0,2,0.071118,0.693209
trial_0,3,0.095892,0.621955
trial_0,4,0.173380,0.908123
trial_0,5,0.045446,1.311841
trial_0,6,0.067752,0.737364
trial_0,7,0.015701,0.682664
trial_0,8,0.253709,0.753512
trial_0,9,2.150786,7.065092
trial_0,10,0.328190,2.562149
trial_0,11,0.056418,1.370311
trial_0,12,0.282829,1.351197
trial_0,13,1.924419,8.409702
trial_0,14,0.415515,1.549257
trial_0,15,1.202678,1.626755
trial_0,16,0.037192,0.957043
trial_0,17,0.143139,1.664987
trial_0,18,0.175243,0.998486
trial_0,19,0.152487,1.206027
trial_0,20,0.228144,1.072692
trial_0,21,0.100800,3.128766
trial_0,22,0.079173,0.987287
trial_0,23,0.008865,1.814335
trial_0,24,0.224332,2.008695
trial_0,25,0.027740,1.033802
trial_0,26,0.846857,2.805928
trial_0,27,0.365877,1.476108
trial_0,28,1.869221,8.694956
trial_0,29,0.106962,1.626501
trial_0,30,0.377693,1.198806
trial_0,31,0.361080,1.251815
trial_0,32,0.060262,0.929795
trial_0,33,0.075632,1.285789
trial_0,34,0.476039,14.088038
trial_0,35,0.304777,2.283254
trial_0,36,0.003567,2.153442
trial_0,37,0.304472,3.420940
trial_0,38,0.147631,2.018498
trial_0,39,0.160231,2.171342
trial_0,40,0.073426,1.494431
trial_0,41,0.039712,1.151749
trial_0,42,0.197823,1.366587
trial_0,43,0.130481,1.246127
trial_0,44,0.069212,1.208973
trial_0,45,0.275143,1.948526
trial_0,46,0.041632,1.193364
trial_0,47,0.355918,1.663099
trial_0,48,0.006273,1.068000
trial_0,49,0.012188,2.085503
trial_0,50,0.252055,1.050690
trial_0,51,0.005146,0.950826
trial_0,52,0.441412,1.378616
trial_0,53,0.298569,2.975984
trial_0,54,0.083325,2.055911
trial_0,55,0.130031,1.299318
trial_0,56,0.021824,0.933571
trial_0,57,0.342284,1.124636
trial_0,58,0.040645,1.329705
trial_0,59,0.429271,1.174580
trial_0,60,1.158088,4.194435
trial_0,61,0.001860,1.140374
trial_0,62,0.513835,1.450981
trial_0,63,0.070942,1.231912
trial_0,64,0.563132,1.187992
trial_0,65,0.172293,1.752099
trial_0,66,0.345050,1.206770
trial_0,67,0.083677,0.847185
trial_0,68,3.252140,7.769684
trial_0,69,0.009220,0.899970
trial_0,70,0.147818,1.086820
trial_0,71,0.194715,1.934694
trial_0,72,0.264159,1.317120
trial_0,73,0.050164,0.831824
trial_0,74,0.139032,0.813464
trial_0,75,0.075037,0.947449
trial_0,76,0.070316,1.949988
trial_0,77,0.088861,1.013243
trial_0,78,0.079337,0.929111
trial_0,79,0.339918,1.021424
trial_0,80,0.127011,0.832027
trial_0,81,0.969852,4.981442
trial_0,82,0.670932,3.648455
trial_0,83,0.204923,1.318665
trial_0,84,0.564017,6.689173
trial_0,85,1.010295,6.496568
trial_0,86,0.207260,3.768894
trial_0,87,0.083153,1.996897
trial_0,88,0.048418,1.247528
trial_0,89,0.179793,1.377637
trial_0,90,0.018661,1.139643
trial_0,91,0.186727,1.448279
trial_0,92,0.415783,1.297605
trial_0,93,0.191593,3.313255
trial_0,94,0.081331,1.188573
trial_0,95,0.125199,1.136924
trial_0,96,0.030845,0.982911
trial_0,97,0.512637,1.611708
trial_0,98,0.091835,2.341093
trial_0,99,0.559668,2.035575
trial_0,100,0.267506,1.480345
trial_0,101,0.333705,1.369912
trial_0,102,0.088157,1.732809
trial_0,103,0.006177,1.359778
trial_0,104,0.036861,0.986581
trial_0,105,0.062932,1.094371
trial_0,106,0.110285,1.076268
trial_0,107,0.182568,0.868497
trial_0,108,1.894137,8.872049
trial_0,109,0.581877,2.339980
trial_0,110,0.038293,1.496702
trial_0,111,0.668462,1.748796
trial_0,112,0.216343,1.644836
trial_0,113,0.440039,2.111912
trial_0,114,0.147801,1.191245
trial_0,115,0.106072,2.110833
trial_0,116,0.249137,1.091729
trial_0,117,0.321317,1.357270
trial_0,118,0.115318,1.034526
trial_0,119,0.010394,2.970459
trial_0,120,0.186548,2.410488
trial_0,121,0.195360,1.199455
trial_0,122,0.091982,0.990106
trial_0,123,0.616369,1.301262
trial_0,124,0.325955,1.961084
trial_0,125,0.052695,1.166027
trial_0,126,0.391410,2.875322
trial_0,127,0.609305,1.941219
trial_0,128,0.565562,1.115655
trial_0,129,0.714351,1.997937
trial_0,130,0.521763,5.700485
trial_0,131,0.248332,1.486183
trial_0,132,0.745797,2.512595
trial_0,133,0.172674,5.677003
trial_0,134,0.271406,2.168012
trial_0,135,0.055626,1.908966
trial_0,136,0.429914,1.606008
trial_0,137,0.187223,2.628092
trial_0,138,0.114762,1.146826
trial_0,139,0.005349,1.246049
trial_0,140,0.167485,0.910280
trial_0,141,0.405758,1.435516
trial_0,142,0.112681,1.424121
trial_0,143,1.016695,4.620483
trial_0,144,0.073220,1.461049
trial_0,145,0.069435,1.552689
trial_0,146,0.282782,1.652802
trial_0,147,0.784290,4.030711
trial_0,148,0.034766,1.351184
trial_0,149,1.015087,4.957263
trial_0,150,0.198519,1.472766
trial_0,151,0.157654,1.193282
trial_0,152,0.565662,1.833709
trial_0,153,0.482508,1.393222
trial_0,154,0.225302,1.247708
trial_0,155,0.233838,1.293797
trial_0,156,0.149111,1.147697
trial_0,157,0.208159,2.832539
trial_0,158,0.004366,1.443966
trial_0,159,0.174941,1.343806
trial_0,160,0.102583,1.760611
trial_0,161,0.054849,1.148082
trial_0,162,0.283763,0.986749
trial_0,163,0.406951,1.403906
trial_0,164,0.181534,1.010429
trial_0,165,0.467775,1.548492
trial_0,166,0.119376,1.287940
trial_0,167,0.288251,0.907898
trial_0,168,0.374287,1.143175
trial_0,169,0.135360,0.914501
trial_0,170,0.159546,1.559750
trial_0,171,0.199995,1.360466
trial_0,172,0.209760,0.808232
trial_0,173,0.146490,0.814131
trial_0,174,0.459875,0.945401
trial_0,175,0.142289,0.766271
trial_0,176,0.068540,0.981994
trial_0,177,0.077019,1.609875
trial_0,178,0.404070,0.920954
trial_0,179,0.291196,1.044760
trial_0,180,0.358998,2.594261
trial_0,181,0.736141,2.917938
trial_0,182,0.439981,0.922591
trial_0,183,0.051322,0.912744
trial_0,184,0.214826,2.348349
trial_0,185,0.201226,0.844618
trial_0,186,0.362024,1.004520
trial_0,187,0.043153,2.280618
trial_0,188,0.208658,0.909763
trial_0,189,0.136932,1.158352
trial_0,190,0.180766,0.872933
trial_0,191,0.149120,0.851325
trial_0,192,0.006974,1.037057
trial_0,193,0.091374,0.998194
trial_0,194,0.164371,0.698217
trial_0,195,0.330348,0.808352
trial_0,196,0.076031,0.975421
trial_0,197,0.004667,0.888378
trial_0,198,0.562759,1.019650
trial_0,199,0.898497,1.954381
trial_0,200,0.332172,0.890122
trial_0,201,0.223199,0.990960
trial_0,202,0.054936,0.645662
trial_0,203,0.033066,0.731252
trial_0,204,0.012994,0.928007
trial_0,205,0.040305,0.863619
trial_0,206,0.282435,0.836574
trial_0,207,0.232405,0.788181
trial_0,208,0.178158,0.910210
trial_0,209,0.816354,5.102861
trial_0,210,1.438896,5.368650
trial_0,211,0.463439,2.113611
trial_0,212,0.424303,1.158851
trial_0,213,0.382976,1.158922
trial_0,214,0.270948,0.904127
trial_0,215,0.317135,1.275184
trial_0,216,0.228797,0.784277
trial_0,217,0.164232,0.921138
trial_0,218,0.252799,2.504806
trial_0,219,0.171303,16.028945
trial_0,220,0.644346,2.594389
trial_0,221,0.555564,0.981921
trial_0,222,0.259632,0.887996
trial_0,223,0.161469,0.981862
trial_0,224,0.208013,1.072504
trial_0,225,0.062576,1.715417
trial_0,226,0.574414,1.488031
trial_0,227,0.096498,0.846053
trial_0,228,0.135721,1.322193
trial_0,229,0.228115,1.412346
trial_0,230,0.156795,1.096255
trial_0,231,0.454107,1.678380
trial_0,232,0.184764,1.123687
trial_0,233,0.119755,1.016318
trial_0,234,0.405799,0.875882
trial_0,235,0.822862,1.967899
trial_0,236,0.065045,0.821111
trial_0,237,0.164656,1.318363
trial_0,238,0.330496,0.769784
trial_0,239,0.060768,0.929751
trial_0,240,0.400178,1.485692
trial_0,241,0.154765,0.767825
trial_0,242,0.048879,0.665751
trial_0,243,0.214452,1.554793
trial_0,244,0.017983,1.264780
trial_0,245,0.780429,5.853401
trial_0,246,0.318889,1.489266
trial_0,247,0.058875,1.003773
trial_0,248,0.002375,0.974424
trial_0,249,0.612246,1.532762
trial_0,250,0.299086,1.044149
trial_0,251,0.004188,0.803931
trial_0,252,0.152195,0.870410
trial_0,253,0.142687,0.689846
trial_0,254,0.881303,3.903326
trial_0,255,1.525897,8.475332
trial_0,256,0.011706,1.333257
trial_0,257,0.231473,2.827684
trial_0,258,0.273437,1.004473
trial_0,259,0.177893,0.789607
trial_0,260,0.278983,0.914250
trial_0,261,0.051703,0.995569
trial_0,262,0.292709,1.343201
trial_0,263,0.072096,0.867781
trial_0,264,0.148746,1.349359
trial_0,265,0.252475,0.941400
trial_0,266,0.144136,0.817196
trial_0,267,0.360297,1.527135
trial_0,268,0.066399,0.656938
trial_0,269,0.012783,0.748135
trial_0,270,0.213357,0.580179
trial_0,271,0.095377,0.820598
trial_0,272,0.138770,0.808803
trial_0,273,0.244572,0.931972
trial_0,274,0.103852,0.619378
trial_0,275,0.062831,0.581924
trial_0,276,0.930744,3.536732
trial_0,277,0.138953,1.099672
trial_0,278,0.051912,0.735702
trial_0,279,0.255563,0.743839
trial_0,280,0.283527,1.513769
trial_0,281,0.021375,1.756240
trial_0,282,1.011388,3.308424
trial_0,283,0.082508,1.285331
trial_0,284,0.092598,0.996622
trial_0,285,0.101422,0.699660
trial_0,286,0.390287,1.160202
trial_0,287,0.172857,0.856450
trial_0,288,0.266673,1.738964
trial_0,289,0.199491,0.765104
trial_0,290,0.143501,0.868562
trial_0,291,0.052786,0.982270
trial_0,292,0.045760,1.542667
trial_0,293,0.007356,1.813498
trial_0,294,0.082417,0.673549
trial_0,295,0.192255,0.895276
trial_0,296,0.113941,1.935072
trial_0,297,0.264830,0.886522
trial_0,298,0.172032,0.713208
trial_0,299,0.300261,0.603191
trial_0,300,0.308661,0.755374
trial_0,301,0.015708,0.717875
trial_0,302,0.182408,1.164383
trial_0,303,0.003411,1.310241
trial_0,304,0.121507,0.505850
trial_0,305,0.142836,0.823478
trial_0,306,0.255577,0.888635
trial_0,307,0.095931,1.037276
trial_0,308,0.174878,2.050976
trial_0,309,0.020482,0.979985
trial_0,310,0.462120,2.211834
trial_0,311,0.116555,2.156417
trial_0,312,0.495450,3.125966
trial_0,313,0.177615,0.820939
trial_0,314,0.130712,1.300125
trial_0,315,0.073311,0.997348
trial_0,316,0.050956,1.342878
trial_0,317,0.028668,0.846179
trial_0,318,0.133650,0.672645
trial_0,319,0.273048,1.903877
trial_0,320,0.311326,3.093385
trial_0,321,0.100256,1.362600
trial_0,322,0.167505,0.855434
trial_0,323,0.399683,1.974068
trial_0,324,0.388096,0.822351
trial_0,325,0.148464,0.540352
trial_0,326,0.286313,1.194871
trial_0,327,0.241952,1.491863
trial_0,328,0.217522,1.227722
trial_0,329,0.234512,6.334935
trial_0,330,0.323921,1.572211
trial_0,331,0.242521,1.269086
trial_0,332,0.203413,0.954229
trial_0,333,0.126381,1.550245
trial_0,334,0.378569,0.843852
trial_0,335,0.138811,1.601341
trial_0,336,0.416813,1.139255
trial_0,337,0.019324,1.655253
trial_0,338,0.040995,2.221465
trial_0,339,0.407752,0.979778
trial_0,340,0.316604,0.835646
trial_0,341,1.214418,8.404769
trial_0,342,0.339912,0.816287
trial_0,343,0.230398,1.079376
trial_0,344,0.056892,2.158455
trial_0,345,2.117474,13.332779
trial_0,346,1.129125,3.854870
trial_0,347,0.227584,1.719453
trial_0,348,0.542109,2.749026
trial_0,349,0.241012,0.850822
trial_0,350,0.229972,1.907980
trial_0,351,0.320051,3.054206
trial_0,352,0.073130,1.293587
trial_0,353,0.142455,0.924238
trial_0,354,0.164398,1.471835
trial_0,355,0.054113,0.671143
trial_0,356,0.075068,0.682495
trial_0,357,1.151560,3.826712
trial_0,358,0.031441,0.872348
trial_0,359,0.187132,0.894810
trial_0,360,0.093731,0.842438
trial_0,361,0.242626,2.533637
trial_0,362,0.175500,3.700612
trial_0,363,0.067607,0.928485
trial_0,364,0.158773,0.551301
trial_0,365,0.114364,0.828650
trial_0,366,0.173935,1.131406
trial_0,367,0.236809,0.865405
trial_0,368,0.106124,0.665935
trial_0,369,0.081027,0.792034
trial_0,370,0.314522,1.699347
trial_0,371,0.184923,0.935749
trial_0,372,0.004794,0.797721
trial_0,373,0.314706,1.012038
trial_0,374,0.434870,2.511546
trial_0,375,0.123560,0.537159
trial_0,376,0.653190,1.044561
trial_0,377,0.177473,0.594835
trial_0,378,0.292193,0.663026
trial_0,379,0.184343,0.701530
trial_0,380,0.387259,1.059182
trial_0,381,0.047211,0.605541
trial_0,382,0.053453,0.721137
trial_0,383,0.192861,1.852286
trial_0,384,0.188883,0.596443
trial_0,385,0.219457,1.026069
trial_0,386,0.548435,3.177815
trial_0,387,0.387476,3.679132
trial_0,388,0.315715,0.987423
trial_0,389,0.338812,0.791116
trial_0,390,0.165747,1.291889
trial_0,391,0.312633,1.645464
trial_0,392,0.068237,1.347620
trial_0,393,0.124636,1.441286
trial_0,394,0.222959,1.090327
trial_0,395,0.277462,0.855024
trial_0,396,0.069977,0.789144
trial_0,397,0.103465,0.642816
trial_0,398,0.033038,0.863556
trial_0,399,0.256732,1.107862
trial_0,400,0.252563,1.540899
trial_0,401,0.201287,1.289393
trial_0,402,0.067517,1.988823
trial_0,403,0.129832,0.741318
trial_0,404,0.301330,0.742746
trial_0,405,0.001750,0.703947
trial_0,406,0.188656,0.639549
trial_0,407,0.150776,0.558255
trial_0,408,0.183553,0.787534
trial_0,409,0.013767,1.245796
trial_0,410,0.083853,1.036034
trial_0,411,0.237447,1.163911
trial_0,412,0.083407,0.679070
trial_0,413,0.125693,1.622821
trial_0,414,0.105254,0.854674
trial_0,415,0.175506,1.196987
trial_0,416,0.846049,5.522872
trial_0,417,0.129949,0.990569
trial_0,418,0.471606,1.594339
trial_0,419,0.158079,1.625092
trial_0,420,0.054870,1.075431
trial_0,421,0.078452,0.877480
trial_0,422,0.129682,1.298989
trial_0,423,0.157627,0.731669
trial_0,424,0.192767,0.815813
trial_0,425,0.019974,0.855235
trial_0,426,0.126268,0.665338
trial_0,427,0.355984,1.341818
trial_0,428,0.169982,1.471289
trial_0,429,0.007987,0.764194
trial_0,430,0.058602,0.693842
trial_0,431,0.624073,1.865823
trial_0,432,0.028560,1.237008
trial_0,433,0.079416,0.634811
trial_0,434,0.058328,1.742478
trial_0,435,2.251470,6.458384
trial_0,436,0.194166,1.056822
trial_0,437,0.197677,1.682126
trial_0,438,0.561120,2.028137
trial_0,439,0.175939,1.752874
trial_0,440,0.502239,1.594495
trial_0,441,0.778494,2.172248
trial_0,442,0.049186,0.707603
trial_0,443,0.005105,0.947629
trial_0,444,0.006447,0.824415
trial_0,445,0.420183,1.271802
trial_0,446,0.153923,1.175909
trial_0,447,0.180979,1.310599
trial_0,448,0.029722,0.765911
trial_0,449,0.016544,2.555999
trial_0,450,0.084493,1.095655
trial_0,451,0.098552,1.389924
trial_0,452,0.191857,0.956224
trial_0,453,0.284588,1.852268
trial_0,454,0.262947,0.626048
trial_0,455,0.074092,1.026754
trial_0,456,0.408901,1.669677
trial_0,457,0.367602,0.681261
trial_0,458,0.155285,1.645036
trial_0,459,0.157798,0.732988
trial_0,460,0.096212,0.818281
trial_0,461,0.119423,0.617944
trial_0,462,0.219617,1.560902
trial_0,463,0.108089,0.815070
trial_0,464,0.117669,0.746498
trial_0,465,0.264891,1.057709
trial_0,466,0.088276,0.748667
trial_0,467,0.116807,1.431963
trial_0,468,0.250108,0.645498
trial_0,469,0.086755,4.486668
trial_0,470,0.176890,0.964354
trial_0,471,0.236144,0.925044
trial_0,472,0.174696,1.311670
trial_0,473,0.100004,1.246043
trial_0,474,0.612843,3.999979
trial_0,475,1.286610,5.374715
trial_0,476,0.754900,5.338015
trial_0,477,0.076289,0.784037
trial_0,478,0.373381,0.866823
trial_0,479,0.126624,0.961969
trial_0,480,0.358064,1.121461
trial_0,481,0.626781,2.340153
trial_0,482,0.012122,1.375243
trial_0,483,0.266418,2.674912
trial_0,484,0.264415,1.526704
trial_0,485,0.092665,0.908215
trial_0,486,0.059149,1.226927
trial_0,487,0.262387,1.234134
trial_0,488,0.122009,1.060050
trial_0,489,0.129269,0.774149
trial_0,490,0.136658,1.449135
trial_0,491,0.277513,0.754285
trial_0,492,0.251341,0.856113
trial_0,493,0.180717,1.431644
trial_0,494,0.184011,1.047642
trial_0,495,0.229010,0.926202
trial_0,496,0.138663,0.772063
trial_0,497,0.086842,0.883038
trial_0,498,0.120439,0.613064
trial_0,499,0.247123,1.149401
trial_0,500,0.417589,1.949282
trial_0,501,0.000924,0.702134
trial_0,502,0.289410,0.852360
trial_0,503,0.033595,0.568656
trial_0,504,0.119671,0.802356
trial_0,505,0.166177,1.283283
trial_0,506,0.000020,1.083295
trial_0,507,0.470142,1.657699
trial_0,508,0.286778,0.840435
trial_0,509,0.461409,1.388291
trial_0,510,0.131440,0.949031
trial_0,511,0.125877,0.719738
trial_0,512,0.008111,5.237484
trial_0,513,0.139132,1.210389
trial_0,514,0.010774,1.303201
trial_0,515,0.556329,5.803425
trial_0,516,0.165718,1.117362
trial_0,517,0.424023,4.296786
trial_0,518,0.038750,0.987758
trial_0,519,0.065179,1.228160
trial_0,520,0.066836,0.725402
trial_0,521,0.114380,0.641278
trial_0,522,0.203063,0.781949
trial_0,523,0.566702,2.485082
trial_0,524,0.077216,0.889101
trial_0,525,0.094864,2.120009
trial_0,526,0.402259,1.006815
trial_0,527,0.129786,1.008494
trial_0,528,0.386169,1.193965
trial_0,529,0.385072,0.769441
trial_0,530,0.117575,0.712457
trial_0,531,0.051380,1.105427
trial_0,532,0.080427,0.692795
trial_0,533,0.197579,0.932832
trial_0,534,0.149097,0.675924
trial_0,535,0.232560,1.306781
trial_0,536,0.458242,1.808721
trial_0,537,0.139783,2.459784
trial_0,538,0.032360,0.560156
trial_0,539,0.092928,1.449577
trial_0,540,0.097799,0.850784
trial_0,541,0.195009,0.742307
trial_0,542,0.497257,3.123439
trial_0,543,0.090037,0.892700
trial_0,544,0.104105,0.802823
trial_0,545,0.145673,1.488785
trial_0,546,0.236793,1.225481
trial_0,547,0.044220,0.854471
trial_0,548,0.179646,1.140301
trial_0,549,0.104257,1.256404
trial_0,550,0.303307,1.198024
trial_0,551,0.099163,0.703321
trial_0,552,0.439031,1.865111
trial_0,553,0.020409,0.881328
trial_0,554,0.526283,2.875977
trial_0,555,0.038594,0.646735
trial_0,556,0.470834,1.044287
trial_0,557,0.185091,0.735159
trial_0,558,0.173851,0.697758
trial_0,559,0.098531,0.830566
trial_0,560,0.009086,0.909847
trial_0,561,0.603046,1.840150
trial_0,562,0.412630,1.514350
trial_0,563,0.401231,0.952470
trial_0,564,0.191123,0.975990
trial_0,565,0.178868,1.748415
trial_0,566,0.222077,1.164437
trial_0,567,0.195247,1.661783
trial_0,568,0.268133,0.960627
trial_0,569,0.138586,0.737569
trial_0,570,0.238790,1.427574
trial_0,571,0.154843,0.744655
trial_0,572,0.133920,0.589042
trial_0,573,0.508750,0.869900
trial_0,574,0.113199,0.619961
trial_0,575,0.200064,2.190286
trial_0,576,0.597790,4.928994
trial_0,577,0.336453,0.868522
trial_0,578,0.475328,3.370616
trial_0,579,0.083898,0.855392
trial_0,580,0.267527,0.883063
trial_0,581,0.185253,1.172552
trial_0,582,0.127238,0.654645
trial_0,583,0.187189,1.436016
trial_0,584,0.153893,0.615638
trial_0,585,0.184686,1.315147
trial_0,586,0.105157,0.756081
trial_0,587,0.119506,1.226897
trial_0,588,0.117935,0.835134
trial_0,589,2.841554,23.917602
trial_0,590,0.077855,1.479179
trial_0,591,0.381532,1.240221
trial_0,592,0.294533,1.447267
trial_0,593,0.004709,0.814183
trial_0,594,0.121034,0.942317
trial_0,595,0.511597,2.302551
trial_0,596,0.191176,0.793670
trial_0,597,0.127555,1.018862
trial_0,598,0.033339,0.910939
trial_0,599,0.067110,0.972236
trial_0,600,0.246169,0.691969
trial_0,601,0.012215,3.219690
trial_0,602,0.312785,1.190965
trial_0,603,0.448657,1.442763
trial_0,604,0.133538,0.941252
trial_0,605,0.274763,1.256622
trial_0,606,0.205539,0.766095
trial_0,607,0.051742,0.875337
trial_0,608,0.024381,0.692099
trial_0,609,0.034773,1.639258
trial_0,610,0.049029,1.132463
trial_0,611,0.355514,0.984708
trial_0,612,0.001139,0.686263
trial_0,613,0.028425,1.199109
trial_0,614,0.043001,1.713093
trial_0,615,0.008457,0.691684
trial_0,616,0.197643,0.871656
trial_0,617,0.375765,1.192227
trial_0,618,0.148223,0.810211
trial_0,619,1.004304,9.196345
trial_0,620,0.092540,0.732355
trial_0,621,0.094275,0.809120
trial_0,622,0.193189,3.471308
trial_0,623,0.056607,0.748841
trial_0,624,0.095344,2.016694
trial_0,625,0.262903,0.985342
trial_0,626,0.188584,1.075786
trial_0,627,0.193986,1.547763
trial_0,628,0.209187,1.310978
trial_0,629,0.004297,0.825380
trial_0,630,0.099180,0.936798
trial_0,631,0.063295,1.682031
trial_0,632,0.251627,1.095636
trial_0,633,0.034564,0.845126
trial_0,634,0.316194,2.463117
trial_0,635,0.164418,1.543097
trial_0,636,0.128253,1.086537
trial_0,637,0.379020,1.583437
trial_0,638,0.053416,0.900255
trial_0,639,0.253623,1.371519
trial_0,640,0.218303,0.869004
trial_0,641,0.352021,0.893803
trial_0,642,0.098682,0.858352
trial_0,643,0.059013,3.378983
trial_0,644,0.044598,1.135087
trial_0,645,0.260244,1.475045
trial_0,646,0.261197,1.647467
trial_0,647,0.026597,3.409465
trial_0,648,0.246325,6.552534
trial_0,649,0.035100,1.311880
trial_0,650,0.686693,3.442633
trial_0,651,0.522825,1.604920
trial_0,652,1.163420,4.635480
trial_0,653,0.077895,1.173962
trial_0,654,0.014097,1.025934
trial_0,655,0.294185,0.860336
trial_0,656,0.102803,2.431937
trial_0,657,0.372546,4.606769
trial_0,658,0.787717,2.740145
trial_0,659,0.277658,1.687679
trial_0,660,0.016320,1.160014
trial_0,661,0.108061,1.322991
trial_0,662,0.502338,1.170390
trial_0,663,0.103764,1.143370
trial_0,664,0.410874,0.939882
trial_0,665,0.472042,2.442497
trial_0,666,0.252076,2.432030
trial_0,667,0.069217,1.071600
trial_0,668,0.245646,0.832887
trial_0,669,0.136116,0.873778
trial_0,670,0.029373,0.741474
trial_0,671,0.219810,1.014781
trial_0,672,0.232394,0.805161
trial_0,673,1.474057,10.431173
trial_0,674,0.130424,0.830600
trial_0,675,0.100184,1.190215
trial_0,676,0.038237,2.358196
trial_0,677,0.291685,1.045293
trial_0,678,0.091704,1.268289
trial_0,679,0.285309,2.700050
trial_0,680,0.240923,0.758835
trial_0,681,0.174085,0.830585
trial_0,682,0.393863,1.377893
trial_0,683,0.325727,1.046281
trial_0,684,1.697458,6.666395
trial_0,685,0.797575,3.483665
trial_0,686,0.028259,0.720905
trial_0,687,0.116702,0.970655
trial_0,688,0.309724,0.880254
trial_0,689,0.153942,1.341666
trial_0,690,0.032373,0.921822
trial_0,691,0.412121,0.817610
trial_0,692,0.120388,0.717802
trial_0,693,0.228955,1.003944
trial_0,694,0.139144,1.276764
trial_0,695,0.220353,0.917077
trial_0,696,0.047718,1.405441
trial_0,697,0.229333,1.264328
trial_0,698,0.214887,0.665062
trial_0,699,0.081025,0.704134
trial_0,700,0.138814,0.782146
trial_0,701,0.109344,1.461189
trial_0,702,0.008584,0.819539
trial_0,703,0.836588,3.625092
trial_0,704,0.010112,0.822731
trial_0,705,0.196012,0.588322
trial_0,706,0.022731,1.291907
trial_0,707,0.147058,1.165314
trial_0,708,0.017877,0.740299
trial_0,709,0.432320,2.336286
trial_0,710,0.228298,1.298118
trial_0,711,0.258877,1.255541
trial_0,712,0.320267,0.944312
trial_0,713,0.024043,3.077370
trial_0,714,0.074021,0.732243
trial_0,715,0.193510,0.724047
trial_0,716,0.348987,2.003534
trial_0,717,0.382146,0.937362
trial_0,718,0.212486,1.458925
trial_0,719,0.063952,0.629212
trial_0,720,0.448103,2.888561
trial_0,721,0.054156,0.793170
trial_0,722,0.262563,0.966732
trial_0,723,0.160114,0.708581
trial_0,724,0.082988,5.678406
trial_0,725,0.347650,2.031905
trial_0,726,0.081145,1.423484
trial_0,727,0.250342,1.063023
trial_0,728,0.354292,1.120108
trial_0,729,0.171794,0.850643
trial_0,730,0.110058,0.839957
trial_0,731,0.085345,1.169265
trial_0,732,0.077295,1.123464
trial_0,733,0.087215,0.753366
trial_0,734,0.197593,0.852431
trial_0,735,0.288154,1.789204
trial_0,736,0.234178,1.038657
trial_0,737,0.062000,1.260543
trial_0,738,0.064135,1.591304
trial_0,739,0.015081,0.763747
trial_0,740,0.243163,0.867114
trial_0,741,0.074263,0.926233
trial_0,742,0.054899,0.833981
trial_0,743,1.541915,4.608278
trial_0,744,0.011061,1.203421
trial_0,745,0.217882,0.871147
trial_0,746,0.046220,0.905049
trial_0,747,0.313299,0.872505
trial_0,748,0.090705,1.290952
trial_0,749,0.134250,0.997593
trial_0,750,0.111957,0.975782
trial_0,751,0.079565,1.500924
trial_0,752,0.077786,0.723325
trial_0,753,0.229101,1.792776
trial_0,754,0.138088,0.634189
trial_0,755,0.105239,0.943272
trial_0,756,0.029930,0.970588
trial_0,757,0.122861,1.140918
trial_0,758,0.130834,1.087090
trial_0,759,0.063474,2.386927
trial_0,760,0.069534,1.118857
trial_0,761,0.420028,1.414181
trial_0,762,0.370175,1.144086
trial_0,763,0.183343,0.912684
trial_0,764,0.147104,2.241373
trial_0,765,0.063958,1.088240
trial_0,766,0.024414,2.829826
trial_0,767,0.047070,1.170229
trial_0,768,0.188574,0.916654
trial_0,769,0.362118,1.025611
trial_0,770,1.858409,7.575638
trial_0,771,0.084160,0.820967
trial_0,772,34.850132,58.325676
trial_0,773,0.328945,1.071567
trial_0,774,0.038174,1.871657
trial_0,775,0.023046,0.851726
trial_0,776,0.148104,1.956542
trial_0,777,0.151286,1.140189
trial_0,778,0.473752,1.065109
trial_0,779,0.115530,0.959344
trial_0,780,0.007994,0.678645
trial_0,781,0.372082,1.395186
trial_0,782,0.396375,0.976014
trial_0,783,0.006363,1.541764
trial_0,784,0.009646,0.697951
trial_0,785,0.295083,1.028431
trial_0,786,0.025000,1.643256
trial_0,787,0.320437,0.750230
trial_0,788,0.150774,3.318328
trial_0,789,0.017396,1.064609
trial_0,790,0.396704,1.069689
trial_0,791,0.320692,0.978091
trial_0,792,0.082717,0.736446
trial_0,793,0.275697,1.033611
trial_0,794,0.548960,1.357132
trial_0,795,0.409014,2.177414
trial_0,796,0.152319,1.044636
trial_0,797,0.017967,0.849909
trial_0,798,0.109798,0.865219
trial_0,799,0.085249,0.783534
trial_0,800,0.267903,1.001920
trial_0,801,0.014330,1.484251
trial_0,802,0.208069,1.203880
trial_0,803,0.139813,0.878328
trial_0,804,0.196230,1.024799
trial_0,805,0.267425,1.347170
trial_0,806,0.888264,2.756308
trial_0,807,0.343927,0.899277
trial_0,808,0.179500,0.798872
trial_0,809,0.085527,0.596270
trial_0,810,0.377546,0.743345
trial_0,811,0.105538,0.848139
trial_0,812,0.014240,2.254703
trial_0,813,0.041697,2.788242
trial_0,814,0.013895,4.581794
trial_0,815,0.093240,0.898105
trial_0,816,0.184642,1.084840
trial_0,817,0.093282,1.002691
trial_0,818,0.239180,2.776854
trial_0,819,0.217508,1.966225
trial_0,820,0.519383,5.472074
trial_0,821,0.020858,1.179331
trial_0,822,0.053146,1.563525
trial_0,823,0.060725,1.054595
trial_0,824,0.192744,0.786325
trial_0,825,0.198896,1.316332
trial_0,826,0.276035,3.655409
trial_0,827,0.199370,1.520415
trial_0,828,0.324637,1.232774
trial_0,829,0.021511,1.099807
trial_0,830,0.210099,0.848676
trial_0,831,0.171634,3.533625
trial_0,832,0.378791,1.272468
trial_0,833,0.192590,1.416334
trial_0,834,0.361842,1.421913
trial_0,835,0.049595,0.902478
trial_0,836,0.059016,0.870629
trial_0,837,0.624927,3.282678
trial_0,838,0.270665,1.532845
trial_0,839,0.051458,1.029119
trial_0,840,0.157751,1.063026
trial_0,841,0.148271,2.326174
trial_0,842,0.066669,1.017815
trial_0,843,0.510424,1.243754
trial_0,844,0.199783,0.948181
trial_0,845,0.104297,0.772295
trial_0,846,0.140485,0.814425
trial_0,847,0.272347,1.157069
trial_0,848,0.657049,1.831375
trial_0,849,0.089936,1.096154
trial_0,850,0.094965,1.509047
trial_0,851,0.053203,1.183829
trial_0,852,0.183567,1.952988
trial_0,853,0.017583,0.909688
trial_0,854,0.052537,0.914212
trial_0,855,0.014808,1.267418
trial_0,856,0.166061,2.301192
trial_0,857,0.047152,1.381455
trial_0,858,0.158600,0.766129
trial_0,859,0.107670,0.969995
trial_0,860,0.222081,1.040792
trial_0,861,0.287493,0.867343
trial_0,862,0.041639,0.816257
trial_0,863,0.020652,1.026424
trial_0,864,0.017869,0.885137
trial_0,865,0.324500,0.934388
trial_0,866,0.125777,1.876081
trial_0,867,0.411898,1.312710
trial_0,868,0.221277,1.279371
trial_0,869,0.331534,2.564386
trial_0,870,0.165092,1.145806
trial_0,871,0.244889,1.403392
trial_0,872,0.593408,3.239004
trial_0,873,0.265631,0.834497
trial_0,874,0.492581,1.068766
trial_0,875,0.100854,0.979534
trial_0,876,0.011586,1.027472
trial_0,877,0.328231,1.031125
trial_0,878,0.236177,0.980080
trial_0,879,0.080788,0.723308
trial_0,880,0.033116,1.977945
trial_0,881,0.113500,0.995356
trial_0,882,0.211961,0.956701
trial_0,883,0.244613,1.025987
trial_0,884,0.567866,2.311013
trial_0,885,0.158311,1.012765
trial_0,886,0.054989,0.992469
trial_0,887,0.439118,6.259050
trial_0,888,0.365746,1.277349
trial_0,889,0.348802,1.040897
trial_0,890,0.399408,2.404903
trial_0,891,0.113441,1.409151
trial_0,892,0.156142,0.864401
trial_0,893,0.390542,2.435556
trial_0,894,0.500413,1.704904
trial_0,895,0.066993,1.371107
trial_0,896,0.101097,1.454134
trial_0,897,0.208550,1.037097
trial_0,898,0.475738,1.490648
trial_0,899,0.243454,1.741063
trial_0,900,0.167390,1.212377
trial_0,901,0.098012,0.828690
trial_0,902,0.146638,2.806480
trial_0,903,0.411760,0.878442
trial_0,904,0.148165,0.935415
trial_0,905,0.004004,1.698117
trial_0,906,0.128089,0.948415
trial_0,907,0.097885,0.964481
trial_0,908,0.265905,0.743969
trial_0,909,0.360026,3.170661
trial_0,910,0.148801,0.835616
trial_0,911,0.335786,1.006229
trial_0,912,0.111676,1.076329
trial_0,913,0.405393,1.569987
trial_0,914,0.183854,1.046665
trial_0,915,0.138433,0.839794
trial_0,916,0.366824,1.137322
trial_0,917,0.044864,0.926577
trial_0,918,0.135410,1.244251
trial_0,919,1.101927,2.961877
trial_0,920,0.102077,1.153133
trial_0,921,0.126019,0.718397
trial_0,922,0.043559,0.768952
trial_0,923,0.135554,1.129941
trial_0,924,0.114095,3.811346
trial_0,925,0.387418,3.473460
trial_0,926,0.005532,2.100249
trial_0,927,0.135664,1.216520
trial_0,928,0.240383,1.947616
trial_0,929,0.080094,1.484167
trial_0,930,0.098333,1.097894
trial_0,931,0.848176,5.957295
trial_0,932,0.082583,1.240459
trial_0,933,0.464895,3.311121
trial_0,934,0.578632,2.440805
trial_0,935,0.013718,1.097695
trial_0,936,0.751326,4.127946
trial_0,937,0.190522,2.816229
trial_0,938,0.064568,1.019071
trial_0,939,0.089773,1.727451
trial_0,940,0.284516,1.263404
trial_0,941,0.063783,1.121356
trial_0,942,0.073664,0.860941
trial_0,943,0.001584,1.083395
trial_0,944,0.050989,0.947195
trial_0,945,0.098774,1.155956
trial_0,946,0.202992,1.195956
trial_0,947,0.287350,0.977501
trial_0,948,0.373870,1.721739
trial_0,949,0.238928,4.139376
trial_0,950,0.198295,1.148984
trial_0,951,0.500232,1.315043
trial_0,952,0.341302,1.482444
trial_0,953,0.138928,1.115263
trial_0,954,0.260629,1.427357
trial_0,955,0.022946,1.418285
trial_0,956,0.097762,1.522060
trial_0,957,0.368560,4.476547
trial_0,958,0.004926,2.607590
trial_0,959,0.273686,2.619382
trial_0,960,0.197098,2.536314
trial_0,961,0.162426,2.067520
trial_0,962,0.135001,11.090300
trial_0,963,0.128184,2.585383
trial_0,964,0.405121,1.599376
trial_0,965,0.607039,1.688978
trial_0,966,0.404314,2.023684
trial_0,967,0.091051,3.062946
trial_0,968,0.050655,1.282152
trial_0,969,0.077809,1.351384
trial_0,970,0.066178,1.293788
trial_0,971,0.008102,1.199917
trial_0,972,0.629636,2.311113
trial_0,973,0.111790,1.866925
trial_0,974,0.064436,3.049850
trial_0,975,0.265099,2.238413
trial_0,976,0.160743,1.791443
trial_0,977,0.502840,1.283389
trial_0,978,0.463688,1.560668
trial_0,979,0.148495,1.197044
trial_0,980,0.220920,1.194055
trial_0,981,0.002007,1.747169
trial_0,982,0.037196,1.941520
trial_0,983,0.293139,1.097503
trial_0,984,0.249276,0.964774
trial_0,985,0.205877,1.544009
trial_0,986,0.177649,1.384705
trial_0,987,0.088150,1.072694
trial_0,988,0.350006,6.311835
trial_0,989,0.122728,1.300351
trial_0,990,0.249270,2.647721
trial_0,991,0.144239,1.516464
trial_0,992,0.234443,2.450037
trial_0,993,0.323884,1.508039
trial_0,994,0.090658,1.297890
trial_0,995,0.092207,1.148312
trial_0,996,0.080698,0.971425
trial_0,997,1.308215,7.675461
trial_0,998,0.182990,1.621046
trial_0,999,0.400121,1.243480
trial_0,1000,0.190494,1.589703
trial_1,1,0.225021,1.251613
trial_1,2,0.170109,1.076673
trial_1,3,0.350605,1.354069
trial_1,4,0.136739,0.950569
trial_1,5,0.441227,1.342048
trial_1,6,0.339775,1.202642
trial_1,7,0.137729,1.115718
trial_1,8,0.236968,1.111901
trial_1,9,0.838660,4.379480
trial_1,10,0.217991,2.932860
trial_1,11,0.089276,1.482068
trial_1,12,0.240061,1.940581
trial_1,13,0.989485,8.441067
trial_1,14,0.322287,1.734482
trial_1,15,0.328028,1.733306
trial_1,16,0.430010,1.143046
trial_1,17,0.222685,1.479578
trial_1,18,0.160706,1.322130
trial_1,19,0.217081,1.327023
trial_1,20,0.105841,1.242936
trial_1,21,0.123748,2.114903
trial_1,22,0.404809,1.624755
trial_1,23,0.363656,1.507061
trial_1,24,0.500754,1.770073
trial_1,25,0.115305,1.487895
trial_1,26,0.477244,3.154923
trial_1,27,0.365467,1.656856
trial_1,28,0.531014,8.317095
trial_1,29,0.023871,1.703454
trial_1,30,0.097816,1.237454
trial_1,31,0.117434,1.223477
trial_1,32,0.087145,1.182560
trial_1,33,0.220303,1.463926
trial_1,34,0.246501,9.916508
trial_1,35,0.029049,3.068381
trial_1,36,0.249460,2.041579
trial_1,37,0.037705,2.512461
trial_1,38,0.290944,2.149369
trial_1,39,0.217846,1.897784
trial_1,40,0.127078,2.577090
trial_1,41,0.081375,1.368494
trial_1,42,0.095938,1.214097
trial_1,43,0.170473,1.219430
trial_1,44,0.047687,1.216180
trial_1,45,0.283675,1.634091
trial_1,46,0.132694,1.311304
trial_1,47,0.167951,1.489593
trial_1,48,0.092625,1.476955
trial_1,49,0.301132,1.534606
trial_1,50,0.600588,1.303900
trial_1,51,0.415920,1.242187
trial_1,52,0.470427,1.280391
trial_1,53,0.286985,2.855681
trial_1,54,0.125397,1.874383
trial_1,55,0.074587,1.574155
trial_1,56,0.389691,1.285530
trial_1,57,0.150187,1.116240
trial_1,58,0.069917,1.385602
trial_1,59,0.261090,1.366995
trial_1,60,0.585098,4.385329
trial_1,61,0.144817,1.136619
trial_1,62,0.376964,1.485740
trial_1,63,0.163587,1.443434
trial_1,64,0.642144,1.286821
trial_1,65,0.224659,1.955998
trial_1,66,0.296235,1.489535
trial_1,67,0.225006,0.892409
trial_1,68,0.996270,6.378540
trial_1,69,0.277310,1.386143
trial_1,70,0.123880,1.443492
trial_1,71,0.022806,2.691998
trial_1,72,0.387133,2.138592
trial_1,73,0.024309,0.900342
trial_1,74,0.063067,1.366346
trial_1,75,0.405871,1.112513
trial_1,76,0.129351,1.614203
trial_1,77,0.067987,1.066832
trial_1,78,0.286782,1.048003
trial_1,79,0.194153,1.100604
trial_1,80,0.476488,1.171425
trial_1,81,0.342638,4.526620
trial_1,82,0.074675,3.873507
trial_1,83,0.197453,1.623146
trial_1,84,0.158924,6.504735
trial_1,85,0.874659,6.533958
trial_1,86,0.548180,3.509682
trial_1,87,0.152165,2.139893
trial_1,88,0.059234,1.755790
trial_1,89,0.411968,1.566823
trial_1,90,0.220389,1.286288
trial_1,91,0.095238,1.379733
trial_1,92,0.204711,1.184144
trial_1,93,0.087260,3.184736
trial_1,94,0.188446,1.560633
trial_1,95,0.352738,1.565584
trial_1,96,0.053517,1.140547
trial_1,97,0.232094,1.164815
trial_1,98,0.054876,3.631743
trial_1,99,0.130562,1.705241
trial_1,100,0.442395,1.537859
trial_1,101,0.113054,1.649268
trial_1,102,0.205776,1.275715
trial_1,103,0.077978,1.399286
trial_1,104,0.171176,1.247893
trial_1,105,0.162061,1.390729
trial_1,106,0.241175,1.496336
trial_1,107,0.254495,1.078465
trial_1,108,0.242465,6.603530
trial_1,109,1.052518,2.324869
trial_1,110,0.190315,1.740369
trial_1,111,0.051777,1.701319
trial_1,112,0.245894,1.963332
trial_1,113,0.290760,2.356311
trial_1,114,0.180462,1.577946
trial_1,115,0.041935,2.347928
trial_1,116,0.478584,1.535350
trial_1,117,0.062431,1.184925
trial_1,118,0.018184,1.221444
trial_1,119,0.194413,2.945580
trial_1,120,0.171558,2.199087
trial_1,121,0.187530,1.607270
trial_1,122,0.212079,1.341153
trial_1,123,0.584773,1.619042
trial_1,124,0.173483,2.088478
trial_1,125,0.401005,1.453451
trial_1,126,0.292782,3.150042
trial_1,127,0.609432,2.022312
trial_1,128,0.593438,1.375638
trial_1,129,0.167165,1.846567
trial_1,130,1.163144,5.492090
trial_1,131,0.035560,1.607910
trial_1,132,0.313115,2.401450
trial_1,133,0.550501,5.734700
trial_1,134,0.079325,1.875620
trial_1,135,0.065127,2.032289
trial_1,136,0.182257,1.527435
trial_1,137,0.189604,2.850522
trial_1,138,0.042700,1.465866
trial_1,139,0.157536,1.561698
trial_1,140,0.032001,1.304114
trial_1,141,0.004400,1.735179
trial_1,142,0.062690,1.533563
trial_1,143,0.906148,6.156458
trial_1,144,0.137394,1.425852
trial_1,145,0.336778,2.516806
trial_1,146,0.199240,1.827163
trial_1,147,0.039945,3.638112
trial_1,148,0.020448,1.674081
trial_1,149,0.304884,5.008043
trial_1,150,0.007086,1.755614
trial_1,151,0.074488,1.438732
trial_1,152,0.289037,1.705847
trial_1,153,0.323895,1.538169
trial_1,154,0.089932,1.425664
trial_1,155,0.539339,1.484180
trial_1,156,0.115756,1.210993
trial_1,157,0.015322,2.718767
trial_1,158,0.007996,2.181687
trial_1,159,0.026066,1.529547
trial_1,160,0.001103,1.567651
trial_1,161,0.125864,1.346033
trial_1,162,0.617970,1.321561
trial_1,163,0.167692,1.387254
trial_1,164,0.021724,1.097629
trial_1,165,0.315351,2.095478
trial_1,166,0.195199,1.971884
trial_1,167,0.066651,1.537078
trial_1,168,0.965165,1.558295
trial_1,169,0.080417,1.143512
trial_1,170,0.391997,1.852920
trial_1,171,0.025382,1.712528
trial_1,172,0.171960,1.357484
trial_1,173,0.087790,1.022066
trial_1,174,0.349013,1.280518
trial_1,175,0.092040,1.490066
trial_1,176,0.208839,1.178593
trial_1,177,0.150809,1.842166
trial_1,178,0.203409,1.511678
trial_1,179,0.156242,1.363080
trial_1,180,0.301573,2.684444
trial_1,181,0.279546,2.703316
trial_1,182,0.226747,1.591697
trial_1,183,0.224513,1.215563
trial_1,184,0.453218,2.503689
trial_1,185,0.072556,1.381383
trial_1,186,0.494341,1.463420
trial_1,187,0.125263,1.761033
trial_1,188,0.300914,1.395094
trial_1,189,0.171636,1.505071
trial_1,190,0.143676,1.194205
trial_1,191,0.481899,1.102476
trial_1,192,0.000725,1.237921
trial_1,193,0.085718,1.324610
trial_1,194,0.428375,1.405107
trial_1,195,0.115276,1.109947
trial_1,196,0.089964,1.310020
trial_1,197,0.010541,1.324410
trial_1,198,0.318088,1.467244
trial_1,199,0.074499,2.080219
trial_1,200,0.374438,1.424361
trial_1,201,0.162105,1.357782
trial_1,202,0.260842,1.208519
trial_1,203,0.237570,1.013958
trial_1,204,0.136867,1.168741
trial_1,205,0.188322,1.422560
trial_1,206,0.291401,1.320420
trial_1,207,0.148443,1.248048
trial_1,208,0.915205,1.491601
trial_1,209,0.517536,4.759748
trial_1,210,0.521010,5.445397
trial_1,211,0.149523,2.398262
trial_1,212,0.347638,1.795058
trial_1,213,0.127632,1.390910
trial_1,214,0.085634,1.287609
trial_1,215,0.014271,1.546125
trial_1,216,0.217426,1.257728
trial_1,217,0.527096,1.339658
trial_1,218,0.097828,2.381108
trial_1,219,1.777199,17.093847
trial_1,220,0.132457,3.352416
trial_1,221,0.683714,2.208732
trial_1,222,0.084614,1.781404
trial_1,223,0.268650,1.598694
trial_1,224,0.563375,1.551433
trial_1,225,0.055550,1.859973
trial_1,226,0.162489,1.827108
trial_1,227,0.069503,1.514611
trial_1,228,0.205189,1.499649
trial_1,229,0.336514,2.169800
trial_1,230,0.102982,1.681416
trial_1,231,0.739179,2.434715
trial_1,232,0.163316,1.832714
trial_1,233,0.010205,1.616548
trial_1,234,0.219886,1.463445
trial_1,235,0.104950,1.548840
trial_1,236,0.151210,1.490128
trial_1,237,0.268875,1.916479
trial_1,238,0.341922,1.446625
trial_1,239,0.451647,1.442760
trial_1,240,0.418381,1.662805
trial_1,241,0.081256,1.165087
trial_1,242,0.109853,1.378610
trial_1,243,0.335440,1.696576
trial_1,244,0.129269,1.899045
trial_1,245,0.027044,4.840379
trial_1,246,0.357411,2.208215
trial_1,247,0.041130,1.961211
trial_1,248,0.205991,1.201550
trial_1,249,0.346337,1.868499
trial_1,250,0.124747,1.614503
trial_1,251,0.129269,1.382461
trial_1,252,0.046761,1.382096
trial_1,253,0.019380,1.252517
trial_1,254,0.925767,4.540898
trial_1,255,3.773403,11.897709
trial_1,256,0.282178,2.503812
trial_1,257,0.556397,3.153003
trial_1,258,0.142385,1.732166
trial_1,259,0.246490,1.367211
trial_1,260,0.288117,1.458782
trial_1,261,1.024046,2.056771
trial_1,262,0.224095,2.193782
trial_1,263,0.322989,2.266900
trial_1,264,0.232082,1.445224
trial_1,265,0.267316,1.673783
trial_1,266,0.124598,1.725284
trial_1,267,0.174192,2.002472
trial_1,268,0.010665,1.624086
trial_1,269,0.141590,1.325256
trial_1,270,0.363446,1.275632
trial_1,271,0.427796,1.536809
trial_1,272,0.019188,1.815654
trial_1,273,0.336617,1.490984
trial_1,274,0.620996,1.352741
trial_1,275,0.659961,1.210070
trial_1,276,1.178337,4.128145
trial_1,277,0.300892,2.516790
trial_1,278,0.263543,1.799828
trial_1,279,0.504190,1.426238
trial_1,280,0.254337,1.966308
trial_1,281,0.261771,3.331596
trial_1,282,0.356025,3.510500
trial_1,283,0.061768,2.093422
trial_1,284,0.236892,2.320301
trial_1,285,0.060928,1.854423
trial_1,286,0.127466,1.573877
trial_1,287,0.152813,1.336233
trial_1,288,0.169314,2.072761
trial_1,289,0.072930,1.713955
trial_1,290,0.470216,1.831610
trial_1,291,0.144978,1.713039
trial_1,292,0.019236,2.618232
trial_1,293,0.183156,1.894999
trial_1,294,0.317363,1.514124
trial_1,295,0.265019,1.665813
trial_1,296,0.095357,2.153621
trial_1,297,0.018638,1.656793
trial_1,298,0.195560,1.265255
trial_1,299,0.080054,1.173232
trial_1,300,0.480702,1.439383
trial_1,301,0.067463,1.633284
trial_1,302,0.369565,1.663535
trial_1,303,0.041051,1.883501
trial_1,304,0.015781,1.124089
trial_1,305,0.078892,1.659580
trial_1,306,0.107995,1.391286
trial_1,307,0.057631,1.613203
trial_1,308,0.132004,2.931673
trial_1,309,0.047095,1.562614
trial_1,310,0.077006,3.110604
trial_1,311,0.543783,2.968898
trial_1,312,0.608105,5.158663
trial_1,313,0.323538,1.778982
trial_1,314,0.071882,1.909804
trial_1,315,0.174856,2.198956
trial_1,316,0.631514,2.103641
trial_1,317,0.288264,1.452874
trial_1,318,0.562716,1.669860
trial_1,319,0.412517,1.538508
trial_1,320,0.124419,4.004300
trial_1,321,0.128182,3.074481
trial_1,322,0.352394,2.526609
trial_1,323,0.349976,2.578675
trial_1,324,1.383845,2.362219
trial_1,325,0.549564,1.633262
trial_1,326,0.502341,1.897479
trial_1,327,0.129149,2.294560
trial_1,328,0.329400,1.854408
trial_1,329,0.665381,6.294292
trial_1,330,0.708512,2.723052
trial_1,331,0.167165,2.219695
trial_1,332,0.090404,1.744004
trial_1,333,0.434851,2.751871
trial_1,334,0.241990,1.645138
trial_1,335,0.021192,1.900599
trial_1,336,0.059329,1.739250
trial_1,337,0.173434,2.102542
trial_1,338,0.155328,4.011890
trial_1,339,0.353396,1.956986
trial_1,340,0.104164,1.932608
trial_1,341,0.073731,7.550192
trial_1,342,0.307293,1.991261
trial_1,343,0.127214,1.854723
trial_1,344,0.314743,3.932831
trial_1,345,2.741754,14.715974
trial_1,346,0.375131,7.906543
trial_1,347,0.321334,2.266116
trial_1,348,0.714690,3.653914
trial_1,349,0.227073,2.354068
trial_1,350,0.353371,3.599478
trial_1,351,0.973789,5.318069
trial_1,352,0.069385,2.153696
trial_1,353,0.060077,1.929168
trial_1,354,0.506574,2.119399
trial_1,355,0.169773,1.846356
trial_1,356,0.776833,1.574807
trial_1,357,0.253653,3.162935
trial_1,358,0.000375,1.920662
trial_1,359,0.427555,1.483827
trial_1,360,0.148750,1.482412
trial_1,361,0.616961,4.021110
trial_1,362,0.224861,5.802172
trial_1,363,0.364155,2.490121
trial_1,364,0.409208,1.609297
trial_1,365,0.161309,1.510394
trial_1,366,0.105599,1.779196
trial_1,367,0.330651,1.323027
trial_1,368,0.117252,1.416927
trial_1,369,0.118051,1.560207
trial_1,370,0.202472,2.272532
trial_1,371,0.083961,1.345889
trial_1,372,0.208584,1.188388
trial_1,373,0.363566,1.677281
trial_1,374,0.359104,3.349662
trial_1,375,0.737463,1.893288
trial_1,376,0.604823,1.804602
trial_1,377,0.114291,1.742630
trial_1,378,0.035847,1.555454
trial_1,379,0.426864,1.630047
trial_1,380,0.276741,1.645140
trial_1,381,0.086165,1.399043
trial_1,382,0.376254,1.269304
trial_1,383,0.521148,2.654983
trial_1,384,0.210900,1.195033
trial_1,385,0.126732,1.984637
trial_1,386,0.521264,4.690005
trial_1,387,0.002154,4.647620
trial_1,388,0.174097,2.119610
trial_1,389,0.074273,1.607644
trial_1,390,0.100063,1.702155
trial_1,391,0.145270,2.035134
trial_1,392,0.387386,1.957933
trial_1,393,0.389075,2.357710
trial_1,394,0.258294,1.979809
trial_1,395,0.375667,1.456963
trial_1,396,0.398460,1.803291
trial_1,397,0.018276,1.177258
trial_1,398,0.327314,1.410389
trial_1,399,0.392904,1.502340
trial_1,400,0.123112,1.305469
trial_1,401,0.124176,1.458475
trial_1,402,0.618768,2.595120
trial_1,403,0.059770,1.635384
trial_1,404,0.376939,1.200125
trial_1,405,0.165731,1.317909
trial_1,406,0.393857,1.182240
trial_1,407,0.189437,1.113795
trial_1,408,0.540837,1.395849
trial_1,409,0.342681,1.568904
trial_1,410,0.210433,1.619853
trial_1,411,0.286562,1.639184
trial_1,412,0.201457,1.267958
trial_1,413,0.063175,2.220223
trial_1,414,0.064566,1.279741
trial_1,415,0.017186,1.378034
trial_1,416,0.401471,8.181801
trial_1,417,0.043334,2.044875
trial_1,418,0.661910,1.819552
trial_1,419,0.248000,2.386717
trial_1,420,0.481617,1.486248
trial_1,421,0.287640,1.414549
trial_1,422,0.196305,2.069349
trial_1,423,0.158164,1.260806
trial_1,424,0.362775,1.797165
trial_1,425,0.195395,1.351412
trial_1,426,0.274608,1.334391
trial_1,427,0.229850,1.538873
trial_1,428,0.410961,2.114795
trial_1,429,0.126279,1.484991
trial_1,430,0.719930,1.465034
trial_1,431,0.068918,1.768109
trial_1,432,0.009501,2.061198
trial_1,433,0.298726,1.511836
trial_1,434,0.230047,2.153328
trial_1,435,1.255489,7.174242
trial_1,436,0.347285,2.542162
trial_1,437,0.423952,2.695672
trial_1,438,0.645612,2.761410
trial_1,439,0.273795,2.176106
trial_1,440,0.847936,3.489279
trial_1,441,0.149030,2.629828
trial_1,442,0.266384,1.904942
trial_1,443,0.489861,1.485685
trial_1,444,0.299824,1.453359
trial_1,445,0.743016,1.979134
trial_1,446,0.145212,1.440814
trial_1,447,0.133545,1.622453
trial_1,448,0.092782,1.259412
trial_1,449,0.150764,1.725880
trial_1,450,0.054211,1.818190
trial_1,451,0.275348,1.583821
trial_1,452,0.394143,1.706753
trial_1,453,0.240398,1.970007
trial_1,454,0.006199,1.891255
trial_1,455,0.288673,1.680443
trial_1,456,0.603867,1.728933
trial_1,457,0.112331,1.283416
trial_1,458,0.557904,1.652949
trial_1,459,0.094700,1.512986
trial_1,460,0.072208,1.394795
trial_1,461,0.006489,1.353484
trial_1,462,0.088105,1.664658
trial_1,463,0.191195,1.448129
trial_1,464,0.070632,1.185671
trial_1,465,0.181851,1.403395
trial_1,466,0.302726,1.558608
trial_1,467,0.542907,1.311809
trial_1,468,0.168200,1.221793
trial_1,469,0.022628,4.903844
trial_1,470,0.223926,1.324160
trial_1,471,0.249526,1.374321
trial_1,472,0.194488,2.350031
trial_1,473,0.380480,2.527137
trial_1,474,0.396232,4.249227
trial_1,475,0.753282,5.532503
trial_1,476,0.493593,4.802824
trial_1,477,0.218139,1.605279
trial_1,478,0.287272,1.567700
trial_1,479,0.377558,1.485819
trial_1,480,0.370858,1.349515
trial_1,481,0.256960,3.246992
trial_1,482,0.025880,2.823631
trial_1,483,0.275841,2.458134
trial_1,484,0.041497,2.986132
trial_1,485,0.024757,1.356048
trial_1,486,0.061433,1.904857
trial_1,487,0.282939,1.440416
trial_1,488,0.047219,1.491161
trial_1,489,0.161839,1.424784
trial_1,490,0.024437,1.279421
trial_1,491,0.029232,1.229496
trial_1,492,0.347260,1.505424
trial_1,493,0.593163,1.612763
trial_1,494,0.025512,1.630890
trial_1,495,0.037092,1.528196
trial_1,496,0.107110,1.236473
trial_1,497,0.299961,1.536758
trial_1,498,0.379512,1.110316
trial_1,499,0.244681,1.425493
trial_1,500,0.417398,1.787026
trial_1,501,0.018470,1.217002
trial_1,502,0.366293,1.379349
trial_1,503,0.182364,1.056900
trial_1,504,0.399857,1.179466
trial_1,505,0.069223,1.519591
trial_1,506,0.343978,1.080555
trial_1,507,0.170028,2.929781
trial_1,508,0.094483,1.355072
trial_1,509,0.837147,1.839156
trial_1,510,0.431865,1.353381
trial_1,511,0.158199,1.190261
trial_1,512,0.339888,5.366686
trial_1,513,0.139766,1.465723
trial_1,514,0.085869,1.811248
trial_1,515,0.487732,6.879553
trial_1,516,0.392275,1.944489
trial_1,517,0.474796,3.785470
trial_1,518,0.090386,1.606366
trial_1,519,0.351266,1.837660
trial_1,520,0.148654,1.255752
trial_1,521,0.128548,1.128892
trial_1,522,0.097272,1.093873
trial_1,523,1.081356,2.944898
trial_1,524,0.016028,1.176913
trial_1,525,0.090923,1.886375
trial_1,526,0.412651,1.454588
trial_1,527,0.028547,1.147471
trial_1,528,0.118247,1.270347
trial_1,529,0.081478,1.081850
trial_1,530,0.005397,0.973141
trial_1,531,0.255133,1.571752
trial_1,532,0.158798,1.142774
trial_1,533,0.324914,1.042915
trial_1,534,0.069708,1.098120
trial_1,535,0.292947,1.456535
trial_1,536,0.136478,2.095280
trial_1,537,0.357803,1.768925
trial_1,538,0.209629,1.018951
trial_1,539,0.435730,1.497364
trial_1,540,0.022019,1.007047
trial_1,541,0.600852,1.106345
trial_1,542,0.234981,2.859383
trial_1,543,0.069385,1.058976
trial_1,544,0.199411,0.847810
trial_1,545,0.118980,1.236033
trial_1,546,0.423504,1.222922
trial_1,547,0.313091,1.151898
trial_1,548,0.253165,1.133799
trial_1,549,0.027368,1.082976
trial_1,550,0.213295,1.330617
trial_1,551,0.001670,0.866247
trial_1,552,0.073698,1.195876
trial_1,553,0.142152,1.079805
trial_1,554,0.205128,2.459545
trial_1,555,0.092336,0.965770
trial_1,556,0.209203,0.831702
trial_1,557,0.125944,1.232279
trial_1,558,0.584283,0.993493
trial_1,559,0.191214,0.914318
trial_1,560,0.061241,1.016202
trial_1,561,0.125423,1.379764
trial_1,562,0.528561,1.593012
trial_1,563,0.461050,1.154207
trial_1,564,0.109126,1.059886
trial_1,565,0.126241,1.445322
trial_1,566,0.237564,0.917524
trial_1,567,0.221683,1.788775
trial_1,568,0.358379,0.968407
trial_1,569,0.252808,1.068434
trial_1,570,0.168691,1.516532
trial_1,571,0.041730,0.945407
trial_1,572,0.048449,0.842367
trial_1,573,0.720303,1.214143
trial_1,574,0.207282,0.798373
trial_1,575,0.393267,2.192163
trial_1,576,0.424005,3.649034
trial_1,577,0.078133,0.991364
trial_1,578,0.282918,1.768206
trial_1,579,0.382046,1.050423
trial_1,580,0.058740,0.888403
trial_1,581,0.031589,1.102958
trial_1,582,0.341724,0.954308
trial_1,583,0.288510,1.796495
trial_1,584,0.051943,0.756749
trial_1,585,0.022791,1.180170
trial_1,586,0.043336,0.923868
trial_1,587,0.097750,1.081385
trial_1,588,0.012505,0.744753
trial_1,589,3.904007,25.595730
trial_1,590,0.052547,1.633352
trial_1,591,0.188829,1.128636
trial_1,592,0.318186,1.899694
trial_1,593,0.115576,1.201224
trial_1,594,0.211917,1.012398
trial_1,595,0.074255,2.556811
trial_1,596,0.169134,0.979096
trial_1,597,0.028342,1.356756
trial_1,598,0.008666,1.110500
trial_1,599,0.168757,1.101557
trial_1,600,0.043453,0.882777
trial_1,601,0.334484,1.984764
trial_1,602,0.250042,1.121079
trial_1,603,0.209280,1.381032
trial_1,604,0.561044,1.102740
trial_1,605,0.067850,1.185333
trial_1,606,0.048967,0.851891
trial_1,607,0.245777,0.983662
trial_1,608,0.102197,0.890778
trial_1,609,0.110914,1.218629
trial_1,610,0.061089,1.053932
trial_1,611,0.256586,0.833176
trial_1,612,0.274870,0.769346
trial_1,613,0.384057,1.272157
trial_1,614,0.179450,1.432200
trial_1,615,0.027928,0.748171
trial_1,616,0.114262,0.900760
trial_1,617,0.191127,0.913727
trial_1,618,0.045730,0.663762
trial_1,619,1.395945,9.287659
trial_1,620,0.204459,0.665802
trial_1,621,0.051586,0.875811
trial_1,622,0.186088,4.063349
trial_1,623,0.114841,0.666321
trial_1,624,0.366169,2.017879
trial_1,625,0.477327,1.130688
trial_1,626,0.246847,1.082407
trial_1,627,0.514221,2.369022
trial_1,628,0.402763,1.321456
trial_1,629,0.270571,0.947508
trial_1,630,0.226840,0.953201
trial_1,631,0.044997,1.302247
trial_1,632,0.194693,1.037826
trial_1,633,0.423586,1.134077
trial_1,634,0.386416,1.736815
trial_1,635,0.495691,1.528687
trial_1,636,0.520702,1.285095
trial_1,637,0.132036,1.728534
trial_1,638,0.094917,0.999534
trial_1,639,0.063600,1.203451
trial_1,640,0.140529,0.750063
trial_1,641,0.164544,0.865282
trial_1,642,0.204071,0.909132
trial_1,643,0.047794,1.781124
trial_1,644,0.033902,1.420899
trial_1,645,0.050380,0.968179
trial_1,646,0.349833,2.601443
trial_1,647,0.188977,2.966060
trial_1,648,0.079286,6.500211
trial_1,649,0.336598,1.140695
trial_1,650,0.560098,2.271829
trial_1,651,0.239725,1.534683
trial_1,652,0.920929,3.942864
trial_1,653,0.170871,0.814599
trial_1,654,0.020314,1.057393
trial_1,655,0.126969,0.644402
trial_1,656,0.001331,1.869675
trial_1,657,0.874776,2.804410
trial_1,658,0.001709,1.134390
trial_1,659,0.238577,1.582833
trial_1,660,0.105719,1.244141
trial_1,661,0.163460,1.282183
trial_1,662,0.248856,0.914292
trial_1,663,0.416021,1.604484
trial_1,664,0.159074,0.747684
trial_1,665,0.085395,1.173145
trial_1,666,0.390611,1.455590
trial_1,667,0.001914,0.945757
trial_1,668,0.280054,0.749447
trial_1,669,0.116346,0.741068
trial_1,670,0.200305,0.803587
trial_1,671,0.134892,1.320925
trial_1,672,0.215051,0.778698
trial_1,673,0.857998,9.547190
trial_1,674,0.017852,0.874220
trial_1,675,0.134012,0.816595
trial_1,676,0.632662,3.021950
trial_1,677,0.095621,0.789665
trial_1,678,0.454909,1.081390
trial_1,679,0.176373,2.230269
trial_1,680,0.135125,0.712213
trial_1,681,0.143369,0.723773
trial_1,682,0.019818,1.538223
trial_1,683,0.167616,0.910190
trial_1,684,0.213626,4.922670
trial_1,685,0.133785,2.589261
trial_1,686,0.251617,0.969933
trial_1,687,0.123582,0.856840
trial_1,688,0.378619,0.852998
trial_1,689,0.328156,1.374087
trial_1,690,0.017879,1.165701
trial_1,691,0.471005,1.110414
trial_1,692,0.083124,0.680248
trial_1,693,0.357756,1.017100
trial_1,694,0.464905,1.051931
trial_1,695,0.067158,0.864864
trial_1,696,0.096353,1.545351
trial_1,697,0.188330,1.164392
trial_1,698,0.066954,0.670238
trial_1,699,0.217906,0.718181
trial_1,700,0.110879,0.829468
trial_1,701,0.021303,1.521065
trial_1,702,0.206257,0.683011
trial_1,703,0.089189,1.955237
trial_1,704,0.085344,0.682740
trial_1,705,0.309814,0.639121
trial_1,706,0.138765,1.161154
trial_1,707,0.019311,0.794430
trial_1,708,0.067942,0.769139
trial_1,709,0.035082,2.278408
trial_1,710,0.014519,1.637514
trial_1,711,0.351078,1.085768
trial_1,712,0.232136,0.855970
trial_1,713,0.175515,3.601343
trial_1,714,0.064002,0.571636
trial_1,715,0.092843,0.580165
trial_1,716,0.558284,2.189747
trial_1,717,0.552370,0.913069
trial_1,718,0.111181,1.079407
trial_1,719,0.001927,0.679671
trial_1,720,0.265586,2.358552
trial_1,721,0.033495,0.636689
trial_1,722,0.317371,0.848390
trial_1,723,0.115239,0.645894
trial_1,724,0.752463,4.404538
trial_1,725,0.110979,1.650057
trial_1,726,0.458890,1.988658
trial_1,727,0.048164,1.189461
trial_1,728,0.272710,0.892299
trial_1,729,0.334585,0.810850
trial_1,730,0.252114,0.898481
trial_1,731,0.158086,1.096305
trial_1,732,0.206024,0.987192
trial_1,733,0.115470,0.778375
trial_1,734,0.255817,0.760604
trial_1,735,0.175628,1.331157
trial_1,736,0.426259,1.411546
trial_1,737,0.040129,0.966945
trial_1,738,0.302802,1.826876
trial_1,739,0.100067,0.991004
trial_1,740,0.077785,0.806585
trial_1,741,0.020345,0.722684
trial_1,742,0.129851,0.776279
trial_1,743,1.109466,4.022173
trial_1,744,0.205912,0.865464
trial_1,745,0.214495,0.862577
trial_1,746,0.263858,0.634006
trial_1,747,0.148443,0.656902
trial_1,748,0.081338,1.040860
trial_1,749,0.248409,1.342341
trial_1,750,0.145567,0.772663
trial_1,751,0.553933,1.937772
trial_1,752,0.029763,0.672818
trial_1,753,0.319403,1.302351
trial_1,754,0.299117,0.660245
trial_1,755,0.092422,0.849840
trial_1,756,0.433612,0.825745
trial_1,757,0.204445,0.929195
trial_1,758,0.111584,1.387846
trial_1,759,0.063706,1.649956
trial_1,760,0.936652,2.122038
trial_1,761,0.104573,1.393962
trial_1,762,0.231666,1.253252
trial_1,763,0.284314,0.892539
trial_1,764,0.159122,1.860284
trial_1,765,0.215486,1.090691
trial_1,766,0.203873,1.789504
trial_1,767,0.182932,1.291335
trial_1,768,0.248365,0.851359
trial_1,769,0.074063,0.748848
trial_1,770,1.444772,6.280877
trial_1,771,0.267866,0.860101
trial_1,772,3.138058,15.756587
trial_1,773,0.062545,2.147519
trial_1,774,0.043883,2.307083
trial_1,775,0.233365,1.843511
trial_1,776,0.274837,3.109829
trial_1,777,0.254116,1.691221
trial_1,778,0.277521,1.414196
trial_1,779,0.374903,1.325503
trial_1,780,0.262864,1.190695
trial_1,781,0.223264,1.476060
trial_1,782,0.059406,1.451851
trial_1,783,0.557673,1.804889
trial_1,784,0.047358,0.970017
trial_1,785,0.229327,1.197280
trial_1,786,0.149816,1.966516
trial_1,787,0.053416,1.026999
trial_1,788,0.703099,5.044932
trial_1,789,0.051621,1.317738
trial_1,790,0.401692,1.595474
trial_1,791,0.139200,1.374637
trial_1,792,0.381333,1.078470
trial_1,793,0.505795,1.414924
trial_1,794,0.039762,2.765041
trial_1,795,0.375507,3.178508
trial_1,796,0.396155,1.735004
trial_1,797,0.106403,0.918108
trial_1,798,0.107276,1.113999
trial_1,799,0.003307,0.942196
trial_1,800,0.501093,1.306620
trial_1,801,0.459283,1.713203
trial_1,802,0.090272,1.054889
trial_1,803,0.200325,0.879534
trial_1,804,0.047258,1.030979
trial_1,805,0.080680,1.148881
trial_1,806,0.025352,2.240071
trial_1,807,0.526673,1.138855
trial_1,808,0.055598,0.915028
trial_1,809,0.027539,0.854757
trial_1,810,0.630670,1.138783
trial_1,811,0.267851,1.145800
trial_1,812,0.167779,2.693140
trial_1,813,0.069846,2.572383
trial_1,814,0.177123,3.513164
trial_1,815,0.056007,1.051879
trial_1,816,0.192364,0.993092
trial_1,817,0.349040,1.008248
trial_1,818,0.365730,2.068956
trial_1,819,0.206586,2.818806
trial_1,820,0.814869,5.824275
trial_1,821,0.252345,0.953358
trial_1,822,0.147384,1.402268
trial_1,823,0.197605,1.139925
trial_1,824,0.310097,0.867107
trial_1,825,0.300079,1.848395
trial_1,826,0.167819,4.247588
trial_1,827,0.483433,2.145929
trial_1,828,0.160965,1.142763
trial_1,829,0.165752,1.322905
trial_1,830,0.155198,0.871996
trial_1,831,1.037224,2.796835
trial_1,832,0.403348,1.090665
trial_1,833,0.024009,1.330327
trial_1,834,0.363569,1.365926
trial_1,835,0.209014,0.906298
trial_1,836,0.062763,0.735871
trial_1,837,0.795906,2.332888
trial_1,838,0.000183,1.423188
trial_1,839,0.096514,1.248650
trial_1,840,0.299004,1.484169
trial_1,841,0.140115,2.326214
trial_1,842,0.023252,0.656241
trial_1,843,0.600062,1.451760
trial_1,844,0.133895,0.869831
trial_1,845,0.011296,0.721692
trial_1,846,0.078679,0.745774
trial_1,847,0.285730,0.944857
trial_1,848,0.404133,2.214264
trial_1,849,0.024229,0.698378
trial_1,850,0.326516,1.041539
trial_1,851,0.241358,1.071517
trial_1,852,0.072307,2.084659
trial_1,853,0.021962,0.725836
trial_1,854,0.059422,0.702281
trial_1,855,0.401006,0.985613
trial_1,856,0.187570,2.066539
trial_1,857,0.086416,1.295846
trial_1,858,0.108058,0.817136
trial_1,859,0.306614,0.978789
trial_1,860,0.226826,0.852994
trial_1,861,0.134838,0.653106
trial_1,862,0.259638,0.776041
trial_1,863,0.013222,0.727041
trial_1,864,0.106842,0.754631
trial_1,865,0.109242,0.788228
trial_1,866,0.139270,1.598080
trial_1,867,0.386735,0.938610
trial_1,868,0.197787,1.253907
trial_1,869,0.531062,2.265861
trial_1,870,0.191521,0.785787
trial_1,871,0.269983,1.669327
trial_1,872,0.586738,2.662438
trial_1,873,0.258766,0.809012
trial_1,874,0.156574,0.686588
trial_1,875,0.059154,1.087117
trial_1,876,0.003415,0.844449
trial_1,877,0.118087,0.784008
trial_1,878,0.058015,0.759944
trial_1,879,0.071446,0.621255
trial_1,880,0.087362,1.956251
trial_1,881,0.207414,0.844040
trial_1,882,0.172626,0.804777
trial_1,883,0.224976,0.847581
trial_1,884,0.016791,1.653108
trial_1,885,0.071875,0.662245
trial_1,886,0.218018,0.827615
trial_1,887,0.682868,5.227463
trial_1,888,0.212288,1.424121
trial_1,889,0.073396,0.880937
trial_1,890,0.222401,2.096713
trial_1,891,0.016419,0.855477
trial_1,892,0.244266,1.113157
trial_1,893,0.112908,1.171782
trial_1,894,0.788900,1.719618
trial_1,895,0.357172,1.020662
trial_1,896,0.298516,1.622307
trial_1,897,0.041263,1.010358
trial_1,898,0.021021,1.052609
trial_1,899,0.118955,1.084844
trial_1,900,0.042975,0.880310
trial_1,901,0.021811,0.704425
trial_1,902,0.067038,2.139913
trial_1,903,0.234102,0.661723
trial_1,904,0.077004,0.735239
trial_1,905,0.485129,1.532138
trial_1,906,0.122721,0.787054
trial_1,907,0.104153,0.606963
trial_1,908,0.095721,0.667387
trial_1,909,0.005806,2.655829
trial_1,910,0.246782,0.728722
trial_1,911,0.016506,0.699760
trial_1,912,0.088840,0.897748
trial_1,913,0.394823,1.092533
trial_1,914,0.030110,0.935484
trial_1,915,0.066307,1.032922
trial_1,916,0.151786,0.912296
trial_1,917,0.228728,1.156523
trial_1,918,0.059133,0.835889
trial_1,919,0.308925,2.145471
trial_1,920,0.273116,1.117841
trial_1,921,0.186689,0.760316
trial_1,922,0.132672,0.788289
trial_1,923,0.195677,1.470593
trial_1,924,0.606670,2.963417
trial_1,925,0.403966,3.148396
trial_1,926,0.051015,1.019379
trial_1,927,0.028545,1.384584
trial_1,928,0.116007,1.269555
trial_1,929,0.186407,0.989638
trial_1,930,0.278456,0.891979
trial_1,931,0.406986,3.812782
trial_1,932,0.051418,1.006296
trial_1,933,0.387006,1.935780
trial_1,934,0.092803,1.736952
trial_1,935,0.306340,0.893482
trial_1,936,0.573210,2.430036
trial_1,937,0.360181,1.183279
trial_1,938,0.130200,0.792009
trial_1,939,0.270272,1.636291
trial_1,940,0.454582,1.168697
trial_1,941,0.096972,0.891737
trial_1,942,0.290254,0.867470
trial_1,943,0.003868,1.019021
trial_1,944,0.478113,0.913471
trial_1,945,0.013414,0.755634
trial_1,946,0.237181,0.908063
trial_1,947,0.159071,0.814837
trial_1,948,0.404477,1.369030
trial_1,949,0.105840,2.702853
trial_1,950,0.085232,0.677791
trial_1,951,0.331221,0.689934
trial_1,952,0.177660,1.031560
trial_1,953,0.025710,0.890633
trial_1,954,0.222645,1.011199
trial_1,955,0.029019,1.349607
trial_1,956,0.035702,1.441322
trial_1,957,0.044904,2.702476
trial_1,958,0.038290,1.469133
trial_1,959,0.400397,1.885413
trial_1,960,0.259474,1.453968
trial_1,961,0.320779,1.690435
trial_1,962,0.637428,11.960970
trial_1,963,0.105279,2.216848
trial_1,964,0.274575,0.713768
trial_1,965,0.185911,1.135962
trial_1,966,0.551854,1.653078
trial_1,967,0.251317,1.714971
trial_1,968,0.013631,0.755049
trial_1,969,0.023758,0.895499
trial_1,970,0.157930,1.091038
trial_1,971,0.134280,0.760052
trial_1,972,0.459440,2.901872
trial_1,973,0.014330,0.705234
trial_1,974,0.566928,3.029490
trial_1,975,0.066198,1.542789
trial_1,976,0.025597,1.052713
trial_1,977,0.243091,0.866570
trial_1,978,0.113281,1.405293
trial_1,979,0.108256,0.744411
trial_1,980,0.150606,0.645792
trial_1,981,0.390078,1.484669
trial_1,982,0.138559,1.506540
trial_1,983,0.457836,0.872352
trial_1,984,0.086444,0.992568
trial_1,985,0.077129,1.175075
trial_1,986,0.347045,1.214379
trial_1,987,0.035001,0.680181
trial_1,988,0.337758,4.067785
trial_1,989,0.132213,1.255233
trial_1,990,0.958017,2.836116
trial_1,991,0.128408,1.312916
trial_1,992,0.022345,1.859754
trial_1,993,0.216072,0.909869
trial_1,994,0.101579,1.209376
trial_1,995,0.308682,1.011986
trial_1,996,0.002505,0.765567
trial_1,997,0.630042,4.795913
trial_1,998,0.110120,0.717737
trial_1,999,0.439834,0.903322
trial_1,1000,0.084059,1.493003
trial_2,1,0.024370,0.779549
trial_2,2,0.133994,0.780811
trial_2,3,0.148827,0.637260
trial_2,4,0.194991,0.767990
trial_2,5,0.400221,1.281808
trial_2,6,0.056962,0.529937
trial_2,7,0.219207,0.685005
trial_2,8,0.121002,0.833682
trial_2,9,1.817118,4.468678
trial_2,10,0.016513,1.691446
trial_2,11,0.279477,0.821208
trial_2,12,0.069441,1.348455
trial_2,13,0.564665,5.801667
trial_2,14,0.032341,0.946431
trial_2,15,0.126837,0.931936
trial_2,16,0.062243,0.788545
trial_2,17,0.174130,1.526777
trial_2,18,0.042467,1.024169
trial_2,19,0.124401,0.948468
trial_2,20,0.093681,0.733168
trial_2,21,0.019689,2.357314
trial_2,22,0.004556,0.719516
trial_2,23,0.253238,1.335162
trial_2,24,0.358571,1.785096
trial_2,25,0.067672,0.949595
trial_2,26,0.336796,2.542331
trial_2,27,0.202824,0.848831
trial_2,28,3.105323,7.113884
trial_2,29,0.054518,1.107135
trial_2,30,0.014450,0.993419
trial_2,31,0.242008,0.934175
trial_2,32,0.085701,0.764961
trial_2,33,0.136557,1.190184
trial_2,34,0.105145,7.246826
trial_2,35,0.644728,1.671659
trial_2,36,0.407457,1.785356
trial_2,37,0.159518,2.557231
trial_2,38,0.338180,1.446710
trial_2,39,0.046545,1.942146
trial_2,40,0.170490,1.770842
trial_2,41,0.008393,0.853563
trial_2,42,0.140821,0.777966
trial_2,43,0.306353,0.830847
trial_2,44,0.100138,0.852153
trial_2,45,0.026087,1.166826
trial_2,46,0.028037,1.355006
trial_2,47,0.259974,1.446634
trial_2,48,0.189589,0.864008
trial_2,49,0.336583,1.292010
trial_2,50,0.048073,0.857035
trial_2,51,0.117315,0.844164
trial_2,52,0.233407,0.955990
trial_2,53,0.583006,2.564268
trial_2,54,0.191647,1.959550
trial_2,55,0.105101,0.787966
trial_2,56,0.013184,0.844310
trial_2,57,0.270023,0.835052
trial_2,58,0.014019,1.194033
trial_2,59,0.094878,0.738059
trial_2,60,0.327646,4.903192
trial_2,61,0.041403,0.626015
trial_2,62,0.041273,1.006059
trial_2,63,0.032402,0.938265
trial_2,64,0.184535,0.779872
trial_2,65,0.252733,1.320966
trial_2,66,0.052493,0.836605
trial_2,67,0.094062,0.673330
trial_2,68,0.531528,3.496323
trial_2,69,0.038215,0.779299
trial_2,70,0.060406,0.804889
trial_2,71,0.081417,2.406810
trial_2,72,0.091859,0.797516
trial_2,73,0.124976,0.596376
trial_2,74,0.304396,0.782591
trial_2,75,0.245511,0.719183
trial_2,76,0.084094,1.153167
trial_2,77,0.059867,0.767599
trial_2,78,0.225651,0.679103
trial_2,79,0.061732,0.613062
trial_2,80,0.254782,0.778122
trial_2,81,0.061472,3.059773
trial_2,82,0.346392,5.499559
trial_2,83,0.338050,0.997924
trial_2,84,0.878133,6.813218
trial_2,85,0.533000,6.092662
trial_2,86,0.058556,2.061937
trial_2,87,0.062052,1.228309
trial_2,88,0.069720,1.051201
trial_2,89,0.163071,1.067289
trial_2,90,0.390989,1.017833
trial_2,91,0.332104,0.858526
trial_2,92,0.001400,1.252513
trial_2,93,0.012011,2.396559
trial_2,94,0.019955,1.079881
trial_2,95,0.091301,0.836906
trial_2,96,0.077927,0.899657
trial_2,97,0.092307,0.914314
trial_2,98,0.136644,2.540452
trial_2,99,0.184946,1.227030
trial_2,100,0.307337,1.021409
trial_2,101,0.138870,1.014559
trial_2,102,0.014399,1.183123
trial_2,103,0.127360,0.984562
trial_2,104,0.098905,0.968506
trial_2,105,0.010353,0.926340
trial_2,106,0.214670,0.909326
trial_2,107,0.090268,0.722732
trial_2,108,0.509024,5.499638
trial_2,109,0.292738,1.948041
trial_2,110,0.182088,1.677370
trial_2,111,0.526099,1.157876
trial_2,112,0.047212,1.377726
trial_2,113,0.001058,2.067674
trial_2,114,0.084489,0.917456
trial_2,115,0.120392,1.963353
trial_2,116,0.218441,1.024511
trial_2,117,0.282454,1.023615
trial_2,118,0.255601,1.024016
trial_2,119,0.464682,2.956522
trial_2,120,0.049211,1.502376
trial_2,121,0.018300,1.031436
trial_2,122,0.082832,0.737047
trial_2,123,0.250156,0.926762
trial_2,124,0.442397,1.303311
trial_2,125,0.023288,1.015109
trial_2,126,0.179509,2.033803
trial_2,127,0.461817,1.255040
trial_2,128,0.058386,0.840749
trial_2,129,0.206072,1.729335
trial_2,130,0.384531,3.271027
trial_2,131,0.050868,0.949465
trial_2,132,0.422227,1.651029
trial_2,133,0.399705,3.922022
trial_2,134,0.098391,1.168122
trial_2,135,0.000544,0.928495
trial_2,136,0.018528,1.053211
trial_2,137,0.424762,3.147026
trial_2,138,0.103649,0.744155
trial_2,139,0.101941,0.785634
trial_2,140,0.447013,0.845743
trial_2,141,0.164604,1.343485
trial_2,142,0.338312,1.446416
trial_2,143,0.693946,2.553178
trial_2,144,0.077467,0.984788
trial_2,145,0.293666,1.048173
trial_2,146,0.080697,1.444808
trial_2,147,0.178672,2.599545
trial_2,148,0.409283,1.050033
trial_2,149,0.144804,2.839218
trial_2,150,0.160779,0.956222
trial_2,151,0.218608,1.164365
trial_2,152,0.056318,1.628706
trial_2,153,0.389976,1.212304
trial_2,154,0.113405,0.973328
trial_2,155,0.172161,1.118482
trial_2,156,0.221553,0.952714
trial_2,157,0.007505,2.381163
trial_2,158,0.247737,1.633488
trial_2,159,0.134332,0.853391
trial_2,160,0.276818,1.840991
trial_2,161,0.136351,0.921159
trial_2,162,0.130200,0.664442
trial_2,163,0.071618,1.095040
trial_2,164,0.410843,0.845193
trial_2,165,0.470559,1.594961
trial_2,166,0.156808,1.094789
trial_2,167,0.084611,0.662599
trial_2,168,0.082129,0.980871
trial_2,169,0.137670,0.773095
trial_2,170,0.026853,0.837593
trial_2,171,0.024710,1.833645
trial_2,172,0.231468,0.719450
trial_2,173,0.214573,0.695813
trial_2,174,0.324843,0.963820
trial_2,175,0.052248,0.680577
trial_2,176,0.079348,0.737795
trial_2,177,0.148895,1.767598
trial_2,178,0.052346,0.807118
trial_2,179,0.025264,0.781427
trial_2,180,0.166029,2.453618
trial_2,181,0.421948,2.249058
trial_2,182,0.016934,0.662539
trial_2,183,0.173574,0.655544
trial_2,184,0.043320,1.630638
trial_2,185,0.315602,0.698795
trial_2,186,0.386001,0.782828
trial_2,187,0.057537,1.632289
trial_2,188,0.012231,0.679375
trial_2,189,0.030892,1.222269
trial_2,190,0.124693,0.758806
trial_2,191,0.029506,0.568557
trial_2,192,0.167208,0.768296
trial_2,193,0.105355,0.594817
trial_2,194,0.175822,0.699368
trial_2,195,0.298128,0.669982
trial_2,196,0.621893,1.222136
trial_2,197,0.218184,0.666436
trial_2,198,0.392418,0.765466
trial_2,199,0.070666,1.663908
trial_2,200,0.321182,0.805211
trial_2,201,0.026885,0.920149
trial_2,202,0.062988,0.555369
trial_2,203,0.121953,0.732904
trial_2,204,0.193703,1.067190
trial_2,205,0.057732,1.103751
trial_2,206,0.081968,0.725437
trial_2,207,0.035159,0.517187
trial_2,208,0.173771,0.827354
trial_2,209,0.162205,3.730969
trial_2,210,0.590857,3.541062
trial_2,211,0.260914,1.681724
trial_2,212,0.140125,0.912317
trial_2,213,0.163115,0.709334
trial_2,214,0.317959,0.862255
trial_2,215,0.089846,0.789809
trial_2,216,0.107712,0.612641
trial_2,217,0.054192,0.763539
trial_2,218,0.114224,2.620055
trial_2,219,0.107558,10.364532
trial_2,220,0.764711,2.301055
trial_2,221,0.217621,1.153224
trial_2,222,0.295543,0.865862
trial_2,223,0.256435,0.804223
trial_2,224,0.037892,0.623047
trial_2,225,0.239779,1.411856
trial_2,226,0.439592,1.251480
trial_2,227,0.021388,0.993303
trial_2,228,0.113006,0.991271
trial_2,229,0.147115,2.202769
trial_2,230,0.041699,1.216217
trial_2,231,0.252171,1.747536
trial_2,232,0.099464,1.216713
trial_2,233,0.267658,1.244026
trial_2,234,0.078119,0.810904
trial_2,235,0.189197,1.836092
trial_2,236,0.417661,0.841027
trial_2,237,0.161659,1.426450
trial_2,238,0.381457,0.938254
trial_2,239,0.074666,0.813540
trial_2,240,0.011789,2.249826
trial_2,241,0.368277,0.714248
trial_2,242,0.044253,0.631472
trial_2,243,0.027589,1.360364
trial_2,244,0.114492,2.074208
trial_2,245,0.808015,3.121330
trial_2,246,0.120450,0.987240
trial_2,247,0.141892,0.881182
trial_2,248,0.384817,0.868581
trial_2,249,0.233865,0.948500
trial_2,250,0.187223,1.104785
trial_2,251,0.383922,0.917518
trial_2,252,0.106348,0.848598
trial_2,253,0.275193,1.000641
trial_2,254,0.034402,2.518072
trial_2,255,0.399476,4.861564
trial_2,256,0.114252,0.990476
trial_2,257,0.583070,2.852379
trial_2,258,0.312091,0.961606
trial_2,259,0.135020,0.909121
trial_2,260,0.296054,0.884326
trial_2,261,0.019000,1.151506
trial_2,262,0.360180,1.361224
trial_2,263,0.254541,1.231094
trial_2,264,0.334629,1.097292
trial_2,265,0.125763,1.126001
trial_2,266,0.140284,0.884362
trial_2,267,0.214931,2.305926
trial_2,268,0.002170,0.736107
trial_2,269,0.105094,0.967783
trial_2,270,0.084646,0.615973
trial_2,271,0.001275,0.821996
trial_2,272,0.164934,0.745706
trial_2,273,0.064685,0.830868
trial_2,274,0.439604,0.833711
trial_2,275,0.152570,0.822228
trial_2,276,0.583242,2.587175
trial_2,277,0.181495,1.385139
trial_2,278,0.112551,0.656367
trial_2,279,0.168216,0.608862
trial_2,280,0.295056,1.545374
trial_2,281,0.350719,2.166034
trial_2,282,0.995680,2.663285
trial_2,283,0.006080,1.364894
trial_2,284,0.230203,0.820480
trial_2,285,0.049493,0.710812
trial_2,286,0.360808,1.458805
trial_2,287,0.076367,0.911884
trial_2,288,0.149466,2.200983
trial_2,289,0.182672,1.003927
trial_2,290,0.182748,0.897181
trial_2,291,0.032131,0.971244
trial_2,292,0.066216,1.347312
trial_2,293,0.106387,1.425568
trial_2,294,0.186958,0.664534
trial_2,295,0.065884,0.737411
trial_2,296,0.207933,1.923563
trial_2,297,0.001481,0.603521
trial_2,298,0.103705,1.240427
trial_2,299,0.412985,0.692557
trial_2,300,0.082111,0.616331
trial_2,301,0.039157,0.671838
trial_2,302,0.184772,1.189668
trial_2,303,0.022766,1.068183
trial_2,304,0.074459,0.601905
trial_2,305,0.015943,0.865692
trial_2,306,0.131096,0.777671
trial_2,307,0.384110,1.155320
trial_2,308,0.510029,2.322194
trial_2,309,0.203798,1.020173
trial_2,310,0.111411,1.379489
trial_2,311,0.546454,2.038416
trial_2,312,1.191861,4.429930
trial_2,313,0.319051,0.999931
trial_2,314,0.157703,1.150381
trial_2,315,0.098838,1.059272
trial_2,316,0.139427,1.007396
trial_2,317,0.211799,0.948383
trial_2,318,0.144491,0.723675
trial_2,319,0.029028,1.450287
trial_2,320,0.276773,2.643647
trial_2,321,0.688780,3.031032
trial_2,322,0.363198,1.277683
trial_2,323,0.262761,1.620155
trial_2,324,0.409770,1.060576
trial_2,325,0.082662,0.960348
trial_2,326,0.147186,0.987936
trial_2,327,0.371147,1.526974
trial_2,328,0.462635,1.257838
trial_2,329,0.501427,3.900037
trial_2,330,0.457737,1.913036
trial_2,331,0.423795,1.242411
trial_2,332,0.070062,0.915127
trial_2,333,0.112594,1.396064
trial_2,334,0.348620,0.797926
trial_2,335,0.049524,1.302259
trial_2,336,0.216855,0.926045
trial_2,337,0.336507,1.432858
trial_2,338,0.020053,2.111327
trial_2,339,0.306979,0.876351
trial_2,340,0.352364,0.809432
trial_2,341,0.659973,5.921141
trial_2,342,0.422463,0.813925
trial_2,343,0.213455,1.521996
trial_2,344,0.136539,2.594520
trial_2,345,4.063606,15.311206
trial_2,346,0.856182,3.059947
trial_2,347,0.277569,1.134601
trial_2,348,0.190997,2.842409
trial_2,349,0.136869,0.708650
trial_2,350,0.245386,1.646325
trial_2,351,0.439162,2.886057
trial_2,352,0.199134,1.214528
trial_2,353,0.275898,1.209154
trial_2,354,0.338784,1.269539
trial_2,355,0.064272,0.790587
trial_2,356,0.272254,0.762778
trial_2,357,0.038455,2.497902
trial_2,358,0.242323,0.865771
trial_2,359,0.222036,0.847419
trial_2,360,0.002119,0.700811
trial_2,361,0.295617,3.983256
trial_2,362,0.178805,2.488711
trial_2,363,0.086334,1.084501
trial_2,364,0.099617,0.621734
trial_2,365,0.095240,0.713965
trial_2,366,0.205263,1.290079
trial_2,367,0.177348,0.658804
trial_2,368,0.207948,0.727228
trial_2,369,0.137358,0.629636
trial_2,370,0.062032,1.452769
trial_2,371,0.122619,1.114303
trial_2,372,0.169796,0.807231
trial_2,373,0.263594,1.266600
trial_2,374,0.183361,2.453633
trial_2,375,0.128914,0.634095
trial_2,376,0.265663,0.883661
trial_2,377,0.134658,0.668775
trial_2,378,0.000922,0.616505
trial_2,379,0.263899,0.724774
trial_2,380,0.007454,1.301889
trial_2,381,0.084642,0.560750
trial_2,382,0.129085,0.608046
trial_2,383,0.005538,1.279028
trial_2,384,0.187131,0.484273
trial_2,385,0.135686,1.505844
trial_2,386,1.098499,3.125287
trial_2,387,0.346983,3.317705
trial_2,388,0.098565,0.870279
trial_2,389,0.165924,0.804628
trial_2,390,0.115501,1.130982
trial_2,391,0.068393,1.195868
trial_2,392,0.288337,1.604089
trial_2,393,0.290771,1.401905
trial_2,394,0.127897,1.146167
trial_2,395,0.244405,0.805129
trial_2,396,0.130932,0.740017
trial_2,397,0.020641,0.704856
trial_2,398,0.096002,1.004561
trial_2,399,0.308172,1.072096
trial_2,400,0.040552,1.183735
trial_2,401,0.168433,1.081377
trial_2,402,0.334039,2.332644
trial_2,403,0.026148,0.733762
trial_2,404,0.337847,0.766363
trial_2,405,0.025340,0.711869
trial_2,406,0.072487,0.604171
trial_2,407,0.063741,0.585900
trial_2,408,0.165411,0.660813
trial_2,409,0.296663,1.350630
trial_2,410,0.226645,0.877998
trial_2,411,0.275961,1.413890
trial_2,412,0.116973,0.612911
trial_2,413,0.181863,1.917922
trial_2,414,0.037785,0.882599
trial_2,415,0.099751,1.052945
trial_2,416,0.858107,5.490103
trial_2,417,0.167145,0.885517
trial_2,418,0.689465,1.087234
trial_2,419,0.200548,2.527333
trial_2,420,0.150266,1.089764
trial_2,421,0.185683,0.838378
trial_2,422,0.134808,1.332695
trial_2,423,0.110527,0.684016
trial_2,424,0.041155,0.652651
trial_2,425,0.071002,0.515789
trial_2,426,0.096752,0.668692
trial_2,427,0.030041,1.043951
trial_2,428,0.062831,1.082675
trial_2,429,0.039883,0.829534
trial_2,430,0.023306,0.669758
trial_2,431,0.081269,1.220837
trial_2,432,0.257014,0.966302
trial_2,433,0.010624,0.745406
trial_2,434,0.701453,1.463444
trial_2,435,0.278834,4.412626
trial_2,436,0.198498,1.020724
trial_2,437,0.320230,1.827461
trial_2,438,0.215496,1.591767
trial_2,439,0.087764,1.450722
trial_2,440,0.293240,1.751639
trial_2,441,0.247201,1.673210
trial_2,442,0.027560,0.974900
trial_2,443,0.331796,0.973992
trial_2,444,0.088243,0.734081
trial_2,445,0.278308,1.159439
trial_2,446,0.047065,1.239968
trial_2,447,0.114836,1.006743
trial_2,448,0.011362,0.674396
trial_2,449,0.236341,1.742772
trial_2,450,0.150743,1.115400
trial_2,451,0.067919,1.378152
trial_2,452,0.126093,0.741128
trial_2,453,0.218730,1.460572
trial_2,454,0.315255,0.682732
trial_2,455,0.064373,1.017499
trial_2,456,0.007564,1.112968
trial_2,457,0.261249,0.616579
trial_2,458,0.387074,1.071976
trial_2,459,0.097421,1.088368
trial_2,460,0.121139,0.715445
trial_2,461,0.062636,0.631273
trial_2,462,0.097727,1.613797
trial_2,463,0.055029,0.789101
trial_2,464,0.050465,0.621568
trial_2,465,0.155397,1.040159
trial_2,466,0.049468,0.624044
trial_2,467,0.055568,1.195563
trial_2,468,0.030032,0.493068
trial_2,469,0.162845,2.930042
trial_2,470,0.102848,0.683216
trial_2,471,0.391696,0.928538
trial_2,472,0.433638,1.691796
trial_2,473,0.086491,0.786996
trial_2,474,0.125420,2.866646
trial_2,475,0.779499,3.079761
trial_2,476,0.301021,3.143946
trial_2,477,0.039743,0.702599
trial_2,478,0.144594,0.658619
trial_2,479,0.389444,0.715958
trial_2,480,0.002339,0.832221
trial_2,481,0.419630,2.454825
trial_2,482,0.220881,1.280761
trial_2,483,0.498886,2.249677
trial_2,484,0.126872,1.279846
trial_2,485,0.093866,0.738268
trial_2,486,0.120981,0.960393
trial_2,487,0.448480,1.025930
trial_2,488,0.188128,0.749148
trial_2,489,0.013055,0.703007
trial_2,490,0.113214,1.447279
trial_2,491,0.012143,0.649314
trial_2,492,0.056569,0.989588
trial_2,493,0.032914,0.930997
trial_2,494,0.235678,0.811184
trial_2,495,0.201178,0.892711
trial_2,496,0.205797,0.661319
trial_2,497,0.105408,1.080861
trial_2,498,0.078934,0.550292
trial_2,499,0.026243,1.233829
trial_2,500,0.219068,1.685472
trial_2,501,0.215498,0.447565
trial_2,502,0.051414,0.744676
trial_2,503,0.023769,0.453815
trial_2,504,0.073166,0.694473
trial_2,505,0.049718,1.154637
trial_2,506,0.253468,0.635707
trial_2,507,0.583832,2.103152
trial_2,508,0.139102,0.757966
trial_2,509,0.334259,1.077405
trial_2,510,0.047592,0.899272
trial_2,511,0.115867,0.668068
trial_2,512,0.092638,5.417580
trial_2,513,0.067645,1.219879
trial_2,514,0.225407,1.169903
trial_2,515,1.002614,3.710122
trial_2,516,0.092254,1.082220
trial_2,517,0.047348,3.129074
trial_2,518,0.056774,0.957514
trial_2,519,0.141440,1.202316
trial_2,520,0.229058,0.646611
trial_2,521,0.020909,0.557691
trial_2,522,0.104232,0.682923
trial_2,523,0.114593,1.903806
trial_2,524,0.238964,0.742812
trial_2,525,0.482386,2.005573
trial_2,526,0.117805,0.741241
trial_2,527,0.122893,0.760873
trial_2,528,0.087515,1.040091
trial_2,529,0.233625,0.698896
trial_2,530,0.223807,0.711082
trial_2,531,0.131324,1.618446
trial_2,532,0.052555,0.474749
trial_2,533,0.007532,0.679462
trial_2,534,0.047997,0.712932
trial_2,535,0.164937,0.993351
trial_2,536,0.552787,2.120577
trial_2,537,0.254409,2.172436
trial_2,538,0.155038,0.808041
trial_2,539,0.156306,1.364441
trial_2,540,0.045716,0.825140
trial_2,541,0.243613,0.903583
trial_2,542,0.102957,2.327295
trial_2,543,0.013969,0.695846
trial_2,544,0.009900,0.533166
trial_2,545,0.013649,1.250435
trial_2,546,0.233683,0.927005
trial_2,547,0.204506,0.866439
trial_2,548,0.005268,0.887864
trial_2,549,0.037436,0.732286
trial_2,550,0.035643,0.780757
trial_2,551,0.273419,0.696529
trial_2,552,0.158302,1.499323
trial_2,553,0.280489,0.694129
trial_2,554,0.163746,2.202163
trial_2,555,0.106356,0.584015
trial_2,556,0.200636,0.755396
trial_2,557,0.190964,0.594806
trial_2,558,0.183886,0.653133
trial_2,559,0.091291,0.625569
trial_2,560,0.212878,0.862768
trial_2,561,0.245386,1.218490
trial_2,562,0.651633,1.627217
trial_2,563,0.343618,0.901016
trial_2,564,0.341247,0.992285
trial_2,565,0.283197,1.595075
trial_2,566,0.030019,1.057067
trial_2,567,0.244311,1.419923
trial_2,568,0.020197,0.836594
trial_2,569,0.119482,0.605704
trial_2,570,0.387218,1.516961
trial_2,571,0.282375,0.599037
trial_2,572,0.283631,0.761482
trial_2,573,0.276975,0.602440
trial_2,574,0.108575,0.442654
trial_2,575,0.315508,2.960611
trial_2,576,0.020121,4.599056
trial_2,577,0.128085,0.577668
trial_2,578,0.517522,1.602760
trial_2,579,0.110813,0.657879
trial_2,580,0.061451,0.564154
trial_2,581,0.141722,1.075198
trial_2,582,0.022452,0.640543
trial_2,583,0.267559,1.514655
trial_2,584,0.076607,0.665175
trial_2,585,0.054807,1.056049
trial_2,586,0.041679,0.531193
trial_2,587,0.204825,0.856897
trial_2,588,0.012058,0.656526
trial_2,589,4.334313,26.610731
trial_2,590,0.018064,1.223975
trial_2,591,0.120743,1.026060
trial_2,592,0.146816,1.259197
trial_2,593,0.252547,0.830779
trial_2,594,0.243317,0.667140
trial_2,595,0.248429,1.723194
trial_2,596,0.182559,0.879686
trial_2,597,0.061882,0.804698
trial_2,598,0.074048,0.735555
trial_2,599,0.092060,0.773912
trial_2,600,0.158171,0.645422
trial_2,601,0.349540,2.224721
trial_2,602,0.093187,0.807256
trial_2,603,0.226794,1.110520
trial_2,604,0.209310,0.827300
trial_2,605,0.068319,1.029025
trial_2,606,0.071725,0.816561
trial_2,607,0.152819,0.683836
trial_2,608,0.078143,0.548096
trial_2,609,0.178958,1.490466
trial_2,610,0.172877,0.813048
trial_2,611,0.362004,0.801883
trial_2,612,0.230044,0.712466
trial_2,613,0.313269,1.319244
trial_2,614,0.468411,1.705368
trial_2,615,0.038076,0.475160
trial_2,616,0.117516,0.846237
trial_2,617,0.077606,0.847038
trial_2,618,0.362652,0.623845
trial_2,619,1.218456,6.351358
trial_2,620,0.344854,0.758067
trial_2,621,0.061094,0.579599
trial_2,622,0.519118,3.976783
trial_2,623,0.134649,0.447900
trial_2,624,0.104797,1.744489
trial_2,625,0.399195,0.943978
trial_2,626,0.295640,1.248343
trial_2,627,0.472016,1.642383
trial_2,628,0.099899,1.122176
trial_2,629,0.058058,0.712045
trial_2,630,0.189183,0.944898
trial_2,631,0.033301,1.552615
trial_2,632,0.246295,0.923624
trial_2,633,0.090471,0.696432
trial_2,634,0.369378,2.042980
trial_2,635,0.138748,1.830314
trial_2,636,0.186471,1.062236
trial_2,637,0.163724,1.603867
trial_2,638,0.054796,0.879202
trial_2,639,0.120438,1.200956
trial_2,640,0.125915,0.614770
trial_2,641,0.138958,0.742657
trial_2,642,0.105516,0.555105
trial_2,643,0.310439,2.102327
trial_2,644,0.130561,1.023716
trial_2,645,0.123980,1.236774
trial_2,646,0.346360,2.078801
trial_2,647,0.165153,1.826468
trial_2,648,0.922998,5.157617
trial_2,649,0.046956,0.830865
trial_2,650,0.123173,1.598441
trial_2,651,0.676656,1.353539
trial_2,652,0.289867,3.067328
trial_2,653,0.293525,0.822656
trial_2,654,0.213802,1.007283
trial_2,655,0.210191,0.755994
trial_2,656,0.278691,1.752477
trial_2,657,0.365538,2.364251
trial_2,658,0.096242,1.286004
trial_2,659,0.376386,1.456462
trial_2,660,0.026370,0.810588
trial_2,661,0.002882,1.145107
trial_2,662,0.422249,1.086245
trial_2,663,0.216394,0.998207
trial_2,664,0.052451,0.686321
trial_2,665,0.366499,3.322127
trial_2,666,0.443894,2.279048
trial_2,667,0.082365,0.666059
trial_2,668,0.377068,0.739263
trial_2,669,0.120847,0.735217
trial_2,670,0.051384,0.565948
trial_2,671,0.175670,0.931875
trial_2,672,0.163976,0.663044
trial_2,673,1.584226,9.325380
trial_2,674,0.039639,0.848674
trial_2,675,0.317137,1.002845
trial_2,676,0.419535,6.212923
trial_2,677,0.152741,1.007344
trial_2,678,0.482848,1.294009
trial_2,679,0.719195,2.663677
trial_2,680,0.250566,0.678281
trial_2,681,0.045301,0.639300
trial_2,682,0.027382,1.235195
trial_2,683,0.217241,0.803697
trial_2,684,1.063143,4.506779
trial_2,685,0.469189,2.749607
trial_2,686,0.036320,0.649267
trial_2,687,0.154266,0.756766
trial_2,688,0.233713,0.678748
trial_2,689,0.011485,1.266832
trial_2,690,0.143656,1.078528
trial_2,691,0.302621,0.604490
trial_2,692,0.134183,0.503491
trial_2,693,0.128872,0.887016
trial_2,694,0.267134,1.006281
trial_2,695,0.033299,0.924108
trial_2,696,0.052718,1.617832
trial_2,697,0.008041,1.743612
trial_2,698,0.043346,0.557273
trial_2,699,0.025471,0.613262
trial_2,700,0.170460,0.713583
trial_2,701,0.188839,1.150247
trial_2,702,0.043579,0.868458
trial_2,703,0.027960,1.599466
trial_2,704,0.167956,0.630500
trial_2,705,0.069225,0.527113
trial_2,706,0.045988,1.225064
trial_2,707,0.025849,0.822296
trial_2,708,0.295095,0.744409
trial_2,709,0.275841,2.702420
trial_2,710,0.060298,1.065134
trial_2,711,0.336843,1.215606
trial_2,712,0.229177,0.827457
trial_2,713,0.452388,2.988928
trial_2,714,0.118549,0.524129
trial_2,715,0.145166,0.625023
trial_2,716,0.087472,1.717194
trial_2,717,0.132275,0.638238
trial_2,718,0.009789,1.401809
trial_2,719,0.243401,0.548753
trial_2,720,0.022498,1.992085
trial_2,721,0.230448,0.646616
trial_2,722,0.135362,0.746414
trial_2,723,0.020630,0.437798
trial_2,724,0.197156,4.641080
trial_2,725,0.607217,1.823415
trial_2,726,0.309203,1.873807
trial_2,727,0.046414,0.948160
trial_2,728,0.126969,0.653276
trial_2,729,0.322892,0.717507
trial_2,730,0.158222,0.687765
trial_2,731,0.152434,1.294285
trial_2,732,0.057790,1.195939
trial_2,733,0.074363,0.648620
trial_2,734,0.090159,0.662785
trial_2,735,0.313674,1.537247
trial_2,736,0.206325,0.936027
trial_2,737,0.086885,0.982420
trial_2,738,0.499436,2.037201
trial_2,739,0.186515,0.706979
trial_2,740,0.095719,0.464816
trial_2,741,0.211659,0.839253
trial_2,742,0.228701,0.725502
trial_2,743,0.600683,3.578700
trial_2,744,0.010185,0.916446
trial_2,745,0.241768,0.714361
trial_2,746,0.270080,0.718570
trial_2,747,0.034205,0.665512
trial_2,748,0.139616,0.918540
trial_2,749,0.102248,1.037846
trial_2,750,0.092577,0.705884
trial_2,751,0.107183,1.159498
trial_2,752,0.017491,0.543775
trial_2,753,0.028274,1.616642
trial_2,754,0.077589,0.610263
trial_2,755,0.068856,0.732655
trial_2,756,0.070181,0.550278
trial_2,757,0.005926,1.099946
trial_2,758,0.013024,1.093798
trial_2,759,0.318583,1.623670
trial_2,760,0.301878,1.281981
trial_2,761,0.167025,1.068483
trial_2,762,0.246551,1.034510
trial_2,763,0.070768,0.825436
trial_2,764,0.170908,1.601472
trial_2,765,0.065741,1.192329
trial_2,766,0.150632,1.709296
trial_2,767,0.177072,1.148056
trial_2,768,0.185402,0.738111
trial_2,769,0.492728,1.047054
trial_2,770,1.214446,4.632988
trial_2,771,0.000415,0.774620
trial_2,772,1.261440,14.149406
trial_2,773,0.134058,1.481472
trial_2,774,0.036033,2.065410
trial_2,775,0.055840,1.179443
trial_2,776,0.281095,2.339011
trial_2,777,0.208208,1.244265
trial_2,778,0.142916,1.195351
trial_2,779,0.271396,1.319514
trial_2,780,0.068456,0.963810
trial_2,781,0.091114,1.049286
trial_2,782,0.061589,1.048682
trial_2,783,0.472812,1.244368
trial_2,784,0.111805,0.703677
trial_2,785,0.051572,0.816077
trial_2,786,0.559287,1.427192
trial_2,787,0.562421,1.049808
trial_2,788,0.212460,2.941243
trial_2,789,0.025331,0.800681
trial_2,790,0.053817,1.087728
trial_2,791,0.177629,0.951449
trial_2,792,0.137477,0.632342
trial_2,793,0.492219,1.264256
trial_2,794,0.229031,3.626788
trial_2,795,0.323709,2.234360
trial_2,796,0.352988,0.897619
trial_2,797,0.108795,0.728175
trial_2,798,0.102673,0.848486
trial_2,799,0.075162,0.580281
trial_2,800,0.465530,0.984136
trial_2,801,0.219994,1.094121
trial_2,802,0.044215,0.642188
trial_2,803,0.035625,0.546302
trial_2,804,0.060282,0.653266
trial_2,805,0.019227,1.650671
trial_2,806,0.036169,2.328012
trial_2,807,0.248179,0.546563
trial_2,808,0.135918,0.512487
trial_2,809,0.071919,0.441617
trial_2,810,0.161603,0.625026
trial_2,811,0.064574,0.818273
trial_2,812,0.151074,1.807026
trial_2,813,0.019944,2.402926
trial_2,814,0.001572,3.509561
trial_2,815,0.090807,0.413495
trial_2,816,0.408976,1.000487
trial_2,817,0.115287,0.662186
trial_2,818,0.342007,2.584278
trial_2,819,0.068260,1.417740
trial_2,820,1.191070,5.348238
trial_2,821,0.195230,0.816165
trial_2,822,0.025309,1.217751
trial_2,823,0.102523,1.233041
trial_2,824,0.121989,0.462593
trial_2,825,0.121153,1.247574
trial_2,826,0.184396,3.390532
trial_2,827,0.280115,1.498529
trial_2,828,0.037229,0.906177
trial_2,829,0.198986,1.123903
trial_2,830,0.149278,0.526209
trial_2,831,0.362075,2.360568
trial_2,832,0.144163,0.761994
trial_2,833,0.118549,1.333787
trial_2,834,0.240977,1.480021
trial_2,835,0.261653,0.649182
trial_2,836,0.236023,0.536531
trial_2,837,0.568500,1.853275
trial_2,838,0.160411,1.152830
trial_2,839,0.398415,1.293530
trial_2,840,0.173577,1.149068
trial_2,841,0.043776,2.025713
trial_2,842,0.057326,0.646639
trial_2,843,0.464641,1.134529
trial_2,844,0.231285,0.620001
trial_2,845,0.122132,0.893812
trial_2,846,0.217987,0.562194
trial_2,847,0.232992,1.103183
trial_2,848,0.079204,1.705826
trial_2,849,0.161299,0.610245
trial_2,850,0.208345,1.247222
trial_2,851,0.133730,0.829815
trial_2,852,0.344514,1.841496
trial_2,853,0.118804,0.464875
trial_2,854,0.411929,0.636241
trial_2,855,0.026629,1.295571
trial_2,856,0.000510,2.313153
trial_2,857,0.024227,1.027428
trial_2,858,0.123487,0.521808
trial_2,859,0.039878,0.911706
trial_2,860,0.153167,0.680407
trial_2,861,0.237440,0.604453
trial_2,862,0.025875,0.612213
trial_2,863,0.107756,0.574524
trial_2,864,0.238534,0.731345
trial_2,865,0.021897,0.706404
trial_2,866,0.250275,1.849024
trial_2,867,0.211936,0.804101
trial_2,868,0.018582,1.227595
trial_2,869,0.765059,2.533629
trial_2,870,0.260122,0.638858
trial_2,871,0.370268,1.497943
trial_2,872,0.033612,1.988674
trial_2,873,0.082017,0.587639
trial_2,874,0.230400,0.649139
trial_2,875,0.055855,0.977052
trial_2,876,0.064847,1.173779
trial_2,877,0.356070,0.664540
trial_2,878,0.066816,0.635350
trial_2,879,0.086172,0.411337
trial_2,880,0.178076,1.389705
trial_2,881,0.031070,0.672811
trial_2,882,0.169308,0.660535
trial_2,883,0.072687,0.424114
trial_2,884,0.040058,1.530755
trial_2,885,0.054726,0.702270
trial_2,886,0.000205,0.587221
trial_2,887,0.365231,5.773422
trial_2,888,0.047025,1.219811
trial_2,889,0.165729,0.685066
trial_2,890,0.352340,1.426572
trial_2,891,0.428658,0.816956
trial_2,892,0.196325,0.616942
trial_2,893,0.217071,0.907881
trial_2,894,0.146566,1.278434
trial_2,895,0.162973,0.854677
trial_2,896,0.133713,1.406077
trial_2,897,0.203696,0.599803
trial_2,898,0.138807,0.773982
trial_2,899,0.084169,1.215460
trial_2,900,0.196574,0.849060
trial_2,901,0.197041,0.765740
trial_2,902,0.007517,1.790761
trial_2,903,0.240815,1.341862
trial_2,904,0.143106,1.144631
trial_2,905,0.118063,1.803776
trial_2,906,0.215353,1.121825
trial_2,907,0.084455,0.991832
trial_2,908,0.108377,0.533405
trial_2,909,0.727870,3.706683
trial_2,910,0.099688,0.685622
trial_2,911,0.173080,0.735482
trial_2,912,0.330623,1.147908
trial_2,913,0.238219,1.335862
trial_2,914,0.127484,1.125522
trial_2,915,0.038480,0.770748
trial_2,916,0.090243,0.812978
trial_2,917,0.028609,1.153008
trial_2,918,0.019774,1.394133
trial_2,919,0.431583,2.020841
trial_2,920,0.473443,1.466682
trial_2,921,0.132075,0.731988
trial_2,922,0.179005,0.839533
trial_2,923,0.419793,1.310779
trial_2,924,0.154127,4.740825
trial_2,925,0.371287,3.994348
trial_2,926,0.022462,1.725327
trial_2,927,0.281140,2.910357
trial_2,928,0.213348,1.887286
trial_2,929,0.421328,1.577787
trial_2,930,0.067181,0.994677
trial_2,931,0.232550,4.627699
trial_2,932,0.031370,0.908639
trial_2,933,0.012489,2.452415
trial_2,934,0.053102,1.566546
trial_2,935,0.334193,1.031062
trial_2,936,1.015461,4.162885
trial_2,937,0.304207,3.449712
trial_2,938,0.042809,0.786843
trial_2,939,0.067742,1.647202
trial_2,940,0.248870,1.221696
trial_2,941,0.185928,1.093289
trial_2,942,0.311644,1.309244
trial_2,943,0.533297,1.286259
trial_2,944,0.196895,1.215033
trial_2,945,0.098377,1.093183
trial_2,946,0.058038,0.799070
trial_2,947,0.052050,0.905963
trial_2,948,0.415346,2.011529
trial_2,949,0.320507,2.881312
trial_2,950,0.049243,0.754172
trial_2,951,0.166121,0.819134
trial_2,952,0.077715,1.089793
trial_2,953,0.352887,1.156582
trial_2,954,0.201698,1.127358
trial_2,955,0.155627,1.300708
trial_2,956,0.177085,1.135564
trial_2,957,0.669520,2.996321
trial_2,958,0.223283,1.075897
trial_2,959,0.132431,1.525738
trial_2,960,0.171647,1.859024
trial_2,961,0.013099,2.541582
trial_2,962,0.767340,11.830199
trial_2,963,0.125155,2.259970
trial_2,964,0.119133,0.998750
trial_2,965,0.148248,1.148181
trial_2,966,0.169892,1.575017
trial_2,967,0.365804,2.159522
trial_2,968,0.214768,1.029224
trial_2,969,0.013436,0.924635
trial_2,970,0.286365,0.970614
trial_2,971,0.220040,1.003784
trial_2,972,0.824499,3.172268
trial_2,973,0.276007,0.921050
trial_2,974,0.122133,2.120684
trial_2,975,0.280540,1.624053
trial_2,976,0.039051,0.971354
trial_2,977,0.387251,1.125962
trial_2,978,0.031500,1.060217
trial_2,979,0.134638,0.710305
trial_2,980,0.268316,1.058381
trial_2,981,0.213897,1.027130
trial_2,982,0.125656,1.173837
trial_2,983,0.348694,0.686496
trial_2,984,0.329416,1.196383
trial_2,985,0.470609,1.480553
trial_2,986,0.048290,1.124436
trial_2,987,0.020128,0.770219
trial_2,988,0.254842,4.873266
trial_2,989,0.249846,1.174846
trial_2,990,0.501389,4.936941
trial_2,991,0.364342,1.053870
trial_2,992,0.203674,1.179266
trial_2,993,0.381650,0.866277
trial_2,994,0.177497,0.880186
trial_2,995,0.140968,1.067673
trial_2,996,0.016128,1.234176
trial_2,997,0.436695,6.470973
trial_2,998,0.253069,0.800034
trial_2,999,0.017702,0.519695
trial_2,1000,0.345457,1.164680
trial_3,1,0.137093,0.787072
trial_3,2,0.130297,0.669245
trial_3,3,0.266960,0.782230
trial_3,4,0.081738,0.714225
trial_3,5,0.088080,1.102928
trial_3,6,0.101574,0.737781
trial_3,7,0.255228,0.775461
trial_3,8,0.024032,0.996914
trial_3,9,0.745945,4.380693
trial_3,10,0.191941,1.847890
trial_3,11,0.082833,0.688654
trial_3,12,0.234780,1.005903
trial_3,13,0.779651,5.795891
trial_3,14,0.289294,0.872005
trial_3,15,0.074153,0.771083
trial_3,16,0.021656,1.043812
trial_3,17,0.136897,0.999170
trial_3,18,0.002970,1.089800
trial_3,19,0.126808,1.176002
trial_3,20,0.079969,0.932769
trial_3,21,0.195839,1.791388
trial_3,22,0.019953,0.749516
trial_3,23,0.128800,0.876441
trial_3,24,0.059263,1.104444
trial_3,25,0.277181,1.370756
trial_3,26,0.201168,2.255911
trial_3,27,0.180799,0.832533
trial_3,28,1.951357,7.642346
trial_3,29,0.000979,1.199118
trial_3,30,0.017766,1.175875
trial_3,31,0.065414,0.883585
trial_3,32,0.152439,0.840924
trial_3,33,0.233358,1.125796
trial_3,34,0.061845,8.175099
trial_3,35,0.672989,3.273838
trial_3,36,0.024996,3.014176
trial_3,37,0.204202,4.214983
trial_3,38,0.035097,1.101764
trial_3,39,0.025961,1.727525
trial_3,40,0.095745,2.187587
trial_3,41,0.052297,0.786754
trial_3,42,0.044368,0.631694
trial_3,43,0.419831,0.818155
trial_3,44,0.223622,1.113046
trial_3,45,0.026121,1.343944
trial_3,46,0.002017,1.159030
trial_3,47,0.622971,2.073315
trial_3,48,0.188631,0.736420
trial_3,49,0.169416,1.430458
trial_3,50,0.445665,1.214175
trial_3,51,0.210390,1.239118
trial_3,52,0.398075,1.050911
trial_3,53,0.223878,2.198803
trial_3,54,0.103845,1.413415
trial_3,55,0.335440,1.148864
trial_3,56,0.203484,0.863824
trial_3,57,0.273632,0.823020
trial_3,58,0.198029,1.099547
trial_3,59,0.020438,0.677142
trial_3,60,0.409370,5.552148
trial_3,61,0.136366,0.771001
trial_3,62,0.239933,1.047533
trial_3,63,0.014238,1.072567
trial_3,64,0.038748,0.723794
trial_3,65,0.130059,2.261364
trial_3,66,0.350738,1.296516
trial_3,67,0.624952,1.074784
trial_3,68,1.308114,7.855070
trial_3,69,0.372258,0.737965
trial_3,70,0.255707,0.659893
trial_3,71,0.203315,1.892666
trial_3,72,0.219374,0.694206
trial_3,73,0.152744,0.870684
trial_3,74,0.163176,0.573595
trial_3,75,0.082296,0.503988
trial_3,76,0.209158,1.442328
trial_3,77,0.137772,0.490088
trial_3,78,0.468748,0.836243
trial_3,79,0.066505,0.297009
trial_3,80,0.276738,0.613573
trial_3,81,1.334290,4.834818
trial_3,82,0.372849,2.346716
trial_3,83,0.337816,1.383654
trial_3,84,0.842123,4.503815
trial_3,85,0.138007,3.442242
trial_3,86,0.155318,2.409934
trial_3,87,0.252316,2.040276
trial_3,88,0.166401,1.023146
trial_3,89,0.022897,1.130101
trial_3,90,0.161367,0.787961
trial_3,91,0.159770,0.992831
trial_3,92,0.010253,1.347928
trial_3,93,0.018182,2.886091
trial_3,94,0.084059,0.775594
trial_3,95,0.126894,0.714361
trial_3,96,0.196852,1.278870
trial_3,97,0.049687,1.188053
trial_3,98,0.282614,2.460704
trial_3,99,0.790870,1.586564
trial_3,100,0.276917,1.135322
trial_3,101,0.038843,1.171298
trial_3,102,0.156823,1.576570
trial_3,103,0.059481,0.685978
trial_3,104,0.125317,0.790173
trial_3,105,0.319986,1.144228
trial_3,106,0.102695,1.113464
trial_3,107,0.028815,0.520018
trial_3,108,0.660426,5.583523
trial_3,109,0.099015,1.734334
trial_3,110,0.460907,1.982453
trial_3,111,0.404191,1.338651
trial_3,112,0.491192,1.572286
trial_3,113,0.482407,2.604901
trial_3,114,0.234449,1.582724
trial_3,115,0.935499,5.035587
trial_3,116,0.213290,1.149991
trial_3,117,0.060207,1.164338
trial_3,118,0.000885,0.949933
trial_3,119,0.095537,2.488934
trial_3,120,0.463594,2.059642
trial_3,121,0.046920,1.221710
trial_3,122,0.006926,0.693114
trial_3,123,0.067698,1.021275
trial_3,124,0.384234,1.406506
trial_3,125,0.088966,0.943758
trial_3,126,0.601740,2.083837
trial_3,127,0.814208,1.405717
trial_3,128,0.037445,1.025071
trial_3,129,0.234021,2.703540
trial_3,130,1.197000,4.306838
trial_3,131,0.065387,1.012671
trial_3,132,0.090603,2.264783
trial_3,133,0.207842,4.201127
trial_3,134,0.089140,1.878902
trial_3,135,0.093009,0.872189
trial_3,136,0.011163,1.141832
trial_3,137,0.626780,2.268943
trial_3,138,0.235638,1.117811
trial_3,139,0.222780,1.230855
trial_3,140,0.116512,1.095639
trial_3,141,0.373395,1.481650
trial_3,142,0.114536,1.413497
trial_3,143,0.314879,2.749034
trial_3,144,0.130352,1.233979
trial_3,145,0.149333,1.086111
trial_3,146,0.099900,1.593370
trial_3,147,0.756407,4.313743
trial_3,148,0.082570,1.338207
trial_3,149,0.930420,4.087196
trial_3,150,0.161388,1.423025
trial_3,151,0.119396,1.563951
trial_3,152,0.034348,1.678252
trial_3,153,0.337692,1.475357
trial_3,154,0.130718,1.351405
trial_3,155,0.194735,1.267666
trial_3,156,0.400325,1.014025
trial_3,157,0.563462,3.128238
trial_3,158,0.022980,2.189345
trial_3,159,0.007926,0.721370
trial_3,160,0.044232,1.432186
trial_3,161,0.232623,1.013257
trial_3,162,0.141322,0.674990
trial_3,163,0.275913,1.380038
trial_3,164,0.168571,0.791216
trial_3,165,0.161254,1.217061
trial_3,166,0.080142,1.861295
trial_3,167,0.092128,0.673814
trial_3,168,0.287256,0.964239
trial_3,169,0.175937,0.755727
trial_3,170,0.085599,1.010164
trial_3,171,0.581843,1.582507
trial_3,172,0.230928,0.817861
trial_3,173,0.078819,0.710448
trial_3,174,0.038894,0.986987
trial_3,175,0.186263,0.748760
trial_3,176,0.364037,0.911671
trial_3,177,0.430311,2.126877
trial_3,178,0.135150,0.841683
trial_3,179,0.050154,0.833619
trial_3,180,0.576111,3.386213
trial_3,181,0.521974,2.917772
trial_3,182,0.263454,1.162467
trial_3,183,0.443229,1.114104
trial_3,184,0.877199,3.053055
trial_3,185,0.206885,1.008106
trial_3,186,0.603832,0.964823
trial_3,187,0.078384,1.688657
trial_3,188,0.096224,0.766718
trial_3,189,0.319732,1.281174
trial_3,190,0.263324,1.055160
trial_3,191,0.306403,0.862274
trial_3,192,0.169938,0.942405
trial_3,193,0.072146,0.937352
trial_3,194,0.123039,0.943260
trial_3,195,0.326959,0.929665
trial_3,196,0.114355,0.925060
trial_3,197,0.253742,0.776250
trial_3,198,0.286653,0.969442
trial_3,199,0.434687,1.852730
trial_3,200,0.292191,0.908773
trial_3,201,0.269398,1.153709
trial_3,202,0.135593,0.719461
trial_3,203,0.187571,0.751213
trial_3,204,0.010474,1.087089
trial_3,205,0.190529,1.495362
trial_3,206,0.034578,0.746360
trial_3,207,0.093372,0.626865
trial_3,208,0.061292,0.803661
trial_3,209,0.595388,4.843370
trial_3,210,1.415563,6.282018
trial_3,211,0.134200,2.375136
trial_3,212,0.076866,1.062162
trial_3,213,0.106347,1.139632
trial_3,214,0.369781,0.853317
trial_3,215,0.207664,0.855819
trial_3,216,0.116307,0.979182
trial_3,217,0.084751,0.897694
trial_3,218,0.094874,2.408104
trial_3,219,0.973596,11.996690
trial_3,220,0.683711,3.651447
trial_3,221,0.063100,1.370956
trial_3,222,0.053995,0.958304
trial_3,223,0.194783,0.844122
trial_3,224,0.080138,1.167285
trial_3,225,0.127144,1.402966
trial_3,226,0.263903,1.580087
trial_3,227,0.334947,1.011465
trial_3,228,0.052973,0.957970
trial_3,229,0.142757,2.389322
trial_3,230,0.021810,1.239891
trial_3,231,0.436870,2.894317
trial_3,232,0.264957,1.416999
trial_3,233,0.197298,1.220328
trial_3,234,0.118676,0.876286
trial_3,235,0.515931,2.487970
trial_3,236,0.151204,0.968228
trial_3,237,0.027322,1.827632
trial_3,238,0.020565,1.103529
trial_3,239,0.068441,0.986898
trial_3,240,0.029146,1.494289
trial_3,241,0.440057,0.920066
trial_3,242,0.381246,1.064390
trial_3,243,0.103416,1.519617
trial_3,244,0.220623,2.226530
trial_3,245,0.565334,3.721494
trial_3,246,0.049107,1.657643
trial_3,247,0.421421,1.369391
trial_3,248,0.126555,1.389137
trial_3,249,0.034108,1.453996
trial_3,250,0.082333,1.387553
trial_3,251,0.155093,1.077082
trial_3,252,0.355933,1.236124
trial_3,253,0.348578,1.315741
trial_3,254,0.781132,4.050461
trial_3,255,1.394527,10.873941
trial_3,256,0.243316,2.769252
trial_3,257,0.629684,3.241056
trial_3,258,0.048476,1.339916
trial_3,259,0.053903,1.424503
trial_3,260,0.282948,1.212463
trial_3,261,0.094144,1.471423
trial_3,262,0.832662,2.408013
trial_3,263,0.191764,1.196115
trial_3,264,0.590707,1.518167
trial_3,265,0.347113,1.239056
trial_3,266,0.015510,1.182400
trial_3,267,0.176921,2.395402
trial_3,268,0.054660,1.176971
trial_3,269,0.008611,1.126040
trial_3,270,0.210132,0.851699
trial_3,271,0.201836,1.000632
trial_3,272,0.166698,0.906352
trial_3,273,0.303536,1.143867
trial_3,274,0.569389,1.219639
trial_3,275,0.332603,1.010326
trial_3,276,0.161189,3.523906
trial_3,277,0.111496,1.909656
trial_3,278,0.121762,1.273882
trial_3,279,0.299166,1.359180
trial_3,280,0.198291,2.029671
trial_3,281,0.088149,3.756479
trial_3,282,0.899114,4.762108
trial_3,283,0.528048,2.715345
trial_3,284,0.113582,1.478554
trial_3,285,0.219691,1.033449
trial_3,286,0.185651,1.602008
trial_3,287,0.070416,1.334864
trial_3,288,0.065675,2.193951
trial_3,289,0.103579,1.289019
trial_3,290,0.208368,1.332719
trial_3,291,0.315210,1.332836
trial_3,292,0.040307,2.628958
trial_3,293,0.262295,1.653187
trial_3,294,0.402186,1.098345
trial_3,295,0.042564,1.108305
trial_3,296,0.265052,2.758372
trial_3,297,0.190136,0.919100
trial_3,298,0.349964,1.162889
trial_3,299,0.415090,1.100687
trial_3,300,0.144420,1.002788
trial_3,301,0.003734,1.032436
trial_3,302,0.222724,1.927508
trial_3,303,0.088529,1.320880
trial_3,304,0.057569,0.795217
trial_3,305,0.226527,1.218208
trial_3,306,0.043894,1.233902
trial_3,307,0.337721,1.451430
trial_3,308,0.096523,3.733158
trial_3,309,0.121758,1.266407
trial_3,310,0.850139,5.018924
trial_3,311,0.210989,2.727722
trial_3,312,0.158680,5.446302
trial_3,313,0.445788,1.829306
trial_3,314,0.365966,2.071919
trial_3,315,0.369209,2.361144
trial_3,316,0.155041,1.959839
trial_3,317,0.140277,1.109594
trial_3,318,0.475679,1.190883
trial_3,319,0.325368,1.816031
trial_3,320,1.170125,6.007108
trial_3,321,0.392878,4.293136
trial_3,322,0.155600,1.799073
trial_3,323,0.117773,3.052366
trial_3,324,0.222993,1.611122
trial_3,325,0.044550,1.544385
trial_3,326,0.070618,1.758495
trial_3,327,0.232736,1.949758
trial_3,328,0.324566,1.544548
trial_3,329,1.260164,7.408892
trial_3,330,1.018587,3.469789
trial_3,331,0.590226,1.575829
trial_3,332,0.243024,1.425009
trial_3,333,0.372593,2.510047
trial_3,334,0.299896,1.189476
trial_3,335,0.125790,1.485858
trial_3,336,0.088487,1.556415
trial_3,337,0.094997,2.066794
trial_3,338,0.154645,4.612320
trial_3,339,0.382980,1.509866
trial_3,340,0.189636,0.982710
trial_3,341,0.391301,10.872436
trial_3,342,0.303978,1.502416
trial_3,343,0.106484,1.548808
trial_3,344,0.327859,6.278236
trial_3,345,3.588708,17.203572
trial_3,346,0.717240,7.364518
trial_3,347,0.071146,2.342282
trial_3,348,0.984396,4.853023
trial_3,349,0.206505,1.907645
trial_3,350,0.633239,2.755117
trial_3,351,1.006115,5.321422
trial_3,352,0.235307,2.029559
trial_3,353,0.258998,1.812050
trial_3,354,0.260880,2.834941
trial_3,355,0.008335,1.487533
trial_3,356,0.312149,1.536740
trial_3,357,0.252114,2.965127
trial_3,358,0.115128,1.604008
trial_3,359,0.111305,1.296578
trial_3,360,0.250538,1.187126
trial_3,361,0.545170,3.589387
trial_3,362,0.989259,7.364797
trial_3,363,0.206262,1.632394
trial_3,364,0.028765,1.429522
trial_3,365,0.231881,1.533683
trial_3,366,0.192502,2.080339
trial_3,367,0.302409,1.315861
trial_3,368,0.008209,1.350642
trial_3,369,0.391971,1.170409
trial_3,370,0.541521,3.080718
trial_3,371,0.053645,1.108212
trial_3,372,0.391595,1.290371
trial_3,373,0.360864,2.179138
trial_3,374,0.551435,6.665961
trial_3,375,0.067351,1.466526
trial_3,376,0.445962,1.330673
trial_3,377,0.122036,1.174582
trial_3,378,0.404983,1.248635
trial_3,379,0.373817,1.236742
trial_3,380,0.041348,1.371087
trial_3,381,0.255151,1.006971
trial_3,382,0.397266,1.074727
trial_3,383,0.336903,2.811394
trial_3,384,0.042370,1.147035
trial_3,385,0.223598,1.757431
trial_3,386,2.959920,9.570058
trial_3,387,1.125508,6.887432
trial_3,388,0.227783,1.591933
trial_3,389,0.139928,1.303824
trial_3,390,0.779003,1.795305
trial_3,391,0.161835,1.780814
trial_3,392,0.134988,1.818189
trial_3,393,0.343891,2.102699
trial_3,394,0.130769,1.625756
trial_3,395,0.131174,1.429995
trial_3,396,0.123331,1.119565
trial_3,397,0.345423,1.081178
trial_3,398,0.027788,1.504907
trial_3,399,0.057788,1.505512
trial_3,400,0.700912,1.541009
trial_3,401,0.088389,1.706506
trial_3,402,0.105305,2.983342
trial_3,403,0.397782,1.711482
trial_3,404,0.794909,1.403427
trial_3,405,0.224936,1.351498
trial_3,406,0.427939,0.931989
trial_3,407,0.202729,1.072394
trial_3,408,0.343713,1.349129
trial_3,409,0.039883,1.626687
trial_3,410,0.443701,1.541412
trial_3,411,0.397997,2.376362
trial_3,412,0.210762,1.247307
trial_3,413,0.705099,2.396349
trial_3,414,0.051394,1.487725
trial_3,415,0.169817,1.560759
trial_3,416,0.588944,10.508871
trial_3,417,0.287679,1.846870
trial_3,418,1.051365,1.919074
trial_3,419,0.236450,2.900090
trial_3,420,0.019155,1.468591
trial_3,421,0.040557,1.345710
trial_3,422,0.018022,1.752242
trial_3,423,0.100684,1.235857
trial_3,424,0.121607,1.353245
trial_3,425,0.656621,1.433725
trial_3,426,0.275903,1.410007
trial_3,427,0.196599,1.536023
trial_3,428,0.033736,2.087017
trial_3,429,0.003180,1.498115
trial_3,430,0.130107,1.477496
trial_3,431,0.131630,1.723877
trial_3,432,0.466567,1.650616
trial_3,433,0.061990,1.231849
trial_3,434,0.019690,2.319861
trial_3,435,1.690784,8.758161
trial_3,436,0.254546,2.083141
trial_3,437,0.245313,2.308093
trial_3,438,0.315443,2.586473
trial_3,439,0.226617,2.956013
trial_3,440,0.580408,3.191656
trial_3,441,1.338128,3.464743
trial_3,442,0.012971,1.458418
trial_3,443,0.205659,1.122767
trial_3,444,0.663590,1.477603
trial_3,445,0.304272,1.839425
trial_3,446,0.201061,1.424339
trial_3,447,0.373595,1.543060
trial_3,448,0.226433,1.249768
trial_3,449,0.455830,1.894006
trial_3,450,0.179892,2.124649
trial_3,451,0.220475,1.567511
trial_3,452,0.110186,1.514956
trial_3,453,0.065491,2.587273
trial_3,454,0.200801,1.688659
trial_3,455,0.272678,1.405193
trial_3,456,0.384422,1.420701
trial_3,457,0.090188,0.990575
trial_3,458,0.006348,1.377388
trial_3,459,0.303803,1.677754
trial_3,460,0.079915,1.083105
trial_3,461,0.111838,1.111595
trial_3,462,0.353138,1.991958
trial_3,463,0.426315,1.753238
trial_3,464,0.098625,1.049097
trial_3,465,0.543511,1.853710
trial_3,466,0.087110,1.246068
trial_3,467,0.199656,1.383949
trial_3,468,0.338834,1.141641
trial_3,469,0.559166,4.066446
trial_3,470,0.023462,1.939882
trial_3,471,0.537686,1.329165
trial_3,472,0.705964,1.957547
trial_3,473,0.293736,1.446902
trial_3,474,0.504913,5.653524
trial_3,475,0.779460,6.595570
trial_3,476,0.543476,5.902213
trial_3,477,0.430716,3.965287
trial_3,478,0.210844,1.807968
trial_3,479,0.049978,1.563854
trial_3,480,0.079132,1.418799
trial_3,481,0.494831,4.250015
trial_3,482,0.258926,2.174227
trial_3,483,0.087756,2.925658
trial_3,484,0.369665,3.387642
trial_3,485,0.381075,1.256692
trial_3,486,0.026663,1.790160
trial_3,487,0.482233,1.474314
trial_3,488,0.314083,1.442698
trial_3,489,0.467073,1.579925
trial_3,490,0.210663,1.349374
trial_3,491,0.072750,1.084813
trial_3,492,0.079360,1.329609
trial_3,493,0.087922,1.810555
trial_3,494,0.078773,1.269734
trial_3,495,0.114012,1.209799
trial_3,496,0.030720,1.168244
trial_3,497,0.494400,1.514903
trial_3,498,0.077694,1.039255
trial_3,499,0.365372,2.200871
trial_3,500,0.156302,2.770754
trial_3,501,0.373919,1.552475
trial_3,502,0.030303,1.188371
trial_3,503,0.131109,1.146717
trial_3,504,0.094280,1.019860
trial_3,505,0.041713,1.131861
trial_3,506,0.237425,1.354089
trial_3,507,0.422701,3.720682
trial_3,508,0.023245,1.326840
trial_3,509,0.766968,1.935138
trial_3,510,0.466535,1.866376
trial_3,511,0.256249,1.650976
trial_3,512,1.331684,7.291031
trial_3,513,0.014793,1.883424
trial_3,514,0.330978,2.184600
trial_3,515,2.003883,20.378704
trial_3,516,0.425837,1.817468
trial_3,517,0.722109,5.642162
trial_3,518,0.149808,1.660309
trial_3,519,0.009575,2.186896
trial_3,520,0.077744,1.442104
trial_3,521,0.111493,0.917301
trial_3,522,0.034839,1.268737
trial_3,523,0.575831,2.962512
trial_3,524,0.070380,1.281977
trial_3,525,0.410908,3.667645
trial_3,526,0.432812,1.180221
trial_3,527,0.216744,1.201560
trial_3,528,0.227386,1.840420
trial_3,529,0.377871,1.183988
trial_3,530,0.243936,1.422894
trial_3,531,0.119925,1.295667
trial_3,532,0.643841,1.622473
trial_3,533,0.315622,1.198195
trial_3,534,0.331913,1.468748
trial_3,535,0.061438,1.906830
trial_3,536,0.214948,2.428629
trial_3,537,0.043026,2.269088
trial_3,538,0.497705,1.570594
trial_3,539,0.216449,2.188717
trial_3,540,0.018348,1.508776
trial_3,541,0.544247,1.806187
trial_3,542,0.081199,4.008711
trial_3,543,0.178792,1.503818
trial_3,544,0.741374,1.676379
trial_3,545,0.022616,1.658225
trial_3,546,0.336193,1.245007
trial_3,547,0.058714,1.701886
trial_3,548,0.209511,1.379004
trial_3,549,0.181449,1.050283
trial_3,550,0.293821,1.592083
trial_3,551,0.597055,1.531051
trial_3,552,0.299039,2.195431
trial_3,553,0.296959,1.143485
trial_3,554,0.650146,3.877471
trial_3,555,0.018713,1.494865
trial_3,556,0.392289,1.583885
trial_3,557,0.152703,1.489457
trial_3,558,0.201112,1.084814
trial_3,559,0.411681,1.352337
trial_3,560,0.129677,1.351977
trial_3,561,0.577991,2.198911
trial_3,562,0.272174,1.975262
trial_3,563,0.304415,1.816939
trial_3,564,0.197277,1.451610
trial_3,565,0.040757,2.089863
trial_3,566,0.130244,1.281602
trial_3,567,0.349927,2.050268
trial_3,568,0.345537,1.181765
trial_3,569,0.313703,1.153255
trial_3,570,0.063376,1.836987
trial_3,571,0.076055,0.987237
trial_3,572,0.190864,1.282693
trial_3,573,0.248370,1.174125
trial_3,574,0.024226,1.170420
trial_3,575,0.389019,3.245657
trial_3,576,0.145943,6.185437
trial_3,577,0.020935,1.480374
trial_3,578,0.026833,2.912750
trial_3,579,0.063498,1.360989
trial_3,580,0.239057,1.475259
trial_3,581,0.131333,1.349189
trial_3,582,0.098549,1.174551
trial_3,583,0.660441,2.901353
trial_3,584,0.181925,1.267388
trial_3,585,0.428938,1.281535
trial_3,586,0.231779,1.307035
trial_3,587,0.006929,1.163313
trial_3,588,0.019547,0.979903
trial_3,589,5.352108,26.877556
trial_3,590,0.465574,3.388799
trial_3,591,0.408383,2.021901
trial_3,592,0.332362,2.218037
trial_3,593,0.341495,1.452943
trial_3,594,0.183294,1.585774
trial_3,595,0.086645,3.132681
trial_3,596,0.165781,1.190229
trial_3,597,0.169623,1.498726
trial_3,598,0.588427,1.398887
trial_3,599,0.883926,1.724536
trial_3,600,0.384944,1.094385
trial_3,601,0.369911,2.883347
trial_3,602,0.169913,1.298022
trial_3,603,0.103429,1.486588
trial_3,604,0.046168,1.785592
trial_3,605,0.590593,1.399503
trial_3,606,0.026885,1.311077
trial_3,607,0.243225,1.440330
trial_3,608,0.119657,1.509380
trial_3,609,0.438542,1.750467
trial_3,610,0.152959,1.624700
trial_3,611,0.687864,1.120907
trial_3,612,0.273375,0.918137
trial_3,613,0.836700,1.649755
trial_3,614,0.215223,2.367981
trial_3,615,0.090250,1.183021
trial_3,616,0.128569,1.163083
trial_3,617,0.430029,1.616789
trial_3,618,0.373041,0.878028
trial_3,619,2.129574,10.235689
trial_3,620,0.465796,1.673048
trial_3,621,0.171585,1.674555
trial_3,622,0.824130,5.619210
trial_3,623,0.051895,1.431561
trial_3,624,0.632768,3.059751
trial_3,625,0.425856,1.542183
trial_3,626,0.126087,1.367429
trial_3,627,0.654854,3.227533
trial_3,628,0.041864,2.197839
trial_3,629,0.056496,1.516628
trial_3,630,0.074524,1.229424
trial_3,631,0.526722,2.024271
trial_3,632,0.256059,1.505779
trial_3,633,0.239908,1.617727
trial_3,634,0.406537,2.503228
trial_3,635,0.244947,2.475011
trial_3,636,0.201473,1.872555
trial_3,637,0.130062,2.440225
trial_3,638,0.148190,1.535443
trial_3,639,0.173623,1.300654
trial_3,640,0.134518,1.245031
trial_3,641,0.077058,1.404240
trial_3,642,0.053163,0.967866
trial_3,643,0.131097,2.740014
trial_3,644,0.041189,2.315007
trial_3,645,0.070613,1.864692
trial_3,646,0.143753,4.035386
trial_3,647,0.413238,5.325429
trial_3,648,1.638354,10.890764
trial_3,649,0.075669,1.448452
trial_3,650,1.293478,4.399956
trial_3,651,0.806878,2.117720
trial_3,652,1.276894,7.019200
trial_3,653,0.213138,2.023660
trial_3,654,0.358073,1.837642
trial_3,655,0.284338,1.499129
trial_3,656,0.407626,2.784570
trial_3,657,0.145270,4.855704
trial_3,658,0.235419,2.470427
trial_3,659,0.042112,2.074739
trial_3,660,0.064522,1.955924
trial_3,661,0.551082,2.576005
trial_3,662,0.155777,1.559400
trial_3,663,1.019774,3.301023
trial_3,664,0.160755,1.591917
trial_3,665,0.111726,2.424378
trial_3,666,0.301171,3.542888
trial_3,667,0.086585,1.729518
trial_3,668,0.242828,1.095542
trial_3,669,0.138863,1.258202
trial_3,670,0.094265,1.394046
trial_3,671,0.828599,1.869610
trial_3,672,0.387823,1.083036
trial_3,673,2.018772,12.221745
trial_3,674,0.421034,2.048572
trial_3,675,0.235925,1.461292
trial_3,676,0.683560,4.966850
trial_3,677,0.014480,1.152414
trial_3,678,0.677395,1.654161
trial_3,679,0.367530,3.771309
trial_3,680,0.061901,1.425155
trial_3,681,0.178603,0.970640
trial_3,682,0.232336,2.124378
trial_3,683,0.094381,1.521638
trial_3,684,0.059611,6.329795
trial_3,685,1.287288,5.694450
trial_3,686,0.043011,2.098116
trial_3,687,0.682882,1.742886
trial_3,688,0.191651,1.290760
trial_3,689,0.074876,1.640140
trial_3,690,0.039377,1.745875
trial_3,691,0.094072,1.344102
trial_3,692,0.427150,0.926291
trial_3,693,0.157179,1.558491
trial_3,694,0.260667,1.401716
trial_3,695,0.033534,1.580544
trial_3,696,0.011700,2.418404
trial_3,697,0.202571,3.254031
trial_3,698,0.145321,1.138791
trial_3,699,0.022392,1.156992
trial_3,700,0.103448,1.195582
trial_3,701,0.229073,2.066890
trial_3,702,0.145816,1.265875
trial_3,703,0.162340,3.931302
trial_3,704,0.015863,1.079294
trial_3,705,0.530439,1.210027
trial_3,706,0.159387,1.516417
trial_3,707,0.052576,1.329689
trial_3,708,0.032899,0.963151
trial_3,709,0.459193,4.591661
trial_3,710,0.134136,3.358469
trial_3,711,0.197573,1.404170
trial_3,712,0.186368,1.251494
trial_3,713,0.643609,4.746762
trial_3,714,0.229871,1.968956
trial_3,715,0.150700,1.420162
trial_3,716,0.040682,2.724757
trial_3,717,0.585911,1.618533
trial_3,718,0.197634,1.565720
trial_3,719,0.138163,1.115323
trial_3,720,0.409715,3.015342
trial_3,721,0.055745,1.266766
trial_3,722,0.096154,1.051588
trial_3,723,0.261546,1.039750
trial_3,724,0.843669,7.985788
trial_3,725,0.481968,3.986609
trial_3,726,0.188042,3.332714
trial_3,727,0.130147,2.070366
trial_3,728,0.357895,1.667274
trial_3,729,0.518171,1.684749
trial_3,730,0.401353,1.231096
trial_3,731,0.712648,1.509994
trial_3,732,0.244220,1.462455
trial_3,733,0.128569,1.096157
trial_3,734,0.130295,1.026250
trial_3,735,0.006709,1.970808
trial_3,736,0.086179,1.538149
trial_3,737,0.169046,1.340925
trial_3,738,0.309083,2.458427
trial_3,739,0.169850,1.273496
trial_3,740,0.139422,1.101851
trial_3,741,0.037580,1.518089
trial_3,742,0.058464,1.297864
trial_3,743,1.728963,10.644778
trial_3,744,0.171449,1.198116
trial_3,745,0.681934,1.610580
trial_3,746,0.147299,1.105237
trial_3,747,0.014080,1.125062
trial_3,748,0.202934,1.379220
trial_3,749,0.193654,1.447336
trial_3,750,0.308057,1.145410
trial_3,751,0.345058,1.708463
trial_3,752,0.309098,0.955382
trial_3,753,0.532047,2.958551
trial_3,754,0.000779,0.755194
trial_3,755,0.113986,1.080173
trial_3,756,0.013791,1.065876
trial_3,757,0.250605,1.282147
trial_3,758,0.301167,1.746088
trial_3,759,0.236030,2.155250
trial_3,760,0.260338,1.866798
trial_3,761,0.401413,1.901396
trial_3,762,0.225396,1.690821
trial_3,763,0.178755,1.521602
trial_3,764,0.195214,2.306529
trial_3,765,0.155407,1.643364
trial_3,766,0.128916,2.179766
trial_3,767,0.264764,1.358805
trial_3,768,0.204093,1.239991
trial_3,769,0.542110,1.124714
trial_3,770,2.685194,11.510038
trial_3,771,0.056708,1.472790
trial_3,772,3.238376,22.869364
trial_3,773,0.026937,2.297176
trial_3,774,0.258572,2.774706
trial_3,775,0.144566,1.344417
trial_3,776,0.158478,3.111622
trial_3,777,0.515513,1.910549
trial_3,778,0.325810,1.455061
trial_3,779,0.400497,1.902098
trial_3,780,0.160102,1.347701
trial_3,781,0.282710,1.723278
trial_3,782,0.038772,1.411661
trial_3,783,0.154588,1.841579
trial_3,784,0.279314,1.009973
trial_3,785,0.100735,1.133811
trial_3,786,0.314438,2.348374
trial_3,787,0.503338,1.342610
trial_3,788,0.093504,5.775486
trial_3,789,0.160267,2.020643
trial_3,790,0.333232,1.563295
trial_3,791,0.498843,1.743183
trial_3,792,0.010829,1.062423
trial_3,793,0.075646,1.471666
trial_3,794,0.911377,3.151839
trial_3,795,0.253949,3.883905
trial_3,796,0.446161,1.549635
trial_3,797,0.183455,1.105365
trial_3,798,0.010338,1.143978
trial_3,799,0.023314,1.177032
trial_3,800,0.099164,1.181521
trial_3,801,0.714967,1.860096
trial_3,802,0.010460,1.101745
trial_3,803,0.012852,0.935590
trial_3,804,0.024248,0.954605
trial_3,805,0.081002,1.486461
trial_3,806,0.850299,4.727027
trial_3,807,0.020651,1.420783
trial_3,808,0.091652,1.080065
trial_3,809,0.384449,1.298209
trial_3,810,0.229728,0.970066
trial_3,811,0.006079,1.124904
trial_3,812,0.486231,3.025689
trial_3,813,0.270363,6.691100
trial_3,814,0.970752,7.967001
trial_3,815,0.466982,1.477856
trial_3,816,0.172430,1.728415
trial_3,817,0.240656,1.189306
trial_3,818,0.007240,3.784226
trial_3,819,0.105113,4.103744
trial_3,820,1.918562,11.153127
trial_3,821,0.101225,1.922447
trial_3,822,0.334340,1.692697
trial_3,823,0.202842,1.725542
trial_3,824,0.004295,0.960940
trial_3,825,0.723236,2.224270
trial_3,826,0.668942,7.925565
trial_3,827,0.086548,3.060723
trial_3,828,0.059749,1.851649
trial_3,829,0.224876,1.720006
trial_3,830,0.155561,1.140404
trial_3,831,0.036040,2.637817
trial_3,832,0.202050,1.064289
trial_3,833,0.291653,1.970581
trial_3,834,0.192549,1.860490
trial_3,835,0.125746,1.567164
trial_3,836,0.109204,1.031418
trial_3,837,0.327172,3.798608
trial_3,838,0.378088,1.444589
trial_3,839,0.391142,1.627471
trial_3,840,0.177497,1.735787
trial_3,841,0.339996,4.090111
trial_3,842,0.373493,1.324682
trial_3,843,0.319308,2.038754
trial_3,844,0.062753,1.247923
trial_3,845,0.292962,1.162241
trial_3,846,0.173676,1.112563
trial_3,847,0.188827,1.306051
trial_3,848,0.072145,2.453177
trial_3,849,0.162587,0.904472
trial_3,850,0.101828,1.548790
trial_3,851,0.149172,1.477356
trial_3,852,0.184419,2.292644
trial_3,853,0.085487,0.897848
trial_3,854,0.029817,1.019942
trial_3,855,0.072231,1.165497
trial_3,856,0.084413,3.106517
trial_3,857,0.314757,2.291230
trial_3,858,0.176801,1.126058
trial_3,859,0.133183,1.195625
trial_3,860,0.094792,1.156825
trial_3,861,0.228885,0.876873
trial_3,862,0.169027,1.275110
trial_3,863,0.178719,1.029124
trial_3,864,0.389907,1.129326
trial_3,865,0.262331,0.882508
trial_3,866,0.074093,1.984942
trial_3,867,0.038097,1.229660
trial_3,868,0.300169,2.017426
trial_3,869,0.362304,3.885912
trial_3,870,0.295916,1.745791
trial_3,871,0.473450,1.814320
trial_3,872,0.181225,3.062977
trial_3,873,0.076625,1.074776
trial_3,874,0.117473,0.887167
trial_3,875,0.473979,1.334807
trial_3,876,0.241045,1.239271
trial_3,877,0.306808,0.983297
trial_3,878,0.048487,1.034375
trial_3,879,0.480753,0.872966
trial_3,880,0.004787,2.694271
trial_3,881,0.186595,1.118172
trial_3,882,0.204270,0.965279
trial_3,883,0.031994,1.058682
trial_3,884,0.026733,3.127298
trial_3,885,0.102157,1.015032
trial_3,886,0.205693,0.851701
trial_3,887,0.066359,6.774443
trial_3,888,0.107852,1.401662
trial_3,889,0.061880,1.348129
trial_3,890,0.232366,1.975506
trial_3,891,0.584072,1.358412
trial_3,892,0.241256,1.252289
trial_3,893,0.009787,2.896580
trial_3,894,0.270223,2.014193
trial_3,895,0.068227,1.272831
trial_3,896,0.315929,1.621003
trial_3,897,0.325691,1.224945
trial_3,898,0.258360,1.723599
trial_3,899,0.058178,1.555822
trial_3,900,0.019003,1.237450
trial_3,901,0.098028,0.974522
trial_3,902,0.428373,2.166258
trial_3,903,0.167249,1.007568
trial_3,904,0.167559,0.884421
trial_3,905,0.382348,1.579524
trial_3,906,0.251141,1.172778
trial_3,907,0.216437,1.128939
trial_3,908,0.181484,0.817676
trial_3,909,0.776517,4.711726
trial_3,910,0.013271,0.763828
trial_3,911,0.253149,0.924728
trial_3,912,0.362370,1.116539
trial_3,913,0.417489,1.595442
trial_3,914,0.028632,0.968651
trial_3,915,0.212038,1.113373
trial_3,916,0.038063,1.103938
trial_3,917,0.006164,1.042414
trial_3,918,0.224901,1.074273
trial_3,919,0.227481,3.453440
trial_3,920,0.251446,1.676369
trial_3,921,0.152857,1.054754
trial_3,922,0.178399,1.143748
trial_3,923,0.115750,1.543247
trial_3,924,0.250526,5.760371
trial_3,925,1.035084,4.596271
trial_3,926,0.029438,1.791347
trial_3,927,0.665780,1.611699
trial_3,928,0.290661,2.210782
trial_3,929,0.119754,1.416984
trial_3,930,0.226389,1.265411
trial_3,931,1.079826,7.449252
trial_3,932,0.039548,1.278877
trial_3,933,0.439155,3.120296
trial_3,934,0.474565,2.037171
trial_3,935,0.071304,1.232280
trial_3,936,0.925931,3.849979
trial_3,937,0.182750,1.483302
trial_3,938,0.153821,0.871880
trial_3,939,0.354758,1.624770
trial_3,940,0.473466,1.310781
trial_3,941,0.151892,0.974360
trial_3,942,0.173096,1.024979
trial_3,943,0.060402,1.220036
trial_3,944,0.289194,0.989477
trial_3,945,0.264908,0.821554
trial_3,946,0.153590,0.930965
trial_3,947,0.097588,1.077004
trial_3,948,0.256666,2.334080
trial_3,949,0.542954,4.484879
trial_3,950,0.379356,1.403317
trial_3,951,0.146838,1.158367
trial_3,952,0.221821,1.432534
trial_3,953,0.365702,1.361591
trial_3,954,0.188251,1.125844
trial_3,955,0.031556,1.312687
trial_3,956,0.143846,1.852924
trial_3,957,0.136558,5.598045
trial_3,958,0.122571,2.294379
trial_3,959,0.443995,2.592635
trial_3,960,0.797065,3.318584
trial_3,961,0.314271,2.063940
trial_3,962,1.139644,18.623589
trial_3,963,0.323746,2.295211
trial_3,964,0.313651,1.254951
trial_3,965,0.116313,1.362499
trial_3,966,0.043330,2.047766
trial_3,967,0.284306,3.161644
trial_3,968,0.091559,1.625395
trial_3,969,0.171283,1.255194
trial_3,970,0.226808,1.292387
trial_3,971,0.144986,1.298301
trial_3,972,0.463874,2.777734
trial_3,973,0.582127,1.534581
trial_3,974,0.075928,3.222713
trial_3,975,0.437950,2.073545
trial_3,976,0.212321,1.644477
trial_3,977,0.499647,1.381403
trial_3,978,0.100995,1.348373
trial_3,979,0.011828,1.178741
trial_3,980,0.215781,0.948116
trial_3,981,0.329647,1.717021
trial_3,982,0.246361,1.806166
trial_3,983,0.429131,1.157459
trial_3,984,0.064482,1.322699
trial_3,985,0.432208,1.443854
trial_3,986,0.207372,1.465825
trial_3,987,0.180586,0.917563
trial_3,988,0.329169,9.646775
trial_3,989,0.175942,1.208598
trial_3,990,0.240906,1.988048
trial_3,991,0.271648,1.804901
trial_3,992,0.086792,2.155890
trial_3,993,0.094836,1.287847
trial_3,994,0.244497,1.537336
trial_3,995,0.055518,1.086921
trial_3,996,0.226105,0.979662
trial_3,997,1.782414,10.477741
trial_3,998,0.294127,1.085882
trial_3,999,0.068858,0.988679
trial_3,1000,0.262939,1.604304
trial_4,1,0.145237,0.912732
trial_4,2,0.270269,0.924171
trial_4,3,0.339113,1.080945
trial_4,4,0.019764,0.929966
trial_4,5,0.876684,1.668643
trial_4,6,0.440941,1.042012
trial_4,7,0.483110,0.882033
trial_4,8,0.154680,1.037674
trial_4,9,1.231723,6.826778
trial_4,10,0.117262,2.162064
trial_4,11,0.051401,1.145865
trial_4,12,0.094334,1.333374
trial_4,13,3.092563,8.871301
trial_4,14,0.341624,1.449579
trial_4,15,0.179693,1.271733
trial_4,16,0.114448,1.053262
trial_4,17,0.432415,1.688330
trial_4,18,0.164944,1.070631
trial_4,19,0.004368,1.156056
trial_4,20,0.095096,1.030526
trial_4,21,0.336256,2.581557
trial_4,22,0.071225,1.117382
trial_4,23,0.304521,1.377080
trial_4,24,0.014201,1.916921
trial_4,25,0.078007,1.219454
trial_4,26,0.029030,3.392712
trial_4,27,0.369828,1.221378
trial_4,28,2.729889,8.830259
trial_4,29,0.243915,1.756237
trial_4,30,0.060250,1.524192
trial_4,31,0.044151,1.475649
trial_4,32,0.164087,1.460467
trial_4,33,0.153593,1.593192
trial_4,34,0.160019,11.262531
trial_4,35,0.160904,3.063141
trial_4,36,0.349040,2.084957
trial_4,37,0.005840,2.520256
trial_4,38,0.342212,1.689360
trial_4,39,0.225902,1.770829
trial_4,40,0.288862,1.803346
trial_4,41,0.042927,1.231228
trial_4,42,0.480931,1.456933
trial_4,43,0.196885,1.471448
trial_4,44,0.422082,1.471406
trial_4,45,0.283391,1.758479
trial_4,46,0.019768,1.401349
trial_4,47,0.103969,1.338123
trial_4,48,0.232143,1.106291
trial_4,49,0.204574,1.372109
trial_4,50,0.442072,1.827529
trial_4,51,0.143292,1.346318
trial_4,52,0.428920,1.198920
trial_4,53,0.388621,3.357845
trial_4,54,0.022537,1.622651
trial_4,55,0.262112,1.140412
trial_4,56,0.234114,1.062538
trial_4,57,0.370886,1.139008
trial_4,58,0.345234,1.595211
trial_4,59,0.000398,1.050101
trial_4,60,0.226051,5.680582
trial_4,61,0.175917,1.227632
trial_4,62,0.045721,1.070961
trial_4,63,0.043921,1.078972
trial_4,64,0.252519,1.003285
trial_4,65,0.260885,2.051929
trial_4,66,0.185084,1.026665
trial_4,67,0.564825,1.307325
trial_4,68,0.890732,5.222745
trial_4,69,0.221425,1.051941
trial_4,70,0.165213,1.152345
trial_4,71,0.025564,1.924514
trial_4,72,0.198942,1.160687
trial_4,73,0.059607,1.002242
trial_4,74,0.278585,1.360410
trial_4,75,0.193282,1.022584
trial_4,76,0.135083,1.396220
trial_4,77,0.169625,0.896182
trial_4,78,0.381489,0.741775
trial_4,79,0.090314,1.109544
trial_4,80,0.245988,1.037342
trial_4,81,1.365225,6.536706
trial_4,82,0.351522,5.291126
trial_4,83,0.346921,1.506041
trial_4,84,0.472300,6.933309
trial_4,85,0.440626,7.565001
trial_4,86,0.444167,3.034984
trial_4,87,0.021673,1.491562
trial_4,88,0.065166,1.964971
trial_4,89,0.235322,1.554203
trial_4,90,0.136612,1.553104
trial_4,91,0.577056,1.521287
trial_4,92,0.639979,1.626723
trial_4,93,0.056577,4.725525
trial_4,94,0.096730,1.195046
trial_4,95,0.214314,1.295341
trial_4,96,0.092799,1.118680
trial_4,97,0.374616,1.170271
trial_4,98,0.059757,4.189260
trial_4,99,0.486665,1.614225
trial_4,100,0.061655,1.326267
trial_4,101,0.067938,1.265228
trial_4,102,0.104494,1.620133
trial_4,103,0.238045,1.342828
trial_4,104,0.186197,1.150881
trial_4,105,0.227614,1.466835
trial_4,106,0.062275,1.255137
trial_4,107,0.002311,1.010378
trial_4,108,0.271128,8.654460
trial_4,109,0.443498,2.096172
trial_4,110,0.042602,1.994726
trial_4,111,0.410826,1.326973
trial_4,112,0.292942,1.880511
trial_4,113,0.280307,2.470795
trial_4,114,0.231414,1.162223
trial_4,115,0.465414,2.559448
trial_4,116,0.477820,1.133441
trial_4,117,0.075772,1.268739
trial_4,118,0.270900,1.266002
trial_4,119,0.030764,2.763869
trial_4,120,0.134251,2.495499
trial_4,121,0.021453,1.439344
trial_4,122,0.349358,1.001175
trial_4,123,0.457813,1.228654
trial_4,124,0.409656,1.851356
trial_4,125,0.025884,1.650127
trial_4,126,0.124179,2.973385
trial_4,127,1.079997,3.202399
trial_4,128,0.061294,2.559279
trial_4,129,0.683067,3.008388
trial_4,130,1.232995,6.057782
trial_4,131,0.105774,1.392508
trial_4,132,0.316445,1.765651
trial_4,133,0.774582,5.975173
trial_4,134,0.329477,2.723822
trial_4,135,0.237739,1.572410
trial_4,136,0.049993,1.513412
trial_4,137,0.400890,3.319838
trial_4,138,0.211678,1.253621
trial_4,139,0.315319,1.329916
trial_4,140,0.006249,1.332563
trial_4,141,0.149827,1.475349
trial_4,142,0.476143,1.614947
trial_4,143,1.160343,6.176974
trial_4,144,0.163825,1.354721
trial_4,145,0.387873,1.414802
trial_4,146,0.131845,1.559294
trial_4,147,0.422785,3.798859
trial_4,148,0.084001,1.569229
trial_4,149,0.504720,4.767696
trial_4,150,0.267133,2.083761
trial_4,151,0.000387,1.621047
trial_4,152,0.156791,2.108190
trial_4,153,0.655942,1.637186
trial_4,154,0.276615,1.538340
trial_4,155,0.011273,1.390652
trial_4,156,0.232523,1.332668
trial_4,157,0.446421,3.090632
trial_4,158,0.594525,2.482118
trial_4,159,0.165375,1.347384
trial_4,160,0.191858,1.540469
trial_4,161,0.106329,1.072183
trial_4,162,0.380422,1.068246
trial_4,163,0.116860,1.406202
trial_4,164,0.099801,1.169206
trial_4,165,0.164743,1.484280
trial_4,166,0.309607,2.080304
trial_4,167,0.088151,1.365080
trial_4,168,0.315059,1.299609
trial_4,169,0.329740,1.128835
trial_4,170,0.506710,1.343148
trial_4,171,0.078711,1.861643
trial_4,172,0.057986,1.130032
trial_4,173,0.113063,1.162486
trial_4,174,0.070087,1.173000
trial_4,175,0.026540,1.188640
trial_4,176,0.036939,1.329209
trial_4,177,0.044267,1.885926
trial_4,178,0.009486,1.495405
trial_4,179,0.017432,1.068393
trial_4,180,0.348520,2.951844
trial_4,181,0.205278,2.850551
trial_4,182,0.027211,1.724758
trial_4,183,0.018646,0.866853
trial_4,184,0.452472,2.556302
trial_4,185,0.218657,1.152042
trial_4,186,0.340931,1.268327
trial_4,187,0.179549,1.741163
trial_4,188,0.138903,1.296578
trial_4,189,0.221597,1.582021
trial_4,190,0.219439,1.439603
trial_4,191,0.326570,0.886431
trial_4,192,0.077384,0.949488
trial_4,193,0.234569,1.149297
trial_4,194,0.134753,1.435088
trial_4,195,0.050961,0.962708
trial_4,196,0.180444,1.194658
trial_4,197,0.118892,1.413021
trial_4,198,0.564177,1.326295
trial_4,199,0.438396,1.970665
trial_4,200,0.295570,1.422806
trial_4,201,0.282287,1.359038
trial_4,202,0.372087,1.363787
trial_4,203,0.662947,1.273429
trial_4,204,0.219592,0.991067
trial_4,205,0.002818,1.458689
trial_4,206,0.056737,1.377762
trial_4,207,0.167608,1.181484
trial_4,208,0.245329,1.084416
trial_4,209,0.070824,5.316917
trial_4,210,1.191135,5.948957
trial_4,211,0.150994,2.365303
trial_4,212,0.471343,1.162389
trial_4,213,0.332909,1.478620
trial_4,214,0.050107,1.275898
trial_4,215,0.039938,1.106889
trial_4,216,0.228154,0.994700
trial_4,217,0.125650,1.158833
trial_4,218,0.275038,2.389829
trial_4,219,3.166262,16.957884
trial_4,220,1.521611,5.535259
trial_4,221,0.659748,2.818712
trial_4,222,0.241122,2.246491
trial_4,223,0.304894,2.242466
trial_4,224,0.046851,1.595429
trial_4,225,0.238036,1.814126
trial_4,226,0.378332,1.916911
trial_4,227,0.224741,1.461314
trial_4,228,0.111941,1.400291
trial_4,229,0.022072,2.272109
trial_4,230,0.006986,1.772554
trial_4,231,0.099601,2.830655
trial_4,232,0.155345,1.568675
trial_4,233,0.076184,1.751825
trial_4,234,0.231957,1.276250
trial_4,235,0.250666,2.318073
trial_4,236,0.097882,1.313707
trial_4,237,0.188280,1.633500
trial_4,238,0.263057,1.624040
trial_4,239,0.023023,1.362992
trial_4,240,0.010209,1.682069
trial_4,241,0.327807,1.102324
trial_4,242,0.249205,1.349547
trial_4,243,0.004030,2.103274
trial_4,244,0.102923,2.173722
trial_4,245,0.163164,4.631535
trial_4,246,0.270952,1.923843
trial_4,247,0.299075,1.574652
trial_4,248,0.219559,1.432885
trial_4,249,0.367560,2.222966
trial_4,250,0.158318,1.599674
trial_4,251,0.436020,1.275630
trial_4,252,0.161754,1.284937
trial_4,253,0.411894,1.689831
trial_4,254,0.037948,4.565615
trial_4,255,3.394404,14.214790
trial_4,256,0.214532,1.911047
trial_4,257,0.162978,3.004685
trial_4,258,0.452227,2.265623
trial_4,259,0.641645,1.802142
trial_4,260,0.046450,1.278166
trial_4,261,0.586821,1.939444
trial_4,262,0.753350,2.407963
trial_4,263,0.126541,1.825506
trial_4,264,0.433923,1.420195
trial_4,265,0.208916,1.554230
trial_4,266,0.076193,1.580978
trial_4,267,0.088523,2.637957
trial_4,268,0.167738,1.224753
trial_4,269,0.080810,1.312102
trial_4,270,0.090051,0.950368
trial_4,271,0.294174,1.191315
trial_4,272,0.384291,1.372114
trial_4,273,0.183858,1.458576
trial_4,274,0.189893,1.319935
trial_4,275,0.128868,1.059952
trial_4,276,0.811506,3.849190
trial_4,277,0.241427,2.059991
trial_4,278,0.063844,1.526399
trial_4,279,0.022011,1.436875
trial_4,280,0.053671,1.731029
trial_4,281,0.155158,3.214254
trial_4,282,0.548925,4.122957
trial_4,283,0.538138,2.604851
trial_4,284,0.168049,1.999778
trial_4,285,0.190053,1.701191
trial_4,286,0.348433,1.815979
trial_4,287,0.063583,1.538048
trial_4,288,0.182507,2.546825
trial_4,289,0.002371,1.371342
trial_4,290,0.307375,1.540294
trial_4,291,0.146509,1.492993
trial_4,292,0.064050,3.089261
trial_4,293,0.527456,1.845364
trial_4,294,0.085023,1.272235
trial_4,295,0.028294,1.463335
trial_4,296,0.153540,2.758487
trial_4,297,0.082553,1.496188
trial_4,298,0.280111,1.387173
trial_4,299,0.040171,1.624172
trial_4,300,0.208833,1.232015
trial_4,301,0.361957,1.108175
trial_4,302,0.046859,2.246967
trial_4,303,0.176325,2.046489
trial_4,304,0.097151,1.582849
trial_4,305,0.398734,1.321592
trial_4,306,0.312133,1.652593
trial_4,307,0.575058,1.814105
trial_4,308,0.282956,3.812194
trial_4,309,0.012624,1.255167
trial_4,310,0.773198,4.813836
trial_4,311,0.074069,2.676175
trial_4,312,0.419342,4.697539
trial_4,313,0.566047,2.064584
trial_4,314,0.348948,2.315932
trial_4,315,0.293966,2.106171
trial_4,316,0.130228,1.976255
trial_4,317,0.082379,2.000025
trial_4,318,0.071139,1.437452
trial_4,319,0.185083,1.672637
trial_4,320,0.771077,6.431647
trial_4,321,0.932029,4.054526
trial_4,322,0.124907,1.996596
trial_4,323,0.230508,2.618205
trial_4,324,0.387447,1.464049
trial_4,325,0.098617,1.375176
trial_4,326,0.015992,1.528788
trial_4,327,0.201582,1.753540
trial_4,328,0.585209,2.012525
trial_4,329,1.053349,6.808931
trial_4,330,0.908175,3.378217
trial_4,331,0.372614,1.507715
trial_4,332,0.179414,1.494060
trial_4,333,0.185103,2.344047
trial_4,334,0.400089,1.358841
trial_4,335,0.092007,1.833662
trial_4,336,0.195575,1.989438
trial_4,337,0.328468,1.606165
trial_4,338,0.044576,5.185564
trial_4,339,0.112423,1.533911
trial_4,340,0.080481,1.743272
trial_4,341,0.222402,9.088366
trial_4,342,0.237097,2.082250
trial_4,343,0.163583,1.741475
trial_4,344,0.419874,5.018195
trial_4,345,3.625131,16.413815
trial_4,346,1.193574,5.973980
trial_4,347,0.138175,2.715109
trial_4,348,0.255080,4.519646
trial_4,349,0.172613,2.082189
trial_4,350,0.262333,2.893468
trial_4,351,0.744143,5.342603
trial_4,352,0.213225,2.058988
trial_4,353,0.087517,1.742275
trial_4,354,0.316949,3.325241
trial_4,355,0.015747,1.717585
trial_4,356,0.510465,1.703896
trial_4,357,0.784331,3.392508
trial_4,358,0.188683,1.731173
trial_4,359,0.148734,1.682253
trial_4,360,0.377433,1.788474
trial_4,361,0.992952,3.478099
trial_4,362,0.675342,6.035703
trial_4,363,0.060540,2.299626
trial_4,364,0.137019,1.661234
trial_4,365,0.837230,1.860731
trial_4,366,0.019486,2.108363
trial_4,367,0.251391,0.933695
trial_4,368,0.285009,1.461851
trial_4,369,0.254220,1.354159
trial_4,370,0.125121,2.648501
trial_4,371,0.197512,1.847650
trial_4,372,0.143045,1.463460
trial_4,373,0.414669,1.962760
trial_4,374,0.662991,6.302066
trial_4,375,0.072267,1.334705
trial_4,376,0.053015,1.947535
trial_4,377,0.137219,1.662848
trial_4,378,0.480134,1.680195
trial_4,379,0.180375,1.745746
trial_4,380,0.189824,1.972861
trial_4,381,0.246304,1.010560
trial_4,382,0.267499,1.693847
trial_4,383,0.552276,2.884091
trial_4,384,0.303447,1.301042
trial_4,385,0.997837,2.255999
trial_4,386,1.509374,7.305649
trial_4,387,0.916485,6.535561
trial_4,388,0.288597,1.549142
trial_4,389,0.052616,1.113542
trial_4,390,0.231063,1.569611
trial_4,391,0.082270,1.900938
trial_4,392,0.094656,2.497659
trial_4,393,0.713706,2.420779
trial_4,394,0.022240,2.029182
trial_4,395,0.288641,1.453099
trial_4,396,0.091822,1.262014
trial_4,397,0.240181,1.009505
trial_4,398,0.738443,1.406498
trial_4,399,0.233582,1.663868
trial_4,400,0.177205,1.626681
trial_4,401,0.315901,2.002766
trial_4,402,0.468671,2.719313
trial_4,403,0.007191,1.611094
trial_4,404,0.587860,1.344712
trial_4,405,0.163428,1.885974
trial_4,406,0.097813,0.970297
trial_4,407,0.169525,1.317936
trial_4,408,0.320844,2.096397
trial_4,409,0.091859,1.479514
trial_4,410,0.359835,1.431418
trial_4,411,0.645316,2.561947
trial_4,412,0.140387,1.241207
trial_4,413,0.303555,2.256809
trial_4,414,0.129298,1.707983
trial_4,415,0.028637,1.788176
trial_4,416,0.498964,9.921601
trial_4,417,0.195212,2.545456
trial_4,418,0.966268,2.331634
trial_4,419,0.295105,3.080013
trial_4,420,0.312408,1.876648
trial_4,421,0.071527,1.795575
trial_4,422,0.281805,4.302373
trial_4,423,0.081862,1.438015
trial_4,424,0.756340,2.189878
trial_4,425,0.028067,3.246469
trial_4,426,0.215619,2.738663
trial_4,427,0.670563,2.536941
trial_4,428,0.096484,2.291947
trial_4,429,0.553229,2.009774
trial_4,430,0.202340,1.411109
trial_4,431,0.040643,1.812219
trial_4,432,0.228821,2.146010
trial_4,433,0.270308,1.991591
trial_4,434,0.104726,2.434709
trial_4,435,0.069597,9.820247
trial_4,436,0.128703,4.058000
trial_4,437,0.826198,3.893806
trial_4,438,0.002410,3.635576
trial_4,439,0.424021,3.669844
trial_4,440,0.538995,3.988701
trial_4,441,0.744301,3.743421
trial_4,442,0.293987,2.676777
trial_4,443,0.030891,2.164319
trial_4,444,0.196655,2.182789
trial_4,445,0.255325,2.133791
trial_4,446,0.323532,1.882279
trial_4,447,0.494099,2.048498
trial_4,448,0.080246,1.717911
trial_4,449,0.133035,2.481844
trial_4,450,0.260596,2.483125
trial_4,451,0.001554,2.173885
trial_4,452,0.334679,1.852737
trial_4,453,0.224093,2.725230
trial_4,454,0.590795,1.566468
trial_4,455,0.475516,2.041074
trial_4,456,0.502416,2.344451
trial_4,457,0.208902,1.929380
trial_4,458,0.627211,2.028922
trial_4,459,0.377625,2.014230
trial_4,460,0.098194,1.952936
trial_4,461,0.348789,1.435331
trial_4,462,0.038837,1.848285
trial_4,463,0.042129,1.648357
trial_4,464,0.527983,2.680416
trial_4,465,0.575229,2.251368
trial_4,466,0.390629,1.674436
trial_4,467,0.176761,1.619529
trial_4,468,0.168883,1.594845
trial_4,469,0.113244,4.333858
trial_4,470,0.420362,1.830809
trial_4,471,0.275566,1.393101
trial_4,472,0.613866,2.231364
trial_4,473,0.447660,2.711000
trial_4,474,0.149746,6.057288
trial_4,475,0.565877,6.544542
trial_4,476,1.006020,5.904905
trial_4,477,0.092858,2.647684
trial_4,478,0.085467,2.701626
trial_4,479,0.142000,1.479927
trial_4,480,0.660292,1.946896
trial_4,481,0.778634,5.431593
trial_4,482,0.038196,2.633781
trial_4,483,0.362333,3.353479
trial_4,484,0.297705,2.935334
trial_4,485,0.102878,1.791769
trial_4,486,0.005683,2.766618
trial_4,487,0.126970,1.823280
trial_4,488,0.293108,1.634576
trial_4,489,0.608614,2.176327
trial_4,490,0.014657,1.462255
trial_4,491,0.064399,1.392418
trial_4,492,0.099907,2.814757
trial_4,493,0.380502,3.107960
trial_4,494,0.269622,1.463875
trial_4,495,0.003725,1.886167
trial_4,496,0.362779,2.475640
trial_4,497,0.482676,2.568835
trial_4,498,0.032106,1.241683
trial_4,499,0.005837,2.340946
trial_4,500,0.401883,2.651010
trial_4,501,0.475688,1.949349
trial_4,502,0.181417,1.512462
trial_4,503,0.398455,2.239494
trial_4,504,0.232753,1.429304
trial_4,505,0.175842,2.064511
trial_4,506,0.270627,1.302036
trial_4,507,1.042898,3.520326
trial_4,508,0.120204,3.252070
trial_4,509,0.590988,2.932686
trial_4,510,0.876922,2.719422
trial_4,511,0.319465,2.056959
trial_4,512,0.902443,7.822594
trial_4,513,0.154693,2.172568
trial_4,514,0.043927,1.840727
trial_4,515,0.506521,13.325463
trial_4,516,0.401374,2.287902
trial_4,517,1.153149,5.700322
trial_4,518,0.417212,1.987179
trial_4,519,0.324083,2.572002
trial_4,520,0.107131,2.016169
trial_4,521,0.070025,1.461579
trial_4,522,0.040284,1.971378
trial_4,523,0.471987,3.918571
trial_4,524,0.325475,1.345995
trial_4,525,0.475030,3.102598
trial_4,526,0.538316,2.431458
trial_4,527,0.044901,1.837656
trial_4,528,0.016541,2.127807
trial_4,529,0.208195,1.224925
trial_4,530,0.596508,2.705896
trial_4,531,0.110102,2.395691
trial_4,532,0.100997,1.315495
trial_4,533,0.160585,1.995321
trial_4,534,0.435430,2.133027
trial_4,535,0.343296,2.144440
trial_4,536,0.514678,2.748093
trial_4,537,0.093568,2.243664
trial_4,538,0.625138,3.023199
trial_4,539,0.277721,2.261622
trial_4,540,0.381000,1.647418
trial_4,541,0.131733,2.932561
trial_4,542,0.329461,4.044497
trial_4,543,0.366946,2.970733
trial_4,544,0.018246,2.133152
trial_4,545,0.139425,1.712529
trial_4,546,0.184373,2.011533
trial_4,547,0.366008,2.084994
trial_4,548,0.177528,1.276142
trial_4,549,0.159626,1.911023
trial_4,550,0.014369,2.379488
trial_4,551,0.204348,1.769863
trial_4,552,0.513051,2.242734
trial_4,553,0.158377,1.368164
trial_4,554,0.433402,3.364000
trial_4,555,0.189829,1.729481
trial_4,556,0.440287,1.748172
trial_4,557,0.339712,1.747845
trial_4,558,0.046337,1.684985
trial_4,559,0.269552,1.678228
trial_4,560,0.144178,2.161860
trial_4,561,0.582010,2.109166
trial_4,562,0.365074,2.267996
trial_4,563,0.123267,1.978371
trial_4,564,0.622148,2.194506
trial_4,565,0.200829,2.184137
trial_4,566,0.274481,1.811191
trial_4,567,0.161737,2.472290
trial_4,568,0.064695,1.735324
trial_4,569,0.211499,1.524897
trial_4,570,0.401991,3.133839
trial_4,571,0.090271,1.988858
trial_4,572,0.085057,1.419671
trial_4,573,0.023147,1.397433
trial_4,574,0.945096,2.661543
trial_4,575,0.099030,2.606095
trial_4,576,0.148897,6.370388
trial_4,577,0.146688,1.594277
trial_4,578,0.194617,3.217989
trial_4,579,0.396651,2.682812
trial_4,580,0.200991,2.090613
trial_4,581,0.009683,1.780918
trial_4,582,0.312025,1.564087
trial_4,583,0.724526,3.092806
trial_4,584,0.000452,1.800496
trial_4,585,0.338654,1.586018
trial_4,586,0.019973,1.832038
trial_4,587,0.261179,2.024410
trial_4,588,0.244579,1.813311
trial_4,589,5.626991,26.067832
trial_4,590,0.097157,4.219668
trial_4,591,0.389551,3.352382
trial_4,592,0.204070,2.586340
trial_4,593,0.422489,2.304508
trial_4,594,0.242858,2.394700
trial_4,595,0.409669,3.722070
trial_4,596,0.197790,1.198109
trial_4,597,0.022886,2.049153
trial_4,598,0.174604,1.500885
trial_4,599,0.134866,2.848846
trial_4,600,0.167598,1.830869
trial_4,601,0.571920,3.315856
trial_4,602,0.378738,2.837228
trial_4,603,0.126949,2.226576
trial_4,604,0.308947,2.364606
trial_4,605,0.768398,2.019403
trial_4,606,0.101865,1.464490
trial_4,607,0.519466,3.271674
trial_4,608,0.105326,2.679945
trial_4,609,0.037947,1.676499
trial_4,610,0.036877,1.737671
trial_4,611,0.325515,1.691212
trial_4,612,0.290439,1.900589
trial_4,613,0.694573,2.159004
trial_4,614,0.472054,3.073312
trial_4,615,0.484552,2.060308
trial_4,616,0.182192,2.624372
trial_4,617,0.188840,2.179586
trial_4,618,0.785086,2.243626
trial_4,619,1.606512,9.702245
trial_4,620,0.234443,2.194428
trial_4,621,0.380127,1.912557
trial_4,622,0.836465,5.822418
trial_4,623,0.134153,2.210170
trial_4,624,1.172577,4.066649
trial_4,625,0.691572,2.359356
trial_4,626,0.238599,1.828880
trial_4,627,0.201764,3.762049
trial_4,628,0.838624,3.510446
trial_4,629,0.105598,2.756255
trial_4,630,0.126271,2.408025
trial_4,631,0.002544,2.000326
trial_4,632,0.456616,3.213953
trial_4,633,0.098554,3.358000
trial_4,634,0.139191,3.288589
trial_4,635,0.392643,2.706618
trial_4,636,0.417973,2.622521
trial_4,637,0.148353,2.635710
trial_4,638,0.410046,2.166407
trial_4,639,0.179548,2.112471
trial_4,640,0.500433,2.428907
trial_4,641,0.300013,2.402897
trial_4,642,0.209264,2.451827
trial_4,643,0.031258,2.635931
trial_4,644,0.129576,2.652388
trial_4,645,0.190714,2.697063
trial_4,646,0.383759,4.030852
trial_4,647,0.078448,4.585670
trial_4,648,2.482497,10.467308
trial_4,649,0.182512,2.804531
trial_4,650,0.303607,3.847837
trial_4,651,1.298989,3.599426
trial_4,652,0.491916,6.413102
trial_4,653,0.120903,3.016535
trial_4,654,0.328342,1.979134
trial_4,655,0.470757,2.265372
trial_4,656,0.879775,3.307310
trial_4,657,0.413577,5.839309
trial_4,658,0.400577,3.442646
trial_4,659,0.482718,2.894752
trial_4,660,0.062003,2.364432
trial_4,661,0.386726,3.045816
trial_4,662,0.088261,2.192235
trial_4,663,0.323690,2.681993
trial_4,664,0.775296,1.959595
trial_4,665,0.129883,2.621783
trial_4,666,0.242217,4.653677
trial_4,667,0.031866,2.388748
trial_4,668,0.147096,2.506571
trial_4,669,0.156919,2.177709
trial_4,670,0.568690,3.361635
trial_4,671,0.258657,2.657838
trial_4,672,0.344620,1.670792
trial_4,673,0.830976,12.196877
trial_4,674,0.645232,3.350038
trial_4,675,0.060931,1.998627
trial_4,676,0.960835,6.018081
trial_4,677,0.219898,2.063838
trial_4,678,0.082739,2.228651
trial_4,679,0.742954,4.231526
trial_4,680,0.073799,1.813351
trial_4,681,0.134468,1.566861
trial_4,682,0.359974,2.442983
trial_4,683,0.431587,2.361226
trial_4,684,0.565732,6.730222
trial_4,685,0.238433,5.315649
trial_4,686,0.088954,2.321689
trial_4,687,0.035310,2.334319
trial_4,688,0.523467,2.307897
trial_4,689,0.002592,2.856238
trial_4,690,0.121199,1.843309
trial_4,691,0.169311,1.363361
trial_4,692,0.243797,1.386587
trial_4,693,0.041999,2.207366
trial_4,694,0.074294,1.616357
trial_4,695,0.067565,2.157346
trial_4,696,0.145736,3.155864
trial_4,697,0.230438,3.422747
trial_4,698,0.076601,2.008955
trial_4,699,0.244038,2.752027
trial_4,700,0.714448,2.995164
trial_4,701,0.109811,2.814439
trial_4,702,0.294600,1.826187
trial_4,703,0.194854,4.298028
trial_4,704,0.188419,1.658566
trial_4,705,0.194556,2.943691
trial_4,706,0.166693,1.550457
trial_4,707,0.067055,1.944925
trial_4,708,0.104537,1.961853
trial_4,709,0.078910,4.749838
trial_4,710,0.082492,4.052661
trial_4,711,0.211623,2.962900
trial_4,712,0.452304,2.385718
trial_4,713,0.628392,5.184105
trial_4,714,0.162533,2.682763
trial_4,715,0.415080,2.744487
trial_4,716,0.025980,3.505497
trial_4,717,0.839506,2.850786
trial_4,718,0.835263,2.416705
trial_4,719,0.132362,2.191624
trial_4,720,0.344876,2.965326
trial_4,721,0.055784,2.256815
trial_4,722,0.033527,2.109814
trial_4,723,0.066246,1.856809
trial_4,724,0.734999,8.546105
trial_4,725,0.825774,4.266466
trial_4,726,0.029445,4.131045
trial_4,727,0.698931,2.589203
trial_4,728,0.672155,2.031401
trial_4,729,0.166502,1.885544
trial_4,730,0.110254,1.994394
trial_4,731,0.326026,2.053959
trial_4,732,0.189390,2.437139
trial_4,733,0.328662,2.175181
trial_4,734,0.485735,1.545331
trial_4,735,0.108634,2.518907
trial_4,736,0.324572,3.132566
trial_4,737,0.028570,2.611535
trial_4,738,0.041040,3.081531
trial_4,739,0.049330,1.486992
trial_4,740,0.218962,1.742585
trial_4,741,0.233770,1.928617
trial_4,742,0.266885,1.864127
trial_4,743,1.911884,10.106539
trial_4,744,0.149086,1.733977
trial_4,745,0.343190,1.771242
trial_4,746,0.292209,2.088745
trial_4,747,0.233812,1.469105
trial_4,748,0.122899,2.198734
trial_4,749,0.052588,2.964676
trial_4,750,0.135460,1.523794
trial_4,751,0.045567,2.405391
trial_4,752,0.158620,1.349621
trial_4,753,0.828927,3.782211
trial_4,754,0.264113,1.887348
trial_4,755,0.097031,2.174193
trial_4,756,0.107268,1.416256
trial_4,757,0.219019,1.496528
trial_4,758,0.271674,2.381469
trial_4,759,0.051026,3.182455
trial_4,760,0.061441,2.461400
trial_4,761,0.063486,2.178406
trial_4,762,0.167762,2.575905
trial_4,763,0.299944,2.899877
trial_4,764,0.403810,2.467511
trial_4,765,0.164292,2.360450
trial_4,766,0.853962,2.573687
trial_4,767,0.062738,2.177552
trial_4,768,0.050723,1.724819
trial_4,769,0.090752,2.203366
trial_4,770,0.920997,10.208312
trial_4,771,0.329385,2.708965
trial_4,772,3.248531,22.892956
trial_4,773,0.069096,4.095099
trial_4,774,0.857044,4.539814
trial_4,775,0.281113,3.578518
trial_4,776,0.620047,3.857213
trial_4,777,0.045672,2.626501
trial_4,778,0.074289,2.179925
trial_4,779,0.209975,3.241115
trial_4,780,0.418927,2.325408
trial_4,781,0.105557,3.191401
trial_4,782,0.208997,2.380170
trial_4,783,0.624595,3.182789
trial_4,784,0.265436,2.471193
trial_4,785,0.084102,2.257371
trial_4,786,0.108968,2.963148
trial_4,787,0.834050,3.900344
trial_4,788,0.252874,5.370072
trial_4,789,0.331312,2.911610
trial_4,790,0.286138,2.811510
trial_4,791,0.083263,3.385407
trial_4,792,0.293540,2.617581
trial_4,793,0.007525,2.829738
trial_4,794,0.227884,2.375710
trial_4,795,0.545722,4.661168
trial_4,796,0.513624,2.464122
trial_4,797,0.385364,1.754657
trial_4,798,0.005420,2.420128
trial_4,799,0.371737,2.489059
trial_4,800,0.560255,3.814609
trial_4,801,0.191604,2.262072
trial_4,802,0.231973,1.752728
trial_4,803,0.290366,2.874267
trial_4,804,0.185862,2.423493
trial_4,805,0.013961,1.616483
trial_4,806,0.340967,4.440335
trial_4,807,0.489479,3.216025
trial_4,808,0.269434,2.278849
trial_4,809,0.548531,3.508071
trial_4,810,0.004262,2.194796
trial_4,811,0.056829,2.382540
trial_4,812,1.139113,3.852034
trial_4,813,0.219377,6.203211
trial_4,814,0.054000,7.205067
trial_4,815,0.103659,3.784840
trial_4,816,0.392537,2.829455
trial_4,817,0.058777,3.226251
trial_4,818,0.480489,3.590453
trial_4,819,0.115141,4.621671
trial_4,820,1.694153,9.300541
trial_4,821,0.183802,3.334094
trial_4,822,0.823084,3.133187
trial_4,823,0.384423,2.629318
trial_4,824,0.032529,2.464408
trial_4,825,0.209259,2.271551
trial_4,826,0.874642,8.893361
trial_4,827,0.376579,3.816063
trial_4,828,0.032874,3.410253
trial_4,829,0.408887,2.056878
trial_4,830,0.315184,2.731906
trial_4,831,0.800989,4.432250
trial_4,832,0.043709,2.505910
trial_4,833,0.185457,3.273007
trial_4,834,0.077781,3.077410
trial_4,835,0.113971,2.657803
trial_4,836,0.045801,2.461139
trial_4,837,0.421940,4.288881
trial_4,838,0.084629,3.256179
trial_4,839,0.339675,2.434737
trial_4,840,0.381390,3.186174
trial_4,841,0.442904,4.922768
trial_4,842,0.150815,2.830513
trial_4,843,0.305101,3.346411
trial_4,844,0.079757,2.988629
trial_4,845,0.117472,2.545274
trial_4,846,0.788070,2.479846
trial_4,847,0.274609,3.001371
trial_4,848,0.039101,3.430061
trial_4,849,0.770260,1.903121
trial_4,850,0.455244,3.071291
trial_4,851,0.257063,2.875217
trial_4,852,0.431299,3.875551
trial_4,853,0.169378,1.926541
trial_4,854,0.536029,2.804528
trial_4,855,0.043261,3.297240
trial_4,856,0.221659,3.021071
trial_4,857,0.131607,3.150907
trial_4,858,0.129038,2.062024
trial_4,859,0.164424,1.983634
trial_4,860,0.131707,3.018845
trial_4,861,0.109027,1.349275
trial_4,862,0.373107,3.012839
trial_4,863,0.245962,2.055478
trial_4,864,0.245379,2.821741
trial_4,865,0.329822,1.899187
trial_4,866,0.188434,2.133694
trial_4,867,0.490758,3.004336
trial_4,868,0.180788,3.310659
trial_4,869,0.717487,5.671215
trial_4,870,0.330766,4.547225
trial_4,871,0.369037,2.580084
trial_4,872,0.455295,4.087398
trial_4,873,0.361023,3.807306
trial_4,874,0.236152,2.952346
trial_4,875,0.036257,2.634424
trial_4,876,0.299345,2.542452
trial_4,877,0.297774,1.969856
trial_4,878,0.229857,2.533397
trial_4,879,0.181753,1.737472
trial_4,880,0.459440,2.875881
trial_4,881,0.164937,2.371742
trial_4,882,0.586466,2.516557
trial_4,883,0.029771,3.112482
trial_4,884,0.081268,4.518397
trial_4,885,0.058190,2.781395
trial_4,886,0.233699,2.249496
trial_4,887,0.077651,7.032106
trial_4,888,0.301093,4.363511
trial_4,889,0.095721,2.481902
trial_4,890,0.445891,3.007967
trial_4,891,0.435561,2.815748
trial_4,892,0.151814,3.120304
trial_4,893,1.086855,4.811857
trial_4,894,0.321692,4.108506
trial_4,895,0.030154,2.962036
trial_4,896,0.625284,2.025817
trial_4,897,0.697819,2.321865
trial_4,898,0.152874,3.963109
trial_4,899,0.218777,2.667825
trial_4,900,0.018439,2.240597
trial_4,901,0.203612,3.135021
trial_4,902,0.320994,3.052287
trial_4,903,0.394221,3.072920
trial_4,904,0.327038,1.571521
trial_4,905,0.164840,3.117359
trial_4,906,0.378193,2.964274
trial_4,907,0.500157,2.902435
trial_4,908,0.042046,1.741204
trial_4,909,0.178540,4.724051
trial_4,910,0.288646,1.965471
trial_4,911,0.028408,2.702781
trial_4,912,0.047661,2.345846
trial_4,913,0.527385,3.071889
trial_4,914,0.682335,2.588615
trial_4,915,0.291866,2.855764
trial_4,916,0.313686,2.712491
trial_4,917,0.045250,2.208489
trial_4,918,0.116356,2.469692
trial_4,919,0.643609,3.721425
trial_4,920,0.395195,3.102461
trial_4,921,0.003284,3.488273
trial_4,922,0.866740,2.693518
trial_4,923,0.213059,2.866062
trial_4,924,0.257816,5.420528
trial_4,925,0.991691,5.961573
trial_4,926,0.078400,3.153955
trial_4,927,0.107956,3.225824
trial_4,928,0.106294,3.982761
trial_4,929,0.159035,4.308902
trial_4,930,0.118241,3.339651
trial_4,931,0.496043,6.608099
trial_4,932,0.855844,3.583982
trial_4,933,0.029778,4.146819
trial_4,934,0.070428,2.660098
trial_4,935,0.860390,3.277936
trial_4,936,1.444968,5.692813
trial_4,937,0.604020,3.324967
trial_4,938,0.000867,2.212765
trial_4,939,0.778642,2.715812
trial_4,940,0.686906,2.056147
trial_4,941,0.156541,2.416662
trial_4,942,0.830065,3.517072
trial_4,943,0.397232,4.102044
trial_4,944,0.407928,2.548833
trial_4,945,0.070104,1.384170
trial_4,946,0.393949,1.785140
trial_4,947,0.323298,2.556167
trial_4,948,0.152565,2.812537
trial_4,949,0.160492,3.989471
trial_4,950,0.431657,2.387237
trial_4,951,0.592599,3.087665
trial_4,952,0.168097,3.620354
trial_4,953,0.595652,3.149183
trial_4,954,0.187623,3.767605
trial_4,955,0.469770,2.328857
trial_4,956,0.766145,3.838958
trial_4,957,0.988443,5.839457
trial_4,958,0.058811,2.886968
trial_4,959,0.417200,3.378799
trial_4,960,1.185537,4.297318
trial_4,961,0.052428,2.271881
trial_4,962,1.679041,18.091567
trial_4,963,0.554856,3.004173
trial_4,964,0.809610,2.985532
trial_4,965,0.158859,3.132616
trial_4,966,0.015501,2.339799
trial_4,967,0.443090,4.123214
trial_4,968,0.054783,3.202055
trial_4,969,0.006762,3.703387
trial_4,970,0.574122,3.717837
trial_4,971,0.541939,3.686565
trial_4,972,0.881630,3.405712
trial_4,973,0.714667,2.007117
trial_4,974,0.157859,3.330994
trial_4,975,0.482509,3.142061
trial_4,976,0.114894,2.117203
trial_4,977,0.610003,2.803500
trial_4,978,0.694512,4.232247
trial_4,979,0.055178,2.119142
trial_4,980,0.753807,2.239302
trial_4,981,0.148461,1.961323
trial_4,982,0.135966,2.429410
trial_4,983,0.411474,2.836758
trial_4,984,0.054999,3.634824
trial_4,985,0.258139,2.439845
trial_4,986,0.252861,3.569396
trial_4,987,0.235323,1.889053
trial_4,988,0.504288,6.513263
trial_4,989,0.806828,3.508728
trial_4,990,0.943171,3.867310
trial_4,991,0.463940,3.776464
trial_4,992,0.175274,3.809969
trial_4,993,0.387186,3.284096
trial_4,994,0.120094,2.565041
trial_4,995,0.251608,1.797641
trial_4,996,0.145160,2.651674
trial_4,997,1.138748,9.481274
trial_4,998,0.656968,2.339777
trial_4,999,0.043353,3.660374
trial_4,1000,0.511187,2.779709
trial_5,1,0.332718,2.145869
trial_5,2,0.319035,1.935571
trial_6,1,0.120547,2.114429
trial_6,2,0.488238,2.012867
trial_7,1,0.228824,2.232942
trial_7,2,0.345098,2.009153
trial_8,1,0.198580,2.106000
trial_8,2,0.036208,1.909033
trial_9,1,0.157201,2.155317
trial_9,2,0.222956,2.017022
trial_10,1,0.206880,2.166525
trial_10,2,0.152763,1.966386
trial_11,1,0.229546,2.189282
trial_11,2,0.212232,1.996707
trial_12,1,0.008987,2.157429
trial_12,2,0.321607,2.040023
trial_13,1,0.261630,2.180136
trial_13,2,0.284949,2.009738
trial_14,1,0.235994,2.237690
trial_14,2,0.003364,2.030940
trial_15,1,0.552818,2.286252
trial_15,2,0.357589,2.061051
trial_16,1,0.193439,2.262082
trial_16,2,0.097462,1.968673
trial_17,1,0.255744,2.264761
trial_17,2,0.389680,2.085378
trial_18,1,0.215554,2.244836
trial_18,2,0.256647,2.037395
trial_19,1,0.582060,2.315322
trial_19,2,0.034707,2.021734
trial_20,1,0.598082,2.321886
trial_20,2,0.020189,1.989287
trial_21,1,0.514496,2.372241
trial_21,2,0.176148,2.000190
trial_22,1,0.353705,2.238607
trial_22,2,0.527341,2.068839
trial_23,1,0.686116,2.388984
trial_23,2,0.485341,2.079657
trial_24,1,0.426576,2.307449
trial_24,2,0.293878,2.080575
trial_25,1,0.333246,2.329847
trial_25,2,0.560020,2.085011
trial_26,1,0.370405,2.381773
trial_26,2,0.121581,1.988821
trial_27,1,0.389751,2.360598
trial_27,2,0.116887,2.092439
trial_28,1,0.181694,2.317228
trial_28,2,0.336687,2.081555
trial_29,1,0.307795,2.312367
trial_29,2,0.176444,2.055023
