replica,eps_ate,pehe,co2_kg
0,0.044496,0.784212,
1,0.15746,0.896336,
2,0.007389,0.923108,
3,0.172091,1.117406,
