replica,eps_ate,pehe,co2_kg
0,0.018137,0.726517,
1,0.098378,0.723923,
