rep,lin_mmd_b,rbf_mmd_b,knn_overlap_b,tail_ipm_b,rho_b,rbf_mmd_g0_b,rbf_mmd_g1_b,rbf_mmd_local_b,lin_mmd_s,rbf_mmd_s,knn_overlap_s,tail_ipm_s,rho_s,rbf_mmd_g0_s,rbf_mmd_g1_s,rbf_mmd_local_s
1,0.006608165800571442,0.010948024377921639,0.9077380952380952,1.7539726495742798,0.8989913694661615,0.031632558303842484,0.012783359076364631,0.016570028564027593,0.022382359951734543,0.013748109474865045,0.8422619047619048,5.311239242553711,0.9145174141760586,0.03480424221959799,0.02097867545081722,0.023756133060616927
2,0.017874546349048615,0.025163972443646543,0.8497023809523809,1.2980424165725708,0.9210797866805674,0.02864451794377343,0.03438449929956977,0.03323137804505711,0.12827929854393005,0.023004023848589572,0.7723214285714286,4.706852436065674,0.9747005739099577,0.013094082604686808,0.03694605443730725,0.03215436366736118
3,0.0222043264657259,0.021801124003226646,0.8169642857142857,1.793120265007019,0.9382708025757475,0.04138668749563812,0.034711592414500614,0.03605257133705057,0.2893383800983429,0.023590614940002808,0.7976190476190477,6.356143474578857,0.8271586504099294,0.033602605452415224,0.03918697851226349,0.038065117852918974
4,0.014342883601784706,0.021856803054569163,0.8973214285714286,1.2418495416641235,0.811908226935396,0.018802001757441844,0.03213724079243796,0.029458286522014633,0.07141707092523575,0.028506354284133173,0.8020833333333334,4.333359241485596,0.9673036187234492,0.020593792549682743,0.051858758278963024,0.045577849985134394
5,0.007248801179230213,0.010743843957431998,0.8645833333333334,1.5853427648544312,0.8581749315215614,0.0580116746060676,0.013005068591912305,0.02204657426439886,0.03261525183916092,0.008756985757027547,0.8392857142857143,5.32907247543335,0.9142573963686985,0.06303685334019826,0.01143377687941316,0.021800466346981597
6,0.007473165635019541,0.021088032324279693,0.8720238095238095,1.6416869163513184,0.890914898473427,0.030867522120790913,0.028110799459511226,0.028664605351286163,0.09284112602472305,0.03841821952543922,0.8065476190476191,5.261139869689941,0.9140303835986799,0.04665619286342715,0.055900221302940256,0.05404316201821664
7,0.012006690725684166,0.020464600681200706,0.8526785714285714,1.3799412250518799,0.9127139130730685,0.03374717235788871,0.01951460747902989,0.02237382810201492,0.03726479038596153,0.015027452167273858,0.8229166666666666,3.839381217956543,0.8782997793177204,0.03163872790208555,0.02427520001052541,0.025754480167312046
8,0.011462806724011898,0.013884984488268581,0.8571428571428571,1.468590259552002,0.860269345796092,0.05202905662715984,0.01599287561304119,0.023232286977484667,0.11691107600927353,0.010001307747195987,0.7931547619047619,5.30825138092041,0.9251853255676779,0.03775081850388251,0.016648546840005274,0.02088784248676633
9,0.0403585359454155,0.025915382197052583,0.8630952380952381,1.9749253988265991,0.8437824824383088,0.04725384791038323,0.03277428808836025,0.03568312823117736,3.010904312133789,0.018283757350447294,0.8333333333333334,17.667804718017578,0.9093412212004767,0.03089792594782803,0.02255296376211824,0.024229407058354583
10,0.011801954358816147,0.016410683835697437,0.8377976190476191,1.6576262712478638,0.8379069128977463,0.023656373711337886,0.01922738597459195,0.020117137975277515,0.2685314118862152,0.006551804125560667,0.8363095238095238,12.089076042175293,0.9470240747525674,0.048306679285676335,0.006190616129373772,0.014651432388452412
11,0.003735241247341037,0.007487252303904568,0.9077380952380952,1.8522636890411377,0.876369255713499,0.03913586887367371,0.010813189913097543,0.016503013811427575,0.0355818048119545,0.0027766228708761,0.8467261904761905,8.570079803466797,0.9245497422698682,0.011731370158263421,0.006040367493203136,0.007183649278594712
12,0.021344492211937904,0.02550491562398205,0.8645833333333334,1.873116135597229,0.8464059608517206,0.029767614190549185,0.021141248062945484,0.022874223401080158,0.37658774852752686,0.024065571246924322,0.8556547619047619,9.53636360168457,0.9235718335123005,0.05446514168857097,0.017509673763112965,0.02493376330170944
13,0.04510371387004852,0.0151718917078838,0.8824404761904762,2.082279682159424,0.8890820069371203,0.02271003808546923,0.017007687039546915,0.01815324863359381,3.614762544631958,0.010836569541991081,0.8601190476190477,21.002622604370117,0.9292094571147443,0.014705829722111319,0.00843227678863756,0.009692588761880056
14,0.03452876955270767,0.03827702537392319,0.8392857142857143,1.2847331762313843,0.90098425187834,0.0750851700546834,0.02305795455097215,0.033509850522699856,1.0078949928283691,0.03701934103061488,0.8169642857142857,7.031237602233887,0.9690001934403706,0.03804398271334353,0.024067199859492572,0.026875035700667987
15,0.006385979242622852,0.012711292592157197,0.8630952380952381,1.4689956903457642,0.8519949643175412,0.041996120272788984,0.01671312233428257,0.021792296027286093,0.06069047376513481,0.010281371484874735,0.8363095238095238,6.867993354797363,0.9285358974915869,0.0924708292030555,0.016140218390147787,0.03147449288381229
16,0.0031477457378059626,0.021227996699399343,0.8571428571428571,0.5258939862251282,0.4527559219342157,0.07637829956826958,0.018467877724293036,0.03010166782687761,0.8987072110176086,0.04107162870245151,0.8095238095238095,6.326632499694824,0.9422958442561584,0.007128918030603115,0.03654037974378643,0.030631827167477282
17,0.011491530574858189,0.012539745442526562,0.8630952380952381,1.9206573963165283,0.7631653870230403,0.037374106997330236,0.01344164408525006,0.01824950493812331,0.06003667414188385,0.0038912570618100384,0.8630952380952381,9.043706893920898,0.9444817959951662,0.0313734987375921,0.005764423484114878,0.010909103780572355
18,0.005739965476095676,0.011966125405263983,0.8973214285714286,1.7959884405136108,0.9211994392285501,0.032942851621613034,0.015908001765361002,0.019330181423983062,0.0529092438519001,0.01065280072214414,0.8169642857142857,9.22197151184082,0.9548585625050383,0.03957945412863273,0.016570103968021055,0.021192518062786794
19,0.008061022497713566,0.015193391469475404,0.8511904761904762,1.9415568113327026,0.9181236487450487,0.03928235205144892,0.021701117635776757,0.025233062049639467,0.03059699758887291,0.006624143222215606,0.8571428571428571,10.472391128540039,0.9304029238074469,0.03492556396215096,0.008285628669822076,0.013637401384798862
20,0.03661982715129852,0.035965849515214754,0.8348214285714286,1.4336199760437012,0.8225041024555344,0.031218535136159353,0.029232099500687392,0.029631160231027742,0.9450843930244446,0.05113244266021033,0.8125,7.291189193725586,0.8946339421194224,0.026380021171861,0.058024996273776,0.05166774681133771
21,0.0015997810987755656,0.012552541617659507,0.8779761904761905,0.5181981921195984,0.33831501567623684,0.05028847893217081,0.013766500524380887,0.02110350511523154,0.29835885763168335,0.0059475597309257555,0.8898809523809523,11.202024459838867,0.9500051981368132,0.041494600882531096,0.0048592581409230284,0.012219036816692504
22,0.00494272168725729,0.011739093883816887,0.8616071428571429,1.8895410299301147,0.8891551066320695,0.06394272117497635,0.01448705966557906,0.02442234880809191,0.05972590297460556,0.011631986481310252,0.8214285714285714,8.544280052185059,0.9583040318288197,0.02066746253970031,0.02195628585053666,0.021697370453270432
23,0.011309031397104263,0.016635036039253315,0.8497023809523809,1.468493103981018,0.8587817532311763,0.030428193305096607,0.02367732686560242,0.02503352771282224,0.21415480971336365,0.01474834944014669,0.8377976190476191,6.869230270385742,0.9408374026707819,0.006730089113540116,0.029054841386437436,0.024569958117328598
24,0.005510587245225906,0.01191692195444427,0.8839285714285714,1.9456183910369873,0.8806798629840993,0.023508953256012877,0.015089936086937983,0.016781256500368207,0.027146993204951286,0.008166111778577845,0.8497023809523809,9.597707748413086,0.9388396296961516,0.02047824103278606,0.012493423063447917,0.014097515959073884
25,0.019795706495642662,0.023243136100071227,0.8705357142857143,1.604312539100647,0.8779941312106835,0.020384309454098748,0.019145561176859727,0.01939441685755507,0.9134450554847717,0.02360582600563499,0.8526785714285714,10.110400199890137,0.9164823106585166,0.025880730894834114,0.017125997798035253,0.01888476114337431
26,0.002125899773091078,0.016562848850231626,0.8288690476190477,0.5350534319877625,0.44006225607472466,0.04577516375950941,0.01854830464210644,0.02401798616122757,0.48328930139541626,0.02783185075168315,0.8779761904761905,11.904715538024902,0.9403884310605507,0.037484327408132345,0.020083142943981613,0.02357891660865475
27,0.007942156866192818,0.011740132416824478,0.8616071428571429,1.522632360458374,0.8647296419035846,0.04679742249585217,0.008789895406980386,0.01642533611679838,0.26799556612968445,0.016093054310159283,0.7916666666666666,7.9304680824279785,0.939724634362568,0.12173044661972332,0.005148482341042149,0.02856896623631292
28,0.03646000847220421,0.024925053436618994,0.8065476190476191,2.104562520980835,0.9038192319110856,0.0490471975738046,0.03861335967726198,0.040709443183263846,3.413295030593872,0.016404693895909817,0.8616071428571429,20.37803840637207,0.8783272727122599,0.04238368294689998,0.029042556287099397,0.03172269333929148
29,0.008056092076003551,0.020519384198846358,0.8586309523809523,1.7123804092407227,0.898786553223226,0.044702172640908144,0.026126767627138725,0.02985843381294062,0.05143194645643234,0.00866832547109353,0.8526785714285714,13.014249801635742,0.9563233758991785,0.01564621018193335,0.009912280198642542,0.011064185775642929
30,0.020369168370962143,0.021455185818820333,0.8586309523809523,1.6487443447113037,0.8941832061563514,0.0680112623663347,0.02623022682846876,0.0346237384320579,0.3841281235218048,0.013285223337780372,0.8258928571428571,11.8058443069458,0.9595014792794444,0.0045572324441713885,0.019085746410139603,0.01616707172947635
31,0.012555103749036789,0.011186526307373379,0.8913690476190477,1.8075697422027588,0.8961165052249889,0.029033678512600525,0.014388142794431014,0.017330326309241854,0.2645266652107239,0.005184859827810695,0.8482142857142857,11.439613342285156,0.9042343845763499,0.013048889360507188,0.007060895932455291,0.008263841040769288
32,0.005712470971047878,0.013428520066803618,0.8497023809523809,1.195204257965088,0.8867868663985577,0.03338854403384228,0.018170867416870684,0.02122798995153016,0.03201478347182274,0.005220076698825071,0.8422619047619048,4.6529107093811035,0.9749303328571579,0.03742891157680783,0.010018852488122731,0.015525337572903218
33,0.008435720577836037,0.011867275216833617,0.8675595238095238,1.7512118816375732,0.8927391502667545,0.05008723412175364,0.016856829453055444,0.023532580390963564,0.04719803109765053,0.0035395990919655507,0.8318452380952381,9.29522705078125,0.9222243979248684,0.04363279259409858,0.005126509729009965,0.01286214691172866
34,0.011351721361279488,0.01126748541801914,0.8675595238095238,2.0330607891082764,0.8999013565554816,0.04871428592995797,0.012252813331091739,0.01957766273711397,0.5794808268547058,0.0012347210413938825,0.8854166666666666,26.020902633666992,0.9086257889817257,0.014947946309158744,0.0017749827082031988,0.004421337003038019
35,0.007127969525754452,0.013160057207342812,0.8601190476190477,1.8408468961715698,0.8067147412100821,0.036126560225448134,0.016257585413828712,0.0202491205322344,0.08305370807647705,0.0017573364305599748,0.8556547619047619,15.564481735229492,0.9646797219937436,0.061084174235276456,0.005344413995372221,0.01654213368642441
36,0.027780722826719284,0.025093696185296,0.8690476190476191,1.6655378341674805,0.8637677303463075,0.02225424371756335,0.01479604811719093,0.01629434634048003,1.7394356727600098,0.024765405905755933,0.8407738095238095,13.726937294006348,0.9657869795028989,0.06816897603260175,0.01246315834758871,0.023654059221810082
37,0.005833001807332039,0.01428106923835637,0.8913690476190477,1.8447742462158203,0.9152112993110169,0.04070917704751509,0.01675753415214698,0.021569248126662895,0.06794377416372299,0.006171726269760924,0.8511904761904762,16.901086807250977,0.9762172999430042,0.030525489558141605,0.007926236709643542,0.01246626518367217
38,0.006609306670725346,0.010759509296868752,0.9047619047619048,1.6077717542648315,0.8057102116565739,0.033523557824499894,0.013173760894007125,0.01726188974165076,0.01944512128829956,0.0021204489893646983,0.9047619047619048,13.363737106323242,0.9259787191116197,0.03090996229198284,0.00345819137538228,0.008973056068449357
39,0.053711552172899246,0.026803762365822714,0.8511904761904762,1.9300631284713745,0.9325329120725103,0.03527384429960223,0.029712977694872023,0.030830116075286577,3.2967042922973633,0.027969031972311154,0.8720238095238095,15.173530578613281,0.9659132875353302,0.029363663010512076,0.032398353512771316,0.031788705867228165
40,0.037459202110767365,0.029170206384777964,0.8541666666666666,1.8964241743087769,0.9055250956550734,0.0189645929311818,0.03074136500573288,0.0283754956157561,2.8018805980682373,0.026708752920319268,0.8556547619047619,15.722207069396973,0.9304948562977101,0.012052580287094883,0.024264907516089562,0.02181153820669331
41,0.03830143064260483,0.029736686403467827,0.8720238095238095,1.707716464996338,0.8458043548271722,0.02483217841769414,0.034103912175524664,0.032241287090246214,0.8141948580741882,0.027308129261982783,0.8809523809523809,8.65909194946289,0.9200051024382635,0.024673945007421816,0.029844537939275106,0.028805802752072434
42,0.003914040978997946,0.022632829154289547,0.8526785714285714,0.5461238622665405,0.28033177379420704,0.04946579118178729,0.02295296827799187,0.028279205022057913,0.0628524050116539,0.014412826107539134,0.8601190476190477,4.858481407165527,0.9147901203961832,0.028920682726960467,0.02076411909766762,0.02240271446962377
43,0.04611366242170334,0.0328522200669199,0.8497023809523809,1.5748341083526611,0.7763626488706837,0.0213251031197641,0.032333887551710405,0.030122301393506905,0.5918726325035095,0.03195964490130998,0.8467261904761905,5.720512866973877,0.928984024573933,0.00667908178418164,0.025133390969991676,0.021426052071056623
44,0.008808030746877193,0.014524048330177286,0.875,1.538496732711792,0.8266623772740185,0.04027859456412086,0.01932157901088527,0.023531693742562063,0.09279930591583252,0.021137492770451294,0.8244047619047619,5.191382884979248,0.9848203317532306,0.037313524628791006,0.027351446998996387,0.029352757237124768
45,0.013326536864042282,0.01951668795228867,0.8973214285714286,1.6629953384399414,0.8755913368565853,0.0504800076817562,0.01939993154855313,0.025643696843169823,0.24074392020702362,0.0120188998985169,0.8571428571428571,7.435210704803467,0.9718150608740505,0.02790929919545293,0.009663382163209278,0.013328856567008227
46,0.03556349501013756,0.026722075934108247,0.8764880952380952,1.8095155954360962,0.9023017562348996,0.024927881669461027,0.02926861873799691,0.02839659566619283,1.1548223495483398,0.021101665681991455,0.8422619047619048,10.496779441833496,0.9549055321363031,0.012820091149187474,0.01662446902524095,0.015860196684069492
47,0.02574513852596283,0.02131132470799657,0.8675595238095238,1.8479714393615723,0.9265542716801128,0.02578077845070237,0.024991096720959338,0.02514973813988093,0.7355254292488098,0.023988160312712004,0.8065476190476191,10.595009803771973,0.9387517050767089,0.024300555771980314,0.032540592112213274,0.030885227668862904
48,0.009050454944372177,0.016175277191314508,0.8690476190476191,1.7279938459396362,0.8655472411089836,0.022614957769505173,0.025607770341003144,0.025006535672621857,0.08676143735647202,0.022359183713851816,0.8050595238095238,6.907563209533691,0.963980880345945,0.03427637217652746,0.03789887393626412,0.0371711392077456
49,0.007878078147768974,0.019172568058424377,0.8348214285714286,1.2922980785369873,0.8331390263557245,0.05667594857618541,0.022588150003315044,0.029436145252329175,0.03524097055196762,0.009813172893938127,0.8214285714285714,5.877265453338623,0.9913908328105842,0.06834121361524914,0.015301772043594397,0.02595701700218575
50,0.006093387026339769,0.009310135956460353,0.8883928571428571,1.8034478425979614,0.8914538166042295,0.031045530573399538,0.013461953286028172,0.016994368366080453,0.0513395294547081,0.004731960733585061,0.8199404761904762,9.088408470153809,0.906279925742703,0.08585238085005764,0.00820658008902575,0.02380506684905448
51,0.0225656908005476,0.023113256188753928,0.8288690476190477,1.5725023746490479,0.8406417674650497,0.03215034358091151,0.028149537642498723,0.02895327097834058,0.3214254677295685,0.0232259330202369,0.8303571428571429,6.883502960205078,0.9057193239244954,0.02175852549942825,0.034749664812245284,0.03213983771815258
52,0.03038092888891697,0.02394986657067044,0.8571428571428571,1.6845473051071167,0.8433874018830991,0.04607930500837398,0.025571769331832472,0.02969158676685197,0.2008376270532608,0.0071489165105383945,0.8035714285714286,7.494197845458984,0.9628461132242214,0.041330315446964305,0.007236384328620393,0.014085611562216268
53,0.021796815097332,0.013864996335136603,0.875,2.079660415649414,0.8930364724537386,0.03123804464434199,0.012906011013002372,0.016588785626441133,0.6997172236442566,0.005632849215118307,0.8303571428571429,14.96652603149414,0.9135205092156248,0.03295110494780107,0.006284158821957542,0.011641357820452893
54,0.014715196564793587,0.014105063020519837,0.8883928571428571,1.9748812913894653,0.8836505778578237,0.043871020131675764,0.015649383413243068,0.021318908646856777,0.407473087310791,0.007632035298858031,0.8184523809523809,12.472078323364258,0.8884270976809083,0.019988296378423143,0.005864818110733028,0.008702124012724344
55,0.041935376822948456,0.02783407464829002,0.8303571428571429,1.7783771753311157,0.8972724122501564,0.08765108160425761,0.015381947893101877,0.029900300647575127,1.1280460357666016,0.03231226527780928,0.8422619047619048,8.119553565979004,0.8978755215124975,0.06957649433486102,0.011736210416442572,0.023355910310767707
56,0.002994342939928174,0.01723891718536008,0.8392857142857143,0.5409539341926575,0.21219489957531826,0.03561401909438722,0.020442750544968025,0.023490550030342415,0.01769733987748623,0.019543671324702916,0.7991071428571429,2.8027491569519043,0.4450169994838111,0.30457985655608877,0.012624807997559717,0.07127649185976422
57,0.012193063274025917,0.01229968170731699,0.8958333333333334,1.4830905199050903,0.9281474870710761,0.030096199392240952,0.015922363197304112,0.018769785647179817,0.1253090649843216,0.014252423656770041,0.8154761904761905,5.120900630950928,0.8940920635882171,0.05513339581274601,0.024886020359842664,0.03096250203564914
58,0.017707567662000656,0.023419913033223883,0.8735119047619048,1.3076114654541016,0.7578923560948126,0.01709267239754364,0.02975969323699279,0.02721497922906774,0.21954447031021118,0.030378236634677314,0.8035714285714286,4.5267767906188965,0.9823908575757535,0.015680457939202253,0.046419050881472135,0.04024388712074828
59,0.003917654510587454,0.022679126774379554,0.8541666666666666,0.6075431108474731,0.45541815444814576,0.05119849054589998,0.023333991714643232,0.028931770497708204,0.4711269438266754,0.036684605136685366,0.8333333333333334,5.452538013458252,0.9076887953563697,0.02582347430566201,0.04413932573174728,0.04045980200775694
60,0.006068263202905655,0.011935118788867216,0.8556547619047619,1.9301384687423706,0.7983221958464088,0.03659151842517039,0.016198842012535297,0.02029558504185931,0.1306709200143814,0.0078416121541246,0.8690476190476191,11.195454597473145,0.9676171330351501,0.029121897621922632,0.005681324147962297,0.010390367926213258
61,0.014036605134606361,0.02053393208362253,0.8452380952380952,1.2362024784088135,0.8265273910840385,0.025795620891222004,0.0204609493510145,0.021532646758645475,0.09368692338466644,0.026600391911973165,0.7991071428571429,5.337527275085449,0.9128784522839232,0.05441114860301066,0.02787305905925741,0.033204371690814985
62,0.007142271846532822,0.010562819302689874,0.8675595238095238,1.7837773561477661,0.8892146808419892,0.0401406574492027,0.011730224768876307,0.017437677762691877,0.05977423116564751,0.006090824921162086,0.8288690476190477,7.8235321044921875,0.8844102281890474,0.06143534504682768,0.005485907698693171,0.016725750023095193
63,0.029712101444602013,0.018920974623168996,0.8705357142857143,1.7746362686157227,0.8671948818867958,0.01984325405796139,0.020287273013293472,0.020198072776731225,0.698304295539856,0.01860776736085501,0.8229166666666666,7.779608726501465,0.8602536417633432,0.03269123049755296,0.027418290770860443,0.028477586698097777
64,0.048705920577049255,0.033975738655713794,0.7991071428571429,1.85659921169281,0.873611149071152,0.04009833575894606,0.029691422621303643,0.03178209713556216,1.4343605041503906,0.056875653591598185,0.8422619047619048,8.058721542358398,0.9703988402968207,0.04870150917462701,0.04654983518476852,0.04698209112023116
65,0.012892481870949268,0.015336252695411834,0.8720238095238095,1.7328375577926636,0.8586038990765418,0.030932261672371175,0.018883804844355256,0.02130425376069774,0.12542952597141266,0.008187316553068813,0.8541666666666666,8.46345329284668,0.921961865380334,0.022503426226862744,0.01088454034481523,0.01321869152647656
66,0.01623530499637127,0.02115101381900253,0.8824404761904762,1.517690658569336,0.8103117343155865,0.02804335181709794,0.02185896473929627,0.02310136392903321,0.47542405128479004,0.023701267846007235,0.8318452380952381,7.1955060958862305,0.9138217397749913,0.0450737322959347,0.029169130903510698,0.03236425171895302
67,0.0029688747599720955,0.018907527112379086,0.8705357142857143,0.5221507549285889,0.19730090276858564,0.06681835336795172,0.01580197573940101,0.0260508016022795,0.05391514673829079,0.023777983600296926,0.8065476190476191,5.119167804718018,0.8903004284787421,0.042092892927035885,0.047683806374427484,0.046560631797942564
68,0.06771353632211685,0.0415537694376642,0.8779761904761905,2.0897905826568604,0.9313914131095916,0.039536646850340085,0.04488919222620147,0.04381390409265788,4.461963653564453,0.04208327962023084,0.8422619047619048,17.82884979248047,0.9560856014914654,0.047441201011455436,0.04261709374645395,0.04358622243808371
69,0.04069710150361061,0.03223020298695278,0.8229166666666666,2.102344036102295,0.9257549141556728,0.04995838765076832,0.034482784126030896,0.03759172233412547,1.1970771551132202,0.028503827362821532,0.8125,10.257366180419922,0.9290782863659199,0.055799821738266364,0.02517850873626115,0.0313301117946997
70,0.0031224009580910206,0.01765218833542448,0.8288690476190477,0.5760918855667114,0.3114851807574875,0.10368655584532194,0.013549821746731694,0.03165764779332349,0.026471054181456566,0.01987556148368541,0.8303571428571429,3.3575968742370605,0.661857988821715,0.2628924802229473,0.02159926701408077,0.07007335002479056
71,0.039745163172483444,0.032391584645794724,0.8392857142857143,1.8066099882125854,0.8763217039562194,0.057502204942512236,0.0389293029659159,0.04266046630942856,2.311007499694824,0.030577772428664773,0.8065476190476191,12.992217063903809,0.9187914916785995,0.04261127398673148,0.04025942805000571,0.04073189709979436
72,0.0024405994918197393,0.017777914915226734,0.8824404761904762,0.4869754910469055,0.219527605623715,0.07228891177134167,0.016480559016120777,0.027692058453553544,0.022884551435709,0.04902482855501045,0.8050595238095238,1.6808935403823853,0.3239060989092735,0.10415980584315343,0.02844192734491502,0.043653108293221846
73,0.006323641166090965,0.014341180452851487,0.8571428571428571,1.1727064847946167,0.8802308452527002,0.057442722110658484,0.011946602733081568,0.021086448143755505,0.11372963339090347,0.021158830533083206,0.7767857142857143,4.157513618469238,0.9619558819727353,0.17386849819348915,0.01752587578097875,0.048933991890634854
74,0.012966008856892586,0.02063133099179404,0.8333333333333334,1.5415160655975342,0.9302430307642184,0.034821118668657114,0.01597899267439651,0.019764241200029217,0.08183582872152328,0.0244234834956899,0.7872023809523809,4.563579559326172,0.9006517231956823,0.06591098821601538,0.04298178366812677,0.04758809708176511
75,0.0019437086302787066,0.015215505729636702,0.8497023809523809,0.5097789764404297,0.18089762037570936,0.04747146198765717,0.014203691239480065,0.02088694875585493,0.018822509795427322,0.026405534085948257,0.8422619047619048,2.4042115211486816,0.5133511478880041,0.09082354168639395,0.0372231287754784,0.047991068869189114
76,0.02302386984229088,0.022486803249738396,0.8988095238095238,1.7247207164764404,0.8567535638799065,0.02329437378853083,0.015820108052784776,0.01732163465148376,0.49649742245674133,0.02297015947520764,0.8214285714285714,9.691987991333008,0.9749176620302669,0.02571508343544815,0.014591972088717431,0.0168265257074803
77,0.019980348646640778,0.019959447823561405,0.8779761904761905,1.4036065340042114,0.8521052963084614,0.030240678620196082,0.02127618305233603,0.023077086179807915,0.2789887487888336,0.019196137880874486,0.8482142857142857,5.691585063934326,0.8443884460725062,0.028987595883410378,0.016548970991056566,0.019047801884609788
78,0.0032806862145662308,0.021411961898792686,0.8333333333333334,0.5693107843399048,0.4949353525968082,0.06487765927227929,0.021249986071648852,0.03001447399141836,0.02212163805961609,0.01967806698368324,0.8541666666666666,3.527592182159424,0.8891225684856486,0.030639356729897704,0.03809417948251159,0.03659655884024541
79,0.0030613504350185394,0.016917387015853325,0.8452380952380952,0.5640478730201721,0.35381382888103285,0.045872581945857305,0.018054174860952954,0.02364269414140249,0.5375766158103943,0.03709584200553517,0.8050595238095238,5.79256010055542,0.8908551739608249,0.0056415939514320446,0.04923134349759817,0.04047447416912729
80,0.00212659640237689,0.016039447679601193,0.8616071428571429,0.5304781198501587,0.4629397341732173,0.0364737050698174,0.020776730315458125,0.023930140422360656,0.030899204313755035,0.019966194545127824,0.8080357142857143,4.2312822341918945,0.8124315996929101,0.11857453765381065,0.02437467913834701,0.0432987578579714
81,0.05197148770093918,0.032708326286465805,0.8452380952380952,1.8968067169189453,0.9123023691568155,0.02835887095420675,0.0361875297536578,0.03461480811983951,7.3370819091796875,0.03164938391871952,0.9151785714285714,22.691993713378906,0.9094916784720798,0.021866490404859662,0.030946655064982176,0.029122514843082564
82,0.010836675763130188,0.012860101579516892,0.9181547619047619,2.254573345184326,0.8715806934911163,0.03136940881762118,0.01644274733693707,0.019441407009395933,0.3038017451763153,0.007797418130849776,0.8303571428571429,17.772449493408203,0.9591958515498962,0.06300007434646937,0.009917257865083018,0.02058121653321867
83,0.004595697857439518,0.009020193047322822,0.8645833333333334,1.6567556858062744,0.8647276634406748,0.026866202431827357,0.011393721392350509,0.014502032315459696,0.02199595421552658,0.004327257931118322,0.8779761904761905,12.043010711669922,0.9672483937644794,0.054468148068283595,0.004793752632390236,0.014772983858350954
84,0.03835584223270416,0.014776927029830023,0.8809523809523809,2.696382522583008,0.9287866209950116,0.02488901623971662,0.02444570628862308,0.024534764091298126,0.13636809587478638,0.00876482787811328,0.8303571428571429,16.834016799926758,0.9413628526490321,0.01825536757565649,0.01889862543141707,0.01876939952289374
85,0.002536328509449959,0.019363315233420497,0.8348214285714286,0.5009369850158691,0.21387336325888576,0.02593826910409247,0.018372795677624176,0.019892645249905753,3.0562798976898193,0.014242784051524238,0.8645833333333334,18.60243797302246,0.9244827287978037,0.053312732991141476,0.015535492213677005,0.023124670048435495
86,0.014437926933169365,0.012782549493094542,0.8898809523809523,1.988710880279541,0.9532393892088742,0.04117264635793905,0.014559289845464951,0.019905723073417335,0.7605703473091125,0.009885628344945108,0.8497023809523809,16.24358367919922,0.9357518504503511,0.054772466257831276,0.009531162852256636,0.018619817554269398
87,0.11037054657936096,0.06226719691528071,0.7991071428571429,1.8119027614593506,0.9021296107523837,0.021249474941468338,0.05612409446694,0.04911803250869793,4.5964460372924805,0.0828314656300354,0.7648809523809523,11.104360580444336,0.893517418235303,0.022944694926663067,0.09389329916469413,0.07964023134901825
88,0.003521154634654522,0.017129801954976265,0.8526785714285714,0.6361044049263,0.31314508340657,0.054094902490340324,0.014019537749226929,0.022070392273111316,0.05472409352660179,0.019897509756622522,0.7991071428571429,3.0626039505004883,0.7874949912117173,0.08575294881268869,0.016971178114273178,0.030788944549222725
89,0.006158558651804924,0.011130670499893691,0.8541666666666666,1.73720121383667,0.9058104770761509,0.02554258240779128,0.015930151760398026,0.01786122041724042,0.03359974920749664,0.004736487780496845,0.8139880952380952,7.753988265991211,0.9151678435097649,0.016076733211621064,0.00836471680276163,0.009914005813469998
90,0.007202322594821453,0.013914052049951997,0.7872023809523809,1.4081379175186157,0.9049339259294815,0.027735441405391748,0.021395518689515614,0.022669163877972874,0.03381723165512085,0.012392550911498934,0.7425595238095238,5.268714427947998,0.9651880496341867,0.02998167005657415,0.02516925906469214,0.026136038058597006
91,0.006949726026505232,0.01251662410777954,0.8511904761904762,1.5231199264526367,0.8078244748493372,0.04428067735595165,0.012278767523011158,0.018707722623378668,0.078206367790699,0.013433138369910669,0.8184523809523809,4.1904168128967285,0.8438165074667329,0.06885606398340438,0.013510773551413946,0.02462924707569774
92,0.008309067226946354,0.012518525817994619,0.9077380952380952,1.5425374507904053,0.8729579708821668,0.05295314397516271,0.013227754969517336,0.02120830186797288,0.07682331651449203,0.0050772002447726505,0.8184523809523809,6.62416410446167,0.9466637770389775,0.07845456636496773,0.006339325443791899,0.0208267622359924
93,0.09408721327781677,0.054038500770118625,0.8392857142857143,2.0272374153137207,0.9218954947921969,0.020300756299846068,0.0490911533259667,0.04330736820911211,6.189367771148682,0.0735913185487389,0.8482142857142857,14.891002655029297,0.9127530816486853,0.03365929261594469,0.06962060080194965,0.0623962308538683
94,0.022016875445842743,0.028560459626027157,0.8526785714285714,1.1953030824661255,0.8815793181306674,0.02408254910461982,0.03282673902150668,0.031070093725703515,0.6761113405227661,0.02754335784682127,0.7886904761904762,7.703187465667725,0.9513345338451202,0.06427102919895222,0.03434173172959665,0.04035431381049397
95,0.005739207845181227,0.01217466952576296,0.90625,1.6530988216400146,0.8731570519867348,0.029777640378334302,0.014590137255912294,0.017641198151041714,0.24071364104747772,0.0217204724615091,0.8854166666666666,11.142706871032715,0.9780377921817592,0.11905449904498389,0.011757629367694311,0.03331280407964981
96,0.005657915957272053,0.010903662214010068,0.8735119047619048,1.8716319799423218,0.8136270658243455,0.050773096179451804,0.013365772774151408,0.020880636851109077,0.06694263219833374,0.004844373996582552,0.8229166666666666,8.359668731689453,0.9690826296995599,0.0616843396352762,0.010615213917942734,0.020874636495085617
97,0.013706768862903118,0.016481004532930554,0.84375,1.4692752361297607,0.8687090178523669,0.029207428183544604,0.022464799927176315,0.0238193457822503,0.2357303351163864,0.005751709697840446,0.8184523809523809,9.372071266174316,0.9353030104127427,0.035798063532512026,0.013419383830101994,0.01791510073460401
98,0.05393649637699127,0.019149304499486486,0.8288690476190477,2.133857250213623,0.9003301037414826,0.04823840536314605,0.025723224419580637,0.030246363448421902,3.2705321311950684,0.011823467339713734,0.8020833333333334,17.82573890686035,0.8602144359846458,0.03769301975104833,0.020454771540644567,0.023917812475770323
99,0.01059698686003685,0.014629119460063178,0.8422619047619048,2.192737579345703,0.9462401811457497,0.036490488261106235,0.01958149465590564,0.02297839069266469,0.15043294429779053,0.006661417087964749,0.8258928571428571,11.819120407104492,0.9528262255726813,0.11189820755927238,0.004903062831588811,0.02639762315634667
100,0.010157969780266285,0.020304268411460158,0.8214285714285714,1.4404401779174805,0.7548114438613803,0.031272036152242944,0.026591269580904076,0.02753160215103912,0.035391028970479965,0.007464049424550034,0.8273809523809523,8.245054244995117,0.9836702899053423,0.01925589674064565,0.012347001668337243,0.013734949339113487
101,0.02282506413757801,0.019235966668489257,0.8839285714285714,1.6916050910949707,0.7949365820764409,0.03483901399110656,0.018012719118012055,0.02139300157019622,0.6262667179107666,0.019156630516816375,0.8273809523809523,9.013786315917969,0.9603850839275859,0.026251247758057206,0.018310521643487565,0.019905756800432356
102,0.006211882457137108,0.01369976857227817,0.8601190476190477,1.9912816286087036,0.9403194589039817,0.037597534456861315,0.019519084802785303,0.02315091620650593,0.06827253103256226,0.009247961763798274,0.8214285714285714,12.725830078125,0.8891919787121264,0.041578922556696485,0.01199347990169719,0.017936984006496157
103,0.02092287503182888,0.018373960390469568,0.8794642857142857,1.7029659748077393,0.8644110900456224,0.042134413497355694,0.01590206462953958,0.021171956143163355,0.6199996471405029,0.023891513447612978,0.8735119047619048,8.534201622009277,0.9308702538511047,0.05246591772321285,0.0203455745123734,0.02679832203240811
104,0.013707812875509262,0.023551613793833415,0.8244047619047619,1.1808428764343262,0.8524859604254877,0.04616626684605474,0.03271539383493971,0.03541757814520835,0.12097372114658356,0.017803208780083457,0.8392857142857143,5.556548595428467,0.9842317200935967,0.03411103915287128,0.029795266408120802,0.030662274325592997
105,0.025660015642642975,0.0192695904050042,0.8497023809523809,1.813930869102478,0.9196622051788579,0.04191244833631347,0.029838129993792428,0.03226377430367389,0.9989030361175537,0.01616185347997867,0.8333333333333334,10.742670059204102,0.9081656086256078,0.09252385325485357,0.024865542475465352,0.03845761383739602
106,0.00794249214231968,0.016188932294834424,0.8854166666666666,2.0147705078125,0.9005422608851308,0.03159332441029028,0.018360512521403582,0.021018889909795998,0.057484544813632965,0.016001258779681837,0.8348214285714286,7.65018367767334,0.9363149763325745,0.025402362871018602,0.01795512436491775,0.019451221386232655
107,0.010164085775613785,0.021054344448290685,0.8571428571428571,1.2219434976577759,0.8581459890025254,0.04349684730176717,0.018815673085691764,0.02377394469159977,0.11537924408912659,0.016022107441783562,0.875,4.9962005615234375,0.9673247904779693,0.020271836082740746,0.012965519287281069,0.014433306143511808
108,0.003418747801333666,0.017380625807857486,0.8303571428571429,0.6613306999206543,0.1362966705334043,0.05960857562433908,0.01956022857230677,0.027605655435438258,1.6063288450241089,0.008814541994839442,0.8824404761904762,17.07166290283203,0.9770592457952623,0.08589038469170429,0.00953442793358461,0.024873794246599724
109,0.10467232018709183,0.04471924680154249,0.8392857142857143,2.30837082862854,0.9128777485974969,0.030146644462952676,0.0409206122932676,0.038756199113070405,6.400820255279541,0.03760221911010697,0.84375,18.559654235839844,0.8334708313293631,0.00993419701379683,0.03362614322797575,0.028866600461734445
110,0.09421130269765854,0.034412567830184204,0.8571428571428571,1.8788765668869019,0.9193349059067917,0.04362961135398058,0.04035368427430974,0.04101179462513647,4.75988245010376,0.029478881944127622,0.8452380952380952,14.377252578735352,0.905101843891221,0.050507139311036564,0.034357922450045764,0.03760218476586981
111,0.010516883805394173,0.016948662080763954,0.8422619047619048,1.4791584014892578,0.7865645384867266,0.03911952264478602,0.022536759875937173,0.025868118467893414,0.07066511362791061,0.009075620532628448,0.8244047619047619,10.341145515441895,0.9576213518901707,0.024782645460409647,0.015199709279386964,0.017124852708610267
112,0.04787531495094299,0.030099926441810698,0.8467261904761905,1.8601609468460083,0.9132550564065017,0.047649702091117074,0.03546510130938829,0.037912900573574874,2.717583179473877,0.021096518287513688,0.8571428571428571,14.372760772705078,0.8905335965914657,0.020021206809015646,0.023573681828857773,0.02286001497219306
113,0.004909861367195845,0.02056560636349436,0.8348214285714286,0.7520826458930969,0.7252254184831708,0.042360139963974364,0.025133731527848258,0.02859439393689145,4.224798202514648,0.018112091277883158,0.8735119047619048,17.214296340942383,0.8050235309515408,0.04670987984421793,0.02170056712064672,0.026724759408864148
114,0.014925487339496613,0.01486473456836579,0.8898809523809523,1.7832677364349365,0.8318289805733398,0.03882980119782764,0.021482382690406143,0.024967355158414924,0.18257273733615875,0.009110899726012311,0.8705357142857143,8.261584281921387,0.8759783457205331,0.038021918429918755,0.018725240784570385,0.022601805490109123
115,0.011033879593014717,0.010032103427131234,0.8913690476190477,2.041790008544922,0.8959434153488517,0.031235566570328666,0.012814724057659821,0.016515339741008474,0.15538883209228516,0.0028030262306446563,0.8660714285714286,11.126898765563965,0.9269598997644933,0.03972330278177294,0.0036073227552804177,0.010862765171316862
116,0.03324253112077713,0.027315292299488036,0.8318452380952381,1.8158754110336304,0.8878178800038357,0.02704866566406461,0.03236082104218718,0.03129364697068934,0.7482248544692993,0.018557005851201458,0.8229166666666666,9.596456527709961,0.935444667379865,0.07891015579230032,0.0331941422928691,0.042378162861951264
117,0.007906324230134487,0.013983148990001082,0.8556547619047619,1.429633617401123,0.9113968413361446,0.06678043693185687,0.012182051563392693,0.023150477195450228,0.10226275026798248,0.007314894261033711,0.8303571428571429,9.022588729858398,0.968148459741161,0.05339235000431197,0.005229052338293405,0.014904714815841779
118,0.011407861486077309,0.013537087158472239,0.8630952380952381,1.7925286293029785,0.905598321481319,0.03268115738969746,0.017262767702421078,0.020360212059239994,0.029638489708304405,0.0060776767354999706,0.8229166666666666,7.613375186920166,0.9075283418696545,0.013880410718921987,0.007609819714233468,0.008869536657139646
119,0.02244897559285164,0.02707053077466859,0.8898809523809523,1.6231458187103271,0.8731799276552122,0.03816667478228153,0.02286063998005472,0.02593551304300207,0.3912894129753113,0.017243905164333162,0.8273809523809523,8.409229278564453,0.9397891050223467,0.06560635752924282,0.013789447096646423,0.024199094281766233
120,0.031602151691913605,0.01892056697323674,0.8467261904761905,1.9062918424606323,0.8688018130843356,0.021974716323690746,0.03009265503867742,0.02846181913611313,0.5962613821029663,0.012026770864526304,0.8422619047619048,9.522089958190918,0.9493421430579738,0.01589420488822313,0.022103002459736953,0.02085569937617391
121,0.01395932212471962,0.013501613697542547,0.9092261904761905,1.6010773181915283,0.8963109337146984,0.030685667466827327,0.014686690646581901,0.017900770811363348,0.17854146659374237,0.006965360111025665,0.8988095238095238,8.345559120178223,0.933122762742985,0.05366173632650617,0.004236575384187979,0.01416573718063583
122,0.0077291433699429035,0.011840771154482344,0.8809523809523809,1.3350721597671509,0.835200633532382,0.038073043456796074,0.01461043322830513,0.019323904033135903,0.25929319858551025,0.012066430497752023,0.8422619047619048,6.9738850593566895,0.9426289123000129,0.030570834716336148,0.017426327972013822,0.02006696548761429
123,0.039905790239572525,0.025453223611531017,0.8883928571428571,1.7650312185287476,0.8709765617373547,0.04111671756776447,0.02469842587670501,0.02799674340392678,1.081780195236206,0.017530339354603797,0.7946428571428571,9.65097713470459,0.9304445511891141,0.028726272160692456,0.016381869639903623,0.01886177193202638
124,0.008141200989484787,0.008903122387600937,0.8973214285714286,1.8436859846115112,0.8755169955305904,0.052454531209234934,0.008043284709310816,0.016965186907956287,0.04720788821578026,0.0028109137834690934,0.8541666666666666,11.16600227355957,0.9340051977213447,0.06385722699293261,0.0042677409048671455,0.016238843020773157
125,0.023728663101792336,0.022782123404653465,0.8377976190476191,1.4837729930877686,0.871003827201703,0.018642170264674407,0.026265926405652507,0.024734368252331013,0.4986201524734497,0.00945611196910967,0.84375,8.901918411254883,0.9343700710265102,0.007274513718026565,0.011264332035537783,0.010462806034252047
126,0.02763848379254341,0.03356571964885213,0.8541666666666666,1.7580175399780273,0.9207369487344883,0.033780543865721824,0.025095499657348697,0.0268402630027808,2.265836715698242,0.04176276076925056,0.8571428571428571,13.142526626586914,0.9089286685771281,0.027410487629870084,0.03953486756378799,0.037099166237777696
127,0.04855339974164963,0.03909137688140929,0.8452380952380952,1.5932700634002686,0.8947612657666961,0.023231492289204292,0.04157595586382612,0.03789068416356727,1.265998363494873,0.03727985248812904,0.8303571428571429,8.529850006103516,0.9473507736805102,0.01615849151109794,0.03708279404675707,0.032879251126646976
128,0.03485702723264694,0.03281271075330672,0.875,1.4832004308700562,0.8255189525451689,0.023372478489036896,0.0437856010128832,0.039684750505860504,0.7779476046562195,0.026911401570034243,0.8526785714285714,7.9220967292785645,0.930116440932533,0.027415441402978802,0.039183921628234586,0.03681971801155374
129,0.013305751606822014,0.01636139372321066,0.8735119047619048,2.0885403156280518,0.8642584676421976,0.023727877723627833,0.011808272072090453,0.014202835707443946,0.2488175928592682,0.016096683937048106,0.8601190476190477,12.780439376831055,0.9224987706502797,0.0075751715579888135,0.0035438327858595686,0.00435369994990339
130,0.014150217175483704,0.012462334585193968,0.8690476190476191,1.6790544986724854,0.8942142848781869,0.03220197473353292,0.015739274437625794,0.019046513336357138,0.4594157934188843,0.006095466545642858,0.8705357142857143,13.019126892089844,0.958706364528588,0.02939514623709194,0.007914109445114614,0.012229496300645773
131,0.0036875465884804726,0.022723823818401767,0.8660714285714286,0.5914456248283386,0.23966428258660297,0.07281581493138922,0.020889561674030332,0.03132117505162475,0.05250375717878342,0.023446563596352665,0.8110119047619048,3.307603120803833,0.7581107602397863,0.057963622572691054,0.021749036925304166,0.029024288506252424
132,0.006041642278432846,0.012507957209310194,0.8541666666666666,1.440886378288269,0.8427505008543434,0.03255752643366627,0.014609883526375156,0.018215436789000602,0.0713544711470604,0.021590458687026248,0.8333333333333334,6.21406364440918,0.9794154734973781,0.03640540043753693,0.020270318109588348,0.02351174089868516
133,0.07134485244750977,0.03302381525878584,0.8883928571428571,2.010678291320801,0.8939090007247354,0.026960706534779,0.03370004606794341,0.0323461608938702,3.169259786605835,0.023899563245980193,0.8824404761904762,14.429043769836426,0.9123926990627192,0.04518133329874685,0.02850179546416487,0.03185259547557643
134,0.004880610853433609,0.012544457084811778,0.8898809523809523,2.054863214492798,0.9111728683561278,0.03867175433072567,0.016167969400133098,0.020688819051368212,0.036824095994234085,0.005101257597661224,0.8348214285714286,9.413863182067871,0.9676426048084062,0.013522742301351975,0.010586147575554428,0.011176088480290542
135,0.022415056824684143,0.023974032723097505,0.8973214285714286,1.4729657173156738,0.8594035414814111,0.01951896989050883,0.0188213076229371,0.018961462989190353,0.45999810099601746,0.02261969155180943,0.8497023809523809,7.686288356781006,0.9263561738299323,0.03045794445753447,0.006755354159836191,0.011517035246427363
136,0.009450884535908699,0.015459572646906672,0.8913690476190477,1.9049656391143799,0.7123432683657811,0.05196204223132406,0.01378010942681207,0.021450586999147068,0.19828501343727112,0.013613208878085925,0.875,8.162163734436035,0.9634472327845074,0.06370544300373093,0.015530098273347503,0.02520818092007632
137,0.015530655160546303,0.02578093829591699,0.8586309523809523,1.7618707418441772,0.8775679642024532,0.025339504330123774,0.03676314894121191,0.03446822033630581,0.7738326787948608,0.031887698676805076,0.8928571428571429,11.243562698364258,0.9399899214683428,0.025292027205913392,0.03612903146889912,0.03395195471963859
138,0.0032477290369570255,0.020689439621712324,0.8541666666666666,0.5608195066452026,0.5038596214780383,0.08604567710240596,0.02065206341381043,0.03378917330660863,0.07158445566892624,0.006680956676223926,0.8482142857142857,5.968863010406494,0.9193942422156952,0.0198178302238895,0.012961220123986483,0.014338664117270573
139,0.008924463763833046,0.018907847639027864,0.8407738095238095,1.1116746664047241,0.8666888208190988,0.031796247378741205,0.02261367508128931,0.024458388266045267,0.08613289147615433,0.02251373641631338,0.8497023809523809,4.305569171905518,0.8985319474013161,0.03865096102538779,0.02294074336235752,0.026096813875019848
140,0.019052786752581596,0.02107820579323061,0.8913690476190477,1.4123144149780273,0.8589065612637468,0.03966214797180212,0.02000861774531182,0.02395687158545496,0.20698745548725128,0.026072956081309107,0.7961309523809523,5.022889137268066,0.9638242982899174,0.05286838171414876,0.03160231121227408,0.03587451287559712
141,0.008575567044317722,0.013731463652516207,0.8854166666666666,1.5796481370925903,0.8603478254293969,0.045154499295269934,0.017070977840009216,0.02271275670378927,0.024124618619680405,0.009712058652656674,0.8675595238095238,6.004298686981201,0.969938815759631,0.07276143623837072,0.01335180456701357,0.025286775215277286
142,0.005625294521450996,0.011064460429727085,0.8675595238095238,1.506878137588501,0.8760560280727276,0.04995184145859932,0.014957208279301692,0.02198738012335702,0.05365651845932007,0.01073833423685755,0.7648809523809523,6.591078281402588,0.9456274233682439,0.06215222169798551,0.019947440284179718,0.028426079407488918
143,0.028859414160251617,0.02284899510325311,0.8467261904761905,1.809259295463562,0.9177763757788245,0.021170574057351677,0.021975434214385192,0.02181374355783828,2.226893663406372,0.018096445825266705,0.8214285714285714,15.52160358428955,0.9335484740634972,0.02337059004166553,0.015373462583167519,0.01698002836724078
144,0.006997101940214634,0.016154433262432044,0.8556547619047619,1.3013416528701782,0.7913513040429201,0.02509197428665977,0.029926728342017372,0.028955460786253568,0.03203658387064934,0.010660640882251604,0.84375,10.03264331817627,0.9333036043745926,0.026873159216549203,0.01936610459193866,0.02087421824420417
145,0.012297263368964195,0.013907726649801888,0.8601190476190477,1.5320781469345093,0.8575436122319267,0.028151100054597977,0.016627299043789012,0.01894234835399617,0.32509464025497437,0.006167953058317632,0.8258928571428571,10.332261085510254,0.9514117375116973,0.025828321493140738,0.005158647828623297,0.009311037627298676
146,0.026830092072486877,0.021931803525964022,0.8348214285714286,2.0292553901672363,0.8960591966956172,0.03485941355612088,0.018052206740361676,0.021428654538170444,0.7107269167900085,0.022172859810553613,0.8110119047619048,9.759404182434082,0.9334823060738592,0.07068791463020585,0.007389318143114498,0.0201055540445391
147,0.08381003141403198,0.03452791765210239,0.8214285714285714,2.4515929222106934,0.9630819834393374,0.02022575578304242,0.04732533037558795,0.0418812194083355,7.146317481994629,0.030264472314099677,0.8244047619047619,22.49919319152832,0.8300665898610734,0.021207623639213025,0.02226968737125079,0.022056326353653916
148,0.007345694582909346,0.017168861118963874,0.8407738095238095,1.8416675329208374,0.8783449873528144,0.03497168647403914,0.020137610442937826,0.02311767035990014,0.03932695463299751,0.010361045288899251,0.8348214285714286,14.962596893310547,0.9344922151893411,0.017603001087748704,0.013241236386464794,0.014117483759490582
149,0.050130411982536316,0.03440173203689556,0.8630952380952381,2.252880573272705,0.9189181181535617,0.038509584261875895,0.029600291544229718,0.03139010481339971,5.9525675773620605,0.025403444851673118,0.9002976190476191,24.264392852783203,0.8384787805932423,0.081242065710879,0.012457342660868842,0.026275702202165525
150,0.029996659606695175,0.0301303220763508,0.8720238095238095,1.2586146593093872,0.8859053278835277,0.03169330877306009,0.033553275997434295,0.033179621867537694,0.7296266555786133,0.03316209742810017,0.8794642857142857,7.194489479064941,0.9800357982533427,0.019363013126104445,0.044588219801050544,0.039520655960101556
151,0.011198516935110092,0.013048767067849187,0.8735119047619048,1.8904658555984497,0.9026600691677219,0.024908139586246825,0.018675931429619208,0.019927937532513148,0.11429105699062347,0.004916491681644097,0.8407738095238095,11.389641761779785,0.915582787611207,0.041724002163361806,0.007460479285865906,0.014343776292505708
152,0.018257450312376022,0.01649060175443362,0.8735119047619048,1.9581396579742432,0.9025189746886396,0.020667211835051935,0.017554474364788297,0.01817980108872519,0.603278636932373,0.01173403028368969,0.8586309523809523,12.461691856384277,0.874542948048882,0.022457412779566477,0.017142134764767447,0.018209936151669038
153,0.06131930649280548,0.03812323029987952,0.84375,1.8623181581497192,0.8857247932482765,0.01889999763591943,0.029911992912485252,0.027699761718532296,2.1199841499328613,0.039155216218063615,0.8630952380952381,10.982117652893066,0.8798398298218402,0.012994968235640725,0.029700583282953996,0.026344544545770527
154,0.007333111017942429,0.012708079555370122,0.8779761904761905,1.772991418838501,0.9008914451722231,0.0532167471615127,0.013966519612359618,0.02185160996821626,0.06986643373966217,0.004683372951252984,0.8690476190476191,11.409732818603516,0.9398738004635632,0.0219801512264588,0.00437633886676414,0.007912819028309941
155,0.06299442052841187,0.04093595077102141,0.8214285714285714,1.8940672874450684,0.904298067213086,0.020596003636041527,0.024490417518477137,0.02370805758673784,2.8430659770965576,0.043358852533111114,0.8616071428571429,12.353323936462402,0.9216214705173907,0.00899277599267212,0.019676452377742293,0.017530178103955872
156,0.02474055625498295,0.013772245124439864,0.8556547619047619,1.7254830598831177,0.9261756913361491,0.031598031112779035,0.016142466791885357,0.01924737926706489,0.8043984174728394,0.010591813522371152,0.8705357142857143,10.05506706237793,0.9390014371293228,0.024192431796472458,0.014832137337444928,0.016712553635017422
157,0.002540871035307646,0.01788679177645125,0.8497023809523809,0.5108758211135864,0.1550098541813279,0.0699420886075619,0.017370335284038307,0.027931625014210457,2.8862950801849365,0.03835355186096101,0.8273809523809523,12.180333137512207,0.9496436250748795,0.02490990010645966,0.045290438069478633,0.04119613356797929
158,0.005827467888593674,0.011393410144554084,0.8735119047619048,1.7166316509246826,0.9090774855507616,0.04424612143089823,0.017243861474941724,0.022668422626807988,0.03188939392566681,0.005842825804508678,0.8616071428571429,11.15013599395752,0.9659115017805184,0.03223776466417405,0.008912838090511799,0.013598649232542162
159,0.004060801584273577,0.023447872530219294,0.8095238095238095,0.5113259553909302,0.39591305114240943,0.044472294928503686,0.02102042479201227,0.02573173798907528,0.08746731281280518,0.03030281125477796,0.8214285714285714,2.833975315093994,0.8861218569957607,0.04006726831679541,0.035511593771023864,0.03642679624673689
160,0.03910955414175987,0.03424199286305163,0.8630952380952381,1.5014101266860962,0.8423548417163085,0.03485104147601392,0.030698993570168365,0.03153311033696769,0.6948252320289612,0.03347982299171437,0.8065476190476191,6.934776782989502,0.9691579360614628,0.053275771905750835,0.04135842074789098,0.04375253147156818
161,0.010360175743699074,0.011128839367353538,0.8809523809523809,1.504540205001831,0.8660294875687853,0.03682545068116816,0.01406574016648554,0.01863800343952446,0.17203879356384277,0.006151105130930534,0.8422619047619048,8.031524658203125,0.9367853912447728,0.03582578215838761,0.007395866562868281,0.01310723353518243
162,0.0036774950567632914,0.009941904769270926,0.8541666666666666,1.4184842109680176,0.9220368267246929,0.03530219000949841,0.016855230714248548,0.02056109307266928,0.017041994258761406,0.014341828822564961,0.7961309523809523,4.572099685668945,0.8027766597810971,0.03633925389224413,0.02973209266352672,0.03105942416036727
163,0.0339067280292511,0.023449538649912394,0.8601190476190477,1.7597546577453613,0.9183704843553573,0.03881250643542644,0.026971611542631946,0.029350362748773694,0.9271667003631592,0.022275498942106342,0.78125,9.030464172363281,0.9360650684849933,0.028800507528110586,0.021976596031503592,0.02334747110894696
164,0.0022586574777960777,0.015736848463356323,0.8630952380952381,0.5589954853057861,0.43528567906170496,0.037488530649848584,0.018296630979383166,0.02215214653818202,0.15819433331489563,0.012858527615907556,0.8363095238095238,5.320885181427002,0.8533147253366251,0.056302504654434204,0.013472492762562682,0.0220767362229833
165,0.010956942103803158,0.0107052264136821,0.8854166666666666,1.71022367477417,0.8699578849143383,0.04640794274323634,0.012430065035711535,0.019255977968026784,0.10889038443565369,0.004481137370038191,0.7886904761904762,8.550357818603516,0.9545959745265129,0.11923606004835474,0.01056759881154079,0.032398316470722166
166,0.01774696633219719,0.02408250869670836,0.8601190476190477,2.0568723678588867,0.9356309915442563,0.024503263493553362,0.02453301189797652,0.024527035656016508,0.5693275928497314,0.023704223797669233,0.8288690476190477,10.801210403442383,0.9105932226709715,0.014372840316034363,0.02388340401226019,0.02197279969828625
167,0.01754763349890709,0.017734929065015836,0.8764880952380952,1.3524895906448364,0.6674435258918203,0.023941717653596095,0.022960118386521566,0.023157314667853503,0.11852449923753738,0.006229063293528125,0.8824404761904762,6.144833564758301,0.9655026448304077,0.01964326351381418,0.011828746176239746,0.013398626891377467
168,0.018383583053946495,0.021265205384161545,0.8720238095238095,1.8105324506759644,0.914230668980265,0.02945210458047931,0.022611022090957666,0.023985346698227637,0.7257932424545288,0.018433881952560904,0.8407738095238095,10.24483871459961,0.8764734608699406,0.019318233574377675,0.014423310816339296,0.01540666583469522
169,0.0035851532593369484,0.019938072231651782,0.8154761904761905,0.5879232883453369,0.43626988672971195,0.049478112345340275,0.02418821930945214,0.029268778178268954,1.105789303779602,0.0644123681091866,0.8095238095238095,5.9684271812438965,0.9193473488084999,0.011088341899883392,0.0562113338160144,0.04714644704714879
170,0.011906709522008896,0.01267884170238387,0.8571428571428571,1.4340349435806274,0.8161351721997107,0.035501209046505444,0.018537926510176717,0.021945728805421328,0.1790892779827118,0.01031051256004445,0.8005952380952381,6.4851884841918945,0.9662650175246773,0.04063567883843089,0.015455736189950775,0.020514206811297224
171,0.010374624282121658,0.01377380257934202,0.8943452380952381,2.252652883529663,0.886476038909532,0.026388900201323673,0.019689977514533608,0.02103574323286197,0.06650334596633911,0.013847841462469535,0.8601190476190477,11.313953399658203,0.9140764703939291,0.03323631284948403,0.021529920513389533,0.023881651116622802
172,0.05282580852508545,0.04289559534632559,0.8690476190476191,1.6440961360931396,0.906073508895508,0.019572328354864554,0.04076105008187547,0.03650438723493132,1.41869056224823,0.04676085449066769,0.8303571428571429,8.2498779296875,0.8973066762640975,0.015811495348111326,0.04256661397716088,0.03719170175257504
173,0.015154991298913956,0.0178446554195979,0.8660714285714286,1.4116156101226807,0.8576524672734493,0.04630788252062734,0.024470170834592575,0.02885721112866206,0.11255763471126556,0.008734535895994489,0.8407738095238095,5.870759963989258,0.9141835276949798,0.05488381440006762,0.01934409760988587,0.02648377285791345
174,0.008480586111545563,0.013517802881788055,0.8764880952380952,1.5350606441497803,0.8557518802945909,0.02654814495111446,0.01867903895791967,0.020259886144052552,0.08608914911746979,0.004623197867283935,0.8645833333333334,7.360949516296387,0.9291319455902433,0.034187482589647544,0.008357703473359623,0.01354672159939961
175,0.006132733076810837,0.016239799725265902,0.8467261904761905,1.4374936819076538,0.7667602069178235,0.04494592933096753,0.022446887942698446,0.026966784650163216,0.033869776874780655,0.009683232536730091,0.8199404761904762,5.937697410583496,0.9086275803785793,0.041444756599929855,0.013311828008855775,0.018963532413312622
176,0.03194471448659897,0.030647243431754845,0.8154761904761905,1.5599911212921143,0.828256339189421,0.04904961892166604,0.027120927859576094,0.03152624526044238,0.5966618061065674,0.030576533971205966,0.8407738095238095,7.4850640296936035,0.8943084498344767,0.021545242998400105,0.0253695342799799,0.024601261477876817
177,0.015072531998157501,0.013150719522830645,0.8630952380952381,1.6823041439056396,0.8800890046684817,0.03491904452978878,0.01629571370070637,0.020037007840477388,0.25944066047668457,0.008550420534490288,0.8333333333333334,8.543590545654297,0.9268960687412092,0.02731923443916684,0.011289332974838029,0.014509625679725514
178,0.022980859503149986,0.021311127652489215,0.8660714285714286,1.5421197414398193,0.804377079386754,0.03216299219139129,0.015038729230485881,0.018478871343167773,0.7793276309967041,0.026491796323291905,0.8348214285714286,8.060242652893066,0.9399738895429328,0.0491038798407174,0.009650337205976522,0.017576272110277145
179,0.01521279290318489,0.014713391886445049,0.8556547619047619,1.6413246393203735,0.8852431087238971,0.04526458618550999,0.019743458147919557,0.02487047047689978,0.25385692715644836,0.008339684602229891,0.8095238095238095,7.910168170928955,0.8831345221189516,0.04451422730221788,0.013720774004540859,0.01990695881880633
180,0.04837726056575775,0.03156195532521433,0.8616071428571429,2.032907485961914,0.9306462575619174,0.021751418758932828,0.02686066511926366,0.025834254020090056,3.099130630493164,0.029460587503050917,0.8467261904761905,15.15165901184082,0.8957082847397808,0.0375287689327829,0.027616064500938564,0.029607456016264435
181,0.015767676755785942,0.017296964938679493,0.8601190476190477,2.0095458030700684,0.8994465097218864,0.032067570085892116,0.021871983482790958,0.02392020400573539,0.3233998715877533,0.00909983962336458,0.8407738095238095,10.950498580932617,0.9618816230452413,0.044570589538381666,0.012910074090724533,0.01927044549761994
182,0.008064805530011654,0.015214538226057561,0.8541666666666666,1.2449078559875488,0.8539321924220056,0.03857073797848354,0.021149487643259968,0.02464929239810399,0.12262368947267532,0.018784219988463358,0.8065476190476191,5.5330119132995605,0.9347506903241614,0.04846007274887065,0.018808452976680434,0.024765251591629362
183,0.02502712421119213,0.027876514807922415,0.8794642857142857,1.3902450799942017,0.8606496234275901,0.030981679795802797,0.02995893074094358,0.030164393720714403,0.4233536720275879,0.02645101198367583,0.7678571428571429,6.009677886962891,0.9582256332737337,0.03286821022265496,0.03472907740252629,0.03435524247799856
184,0.02076219953596592,0.018947274894925648,0.8318452380952381,1.8145372867584229,0.8109501497052922,0.026339704954336463,0.024042451067722515,0.024503952964586923,0.724921464920044,0.015318958593220855,0.8214285714285714,12.22472095489502,0.9355289247910381,0.02736374631400884,0.02266784879043715,0.023611221060797532
185,0.02125607244670391,0.02617872126899956,0.8407738095238095,1.5204699039459229,0.9329755232662834,0.0629759288364915,0.014508353686745523,0.024245143337364133,0.5208516120910645,0.028094111836731384,0.8214285714285714,6.505033016204834,0.9076577267822984,0.09862924296785991,0.01344439902301875,0.030557425708366302
186,0.002283430891111493,0.01714038192668421,0.8973214285714286,0.4986564815044403,0.35280453727470973,0.06679606269708915,0.015605014724491939,0.02588893061184406,0.10992951691150665,0.016538631496517242,0.8154761904761905,4.278258323669434,0.6988289181214934,0.02933645340202351,0.020315631253658428,0.022127849988821054
187,0.0900970846414566,0.047457959981064834,0.8452380952380952,1.8071292638778687,0.8866306394488331,0.021098452069383433,0.0564321292911284,0.04933384592068856,2.9019124507904053,0.05153596120171,0.7991071428571429,10.600664138793945,0.9387039677883237,0.007649332300083356,0.062360516491164364,0.05136943038134898
188,0.005705684423446655,0.012299402904894507,0.8571428571428571,1.6768649816513062,0.8916389157296518,0.03829119661782032,0.015910204355397917,0.02040638583668813,0.08209042251110077,0.005917665854725529,0.8169642857142857,8.487321853637695,0.9199345243979428,0.03570761574660963,0.009798482177139856,0.015003442046006552
189,0.009145162999629974,0.012864430622882672,0.8735119047619048,1.9105745553970337,0.889692137235407,0.03356018471964051,0.01310965576902623,0.01721802095999785,0.11141446232795715,0.007373957975521539,0.8630952380952381,9.804183959960938,0.8441495094445778,0.08455640335855608,0.01051263868311847,0.02538750212238049
190,0.029775161296129227,0.023337268203879824,0.8377976190476191,1.8256244659423828,0.8674962317567999,0.0822611074344457,0.015033262492263444,0.02853885634225542,0.6971893906593323,0.025280738202368425,0.7961309523809523,8.04806137084961,0.9020921586319258,0.3248828409873714,0.0189740211720002,0.08042891800990959
191,0.013180325739085674,0.013509635786480678,0.8556547619047619,2.3126420974731445,0.9675542043984181,0.04678074370544805,0.01288239284537418,0.019692329402085446,0.02751152589917183,0.011819302409357801,0.8333333333333334,5.438919544219971,0.9383383521707906,0.02175040298399633,0.01369056777325972,0.015309731096845202
192,0.009743873029947281,0.017724666870281958,0.8333333333333334,1.3137922286987305,0.7582515120701153,0.03505690373963166,0.020368107772708588,0.02331898196249224,0.03011116199195385,0.019917994064643674,0.7752976190476191,5.313196659088135,0.9725362255037898,0.05025353641521735,0.019499813312588876,0.025678016614456203
193,0.006465493701398373,0.014518251784867875,0.8660714285714286,1.379398226737976,0.826393102070119,0.03833235868769802,0.021174498017475618,0.024621389669975655,0.08669287711381912,0.0101499067067925,0.8169642857142857,6.252720355987549,0.9319971881675715,0.053231555837860545,0.01650402760251546,0.023882325685508892
194,0.011899881064891815,0.01572424822954477,0.8898809523809523,1.335737943649292,0.8563968000868241,0.037846379038814715,0.011406607718729367,0.016718168921425088,0.21280084550380707,0.026602931102491234,0.8154761904761905,4.561899185180664,0.8848402270445418,0.08104938133341577,0.011389032631459295,0.02538329911176305
195,0.012036142870783806,0.015800881475830364,0.8407738095238095,1.5597829818725586,0.8597203576276835,0.035166719596133156,0.025297944926203852,0.027280511266145006,0.07958739995956421,0.012561218214784953,0.8020833333333334,5.056802272796631,0.9418368724320001,0.07902660858368182,0.025452493575648938,0.03621515060851269
196,0.012748964130878448,0.01782041019687497,0.8735119047619048,1.4614908695220947,0.8702481915907581,0.04186573661823767,0.024953993314716705,0.028351441746227612,0.16369958221912384,0.02228273152124094,0.8288690476190477,5.675593852996826,0.9568266898208277,0.07092535389275911,0.030694812003271177,0.038776840507855806
197,0.009095879271626472,0.016703971097518866,0.8883928571428571,1.3798551559448242,0.8324264715826487,0.053805165689352896,0.0217651853716615,0.028201788560483436,0.02905116230249405,0.007019867811830394,0.8422619047619048,6.027538776397705,0.95753176163479,0.058965012662183014,0.009805607709887143,0.01968138102619658
198,0.017935536801815033,0.01864668512893286,0.8571428571428571,1.6884560585021973,0.8944491015859726,0.023882386174042813,0.017026910801513084,0.018404126836173075,0.11411828547716141,0.011735510627942758,0.8050595238095238,5.652254104614258,0.9071594655643873,0.02914484002126183,0.014267637020812352,0.017256360837866934
199,0.019167056307196617,0.017923683126986778,0.8764880952380952,1.9015976190567017,0.8364778122020566,0.02854100489946365,0.014635827070994756,0.017429277974035384,0.5859371423721313,0.014555887738525786,0.8229166666666666,10.816521644592285,0.9206052894655415,0.035440395043204176,0.010405537963707467,0.015434861930570648
200,0.01164894737303257,0.011305860886761776,0.8764880952380952,1.8103636503219604,0.9103849371219457,0.03619006922811241,0.014683159158711545,0.01900374377086797,0.1435396820306778,0.0051896662555838136,0.8005952380952381,10.45152473449707,0.8658182641934173,0.019281264984019386,0.003797336128246176,0.006907946835879187
201,0.018650012090802193,0.026017503224124328,0.8705357142857143,1.6699308156967163,0.7951460944780872,0.0504158641856749,0.03010861261580966,0.03418819440439866,0.5282360911369324,0.038833364575485696,0.8392857142857143,8.925058364868164,0.9123757323375788,0.017936485838469962,0.06086672843595675,0.05224234934271163
202,0.009535378776490688,0.013780487091009208,0.8794642857142857,1.39387845993042,0.8332129576193111,0.02294380511349059,0.016540412086238354,0.017826808006891705,0.12753179669380188,0.01018829642670871,0.7976190476190477,6.178715705871582,0.8836739115190543,0.048055126770551126,0.018770886692973,0.024653881351415035
203,0.0074186562560498714,0.017632928135393522,0.9002976190476191,1.3562318086624146,0.8590080750568679,0.014894331137383698,0.027675163771836875,0.02510758578723691,0.045405369251966476,0.012787528755375144,0.8244047619047619,5.2810163497924805,0.8505219830016884,0.08386968152360441,0.01978408689608524,0.0326584251025065
204,0.01055334322154522,0.022357239144419894,0.8779761904761905,1.8794273138046265,0.8986969802044431,0.025411327396871797,0.02419331766086541,0.024438007116759548,0.1443609893321991,0.02759998725783197,0.8630952380952381,7.5040602684021,0.885086675283059,0.05521812531606063,0.03271715602573355,0.037237440034951046
205,0.01711229979991913,0.021325160407068444,0.8125,2.221954584121704,0.924633023459928,0.046041139127507624,0.027485769335759636,0.03121341058856615,0.4350621700286865,0.01855892727821329,0.8020833333333334,10.052014350891113,0.9197979653530469,0.04149327157271465,0.029660056663288192,0.03203726501562833
206,0.002514197491109371,0.016653994996588373,0.8586309523809523,0.5679377913475037,0.3775710027553876,0.02468026103991905,0.02349408441273071,0.02373237882444265,0.10679648816585541,0.008493860356182603,0.8169642857142857,6.6965155601501465,0.9776906858043835,0.055196832601180246,0.008879207599348904,0.018184087622038235
207,0.025251178070902824,0.028864074591333333,0.8601190476190477,1.2775533199310303,0.8676495502676193,0.028963351516590907,0.02215088623904471,0.02351946185283747,0.5021649599075317,0.021098191184056314,0.7991071428571429,6.690953254699707,0.9126817838544437,0.019876847987996826,0.02924068702379745,0.02735955864606965
208,0.025520090013742447,0.02480496531004084,0.8601190476190477,1.4659535884857178,0.9101320471243236,0.036114448983944,0.028477653931443636,0.03001183150895487,0.4762459099292755,0.019219447845480686,0.8407738095238095,7.85593843460083,0.9600195747273617,0.02084907474731601,0.026794883787087498,0.025600413221061973
209,0.007405180484056473,0.011648994110751376,0.8735119047619048,1.808163046836853,0.9024403590206453,0.0431756847894289,0.012570602392539376,0.018718944838343077,0.21014082431793213,0.004142705875553543,0.8571428571428571,14.772424697875977,0.949216773308092,0.038802186958451834,0.007053686732380715,0.013431733652796788
210,0.010651322081685066,0.02178163869851968,0.8660714285714286,1.8512964248657227,0.896803397794249,0.04339944263865947,0.02435452771064628,0.028180515084577498,0.3745618462562561,0.015081766266661578,0.8392857142857143,19.241973876953125,0.9073122425259278,0.03614619264808072,0.01913088050754319,0.022549135178633318
211,0.05067744106054306,0.03401654872442339,0.8630952380952381,1.740689992904663,0.8578244209854781,0.0188463843916149,0.04176663237287337,0.03716211826949555,4.771852970123291,0.03777124215588534,0.84375,16.55270767211914,0.9107538475221215,0.014815148990354188,0.04505117590268026,0.03897697406761476
212,0.003660630900412798,0.01988376783469259,0.8928571428571429,0.5561068654060364,0.44463596451290693,0.0583765517984941,0.013727679667076553,0.022697319157763116,0.13246172666549683,0.015701674563085688,0.8467261904761905,5.745003700256348,0.7880667687807591,0.03909922805766508,0.007986584162055665,0.014236892087512913
213,0.008275339379906654,0.023683775805177,0.8660714285714286,1.018480896949768,0.8902594522654255,0.029640660215030423,0.03159325903856025,0.031200995882047562,0.04197722673416138,0.021627400033060296,0.8526785714285714,3.0662972927093506,0.6461477122041511,0.039836803827572265,0.03145520622712106,0.033139009316497416
214,0.010846080258488655,0.01834413385720768,0.8824404761904762,1.3157999515533447,0.7982249276606106,0.03634567140335465,0.02815587332002567,0.029801145256408725,0.0423932783305645,0.015984739991418806,0.8020833333333334,4.370274066925049,0.9663717016904577,0.05966259622727399,0.03126531386112663,0.03697012505075445
215,0.0213454719632864,0.015811763478692398,0.9166666666666666,1.951269268989563,0.8404398308627374,0.0373061458525864,0.01848379596752281,0.022265071614075767,0.4041922092437744,0.025015098649274647,0.8541666666666666,6.753596305847168,0.9285069356073276,0.027213814774747824,0.025323423517845,0.025703189618562085
216,0.009130692109465599,0.014735212111448348,0.8943452380952381,1.4916903972625732,0.8278189631886019,0.02352979651453635,0.015763954357094878,0.017324056576223743,0.07070579379796982,0.010289226383690453,0.7738095238095238,6.125143527984619,0.9318008425299534,0.017478557818477625,0.015177617283274492,0.015639859801507266
217,0.015548326075077057,0.023587709250364464,0.84375,1.6233981847763062,0.8730866962494271,0.024752848576185427,0.022594457459794937,0.02302806281799838,0.07296381145715714,0.02166059869941861,0.7589285714285714,6.601014137268066,0.9629133240686384,0.04425638447821456,0.017130057493566442,0.022579542825303788
218,0.00583499763160944,0.01079350991566197,0.8720238095238095,1.9668312072753906,0.9128914330395292,0.048123657816884546,0.013539272957374227,0.020487028844329423,0.03482312336564064,0.010910426164135734,0.8154761904761905,10.100920677185059,0.8961177339797668,0.05169029079687759,0.020452986003912543,0.02672833741321356
219,0.0023903867695480585,0.014466178972642352,0.8854166666666666,0.5509398579597473,0.23156603633504863,0.030387700368505244,0.018143446608377967,0.020603229729832105,11.693472862243652,0.021641843592102195,0.84375,30.74806022644043,0.8438939509947178,0.013690350907048399,0.027547865889572032,0.024763990111832907
220,0.03683457896113396,0.022702618014544318,0.8467261904761905,2.1417417526245117,0.9231495443381239,0.03246676891712985,0.02391045054039942,0.02562935378572473,5.767033100128174,0.020343459303087008,0.8199404761904762,24.889488220214844,0.8595289389605265,0.03829300044490547,0.02190735817147993,0.025199116663909164
221,0.021025635302066803,0.022567532440727955,0.84375,1.4779547452926636,0.8994595465936137,0.025523314169232925,0.02801316174491819,0.02751296915158856,0.02452683448791504,0.012457075651679528,0.8005952380952381,4.485916614532471,0.3559585940438299,0.1353172883648598,0.010722802390195962,0.035752944661891814
222,0.0072797201573848724,0.011786063902876398,0.8497023809523809,1.604880452156067,0.9150859798638163,0.03305711998138017,0.017633491379520083,0.020731988196858047,0.05503872409462929,0.005339400571486519,0.8407738095238095,9.766746520996094,0.9330381140469451,0.03648991884294894,0.012047742413549445,0.01695800107124131
223,0.0018415742088109255,0.014194465081075691,0.8526785714285714,0.5351206064224243,0.4877116294841086,0.059701958336941585,0.014818861972308861,0.023835555438418116,0.06469360738992691,0.019481293346054196,0.8139880952380952,3.3321852684020996,0.8213739486604039,0.08583699478096418,0.021661092788511582,0.03455357309949537
224,0.003827756969258189,0.02067437277452777,0.8794642857142857,0.6654300093650818,0.49864002391517365,0.0542949778487295,0.02098103831000908,0.027673570806627017,0.03364873677492142,0.029676552489119712,0.8184523809523809,3.242053508758545,0.9140976058937551,0.05616873230526709,0.0409167035358422,0.04398072717255702
225,0.006520019844174385,0.013612898994430966,0.8809523809523809,1.6345535516738892,0.9075222333840305,0.03137555097800715,0.014683807352999012,0.018037059420522968,0.02827288582921028,0.007013348081723714,0.8154761904761905,10.030789375305176,0.95977652996324,0.03210808804640608,0.007470701258297074,0.012420176282693974
226,0.019294150173664093,0.015755403131539114,0.8541666666666666,1.6738018989562988,0.9335075758576157,0.05443667506219496,0.016535613570673124,0.02414966610245206,0.8375230431556702,0.008320882966391774,0.8348214285714286,13.286717414855957,0.9480553234330563,0.08104041540491103,0.012928865186599636,0.026611989114385406
227,0.003799181431531906,0.01953132102728017,0.8363095238095238,0.5921390056610107,0.273332277298726,0.06578650341102332,0.01633094248179856,0.026266211418473177,0.7594961524009705,0.07392566874641926,0.8080357142857143,5.025857448577881,0.8427448967306502,0.1709415212728611,0.03748618588082875,0.06429640950869239
228,0.008623490110039711,0.01739515248044332,0.8779761904761905,1.2084050178527832,0.7986068337520706,0.024411477260677383,0.018728543035414047,0.019870203928882127,0.10592053830623627,0.014696878665617197,0.8020833333333334,5.6061811447143555,0.976681763058082,0.04513655291366003,0.01637216111807205,0.022150721969864277
229,0.013265336863696575,0.025154268371903377,0.8258928571428571,1.8589515686035156,0.9104066119787259,0.03445036945331803,0.03485747775880865,0.03477569260815205,0.05263324826955795,0.012428978837654592,0.8125,10.749448776245117,0.9030534114960507,0.013036324428744472,0.022859467047274706,0.020886067860516402
230,0.02373622916638851,0.017052622483738844,0.8794642857142857,1.8598886728286743,0.894713258415999,0.03574931482964727,0.015280581741275223,0.019392604013492822,0.2099466174840927,0.0100668540384371,0.8452380952380952,9.788573265075684,0.8480069617018615,0.022347669968051265,0.005176755921140974,0.008626269903779201
231,0.04098846763372421,0.021260982035328335,0.875,2.1124088764190674,0.9238699463026802,0.028290180308017665,0.02208499453127255,0.023331572031065093,2.823082685470581,0.019898886952301242,0.8690476190476191,16.52635955810547,0.8520438340401834,0.028581870502740525,0.019565317925417935,0.021376678934255062
232,0.001334807020612061,0.01404189237867104,0.8526785714285714,0.42895400524139404,0.2849511469003608,0.04045960804487969,0.01871402247572007,0.02308255529095303,0.0285671167075634,0.004183608102827585,0.8363095238095238,11.727622032165527,0.952503485548984,0.03132552744262551,0.007514502245984045,0.01229796712923791
233,0.01372520998120308,0.014184832556904836,0.8422619047619048,1.7307722568511963,0.8136726577130798,0.052340321746692786,0.012939640347542025,0.02085495580719285,0.16897247731685638,0.009071236143972872,0.8377976190476191,10.678580284118652,0.9255048184946636,0.11838665523080194,0.012933159855184506,0.03411801383689336
234,0.0017180596478283405,0.014431107434796586,0.8571428571428571,0.549144446849823,0.21380215848829862,0.06890919285383845,0.012218369926279116,0.023607151317976305,0.08636879920959473,0.009943471859131359,0.8288690476190477,4.577306747436523,0.7904970800183798,0.0636739528439414,0.01269844257849051,0.02293905848003198
235,0.04773718863725662,0.027556733857771354,0.8229166666666666,2.114861249923706,0.929866721571185,0.03151863175185976,0.033842561377363634,0.03337570051509723,1.8746180534362793,0.027582613339154793,0.8660714285714286,13.21833610534668,0.9230694056210366,0.03546924801449791,0.02936556452700867,0.030591750941906064
236,0.00774731207638979,0.014923778997496862,0.8705357142857143,1.23906409740448,0.7901581497016631,0.05895077002812521,0.016822032786049768,0.025285395178430998,0.5533262491226196,0.013666874289608444,0.8467261904761905,8.198576927185059,0.8973309714648207,0.06654678707277695,0.015097840265838158,0.025433566186874968
237,0.01604570634663105,0.017599774519934774,0.8958333333333334,2.0695836544036865,0.8663113943310291,0.043609688921421474,0.022570260242447127,0.02679693118241965,0.4671415090560913,0.010472042537086113,0.8869047619047619,11.926051139831543,0.8905909104701702,0.026356467636752368,0.01065766851442329,0.013811445123819757
238,0.00927706714719534,0.01217912344389449,0.8883928571428571,1.6941474676132202,0.9053229370629945,0.05781465822945797,0.015065318361285773,0.023653355388373938,0.3161492645740509,0.008298490760266453,0.8467261904761905,8.523707389831543,0.9048461211565746,0.045396457563175785,0.009718753944982228,0.016886149761137184
239,0.014343984425067902,0.015129936083614792,0.8630952380952381,1.4351251125335693,0.8011698902599765,0.040404916989023376,0.019840552192800454,0.023971786192041666,0.37635013461112976,0.00914148588874275,0.8184523809523809,7.610472679138184,0.9541459286531122,0.05967477444405289,0.010373097700226208,0.020277452403227102
240,0.03524858132004738,0.023500772212874832,0.8720238095238095,1.7370060682296753,0.9041338741625058,0.03510793586871086,0.030802017434700235,0.031667045691532725,0.9592244625091553,0.015655261995418446,0.8616071428571429,10.17487907409668,0.9514710352742732,0.025819074855730095,0.025859460197324324,0.02585134707066477
241,0.02979208156466484,0.026095880823474804,0.8883928571428571,1.4598599672317505,0.9058295581756992,0.02458034472866366,0.025594145013321246,0.025390479777564146,0.18728706240653992,0.01653092777219156,0.8839285714285714,5.271463871002197,0.8436011676322904,0.017335669120760122,0.014841334256559757,0.015342428314100008
242,0.003100946079939604,0.019860801931943284,0.8214285714285714,0.5392364263534546,0.40336857962318384,0.060981265339485,0.01641874914557484,0.02537104034524429,0.02992670051753521,0.031470313605517664,0.8005952380952381,1.7793231010437012,0.5140186510321282,0.097193015692695,0.022235015402782166,0.03729354224673787
243,0.0021806536242365837,0.018325550193005302,0.8214285714285714,0.5133166313171387,0.13356083863493362,0.051045834704581794,0.018232761435950096,0.024824673476523427,0.04072027653455734,0.005298836356134817,0.8571428571428571,11.194472312927246,0.956902620120754,0.057399582365078805,0.010103128685655882,0.01960464839803995
244,0.009835261851549149,0.016266592558956128,0.8511904761904762,2.0497121810913086,0.8949473858585372,0.04554337513692985,0.02214015214408871,0.026841692477471975,0.13069956004619598,0.021318411437187823,0.8616071428571429,11.17056941986084,0.937923243874323,0.04253795849468167,0.026206619897253258,0.029487469169058072
245,0.06828205287456512,0.045661740177921906,0.8288690476190477,1.7723256349563599,0.86063173431271,0.02216609647329071,0.04659739626300308,0.04168932264453408,3.4468932151794434,0.05326702830597896,0.8273809523809523,12.553706169128418,0.9730729948357785,0.0329906011190233,0.040104415068729526,0.03867530065919033
246,0.019138406962156296,0.016294570271409237,0.8645833333333334,1.5528463125228882,0.846407820171011,0.04081031391508361,0.023012325660049293,0.02658781437199815,1.1202183961868286,0.01055756308133693,0.84375,12.159505844116211,0.9385884059916577,0.04499845154179616,0.013133508896522428,0.01953494826722474
247,0.0035218950361013412,0.020086130357612753,0.8660714285714286,0.5722201466560364,0.3360981112869649,0.09478461173058916,0.01638943896409939,0.032138469207367425,0.03548844903707504,0.011645677179732417,0.8377976190476191,7.4650959968566895,0.9520733445569137,0.037059966502554276,0.02417183498348341,0.026760968547582465
248,0.03565365448594093,0.029628134331990852,0.8467261904761905,1.869706630706787,0.912687705275709,0.051962056332521156,0.01805371406348455,0.024865657822889225,1.445205569267273,0.039805235760096425,0.8229166666666666,10.334738731384277,0.9247713942463494,0.08558900327496344,0.02180865476459226,0.0346216712064079
249,0.03899364918470383,0.02233791410814412,0.8735119047619048,1.7354787588119507,0.880914349101349,0.03242811172011728,0.030881935859265464,0.031192551545597302,2.105706214904785,0.019719460199356886,0.8080357142857143,11.497943878173828,0.9519759144946164,0.049890056321931775,0.03174992525539755,0.03539414801429951
250,0.011701378040015697,0.018380854079250275,0.7857142857142857,2.0535168647766113,0.7950212272674682,0.04206864698240553,0.027258562008944054,0.030233802293791225,0.10457718372344971,0.01297746646282949,0.8541666666666666,8.844676971435547,0.9378975032233747,0.04109572179722831,0.02190994304795435,0.02576422895740671
251,0.008650209754705429,0.017643213737428498,0.8497023809523809,1.8680737018585205,0.8723794365146976,0.04199143240490899,0.020647861534346723,0.02493563246816504,0.0852743610739708,0.020434311597023358,0.8348214285714286,8.250039100646973,0.9192703152856977,0.03561590405987336,0.01828517609927216,0.02176679555564294
252,0.009524544700980186,0.01667882552497113,0.8348214285714286,1.3859782218933105,0.8712385267373326,0.0630377432149054,0.019257230470219988,0.02805242276267911,0.14766505360603333,0.01956733935438737,0.8288690476190477,4.879655361175537,0.8331692389487877,0.022729199877833617,0.023603410061551533,0.023427787480001058
253,0.05598410218954086,0.019059559497943912,0.8883928571428571,2.8423047065734863,0.9665693979612403,0.025558617871901612,0.009812905731485189,0.012976106831122417,0.6180415749549866,0.019837011062743937,0.8630952380952381,8.587780952453613,0.8948431215632882,0.032045409210093356,0.005908247080205986,0.011159016258085144
254,0.003022691933438182,0.020853693772992288,0.8526785714285714,0.5007569193840027,0.29526166694118766,0.05472246689232052,0.021485476665727532,0.028162550595177017,0.18031352758407593,0.003217596151204205,0.8333333333333334,16.567768096923828,0.9417132762457531,0.09866725866936255,0.0018862173812129734,0.021328837282850163
255,0.030286818742752075,0.01829497456427087,0.9151785714285714,2.2310597896575928,0.9127264815244798,0.03194551960361314,0.017880459576536056,0.020706029671261367,3.092155933380127,0.01440857599299672,0.8794642857142857,21.511795043945312,0.8920903803413609,0.025104661288927632,0.01671748506681736,0.01840240886143773
256,0.011202179826796055,0.013363877768852839,0.8675595238095238,1.6577215194702148,0.8359080301231887,0.03555771220884241,0.016437865667373708,0.02027890626722233,0.7167587876319885,0.007291634524281609,0.8497023809523809,11.881898880004883,0.93049868893537,0.025353157114386127,0.007641483270505844,0.011199632033785364
257,0.015553142875432968,0.014446351319979622,0.8898809523809523,1.7719558477401733,0.8693305979124551,0.03575010509344412,0.01894851679161036,0.02232383587010375,0.6883023381233215,0.009173410182040653,0.8556547619047619,15.342256546020508,0.9357029053791585,0.039897566320636235,0.011907172677508404,0.01753024282902962
258,0.01971394568681717,0.02239869306358777,0.8497023809523809,1.6235922574996948,0.9186642542700234,0.01859547279031637,0.02771059506624418,0.02587943210902654,0.20449940860271454,0.010623002555023797,0.8288690476190477,7.920888423919678,0.9611937082109119,0.018410185585538197,0.010601468095255862,0.01217018366250008
259,0.04270647466182709,0.035124041989739285,0.8229166666666666,1.6416802406311035,0.9121194490869011,0.031116020721222437,0.0405949620687418,0.03869071045874908,1.162138819694519,0.05051365348544756,0.8377976190476191,8.053610801696777,0.9621288502103947,0.02001331834533937,0.062396338008324004,0.05388189209388513
260,0.0067626070231199265,0.015672492190812348,0.8586309523809523,1.2737269401550293,0.8560293488504425,0.029599376980929293,0.022702652128744227,0.024088154889227834,0.05377985164523125,0.014918151060911322,0.8363095238095238,5.834291934967041,0.8671784778634615,0.04874421948776264,0.016667424683845078,0.02311142363998923
261,0.02951996959745884,0.026213864966257994,0.9017857142857143,1.5673763751983643,0.8608386216591603,0.0338553601463476,0.02037998468038482,0.023087091358814843,1.2962275743484497,0.02576323671835079,0.8556547619047619,9.887748718261719,0.9381098698913733,0.035194712068655765,0.018063842430636634,0.02150531177756012
262,0.002564006019383669,0.01895549071978231,0.8824404761904762,0.5020740032196045,0.21040442325431233,0.02878307959993942,0.021636044813039046,0.023071833051478856,1.263778567314148,0.009423242385071418,0.84375,16.40317153930664,0.8790744975666436,0.007959892146903513,0.012102853112840983,0.011270561847362474
263,0.006520303897559643,0.0097582661056409,0.8883928571428571,1.4561082124710083,0.8509014898206908,0.03979247442767109,0.010349978875047405,0.01626476592802984,0.28911787271499634,0.007305651430951188,0.8630952380952381,9.210606575012207,0.9488365050539685,0.03931034242178588,0.00520164690592706,0.012053840201523698
264,0.056073494255542755,0.023290281170978422,0.8467261904761905,1.9437847137451172,0.9364215648354042,0.07003390794470743,0.023065736459702002,0.03250130662410041,1.9895896911621094,0.019739731412382278,0.8363095238095238,12.016227722167969,0.8998014402103244,0.04192775744678612,0.013009310485006975,0.018818819919292965
265,0.016435865312814713,0.01834451973048168,0.8497023809523809,1.6755038499832153,0.8597505290222041,0.05670408373188651,0.016035530773061635,0.02420555257282556,0.5371730327606201,0.019636143389016425,0.8184523809523809,8.767404556274414,0.9673464633921081,0.15844982831883403,0.015001148715642398,0.04381896381449786
266,0.01103614829480648,0.015865495156465736,0.8839285714285714,1.8749464750289917,0.8651404180993031,0.04793457732997253,0.014487227964783855,0.021206561542611937,0.08438491076231003,0.026368406314005166,0.8333333333333334,9.409905433654785,0.913996228207756,0.04642069612376143,0.02094421133500901,0.02606225515417802
267,0.010276740416884422,0.021564221661740324,0.8511904761904762,1.5665642023086548,0.8517395492659174,0.031526957298483316,0.03301817480257618,0.032718599857557526,0.10693855583667755,0.014830394471007091,0.7663690476190477,9.582310676574707,0.9632920126364968,0.034424633019437434,0.027691109196556152,0.029043826035974267
268,0.0093337157741189,0.016459231104166583,0.8690476190476191,1.2827954292297363,0.8421413617733431,0.05016440085399365,0.02031639379150063,0.026312645210305033,0.09838079661130905,0.0074888303125734135,0.8645833333333334,8.239143371582031,0.9366408938062044,0.0653322305047217,0.008938087447971532,0.020267267972765093
269,0.05882960185408592,0.04724598886707221,0.8214285714285714,1.7135577201843262,0.8900004528749261,0.027345239500671248,0.04567051829747504,0.0419891006820457,2.654292583465576,0.04360323066845251,0.8229166666666666,11.602010726928711,0.9067482330398606,0.01403626693043536,0.03313508708341428,0.02929827053482477
270,0.006384620442986488,0.011469239896623962,0.8809523809523809,1.3728066682815552,0.8892310811475919,0.0591346958370923,0.014768773108465694,0.023681570085198715,0.13387195765972137,0.008720102875012126,0.8139880952380952,7.5676093101501465,0.9334982850861735,0.08006778311097162,0.01387882144137742,0.027175711062501252
271,0.02851981669664383,0.021557028584292204,0.8333333333333334,1.9298937320709229,0.8965550137325781,0.07270134160562425,0.019859804273983372,0.030475291684357655,0.7620265483856201,0.02021145514566336,0.84375,9.13470458984375,0.9418608272580127,0.08157227730059313,0.017527332370929516,0.03039350434340658
272,0.002821659902110696,0.014966684065472191,0.8735119047619048,0.6707693338394165,0.755166062797213,0.02664962102872248,0.020409951495500955,0.021663456535657065,0.9006807804107666,0.02211888355071079,0.8154761904761905,8.398123741149902,0.9296001805569202,0.037748320828585924,0.023234296532171683,0.02615006034171919
273,0.002590676536783576,0.017769335833056732,0.8556547619047619,0.5860490202903748,0.2823264021850874,0.04536140264179944,0.019185838369398134,0.024444322263407325,0.7128307223320007,0.0455801096955577,0.7872023809523809,7.37265157699585,0.9237422401566101,0.007493351185492325,0.05559395486794794,0.045930887163883195
274,0.03526163101196289,0.018017547297958014,0.8675595238095238,2.057403564453125,0.9082319133279694,0.03625941869414351,0.021796379082705597,0.024701900433217676,0.6336954236030579,0.028457570669641497,0.8125,6.798364639282227,0.9571317135351525,0.012901910518020476,0.03683216573002368,0.03202474838832661
275,0.03960411250591278,0.027575411817554407,0.8318452380952381,1.5292826890945435,0.8797173218388722,0.021888668363612807,0.025785749285321402,0.025002853564442446,0.994206964969635,0.031163349013006436,0.7708333333333334,6.94890022277832,0.8859031401052893,0.008230739593790948,0.04020154506251772,0.033778838606746714
276,0.009311502799391747,0.016681898553267627,0.8273809523809523,1.7630212306976318,0.9012114789466044,0.0633341749763382,0.017253200321436735,0.026510538979787474,0.03736488148570061,0.008273865223360488,0.8526785714285714,16.121585845947266,0.9564282252579901,0.028437307278466606,0.009622484775852924,0.013402248225038707
277,0.026607148349285126,0.01444673852181666,0.8497023809523809,1.9020118713378906,0.8916631129996625,0.04072438061223005,0.016067104225629958,0.021020574928295156,0.8465337157249451,0.006645628529240777,0.8214285714285714,13.56208324432373,0.9474767327268809,0.04104059732231968,0.008868522251037847,0.015331662332322147
278,0.0022802003659307957,0.016126426250088755,0.8675595238095238,0.5323020219802856,0.2723778284123629,0.03842219747094633,0.018754720947333325,0.02270577649895201,0.0446581169962883,0.03171389059395224,0.7633928571428571,2.976109027862549,0.6020284196760654,0.10354265850996747,0.030723573163070617,0.04535240727293829
279,0.016122018918395042,0.024941099756410012,0.8497023809523809,1.2304145097732544,0.8318118962035653,0.033403576701248716,0.03266309760877173,0.03281185456931398,0.1839083433151245,0.017926583251491213,0.8035714285714286,5.08588981628418,0.9644374669900457,0.03265320695281304,0.025452543270879868,0.02689910517126823
280,0.02801903709769249,0.0320391736098693,0.8586309523809523,1.7463222742080688,0.9084446326201484,0.027798681921268553,0.022380862524826184,0.02346926374286148,2.167964458465576,0.04061314020002704,0.8333333333333334,13.067729949951172,0.90803348181326,0.03265380661196482,0.032837170696611406,0.032800334161749364
281,0.006949783302843571,0.011698060149746614,0.8467261904761905,2.0706467628479004,0.9149995699352313,0.048455363809532415,0.015737318382867405,0.02231014000875993,0.40485161542892456,0.008497599323858185,0.8556547619047619,15.478696823120117,0.8648965058046066,0.060134415600347824,0.013196142556947899,0.022625706337988064
282,0.004544013645499945,0.009040109180996403,0.8839285714285714,2.2896840572357178,0.9248106459812938,0.03375388443839622,0.007859436333870762,0.013061445997726321,0.02265704795718193,0.006018787235807066,0.8660714285714286,14.493565559387207,0.9359286896743026,0.03916859540110462,0.009362033696332261,0.015349959038808854
283,0.0644325315952301,0.036842176112424685,0.8541666666666666,2.003986358642578,0.9508430526033338,0.0356776688732241,0.029271711651152832,0.03055862270022965,3.8760366439819336,0.03836549515304066,0.8556547619047619,15.24915599822998,0.9122356880397271,0.05289395573838085,0.03534800687440143,0.03887286267296872
284,0.009880287572741508,0.017665579752070726,0.8705357142857143,1.4585416316986084,0.835807507158641,0.031205420216888213,0.024012743358483357,0.02545770076307362,0.0425516702234745,0.006729541045614074,0.8125,10.228309631347656,0.9471239472865354,0.0464198047666563,0.020289873539497183,0.025539190080667545
285,0.003221281338483095,0.019722045031524527,0.8482142857142857,0.5742946267127991,0.45573588806300164,0.05374776237579926,0.018176638140391277,0.025322622919825916,0.27360737323760986,0.019824704745383337,0.8095238095238095,5.90920877456665,0.7846237406475615,0.05038120852480088,0.030092193032330572,0.034168111323228625
286,0.0215197391808033,0.01594107074363993,0.8839285714285714,1.932515263557434,0.9006708563436852,0.026647114555369722,0.014991439864400435,0.017332981654996943,0.6497488021850586,0.010860460474056755,0.8601190476190477,12.819217681884766,0.8989910135462896,0.02014600729786087,0.008261980361647714,0.010649396487226251
287,0.004700106102973223,0.008323675797553332,0.8586309523809523,1.8821183443069458,0.8964644464320429,0.02696062566687374,0.013645211643624977,0.016320183210795487,0.03419598564505577,0.0025741143981971026,0.84375,11.337440490722656,0.9189370444329101,0.029228230856328197,0.00668321769253688,0.011212349801334242
288,0.004876361228525639,0.007740430453630154,0.8973214285714286,2.1320223808288574,0.9317536929785485,0.03314016117812579,0.008907357502648594,0.013775554669597139,0.06811890751123428,0.003325575406393,0.8392857142857143,14.351231575012207,0.9091617056592823,0.03220856267529293,0.0021209558531619654,0.008165341152250776
289,0.06300364434719086,0.0383255016466133,0.8244047619047619,1.9443976879119873,0.896977111041949,0.061959117065145786,0.03154286660919403,0.037653274066862905,1.3458163738250732,0.03161710920397898,0.8392857142857143,9.488041877746582,0.9297303707341805,0.07735291325768057,0.022928507749076954,0.03386198207000179
290,0.015596123412251472,0.017617086364615564,0.8630952380952381,1.535514235496521,0.8717446097233447,0.03428612722343427,0.016654723678843353,0.02019674671235492,0.17317017912864685,0.006952792962338306,0.8348214285714286,7.374415397644043,0.9015030355226573,0.01923610314354174,0.006802125743040621,0.009300022988677006
291,0.007485636509954929,0.02250092135880255,0.8705357142857143,1.3682540655136108,0.8232383926842409,0.041533806624195924,0.026812922467188915,0.02977024294515907,0.02875123918056488,0.022745403996529467,0.8139880952380952,6.058649063110352,0.9613956577331484,0.04247953417865591,0.02620333694903776,0.029473108713916406
292,0.004801030270755291,0.009517388840636687,0.875,2.252502202987671,0.9550877173849333,0.0482637787661655,0.009655002450334016,0.017411229835210876,0.2232419103384018,0.013080555660688331,0.8616071428571429,14.832024574279785,0.9111068490453715,0.02952410595560684,0.015126709865678323,0.018019043901601462
293,0.027308130636811256,0.03212409520926496,0.8482142857142857,1.7144999504089355,0.9241366890468548,0.02582502696449529,0.033333266063934275,0.031824914459136266,1.5195081233978271,0.038036968935024285,0.8288690476190477,12.016870498657227,0.9247655907073722,0.0204497054664331,0.03787773117805893,0.034376565298491236
294,0.029039926826953888,0.04298195340179367,0.8020833333333334,1.1442794799804688,0.9001308748912629,0.02824582348472493,0.043828131995323316,0.04069775751774775,0.16825233399868011,0.047541783059100506,0.7857142857142857,3.573524236679077,0.13362293908682535,0.15073980876740922,0.02394147509378175,0.04941435462643013
295,0.005643867887556553,0.012317158415564577,0.8482142857142857,1.486114740371704,0.873711220939966,0.022640784536187564,0.01953982321836134,0.02016278419738893,0.02732853963971138,0.00940808830054607,0.8407738095238095,5.2664947509765625,0.9147996330963747,0.00904303023577735,0.015360823105737609,0.014091623645254523
296,0.0041975905187428,0.011506857222267075,0.84375,2.014427423477173,0.8988925382493576,0.021795733675118556,0.015177834668783419,0.016507323308448958,0.08831565082073212,0.00884631206414288,0.8363095238095238,12.192070007324219,0.95476116321839,0.018796832259198593,0.009929823534825188,0.011711142251775202
297,0.0055750897154212,0.01191478069294416,0.8616071428571429,1.4632432460784912,0.8293424686115288,0.053727028139487265,0.011986683698624212,0.020372020751476167,0.027413543313741684,0.0056712580642174215,0.8333333333333334,8.865509033203125,0.9758152106212628,0.03590711257699253,0.0055233153644759225,0.011627203197347561
298,0.006962556391954422,0.019362597104471635,0.8839285714285714,1.6531994342803955,0.9216026597363879,0.02907324357011376,0.02984867722931206,0.02969289814599097,0.0839608833193779,0.01550815023687313,0.8154761904761905,9.031926155090332,0.9357797616471741,0.02360876363554365,0.029448857215008895,0.028275624129848468
299,0.003861882258206606,0.021361784032689957,0.8363095238095238,0.5724310278892517,0.23385603394118643,0.04334989115591459,0.02306654010088005,0.027141320446757523,0.07910755276679993,0.032102914858277654,0.8467261904761905,2.6855292320251465,0.6850817215555247,0.043101783350890654,0.021997046030342582,0.02623683700991697
300,0.009005472995340824,0.012747316775724604,0.8601190476190477,1.286651611328125,0.8856593177633328,0.03693370109279781,0.019571011997156607,0.0230590522172631,0.04900914803147316,0.020187912201324654,0.8139880952380952,3.964193820953369,0.9423839606603767,0.06543884457196358,0.03358885844733506,0.03998729315987204
301,0.014516225084662437,0.021110063951503943,0.8586309523809523,1.475095510482788,0.9062865271887086,0.04263845905674879,0.024029555315497664,0.027767951156374003,0.07571996003389359,0.016227582610875535,0.7961309523809523,5.450809955596924,0.9560134355964319,0.05485958155704629,0.01950320386004567,0.026606047593818117
302,0.01998385414481163,0.018876360408727866,0.8482142857142857,1.862195372581482,0.8957669714843159,0.02965179688444386,0.01974304490972667,0.021733642404647535,0.4951656460762024,0.009683824026956112,0.8199404761904762,11.619318008422852,0.8288582626960473,0.03446184267567687,0.010626020459231889,0.015414466886642709
303,0.02745513990521431,0.02228670354109441,0.8779761904761905,1.8761730194091797,0.9081403955696192,0.04901061659726813,0.014183546828821614,0.02118005638051846,1.4607690572738647,0.02519484257876492,0.8616071428571429,11.631928443908691,0.9176228998161171,0.047036744231275796,0.015222912487543594,0.021614084043204078
304,0.010040558874607086,0.029722073714026243,0.8422619047619048,0.9455241560935974,0.8797988121996396,0.029459599904138267,0.03392666374364661,0.03302926252588824,0.028308838605880737,0.00705082250421929,0.8422619047619048,6.025910377502441,0.971201000158338,0.040038207531187364,0.01049840315892736,0.016432738858711736
305,0.043276213109493256,0.025385880893350032,0.8601190476190477,1.8591663837432861,0.9195335051477322,0.06107267439528963,0.019200370488532847,0.027612217255515242,1.5495882034301758,0.03392819243813139,0.84375,9.198103904724121,0.8763670116263845,0.022871545697351392,0.01836201241668889,0.019267945441821983
306,0.008767727762460709,0.013776800977110093,0.9002976190476191,1.5119061470031738,0.8424522223530693,0.020337389408152662,0.01798445627566192,0.01845714373531408,0.05680447071790695,0.01085350117015016,0.8065476190476191,6.805756092071533,0.9248880335353812,0.03493542306552355,0.01364941546663856,0.017925622350343135
307,0.008265923708677292,0.01132034704147955,0.8883928571428571,1.9732294082641602,0.8516749438611019,0.05577057495007265,0.016142525030894084,0.024103517202157636,0.11618116497993469,0.0037857529451276184,0.8675595238095238,12.761341094970703,0.9250095691091879,0.04615790599332814,0.006499307420610445,0.014466436598165341
308,0.06680095940828323,0.034963454062989285,0.8616071428571429,1.9002090692520142,0.9085840450403895,0.016100698271166558,0.03651422634744883,0.032413294367838554,2.9797072410583496,0.035467541943380865,0.8095238095238095,11.953540802001953,0.8967209433949498,0.0721763420377467,0.04895884728645272,0.05362307614273946
309,0.026883520185947418,0.024201741542057453,0.8854166666666666,1.6903893947601318,0.8904481361175142,0.03618880045482653,0.019307494518938983,0.022698828300702106,1.727033019065857,0.030777640855501165,0.8348214285714286,11.774331092834473,0.9236160220340439,0.03620609999963065,0.026661600811894504,0.028579022523716496
310,0.002094872761517763,0.017657243105940856,0.8720238095238095,0.4749435484409332,0.13733603713392475,0.04692577697962985,0.017130576316989443,0.023116219307252023,0.07490036636590958,0.009415183791602555,0.8601190476190477,16.740800857543945,0.8946470880513687,0.04886721770149516,0.018082435044187606,0.024266877988736
311,0.007834493182599545,0.01327772083854939,0.8809523809523809,1.8385670185089111,0.885422332924763,0.04439822773516111,0.016559707969081017,0.022152267743516748,0.030807677656412125,0.003946501245482903,0.8913690476190477,16.415719985961914,0.9125337969867563,0.02754987555751498,0.0070185728560108185,0.011143164916580852
312,0.012021432630717754,0.016748115219694548,0.8705357142857143,1.9913547039031982,0.8851261279984027,0.04218162688593208,0.018558867359726783,0.02330451101454481,0.4128381907939911,0.011499061539522293,0.8764880952380952,13.378830909729004,0.9365445623702774,0.08729270002117129,0.013180716939529824,0.028069284969323868
313,0.00917479582130909,0.02106339822826142,0.8660714285714286,1.639402151107788,0.8971859735468537,0.021057691010030632,0.03126422036798138,0.0292138015237502,0.17530788481235504,0.014419438776857474,0.8616071428571429,12.171319961547852,0.923069998964269,0.0232233442651969,0.023517869812263226,0.02345870173361151
314,0.0031007640063762665,0.02132666784383741,0.8125,0.5607062578201294,0.22125760295378458,0.035365755935772736,0.025547161933578977,0.027519647335805402,2.2398951053619385,0.02588052080780967,0.8913690476190477,12.893449783325195,0.9347807456478281,0.021683237842391123,0.03668565868014029,0.033671779493985324
315,0.01103528868407011,0.01347923263140316,0.8839285714285714,2.052624225616455,0.9066139566082669,0.04954375494250429,0.016917433116102276,0.023471828125870536,0.7902401089668274,0.0064562675758034205,0.84375,15.749517440795898,0.8900635674376518,0.041350372867541174,0.014516043264842127,0.01990686840824149
316,0.01263616792857647,0.017946930821056473,0.8452380952380952,1.7139283418655396,0.8670730344667319,0.037511988421634945,0.02206721783675114,0.025169961927464405,0.09160400927066803,0.009022433378788275,0.8392857142857143,10.407212257385254,0.9641472011687194,0.027313956832989206,0.008875394064690068,0.012579569620821593
317,0.03151680529117584,0.025255469484589343,0.8497023809523809,1.6166411638259888,0.9021776409769854,0.021096658258869083,0.03352534230738402,0.031028508458352002,1.4175490140914917,0.02646746253003096,0.8303571428571429,10.936381340026855,0.9091288369279504,0.036896718117506166,0.04147534016643195,0.040555527701245965
318,0.016748609021306038,0.009907378823259538,0.8943452380952381,1.7691378593444824,0.906962098314584,0.04483918003705345,0.01224646486429315,0.018794108537392315,0.17316357791423798,0.007786782216311572,0.8333333333333334,6.800191402435303,0.8227837126025449,0.042180450404489145,0.009021171691485752,0.015682633932937326
319,0.038498781621456146,0.02167505766700828,0.8556547619047619,1.8304144144058228,0.9109863675430355,0.04155132985554144,0.032753277244359724,0.03452074317071319,1.432119607925415,0.016824168175319842,0.8377976190476191,11.357144355773926,0.9305378016705217,0.042011494336037125,0.03245613332573538,0.034375737100126355
320,0.002301107859238982,0.01776697504041269,0.8645833333333334,0.5165212154388428,0.14720914632555823,0.05059898664689855,0.018125145223306438,0.024648908009295926,1.292432427406311,0.014635312129376299,0.8794642857142857,20.11515998840332,0.9060165858038193,0.04056256283523041,0.015561182045640054,0.0205837808649774
321,0.02220739983022213,0.030340402638319386,0.8377976190476191,2.195668935775757,0.91584704346873,0.047172592115774514,0.04607155773227911,0.04629274767539203,1.9066216945648193,0.02737158843540133,0.8244047619047619,15.849233627319336,0.9205017623480259,0.059078431906200435,0.047910666195027596,0.05015419055664714
322,0.014622116461396217,0.016526730098424425,0.8779761904761905,1.703933835029602,0.8888070466676005,0.030897113384706243,0.017711535402827883,0.020360423836687375,0.6599746942520142,0.020810126573614696,0.8407738095238095,12.966195106506348,0.9140298841079589,0.016609236644013703,0.024601498867533378,0.022995910474415585
323,0.026676815003156662,0.033875834483771405,0.8630952380952381,1.7166621685028076,0.9179012655203537,0.027484478170361926,0.03925338008597601,0.036889091754714255,2.6176910400390625,0.037097801414945564,0.8764880952380952,16.287221908569336,0.9216670768838078,0.026989649892876666,0.03000065071832203,0.029395762159638805
324,0.024455688893795013,0.028610675242720762,0.8452380952380952,1.6972888708114624,0.9117980706691412,0.02410879057094728,0.034507440730319194,0.03241842618937394,1.4920551776885986,0.04050371102432149,0.7663690476190477,12.262140274047852,0.8851123811230954,0.00931694486095025,0.06638961161435675,0.054924120525502766
325,0.028508219867944717,0.01578416664385196,0.8690476190476191,2.1550545692443848,0.9745624335855668,0.02313978982190379,0.025062522554554656,0.02467625928237033,0.5229691863059998,0.010623285344045441,0.8110119047619048,8.496627807617188,0.8507360386503043,0.053090567431662516,0.013368084041948003,0.021348047222917436
326,0.09418460726737976,0.036687333325391425,0.8556547619047619,2.3297805786132812,0.9515643635907624,0.038244663512473465,0.025798537822989687,0.0282988755731092,2.2699942588806152,0.028986228968408523,0.8303571428571429,12.105297088623047,0.8680569377559231,0.020473559772648753,0.01913048147618146,0.019400296312525336
327,0.029377732425928116,0.026712747785086255,0.8541666666666666,1.8156148195266724,0.8967032738709211,0.04319971406071532,0.039278933538590355,0.0400665903399101,1.1355985403060913,0.02154830199339408,0.8258928571428571,11.219254493713379,0.9439312792121999,0.06120017108370546,0.031097018637070817,0.037144526941082244
328,0.03945055231451988,0.03982772937272194,0.8392857142857143,1.668373703956604,0.9103475145085115,0.021022508304326837,0.04357359614476275,0.03904324367681804,2.052187919616699,0.04874960754468072,0.7991071428571429,11.541462898254395,0.9371723022521957,0.02756697424144916,0.05335881155366773,0.048177415665052396
329,0.09155111759901047,0.043535629248109164,0.8467261904761905,1.982067584991455,0.9190780004188875,0.022421969620108673,0.048689627162948446,0.04341264238871724,7.144747257232666,0.03766866454525675,0.7842261904761905,17.278705596923828,0.914259195697555,0.013189026925720992,0.03542297157415919,0.030956330908178304
330,0.003267927560955286,0.021828288951809438,0.8794642857142857,0.5019068121910095,0.21715678445452452,0.031923010422461595,0.023640155735417,0.025304122078796492,3.204174518585205,0.022964553464118742,0.8244047619047619,14.82308578491211,0.9536223625666465,0.05009253244025713,0.03165018676207998,0.03535512227778521
331,0.010827045887708664,0.012184698775679292,0.8675595238095238,2.200592279434204,0.9375367581148307,0.0537236704990498,0.014409261869637868,0.02230724574608223,0.22118480503559113,0.006092717902737577,0.8467261904761905,15.488594055175781,0.9179092081162965,0.04861471845899046,0.007710616009086624,0.015927958019111947
332,0.012230554595589638,0.011926481934857458,0.8824404761904762,1.8573095798492432,0.9154574870124987,0.04781647046190851,0.012289060840035781,0.01942626366585843,0.3983800709247589,0.008034651125962466,0.8630952380952381,11.235486030578613,0.9403770503691766,0.0610278973987991,0.0039360810773704236,0.015405419177657436
333,0.04856941103935242,0.03576759089101322,0.8556547619047619,2.323617935180664,0.9501250295366331,0.023992825662409678,0.032187135190684946,0.03054095693723679,2.007119655609131,0.03753920639601627,0.8244047619047619,13.412076950073242,0.9102438842563705,0.045647314942818595,0.03757053507376962,0.03919310245817678
334,0.004937857389450073,0.013663746808050159,0.8645833333333334,1.4178740978240967,0.8740897738293376,0.046155242920250195,0.02046284813753807,0.025624266732279345,0.028516467660665512,0.005225502122565229,0.8526785714285714,7.099268913269043,0.9377478233328588,0.023321609910510688,0.008651961622312299,0.011598989180209296
335,0.019145306199789047,0.018609352795197598,0.8720238095238095,1.682969570159912,0.8923063614501408,0.026792838577336497,0.020027618605477526,0.021386702974824194,0.3378908634185791,0.012341232930943247,0.8154761904761905,8.52389144897461,0.9621223057718965,0.051451957226557044,0.016000739794302055,0.023122636153460423
336,0.0075071523897349834,0.01529375795721688,0.8571428571428571,1.9007799625396729,0.9032010470778702,0.040570360088265756,0.01924515260630233,0.023529234466518195,0.01574975624680519,0.010989318898991796,0.8214285714285714,9.981122016906738,0.9277249546056682,0.020461857625623137,0.014319432052381842,0.015553401475577636
337,0.03959380090236664,0.013595168421231763,0.8586309523809523,2.187476873397827,0.9502161119494068,0.024787479785884914,0.017154665724511742,0.018688043549341178,1.3505667448043823,0.00810152660046004,0.8660714285714286,13.518799781799316,0.8899227757644682,0.018691324618612892,0.01333406178675045,0.01441029762350853
338,0.013250889256596565,0.00969985738429191,0.8913690476190477,2.2020981311798096,0.9029862606658094,0.027272307567473564,0.011066570508585505,0.01432218732845141,0.5333603024482727,0.007677879332721238,0.8645833333333334,14.764284133911133,0.9057842808011916,0.054001877639804685,0.00998596397676843,0.018828446632289105
339,0.00575589295476675,0.009540829690315111,0.8794642857142857,1.5589407682418823,0.8612210219148805,0.04083883170371083,0.014214596004103464,0.019563214783042442,0.05284813418984413,0.007265699926905289,0.8154761904761905,9.646537780761719,0.9399580208452167,0.06154101647155619,0.014531727436288833,0.023975557822838073
340,0.013452619314193726,0.017608255093735536,0.8809523809523809,1.379862666130066,0.933200291825482,0.03383320363653286,0.023429433402354705,0.025519476529756564,0.026832686737179756,0.011176268952377777,0.8095238095238095,4.302975654602051,0.771460661089936,0.059865825076146795,0.014347309135462671,0.023491653855689392
341,0.037490393966436386,0.0241356092004551,0.8794642857142857,1.79405677318573,0.8715572662212435,0.04399500321416905,0.02651281696965191,0.030024863313416514,3.528566837310791,0.013930123290958996,0.8407738095238095,20.05625343322754,0.9338932657269556,0.013050946033412059,0.016206102246521192,0.015572253900137662
342,0.003154511097818613,0.018808928273623238,0.8407738095238095,0.5658761262893677,0.45760142965168676,0.039154815976175206,0.02118649429915931,0.02479620177891697,0.09762834012508392,0.006359052356412209,0.9002976190476191,10.49810791015625,0.9075097920625815,0.03338358754560211,0.0053592023450353965,0.010989101157649245
343,0.002361586084589362,0.01992857247773905,0.8660714285714286,0.4769808053970337,0.32407336957999194,0.06089273956121222,0.017261250022753694,0.026026504617533308,0.029288243502378464,0.00192315459351744,0.8645833333333334,12.4229736328125,0.9371438609413225,0.04507645252002124,0.0022338461670710075,0.010840619764761902
344,0.002020524814724922,0.015260093933576968,0.8586309523809523,0.47950899600982666,0.30708234367697335,0.031463709838872256,0.018474218392723563,0.02108371444217308,3.607522964477539,0.03634679496072468,0.8363095238095238,18.058265686035156,0.9254614126298699,0.06272725743622554,0.03700710965187026,0.04217410362640592
345,0.0026915420312434435,0.01904949383367316,0.9122023809523809,0.5053248405456543,0.13594044094451813,0.04708196311480173,0.019537331095802468,0.025070850921047855,0.25503215193748474,0.009677828683908651,0.8720238095238095,23.40369987487793,0.8780283089215722,0.02648146456335909,0.008475518686486216,0.012092784599250858
346,0.004980416968464851,0.010219356902588683,0.8690476190476191,2.1627354621887207,0.8830711104526573,0.04120629461748504,0.01039950675191692,0.0165883703856248,0.41826847195625305,0.005762971378141635,0.8824404761904762,20.79947853088379,0.9170796501919618,0.0344369332422666,0.0060832932923741145,0.01177933703230787
347,0.016511326655745506,0.00942391289891431,0.8839285714285714,1.881007432937622,0.9030813747656141,0.04086174239578377,0.011588478008080716,0.017469267728824633,0.680514931678772,0.006991208100405322,0.8110119047619048,15.198756217956543,0.9429888194045521,0.062048953500863924,0.006976286700896561,0.018039992084818577
348,0.0019129222491756082,0.014446031177095864,0.9032738095238095,0.5234678983688354,0.07042058470322772,0.018270345636914653,0.0174623736289794,0.017624689434144962,0.08929385989904404,0.002930046906512218,0.875,15.659089088439941,0.9507820461019363,0.04333468953207864,0.0038772338097674552,0.011803954825410327
349,0.007629116997122765,0.013138292696057596,0.8735119047619048,1.6261944770812988,0.8636416073980532,0.030279374872263398,0.01486146048415704,0.017958809356767694,0.15001828968524933,0.013248915845139764,0.8586309523809523,12.273221969604492,0.9057647971870488,0.0398155231411077,0.007736996584082889,0.014181343437056623
350,0.008409559726715088,0.010675188631918076,0.8854166666666666,1.688232421875,0.8086435277854489,0.029380538827974645,0.014100986508122415,0.0171705394295213,0.12357378005981445,0.006983090173888873,0.8080357142857143,10.73272705078125,0.9599261871873929,0.08453913571841554,0.008635439142604229,0.023883949615423464
351,0.07011926919221878,0.03204587707718254,0.8392857142857143,2.0497395992279053,0.9035279181288614,0.023258047193947307,0.040966339848002464,0.03740887034160746,4.456028938293457,0.0361199921678117,0.8422619047619048,16.011430740356445,0.9017775262362332,0.08016251270735797,0.04161565202533579,0.049359441001634884
352,0.07707175612449646,0.020346400335460313,0.8556547619047619,2.618112325668335,0.8942201810475527,0.032099469472856246,0.032469247768680765,0.03239496195032315,4.463530540466309,0.01991389128157872,0.8482142857142857,19.387353897094727,0.861152290433305,0.014551693879439886,0.0291917201701829,0.026250643459988992
353,0.003733785590156913,0.012786138639590106,0.8764880952380952,1.8441890478134155,0.86768661689055,0.02947779300408493,0.01832573059595155,0.020566100276156917,0.08769337087869644,0.010162112635898612,0.8556547619047619,13.780709266662598,0.8687711042692075,0.012675618027324642,0.015569127160329321,0.01498784184343106
354,0.0019510010024532676,0.014726686525501687,0.8928571428571429,0.5228834748268127,0.23448691092515472,0.06328416479183052,0.012591042588588452,0.02277492874548976,0.021361351013183594,0.00185560723048106,0.8973214285714286,13.464150428771973,0.9602600035431728,0.04208335108783168,0.004459690452164766,0.012018015133437138
355,0.0028832959942519665,0.018640656676956913,0.8452380952380952,0.5316701531410217,0.31297979407840487,0.04825963240567699,0.019900042859426703,0.025597281830771628,0.10221406072378159,0.009985402539815724,0.8050595238095238,4.448860168457031,0.8632812732770954,0.06447862377408486,0.012917610194313256,0.023275849529535233
356,0.033703774213790894,0.030670639626924956,0.8377976190476191,1.481009840965271,0.8658062079309318,0.034719528991937754,0.02516051828454291,0.027080855257010622,0.5569580793380737,0.0384441675685524,0.8035714285714286,5.75787353515625,0.9051508633525261,0.012790541647608733,0.04364691559020972,0.0374480904678122
357,0.0038826134987175465,0.025747749312443946,0.8586309523809523,0.4887915551662445,0.20968503127735927,0.03539839266215383,0.031760216981781886,0.03249110048899947,1.2357121706008911,0.016698949183954537,0.7961309523809523,15.011988639831543,0.9693817412229407,0.055536055217155655,0.013963333413380297,0.022314996275745885
358,0.0027312389574944973,0.00829717914457273,0.9002976190476191,1.6516660451889038,0.8813380958682964,0.01723215413593915,0.013616858864604509,0.014343145861077985,0.05467457324266434,0.007407443130280522,0.8645833333333334,8.122810363769531,0.8864433167819575,0.018718010660190965,0.011180848387803755,0.012695010451452972
359,0.00539599172770977,0.012653242431360456,0.8630952380952381,1.7730236053466797,0.8175236944750288,0.04225803081748303,0.02102141233559518,0.025287697298474437,0.04102804511785507,0.003980005282741339,0.8511904761904762,8.789676666259766,0.9020199815913834,0.06073288536241739,0.005850203090224437,0.016875741939548914
360,0.012238305993378162,0.019682622740785916,0.8943452380952381,1.5390673875808716,0.8631609566022634,0.03351738941028293,0.020333276166817238,0.02298187034519204,0.8360002040863037,0.03860379347799825,0.8318452380952381,8.846720695495605,0.9179342806823747,0.015066348450867628,0.04341782554898721,0.037722216310525684
361,0.02842637151479721,0.024060154886692553,0.8318452380952381,1.9260894060134888,0.9031634875487935,0.02483125569031175,0.03922583996188833,0.036334070800187676,1.590133786201477,0.02576381095780178,0.8303571428571429,15.29968547821045,0.946258439643679,0.030583530091863653,0.045208962384517104,0.042270817504296544
362,0.04211387410759926,0.02639181199313112,0.8958333333333334,2.1694068908691406,0.9521853957164904,0.03220501321892,0.031149564198897806,0.03136159636809869,4.005143642425537,0.020441334025480096,0.9032738095238095,21.438127517700195,0.8299093201193652,0.021676420260935414,0.01742972574472912,0.018282856339502704
363,0.00502422358840704,0.012742163345309088,0.8988095238095238,1.8710566759109497,0.9137259377988006,0.023631475695743975,0.01873882041875441,0.019721719916363917,0.035768844187259674,0.007113028108067909,0.8511904761904762,14.34119987487793,0.8945670976805381,0.014733241755863324,0.009244735840347906,0.010347337475161271
364,0.01304247323423624,0.018146318912118042,0.8556547619047619,1.4378899335861206,0.9018125374152858,0.039776386475465775,0.028919159874400857,0.031100299146936218,0.10378880053758621,0.007501031400864333,0.8422619047619048,8.155759811401367,0.9363514748894812,0.012127544628354414,0.012110162305104533,0.012113654289685982
365,0.006572525016963482,0.01287927620334306,0.8422619047619048,1.6784734725952148,0.8623345741144359,0.03615199177924211,0.016668912898260446,0.020582924280600514,0.13865765929222107,0.011074053747401225,0.8601190476190477,9.04088306427002,0.9135057886085662,0.06606667853090908,0.0118769242422051,0.022763258809132242
366,0.011864837259054184,0.017823083618572433,0.8675595238095238,1.8259633779525757,0.8934722957725822,0.03552571485357825,0.017472881539021157,0.02109956680310629,0.23573088645935059,0.015595204408433871,0.8809523809523809,10.947701454162598,0.8915238521475035,0.04714985624771961,0.011330542190435833,0.018526386532300876
367,0.05167083442211151,0.03573494274246303,0.8467261904761905,1.8107023239135742,0.8966363680024978,0.04403690478717126,0.028571717460692314,0.03167856312895817,2.2939236164093018,0.033669289778159084,0.8824404761904762,11.256159782409668,0.933043203578815,0.0035164674538955554,0.02959605429482237,0.024356851581243323
368,0.0034051998518407345,0.007608386396737665,0.8988095238095238,1.6243822574615479,0.8997072801204867,0.021618142796335116,0.011145124258605477,0.01324907887556009,0.071910560131073,0.005922102828007314,0.8616071428571429,8.045646667480469,0.9193747741612992,0.024293564376655086,0.011330918279119362,0.013935021289785021
369,0.012511562556028366,0.021215128641053682,0.8616071428571429,1.4294424057006836,0.8389054825393596,0.057588951713235526,0.022509371030644543,0.029556608221343622,0.46367162466049194,0.022135191477040572,0.8333333333333334,8.28368854522705,0.9687580107210074,0.02567022523847029,0.02841104331214761,0.027860432538417787
370,0.017390690743923187,0.01983067482882339,0.8288690476190477,1.823660135269165,0.8755855632786691,0.027899665516281646,0.020230022299219885,0.021770798838361756,0.7800964117050171,0.015322079282439338,0.84375,15.378494262695312,0.8518027419810983,0.022753029501198063,0.004656863543106016,0.008292254025758436
371,0.015106902457773685,0.026401652475628867,0.8229166666666666,1.427396535873413,0.9091067761714173,0.031435710859032295,0.038042891372274124,0.036715556001310365,0.48403650522232056,0.029630805525079795,0.8571428571428571,8.931577682495117,0.929062820493495,0.014749954775850838,0.04344371341476061,0.03767934225962249
372,0.0062520140781998634,0.01559015731766722,0.8705357142857143,1.917497992515564,0.9273217350956272,0.02913556795690475,0.02311211531901114,0.024322183929302268,0.061145178973674774,0.014459664672989425,0.8333333333333334,11.333697319030762,0.9336244755462062,0.04048013290649366,0.02942766872070046,0.031648029829453556
373,0.004876437596976757,0.010405063340749754,0.875,2.1571593284606934,0.9247975544484403,0.04099883210896249,0.014804655586637017,0.020066878548711333,0.1551477164030075,0.009514147123751093,0.8779761904761905,9.973333358764648,0.9269727059002204,0.03593492665425646,0.01653410604850225,0.02043159233090823
374,0.0065374113619327545,0.013913504847070102,0.8839285714285714,1.9592419862747192,0.9272791795232791,0.04853886841545296,0.009343850735704096,0.017217849823153646,0.08305064588785172,0.011526185350937745,0.8645833333333334,19.46172523498535,0.9128863777130438,0.03330795291142552,0.005246043462697081,0.010883480628736278
375,0.027474356815218925,0.03282583335612188,0.8586309523809523,1.3351811170578003,0.8808535398556602,0.08828364135920375,0.04064980712288657,0.05021910417928958,0.07205883413553238,0.022727396199205385,0.8377976190476191,7.334867000579834,0.9422921470405705,0.017828948824856194,0.03507016927630613,0.03160653123918449
376,0.01091444306075573,0.019588639771707772,0.84375,1.8198574781417847,0.8589009667154515,0.050000538959264484,0.027827807526367265,0.03228215089458323,0.027664989233016968,0.007918214322042316,0.8020833333333334,8.445694923400879,0.9375988734071353,0.06788179198161892,0.010022120559205261,0.021645715264600865
377,0.0028959461487829685,0.008390715131382898,0.8764880952380952,1.4444984197616577,0.919057225876176,0.03746409352463609,0.010648723223932732,0.01603573957898475,0.061421170830726624,0.016199927989285157,0.8229166666666666,4.289254665374756,0.8881042191714458,0.044171748928926724,0.025607279288447082,0.029336748635864867
378,0.003016553819179535,0.019252157205132847,0.8541666666666666,0.5878046751022339,0.4084002683913091,0.07176894047498084,0.014819977874884316,0.026260617682939424,0.11908966302871704,0.026991456037893102,0.8005952380952381,3.2429823875427246,0.8300508001711343,0.08166189648050859,0.027668871936516792,0.038515684902943714
379,0.030873410403728485,0.039515664887094126,0.8095238095238095,1.5510348081588745,0.873617895066611,0.018627437952569603,0.06373480392116604,0.054673056293546206,0.11067599058151245,0.038382879881855514,0.8303571428571429,4.9847025871276855,0.9290433886589411,0.03938056040408333,0.05982782007272869,0.05572011165715261
380,0.011705460958182812,0.011374420480348424,0.9002976190476191,2.0936310291290283,0.898720940364791,0.03855170376398698,0.014887655400998123,0.019641593688205707,0.21609032154083252,0.009474569878456851,0.8214285714285714,10.322848320007324,0.9174145267651461,0.07882515195618944,0.011237830538099458,0.024815640644412176
381,0.015168478712439537,0.020149110407974957,0.8363095238095238,1.5934019088745117,0.9106548074495254,0.04053283872500102,0.024271920244033574,0.02753862261744221,0.07177578657865524,0.01187408983330085,0.8497023809523809,5.543531894683838,0.8969554733569948,0.034172122285963336,0.019265390613483868,0.02226004652983019
382,0.027094250544905663,0.030859033857653984,0.8169642857142857,1.4550155401229858,0.8570642584033628,0.02536580721506565,0.04035607994170165,0.03734464122429709,0.3828842341899872,0.027131635853044456,0.7842261904761905,6.182537078857422,0.89407931704893,0.04305454030547218,0.03560369928586227,0.0371005200264089
383,0.010907597839832306,0.01453794821344867,0.8660714285714286,2.1173532009124756,0.9224152226344615,0.05430886950530334,0.017963818086240924,0.025265279308820426,0.26075348258018494,0.008921372301262442,0.8065476190476191,9.796708106994629,0.9207009818045425,0.06681702922870203,0.01156956723116831,0.02266838772174428
384,0.006265060044825077,0.012657863787179702,0.8601190476190477,1.1790564060211182,0.7821053897860556,0.06910755725709639,0.013447461170064345,0.024629176901834172,0.189775288105011,0.017282839564544017,0.8407738095238095,5.58485221862793,0.9755473967812162,0.028820680746545535,0.015530046181710055,0.018200039732681465
385,0.008521809242665768,0.014770403768880946,0.8720238095238095,1.9008523225784302,0.9119692722214413,0.03417344938348488,0.023915144211960282,0.025975964447311206,0.050799060612916946,0.0070056271412751725,0.8005952380952381,9.724100112915039,0.8857417600176462,0.023011555591377242,0.020383886445401567,0.02091176640776275
386,0.001920701703056693,0.016393585241992414,0.8839285714285714,0.48805272579193115,0.1551837040554448,0.07330763380088123,0.014078849193708054,0.025977488958541954,0.29523515701293945,0.002975438696741106,0.8690476190476191,20.76637840270996,0.9331713915729691,0.0695203031139745,0.003760004476772938,0.016970778756567894
387,0.013312911614775658,0.007700462600170099,0.8854166666666666,1.9402776956558228,0.9222096589514345,0.028918466581570046,0.00946235636824444,0.013370949937885745,0.9950928688049316,0.0035717322256180184,0.8869047619047619,21.12336540222168,0.9264899870145589,0.017980949442007788,0.004944186247826332,0.007563178853800286
388,0.012597259134054184,0.01680771632974487,0.8467261904761905,1.8678840398788452,0.8152057766222159,0.04861576089926467,0.020150260931192987,0.025868776549778816,0.43263745307922363,0.024790243628301845,0.8169642857142857,11.861562728881836,0.9627821781163926,0.0462689717281195,0.030037888440258342,0.03329859713648045
389,0.005173657089471817,0.010778269875271751,0.8988095238095238,1.3652318716049194,0.8775908819915075,0.032360057692657485,0.015987742404422467,0.019276823600719677,0.021174635738134384,0.0025054328945985915,0.84375,9.492622375488281,0.8508737827050201,0.007075794659806123,0.007796674880524268,0.007651855193326426
390,0.010161835700273514,0.01957821620469624,0.8288690476190477,1.8020529747009277,0.8970774653598719,0.05971742758274956,0.0186382993776274,0.026890802811692115,0.028957363218069077,0.009584712743124224,0.8690476190476191,13.569931030273438,0.871515919788474,0.0753846290039012,0.009504460127254366,0.022739315481937878
391,0.017658494412899017,0.01902520838663635,0.8675595238095238,1.9551023244857788,0.9379508404508703,0.049403516705012085,0.015485678411678139,0.022299529854535406,1.050424337387085,0.02187836763537232,0.8556547619047619,12.206103324890137,0.9584788055359668,0.0634517174828445,0.013822701016585004,0.02379281593168178
392,0.014775851741433144,0.01758868758383092,0.875,1.550932765007019,0.8359742318468103,0.03046606873266733,0.021858562186653274,0.023587748769557885,0.3821863532066345,0.014031695112998399,0.8125,9.612808227539062,0.9587026757303863,0.034032062467525326,0.02022504543033332,0.02299877653155493
393,0.005509457550942898,0.010174507877607541,0.8630952380952381,1.6336658000946045,0.8860627400503266,0.03181470395478114,0.012196358504416582,0.016137543974355892,0.05508292466402054,0.003320176482665693,0.8571428571428571,11.347314834594727,0.9517023848955404,0.059152749035605745,0.005358705208561632,0.0161655443702446
394,0.028403490781784058,0.03954560052703815,0.8452380952380952,1.761191964149475,0.8825954808835641,0.022982012662168816,0.04452400550621993,0.04019637301522752,0.5816681385040283,0.030971871177424504,0.84375,11.384659767150879,0.9299004792837816,0.02817903074219419,0.036163654472057716,0.03455960059775477
395,0.054601412266492844,0.04326513491100703,0.8125,1.6618160009384155,0.9246376439241233,0.02564181943667654,0.037055695939381295,0.03476272967767721,1.5501577854156494,0.038354152029281385,0.8288690476190477,9.547555923461914,0.9209919351869528,0.026986273013990147,0.020672925841827006,0.02194123219337764
396,0.0018891606014221907,0.015190312980941312,0.9047619047619048,0.5324106216430664,0.37020733403546574,0.027336178681178214,0.01807497933877289,0.019935488135238245,0.04807710647583008,0.023775960230562054,0.8363095238095238,2.458277463912964,0.919743168250456,0.10063451046899763,0.02815598461086566,0.04271640275200824
397,0.006936382967978716,0.012151871678783954,0.9196428571428571,1.4888510704040527,0.8711196527324853,0.04048338450346489,0.014834445415662922,0.01998713407169457,0.1340896040201187,0.014734219007550453,0.8452380952380952,4.568584442138672,0.8747931105478618,0.04933568672367872,0.018018728434785802,0.024310081662465184
398,0.01696181669831276,0.014633972529730643,0.8526785714285714,1.4853901863098145,0.8985278878036859,0.060286926405650254,0.010889772034600509,0.020813307510927463,0.3947737216949463,0.021305101112956137,0.8214285714285714,6.095417022705078,0.8608762035104853,0.03958134561291604,0.018969142082509216,0.02310998654174273
399,0.010782706551253796,0.007900271906696288,0.8958333333333334,2.093564033508301,0.8615894574554124,0.0209804090873964,0.013006670138257959,0.014608537337861664,0.04584884271025658,0.005414966312240588,0.84375,7.631504058837891,0.8032647583752281,0.051479110451607024,0.00929710918345339,0.017771171938216396
400,0.06967484951019287,0.04182075943077479,0.8318452380952381,1.7349789142608643,0.9343922656859546,0.033278341285044144,0.03845226562125914,0.03741286117871595,2.029181957244873,0.045354710066227155,0.8452380952380952,9.2421236038208,0.9669660760606267,0.057545005287668594,0.03553820988702616,0.039959217891619506
401,0.08024799823760986,0.049657176223056765,0.8288690476190477,1.9795359373092651,0.9134623465400247,0.01992224385276664,0.04372777672594408,0.038945415211243256,4.034228324890137,0.06290679944510003,0.8229166666666666,12.571611404418945,0.9215115723044018,0.02403226396522473,0.06359760504629797,0.05564921063268951
402,0.053088922053575516,0.02589105091481525,0.8690476190476191,2.1969285011291504,0.9226268044381168,0.03460319580865856,0.03408030586982136,0.034185350723605616,4.964694976806641,0.021997995454761554,0.8318452380952381,21.00704002380371,0.8518007259491045,0.04975725938121811,0.025668357009358767,0.030507645432276936
403,0.024305300787091255,0.02435103678905315,0.8809523809523809,1.4885300397872925,0.9173255239625399,0.03505059120301235,0.03045444535264552,0.031377778224370996,1.070901870727539,0.02701460964341751,0.8452380952380952,9.235243797302246,0.8790643159195457,0.011251631975012666,0.03837550468788031,0.03292651240181316
404,0.023776143789291382,0.023423033063041943,0.8660714285714286,1.6018273830413818,0.8763164856378209,0.03301507651065494,0.02399579711209021,0.02580770591983759,0.5612766146659851,0.02594740547563701,0.8675595238095238,9.090364456176758,0.9414243856582999,0.011746513858798435,0.034160502811870885,0.029657692531119724
405,0.007066679187119007,0.014935238555422115,0.8869047619047619,1.405358910560608,0.8495075523900933,0.03227542262875094,0.02045707974127431,0.022831300410633453,0.1296118199825287,0.012786933772419462,0.8869047619047619,7.231601715087891,0.963526517174954,0.01546277414737407,0.019727366198799445,0.018870640117039882
406,0.007949748076498508,0.011162001676734645,0.8601190476190477,1.327635407447815,0.8901270010963679,0.026924100209927748,0.01558881702313919,0.017865994449056535,0.08386842906475067,0.0039998428854185475,0.7767857142857143,8.242204666137695,0.9196186445853552,0.01404737642540399,0.006588160401127752,0.00808666362029039
407,0.022478662431240082,0.034902264558763996,0.8541666666666666,1.089150309562683,0.8748601352657214,0.06290966030948786,0.01775932785611345,0.026829707143621703,0.6259646415710449,0.016134225638753996,0.8764880952380952,7.071835994720459,0.9912961179679872,0.05772133309562866,0.009608212464761512,0.019273794734355358
408,0.019241075962781906,0.01946456788368156,0.9002976190476191,1.4388104677200317,0.8745655886749332,0.03144845823927289,0.027946798361014102,0.02865025681870002,0.5708109140396118,0.013665229224673503,0.8020833333333334,9.40983772277832,0.8855550594347821,0.01828364534588245,0.023445690225492366,0.022408672280927872
409,0.031131671741604805,0.028579945321440814,0.8511904761904762,1.6468995809555054,0.900977732139997,0.03770159798260797,0.028210871155310624,0.030117490384008752,1.3618268966674805,0.029053996047766706,0.8184523809523809,11.673694610595703,0.9351182690552278,0.023023286851551306,0.0311877056857216,0.029547532259214176
410,0.027178216725587845,0.028118693992824517,0.8973214285714286,1.666141152381897,0.8856247678926427,0.03249748585633627,0.020384536093566386,0.022817941179837122,1.4272059202194214,0.02451769030805695,0.8288690476190477,12.995879173278809,0.9141478943758218,0.039275204255582064,0.014422234094883413,0.01941501827895234
411,0.04495690017938614,0.030209111766572594,0.8497023809523809,1.9269545078277588,0.9018682694936213,0.03376747145154324,0.0340853210312817,0.03402146732106638,4.388398170471191,0.027710604217594526,0.8720238095238095,19.32105255126953,0.9287736061967508,0.020758767885973084,0.019491583180396344,0.019746151536427385
412,0.018941331654787064,0.01855819391854807,0.8675595238095238,1.4084837436676025,0.9290205600241745,0.03018972732669678,0.020095817556587403,0.022123611930046878,0.06480053067207336,0.01331204861308144,0.8125,6.732665061950684,0.8808726573399618,0.0374623238313353,0.021287099490177264,0.02453658652299919
413,0.007346665486693382,0.016820479762239993,0.8660714285714286,1.7834258079528809,0.8226113839637252,0.018711547044119925,0.015599772714957605,0.01622490595072682,0.23304730653762817,0.017692534030403495,0.8616071428571429,11.73848819732666,0.9540325329253956,0.027328208375769547,0.008557239560068819,0.012328193116794414
414,0.008614864200353622,0.015157639404272727,0.8333333333333334,1.5861232280731201,0.8806498274312119,0.037744120120629776,0.0212310903523395,0.024548440082576384,0.040693677961826324,0.004360360472495994,0.8035714285714286,9.833490371704102,0.9558962979532799,0.017228815622205462,0.009508051748668311,0.011059098062548543
415,0.03136025741696358,0.03359552842731228,0.8511904761904762,1.4906221628189087,0.8625397539344163,0.04817971798832865,0.024894892004675206,0.029572647224605588,1.1324690580368042,0.03660753765160474,0.8333333333333334,9.323125839233398,0.9635758302403142,0.05004503908547686,0.031570613211389986,0.03528199340930922
416,0.008047645911574364,0.010356875979709135,0.9002976190476191,2.2553296089172363,0.9273564828653927,0.06644125187212013,0.01108544567342673,0.022206031740128532,1.0812504291534424,0.0065129382706720085,0.8928571428571429,29.558406829833984,0.8811077187414119,0.03565502438739854,0.017063378236268245,0.02079830715055781
417,0.052357401698827744,0.050363062631842315,0.8110119047619048,1.4191240072250366,0.8440773565793703,0.031064745664330262,0.03985877468759058,0.038092117071310605,3.620269536972046,0.05542797101983077,0.8080357142857143,12.37125015258789,0.8848740009200825,0.022802089694720085,0.03788414794527584,0.03485427017172669
418,0.03207734227180481,0.03208735657668782,0.8690476190476191,1.7078664302825928,0.9346586418943064,0.02083842726823626,0.03791863863122846,0.03448734616991306,0.36376920342445374,0.024376981173913626,0.8184523809523809,7.159255504608154,0.9255470076961471,0.018985765324672554,0.03549176095336204,0.032175824331527096
419,0.008702346123754978,0.018892369676516974,0.8630952380952381,2.329840898513794,0.9161754249229198,0.04938564538158863,0.025713149292218573,0.030468784667315233,0.03586524352431297,0.011312892600980451,0.8482142857142857,14.476451873779297,0.9492174060330633,0.032360320699564626,0.022598600879936814,0.024559660665129903
420,0.009162110276520252,0.009023930658130674,0.8244047619047619,1.7457960844039917,0.901162133608588,0.06380902892966911,0.010042280683868698,0.020843636358248246,0.5649833679199219,0.00724271052113834,0.8110119047619048,10.952814102172852,0.8938227295371688,0.058032002075050326,0.009010297569419512,0.018858407849568562
421,0.026214081794023514,0.03144143976943248,0.8407738095238095,1.502131700515747,0.8883227779115936,0.05448416624752728,0.036402102133818226,0.040034659656661566,0.3481561243534088,0.023703912631577784,0.8363095238095238,7.6438493728637695,0.9671550363723002,0.03986164930408276,0.03759958026800636,0.038054013779718135
422,0.005064721219241619,0.012287289241248556,0.8988095238095238,1.6044241189956665,0.8637179375935435,0.03139302563484314,0.01791731687013609,0.02062449050590313,0.043801043182611465,0.005680771533254858,0.8229166666666666,10.625434875488281,0.9637191098283725,0.031186273704724043,0.009598868666127691,0.013935624142631423
423,0.012781396508216858,0.02505946986750318,0.8526785714285714,1.9649511575698853,0.799089609768845,0.04046871777204675,0.036403234332171075,0.03721996091607467,0.06493648141622543,0.01686428013516028,0.8407738095238095,6.538270473480225,0.9158727803773838,0.023940641480458602,0.029118255851254604,0.028078110107121478
424,0.03286128491163254,0.038484370749036545,0.8318452380952381,1.4534144401550293,0.9009208440333558,0.028589748977262075,0.04292026404196303,0.0400413659262865,0.36511439085006714,0.050347984691899605,0.7931547619047619,5.5184807777404785,0.8800853000444893,0.05267891201651964,0.07556858444385062,0.07097021275086002
425,0.013495489954948425,0.02492326714903237,0.8690476190476191,1.2647902965545654,0.8474447893468544,0.046582375578590685,0.024752185099304658,0.029137714436661227,0.04031870514154434,0.02103339619447342,0.7991071428571429,4.465038776397705,0.9617614227553868,0.08199711162129164,0.03025658246065477,0.040650885193818424
426,0.0018525916384533048,0.015895691538142853,0.875,0.47415879368782043,0.24854352547982408,0.05331637669894784,0.015402475645865388,0.0230191075538507,0.06173257529735565,0.01661497292402092,0.8377976190476191,4.169174671173096,0.978847620432937,0.10644245665808161,0.01756818416891648,0.035422390695757686
427,0.01736758090555668,0.020039685789469353,0.8586309523809523,1.5634726285934448,0.8547657054604232,0.04862802000896638,0.022027809513517682,0.02737160180054979,0.43257060647010803,0.01043909375672436,0.8169642857142857,9.584973335266113,0.9494349865640132,0.07636297204134068,0.016936519617282042,0.02887486943461525
428,0.005589213687926531,0.014997317902621599,0.8645833333333334,2.011927366256714,0.9500134414855984,0.02355985643320857,0.024701407674021403,0.024472078183679538,0.07585544139146805,0.007057277431449571,0.7931547619047619,13.538954734802246,0.9529730556281826,0.0391190502268699,0.011244873594484672,0.016844596578669203
429,0.0246468223631382,0.02371598645333306,0.8511904761904762,1.4313243627548218,0.9152237728948395,0.024269622178849426,0.025796742220067337,0.02548995471178695,0.4524392783641815,0.01125890181402045,0.8139880952380952,8.90445613861084,0.9582565959936344,0.020843445427178753,0.01697175885894109,0.01774955303559598
430,0.013561703264713287,0.015000994036366566,0.8616071428571429,1.2753342390060425,0.8765242982568658,0.03951811277496997,0.01925139706110479,0.02332283548576521,0.14443698525428772,0.006523097824489343,0.8467261904761905,7.599645137786865,0.9471291575677142,0.040195749233565725,0.012230707068340618,0.017848684289033162
431,0.03375408425927162,0.019416770692178953,0.8586309523809523,1.7507332563400269,0.9106851398444408,0.027088321396573578,0.029593451176635477,0.029090188497605182,1.5472655296325684,0.015101547444095087,0.8318452380952381,13.058443069458008,0.9326956772790896,0.014457824085739479,0.02062114178473995,0.019382975282708607
432,0.021090157330036163,0.02449602215477298,0.8497023809523809,2.1210215091705322,0.8972378434723302,0.02206705970483336,0.01843144851590539,0.01916181683510967,1.44719660282135,0.02240780312748758,0.7931547619047619,14.438532829284668,0.8602443340516095,0.005722802511437086,0.016580529925768972,0.014399290043425514
433,0.0018018062692135572,0.015792850457363783,0.8273809523809523,0.4802922010421753,0.2724247402709242,0.040122358353060994,0.016193472023580013,0.021000614366556102,0.2773122191429138,0.03687567487482479,0.7752976190476191,4.798821926116943,0.9655011357378764,0.06948904595783512,0.038604625950231064,0.04480908532675867
434,0.06651686131954193,0.03789087032511662,0.8541666666666666,1.842834711074829,0.888842434757187,0.02453718483300582,0.04214176415533544,0.03860512991647458,2.0112686157226562,0.037562802624414804,0.8511904761904762,10.922584533691406,0.9236323901532588,0.014961948358061528,0.04075747986578693,0.035575341839681376
435,0.0022415821440517902,0.01684271564656581,0.8407738095238095,0.5062642693519592,0.35719366811527314,0.04588501077603391,0.02106549090879639,0.026051555167839642,0.6032621264457703,0.0032252969684462007,0.9032738095238095,25.565011978149414,0.9333828374585269,0.03893482145005511,0.005042046720572735,0.011850863072477676
436,0.0027773180045187473,0.008385317881717036,0.8839285714285714,1.393503189086914,0.934857327855091,0.03315344127891118,0.01523990086171989,0.0188386031776735,0.4995311498641968,0.015378973647390937,0.8005952380952381,9.592047691345215,0.7313280402767519,0.05188114643381836,0.01537585063729785,0.022709503810705987
437,0.019872132688760757,0.01772247785201353,0.8258928571428571,1.5149115324020386,0.8494332978669131,0.021675558861293465,0.022803154507751278,0.022576628596632523,0.7937047481536865,0.010947935003713383,0.8407738095238095,10.727062225341797,0.9436600665188114,0.03130991327252053,0.010720655952498048,0.014856890681966849
438,0.07285755127668381,0.05686029993212838,0.8095238095238095,1.797417402267456,0.9026681989554549,0.025769794984092598,0.057665651494703485,0.051258001749268256,4.893095016479492,0.06851722237814328,0.8571428571428571,14.58430004119873,0.9396877534484455,0.013496506245676776,0.0670396733192069,0.05628323350532809
439,0.010876057669520378,0.017564357960801025,0.8229166666666666,1.9097089767456055,0.9267459464265577,0.02428839574982611,0.016587681057443904,0.018134699634038545,0.12926284968852997,0.006212455101424652,0.8095238095238095,15.974509239196777,0.8595112382894443,0.042403232831290216,0.0029014699210077044,0.010837091934234102
440,0.026625169441103935,0.020591319469693836,0.8630952380952381,1.9185831546783447,0.892331523569251,0.044680220664333525,0.02387492924988266,0.02805456368582145,1.1262516975402832,0.01032861434653043,0.8586309523809523,15.654555320739746,0.9368581268646404,0.028776563872328076,0.011628723126044349,0.015073601847395993
441,0.02354569546878338,0.023236769974503635,0.8660714285714286,1.9239952564239502,0.8949600528352272,0.03529163332817398,0.025244390106078263,0.02726280950337428,0.6667931079864502,0.021144023308756532,0.8601190476190477,14.335418701171875,0.9405987276999095,0.020837284947478163,0.022048443036454368,0.021805130027508255
442,0.007868886925280094,0.014269779978097974,0.8616071428571429,1.3732329607009888,0.8605008371274148,0.05662052345105706,0.01695360837048132,0.024922408275061265,0.13971780240535736,0.00857019468669995,0.8511904761904762,7.8687262535095215,0.9329510668449762,0.038513880584961746,0.011570311349442197,0.016983081954792107
443,0.015565811656415462,0.01703734000809165,0.8467261904761905,1.64064359664917,0.8506419844113507,0.030460151600986585,0.022636716477821173,0.02420838871238565,0.08837105333805084,0.004199366462780296,0.8452380952380952,9.205033302307129,0.9263057170939166,0.015339601552682769,0.004696253437546316,0.006834426049962121
444,0.0210172850638628,0.015535332650449818,0.8526785714285714,1.8258453607559204,0.9015267444774758,0.0323078096874454,0.024726516257403297,0.026249543955402826,0.3136711120605469,0.00902272680649674,0.8095238095238095,8.689316749572754,0.8698733354586056,0.057474286101319216,0.014863402456968933,0.023423624617664302
445,0.011386856436729431,0.017467500520774726,0.8988095238095238,1.9441777467727661,0.8914446317985434,0.031635750492358006,0.01977923436208162,0.02216112376325322,0.2310773730278015,0.011372999857568011,0.8288690476190477,9.40030574798584,0.8918525596640196,0.032345876451844946,0.008945598199755156,0.013646546955755337
446,0.023180805146694183,0.028327470189832615,0.8616071428571429,1.718948483467102,0.8774475910049696,0.026799059768779054,0.032865234097366414,0.03164658300456985,0.5222585797309875,0.016424602399037203,0.8541666666666666,11.47207260131836,0.9468882047495285,0.018130423480134383,0.022266825901290366,0.02143585220061171
447,0.06307733058929443,0.04359885025790611,0.8526785714285714,1.83651602268219,0.8767200230040729,0.025160576423392755,0.029080044108402814,0.028292651046682046,3.40043568611145,0.04827466785689527,0.8318452380952381,12.142735481262207,0.889679724564935,0.02639519599180351,0.03266124623597333,0.03140244149942136
448,0.013149508275091648,0.023252115272563212,0.8422619047619048,1.6360224485397339,0.8837212703870366,0.04320449593803877,0.031139341151271815,0.03356314456825625,0.07259330153465271,0.006444007255421158,0.8020833333333334,10.367534637451172,0.8976809678969466,0.04407680991819274,0.008852474670017818,0.015928792018981532
449,0.0066386256366968155,0.00913436151190039,0.8928571428571429,1.9525632858276367,0.8780698685704748,0.03552820864778683,0.011519056955935136,0.016342324036887484,0.08200802654027939,0.0026217392035340348,0.8273809523809523,12.918376922607422,0.9651937761121755,0.03652882771743071,0.006876162954141285,0.012833171500337822
450,0.0028769439086318016,0.018158394849298265,0.8586309523809523,0.6012900471687317,0.16893235212367158,0.0527414937688947,0.017704584796418343,0.024743249545353323,0.23710402846336365,0.005594892808222562,0.8348214285714286,15.184768676757812,0.942234901749381,0.011390999171815741,0.005170311139204298,0.00642000293146999
451,0.0070859333500266075,0.014573987009927625,0.8854166666666666,1.6407476663589478,0.8931755435567006,0.0293187569519181,0.02311182563666614,0.024358753802676575,0.03173086792230606,0.00571548220760576,0.8244047619047619,11.136944770812988,0.9644954298340165,0.022908085688726487,0.013027971496829549,0.015012815865737418
452,0.005857342388480902,0.01066275976845188,0.8958333333333334,1.6354066133499146,0.9104973406916202,0.04467005910985877,0.01308036798104506,0.019426511288172816,0.026463409885764122,0.003293881903780549,0.8214285714285714,11.005739212036133,0.9326178544601063,0.038465829791462736,0.007860913766310151,0.014009222789220269
453,0.04855751991271973,0.020803372099089668,0.8601190476190477,2.1461520195007324,0.9056688480410672,0.03098833330435602,0.024096794417210687,0.02548125535436042,1.9935246706008911,0.01200494261294438,0.8928571428571429,15.720778465270996,0.8437249306328221,0.03056501833380154,0.020335280311571502,0.022390361610680216
454,0.002243590308353305,0.016021860995509174,0.8601190476190477,0.5444180369377136,0.2821057688132641,0.032330365061616906,0.019599143035351707,0.022156754603128197,0.0510285422205925,0.012766119625208683,0.7872023809523809,4.184120178222656,0.933620056005783,0.0871990283198616,0.019602143282209217,0.03318187465138046
455,0.006594118662178516,0.009994159390982693,0.8616071428571429,2.1288750171661377,0.924567366261528,0.057091298201599416,0.012149802056019787,0.02117822762097998,0.07566815614700317,0.0075403339164518135,0.8407738095238095,10.511001586914062,0.8868100291302096,0.10434730170115936,0.012655200744352224,0.031075488882996515
456,0.012878787703812122,0.014791959250800013,0.8601190476190477,1.954443335533142,0.9111541640784895,0.07030963277040947,0.016059459261678066,0.026957931618342854,0.27424758672714233,0.014105317541885709,0.8511904761904762,9.33684253692627,0.9408328387337642,0.05952399253883922,0.010306879484945464,0.02019424594666519
457,0.0029391287826001644,0.016731864345836622,0.8154761904761905,0.6131585240364075,0.2870936849106217,0.1294916953462908,0.010443622209023062,0.0343595297589206,0.20378628373146057,0.012580536471621495,0.8303571428571429,5.356710910797119,0.9575561862100925,0.06643807447479311,0.01153339618330973,0.02256335387579523
458,0.011777468025684357,0.015846934567988247,0.8705357142857143,1.8144534826278687,0.8739452136450625,0.04538611937099768,0.018581970487174915,0.023966732539728596,0.06921347230672836,0.00966325542292057,0.8169642857142857,6.6041107177734375,0.9628805470548863,0.04586113958963267,0.013743327356325996,0.020195566421052785
459,0.0021766414865851402,0.01642581258705622,0.8467261904761905,0.5500903129577637,0.6068289782582383,0.029393098728932254,0.01905021000052154,0.02112802246828262,0.04335571080446243,0.006821681571478888,0.8407738095238095,8.700730323791504,0.841248194509209,0.03541414603614956,0.006482828333384871,0.012294923407600992
460,0.006965818349272013,0.015535703630189635,0.8601190476190477,1.5563448667526245,0.8806497919236935,0.032435227926716936,0.023310176223647616,0.025143333931853508,0.0654190182685852,0.011797434929031625,0.8303571428571429,6.815636157989502,0.9523789711420494,0.024972786191786778,0.012995936514131223,0.015402000065445957
461,0.0025857239961624146,0.018079859444071977,0.8526785714285714,0.5304402112960815,0.3298653156616438,0.0693092003932807,0.01607800527997172,0.026771772155413254,0.02789168618619442,0.006485805971152225,0.7946428571428571,6.446496486663818,0.8895040755242457,0.0647626027337308,0.010402180038489028,0.021322800669229564
462,0.034032948315143585,0.028379134235405057,0.8869047619047619,1.8631839752197266,0.9384524836169621,0.029102193993803427,0.029013384674544396,0.029031225832431257,1.0101655721664429,0.02942073031649972,0.7886904761904762,9.712028503417969,0.8931283590324147,0.034606520933889495,0.03153807236111894,0.032154501761898734
463,0.01467981282621622,0.019979317599943203,0.8973214285714286,1.8491637706756592,0.9206409516751789,0.03954289476224737,0.020918814841086486,0.024660259468105412,0.16784994304180145,0.012695232017344793,0.8095238095238095,8.680241584777832,0.8972156234306511,0.09324778788354171,0.013640330445367388,0.02963290002000062
464,0.009372299537062645,0.014504335885501263,0.8660714285714286,1.5840092897415161,0.8880181078682633,0.055335080469114506,0.016431012748814755,0.02424656206762497,0.21897834539413452,0.011169423742074525,0.8035714285714286,6.9860920906066895,0.9136001239823263,0.08861633887093479,0.008018731596642348,0.024210215200852887
465,0.004627706483006477,0.012592382433125326,0.8630952380952381,1.782409429550171,0.8503114452081376,0.08235782955264137,0.02037085761848134,0.03282359751596885,0.03384394571185112,0.008370080606940555,0.8526785714285714,7.234712600708008,0.9508020282902057,0.06888714681035557,0.01980556348080853,0.02966570298897646
466,0.003494942095130682,0.02341512965310999,0.8645833333333334,0.4918733537197113,0.26821121462283054,0.05587246526583245,0.0225717137221233,0.02926159684474344,0.1839773952960968,0.012684698089508673,0.8244047619047619,5.886481285095215,0.9871506737670324,0.06284492282465792,0.016400705636425594,0.025731017125132986
467,0.041252218186855316,0.030351735718147532,0.8586309523809523,1.6304211616516113,0.8648598538400296,0.022964197935606556,0.03935344609720692,0.0360609632075997,1.1955593824386597,0.030135190156644343,0.8348214285714286,8.928138732910156,0.9545378129314664,0.07364072750131234,0.03070083721714223,0.03932715446172998
468,0.00434985151514411,0.02493786130887632,0.8184523809523809,0.5934134721755981,0.3654295274492118,0.11833499343725729,0.016994964981871363,0.03735345284121229,0.06097027659416199,0.010358896126120842,0.7708333333333334,6.503341197967529,0.9755827305620655,0.09514082358798459,0.012573948564740922,0.02916104399351755
469,0.03672455996274948,0.02549318631348041,0.8601190476190477,1.6427526473999023,0.8721015990034376,0.025298161371932082,0.031775031366283124,0.030473874447775103,2.7058727741241455,0.016760075738443625,0.8303571428571429,16.461029052734375,0.9528212363425159,0.03186645832484558,0.02264980568896624,0.02450136537028129
470,0.01501900888979435,0.02141441581562531,0.8511904761904762,1.4502668380737305,0.9000259240642273,0.02463033364672884,0.02795394840622467,0.027286257941147384,0.6108162999153137,0.0070303428321930594,0.8511904761904762,13.946495056152344,0.9350599782628797,0.02555861143817817,0.009011744710047065,0.012335892043823404
471,0.009717276319861412,0.013789020945443542,0.8526785714285714,1.4215327501296997,0.8252781548858827,0.050676967410280604,0.0137856374362324,0.02119684211851887,0.7122427225112915,0.0102106145289933,0.8809523809523809,11.713299751281738,0.9357136816577101,0.03922467381980377,0.013050191387673049,0.01830845794769931
472,0.002120362129062414,0.01619524605218492,0.8869047619047619,0.491694837808609,0.13874406606169853,0.030868354806959375,0.020748880730155905,0.022781810790228032,1.0342037677764893,0.014295071090779765,0.8377976190476191,15.803640365600586,0.9433751047423583,0.011345070642137078,0.020166566096226468,0.018394390670181723
473,0.016163624823093414,0.016596128789098108,0.8645833333333334,1.7068355083465576,0.8938080577782659,0.03678683268469618,0.016684524580681592,0.020722934690863094,1.2819626331329346,0.012039402272533417,0.8229166666666666,12.100223541259766,0.9261920233249299,0.035618365034702615,0.008691615820937693,0.014101007404060109
474,0.02340513840317726,0.022307399127199812,0.8407738095238095,1.8792691230773926,0.8532232799437512,0.07075772811856629,0.023137729132774343,0.032704246786170045,2.2422006130218506,0.005414422778467487,0.9136904761904762,26.494338989257812,0.9204895272235066,0.021955929165007104,0.00782001349283068,0.010659817980544693
475,0.0540059357881546,0.027802670354061032,0.8735119047619048,2.0702946186065674,0.9169668495749681,0.022432817815158046,0.03480262944308177,0.03231762264282924,5.6316914558410645,0.01764144730399908,0.8958333333333334,26.19366455078125,0.9199851462699978,0.03490668752313997,0.025636985476792717,0.027499202405746406
476,0.0959380716085434,0.0643787978063125,0.8184523809523809,1.9749382734298706,0.9287834902737165,0.028622849176874743,0.04681216265928034,0.04315805950433279,19.540447235107422,0.07490546518578034,0.8422619047619048,27.737979888916016,0.9010193983142332,0.03441337621413387,0.05656653804197409,0.05211612606763119
477,0.013294756412506104,0.019804113248832245,0.8675595238095238,1.718077301979065,0.9200095456486753,0.027736954525421575,0.03453971879999196,0.033173092048404164,0.26985567808151245,0.009823904712253362,0.8809523809523809,15.861507415771484,0.9210394344344119,0.007054930675886473,0.021074081903750708,0.018257734558867266
478,0.0037489705719053745,0.022251598635872005,0.8318452380952381,0.5410779118537903,0.2343584969705489,0.03349692887323874,0.025766739072349054,0.027319678987706354,0.47329169511795044,0.015742074894276037,0.8110119047619048,9.338858604431152,0.9465012665169875,0.026852654636929763,0.025238819822467673,0.025563027709301574
479,0.004832045640796423,0.0105594682947312,0.9002976190476191,1.3036384582519531,0.7791771375550139,0.05061520364917782,0.014935272316130455,0.02210311566428729,0.06320781260728836,0.013863013671212232,0.7961309523809523,6.528204917907715,0.9849638251482589,0.06693347751787748,0.024649227226670734,0.033143831079814945
480,0.02869504876434803,0.0228231940628586,0.8645833333333334,1.6651427745819092,0.913348986070755,0.024231389130199843,0.02723724313449738,0.02663338853541975,0.7414272427558899,0.019787254124915776,0.8303571428571429,9.601292610168457,0.9735123366002891,0.016919117771149517,0.02083274905228183,0.020046528482411497
481,0.0023186644539237022,0.017258363618630868,0.8794642857142857,0.47300487756729126,0.17712487110601294,0.029299700581074117,0.015942291702782496,0.01862569973636787,1.703800916671753,0.013294642256922784,0.8630952380952381,21.522863388061523,0.9325174559415796,0.024494613619282846,0.01917626759738489,0.02024468532499832
482,0.012772285379469395,0.013748574592505891,0.8616071428571429,1.62962806224823,0.890167213679514,0.04155212636676919,0.019643973824434613,0.024045165183385758,0.4893910586833954,0.008663065711196793,0.8020833333333334,13.579899787902832,0.9654751779197354,0.037771453254000664,0.01396159469114111,0.018744825206001285
483,0.012633519247174263,0.020571437702082584,0.8764880952380952,1.6653814315795898,0.8527220291698454,0.026984862072507276,0.024809371555856496,0.025246412061433663,0.9352564215660095,0.02468080202700107,0.8764880952380952,17.813749313354492,0.9632444892345592,0.02310134539398878,0.022278009517188835,0.022443411813867394
484,0.0070409635081887245,0.01402912882188212,0.8526785714285714,2.212184429168701,0.909801288690182,0.047556032260961945,0.02117862508382551,0.026477657775660954,0.15420879423618317,0.009757066055025021,0.8526785714285714,18.91289710998535,0.9328452231758592,0.006469907513566353,0.016700782349808097,0.014645472672884532
485,0.006540500558912754,0.015510883092670458,0.8779761904761905,2.058943271636963,0.9053742408652463,0.032393874983737136,0.022166299618384344,0.024220946455173968,0.05525626987218857,0.00938649392754587,0.8675595238095238,11.810142517089844,0.895139769081803,0.02364739905893043,0.013847882045285087,0.01581653501677634
486,0.02206699550151825,0.022921688521052697,0.8422619047619048,1.748284935951233,0.8759001858159718,0.02625759353010615,0.02358689628161237,0.02412342028242585,0.4082881510257721,0.016571358108579903,0.8452380952380952,11.154869079589844,0.9297003322647899,0.0384679676761992,0.026717742541371825,0.029078278840779112
487,0.00967342872172594,0.013576848809491726,0.8705357142857143,1.7583550214767456,0.9175803494468469,0.0328426318875088,0.011784602489977813,0.01601501018144609,0.2622188925743103,0.010498337325548612,0.8363095238095238,10.967340469360352,0.9060288024052955,0.04024675461968019,0.012820044815199827,0.0183298749098499
488,0.020765185356140137,0.02229821260254361,0.8735119047619048,1.7581114768981934,0.925712805261327,0.025043655793764774,0.01753138751286909,0.019040548551441886,0.6873323917388916,0.022355265086390297,0.7886904761904762,7.8367695808410645,0.9289980896275389,0.039434696978877914,0.013351348392813822,0.018591306814121338
489,0.028078779578208923,0.028088821362825533,0.8467261904761905,1.4862468242645264,0.9220016526287157,0.0334480848348202,0.03179193769708699,0.03212464582743518,0.12827260792255402,0.019083930154489503,0.8273809523809523,4.7301435470581055,0.9711975617854709,0.019443980051114806,0.03148042079398583,0.029062385823319777
490,0.021818481385707855,0.030708611714724277,0.8675595238095238,1.4862868785858154,0.8686232855428635,0.03025156075424429,0.03600843411015253,0.03485191937347453,0.3634638488292694,0.03129188027506058,0.8422619047619048,7.872957229614258,0.9774851476129542,0.013941865615035964,0.047684281294069986,0.0409056710014069
491,0.0031419494189321995,0.016117047359375358,0.8779761904761905,0.6190982460975647,0.36898528403585623,0.054726838776073095,0.015975298119726977,0.023760205840867937,0.3599809408187866,0.05380102337220005,0.7842261904761905,4.883547306060791,0.9643732036220174,0.03245787162557334,0.05821555317381144,0.05304101893421003
492,0.008750667795538902,0.014372035727468702,0.8675595238095238,1.5116299390792847,0.879520882077542,0.04256013510225054,0.02488885337970359,0.0284388876543224,0.31290456652641296,0.01680868284017789,0.8110119047619048,7.376226425170898,0.9613580367630236,0.048739653941730854,0.024650876835780933,0.029490140093672658
493,0.014855828136205673,0.016433125706774243,0.84375,1.7589925527572632,0.8015094767349519,0.03580004721705965,0.01286583003995534,0.017473150454998615,0.19351887702941895,0.017222229606166484,0.84375,8.814796447753906,0.9492726460789989,0.02827857058650296,0.010464969686511894,0.014043594867313672
494,0.09742223471403122,0.05628010525367544,0.8229166666666666,1.7642018795013428,0.8817561887331136,0.01885987101280795,0.05076932620340868,0.04435894458029693,3.324833869934082,0.06255905267202977,0.8080357142857143,10.409940719604492,0.8951262945443001,0.008472825813715334,0.08050681203113152,0.06603569872852559
495,0.008966051042079926,0.013783452024982767,0.8630952380952381,1.3953994512557983,0.786118658885182,0.05410016947733487,0.015167488795105544,0.022988786253589112,0.23484879732131958,0.012123727530909179,0.7901785714285714,8.463377952575684,0.9700418651100875,0.03987301104469698,0.021494298690597602,0.025186450726019355
496,0.006091016810387373,0.01577177960514764,0.875,1.3274197578430176,0.8672767248309193,0.03860230272541387,0.020129227031951413,0.023840335988227355,0.06908778101205826,0.013470041259695087,0.8511904761904762,7.4998064041137695,0.9781111679402843,0.0486334867202598,0.01860252379036975,0.024635529736106592
497,0.005834859795868397,0.009590712204586183,0.9032738095238095,1.7853456735610962,0.881522458982512,0.03767011712978041,0.013475634476076803,0.018336133223472616,0.0343843474984169,0.005508606115236181,0.8630952380952381,8.81457805633545,0.924260753651892,0.025689632565897624,0.011919224390628758,0.014685601032981877
498,0.03368662670254707,0.028656165764278207,0.8645833333333334,1.6845365762710571,0.8889904150708899,0.05588852067259731,0.02009978965784831,0.027289490084918423,1.8150122165679932,0.04431772139616974,0.8705357142857143,10.054095268249512,0.9127577608797813,0.02182672232982652,0.038086919222168114,0.0348203618107602
499,0.06081310659646988,0.030228743548864068,0.8839285714285714,2.278320789337158,0.8525676548512575,0.043493627817877356,0.022140917474184563,0.026430524462872845,3.350548505783081,0.04553194430112906,0.8407738095238095,13.554511070251465,0.9368837654783496,0.03519027840065159,0.02850209063059994,0.02984569978083353
500,0.03522006422281265,0.024472484734066824,0.8229166666666666,1.9726213216781616,0.874344178106459,0.0362467003039062,0.030595854067212547,0.031731068712976894,1.4243850708007812,0.016279516111341485,0.7678571428571429,14.342545509338379,0.9050908619481434,0.041173665950008154,0.025295881818060972,0.028485615237425363
501,0.0030711174476891756,0.019849259225148908,0.8184523809523809,0.5236126184463501,0.3625293196787175,0.05205198776492448,0.019903740821513805,0.0263620940021097,0.04131966456770897,0.015614950787766424,0.7916666666666666,3.9227242469787598,0.9670997671441957,0.05967282504611393,0.02314026415627768,0.030479394692182284
502,0.005188874900341034,0.011380994339777684,0.8675595238095238,1.5116924047470093,0.8415435273291528,0.03694733792304683,0.019121090322070322,0.022702256134766497,0.038430213928222656,0.007055320519812502,0.8273809523809523,6.959123134613037,0.9034583073689827,0.03143745010885812,0.014296691748149959,0.01774014766882794
503,0.0021952472161501646,0.016828522373427246,0.8779761904761905,0.5072399377822876,0.5552128944427266,0.04064219454522511,0.020754382402072724,0.024749701805831015,0.2827593684196472,0.033392875546558454,0.7961309523809523,4.981631278991699,0.861382985172323,0.042078929782526586,0.053914673614237074,0.05153695721947381
504,0.02300924062728882,0.013708339411501846,0.8482142857142857,1.9133886098861694,0.9335328006325407,0.023771696161199563,0.0195149491845118,0.02037009924679282,0.563744068145752,0.009068398267957911,0.8184523809523809,10.05634593963623,0.9359464805382932,0.009005658696702223,0.012955951893553586,0.012162366206686124
505,0.005655710585415363,0.00870945105448595,0.8675595238095238,1.723166823387146,0.8831603871828758,0.019855159527079946,0.013062160831739611,0.014426825748214231,0.031845927238464355,0.005641069514824015,0.8273809523809523,7.935547828674316,0.9605729932499151,0.03695936202418604,0.009890683914991039,0.015328587999427531
506,0.03637384995818138,0.04397960474276219,0.8630952380952381,1.4239349365234375,0.8782410856485922,0.02311582752382324,0.055003681606945576,0.04859763949203261,0.5382140874862671,0.03362542533052015,0.7991071428571429,6.606111526489258,0.9721594152077135,0.028582307561592413,0.046158367599969496,0.042627462681545526
507,0.041282497346401215,0.021139935961267176,0.875,2.2545738220214844,0.8931905735314889,0.028180802324402565,0.01877604798585053,0.02066539595564893,2.8803913593292236,0.01735811810984922,0.875,19.750524520874023,0.8476028372219818,0.008747327633021662,0.012220840987244852,0.011523036965191087
508,0.016850657761096954,0.020003600260189103,0.8705357142857143,1.48228919506073,0.8094739926232353,0.04227439465412963,0.02429138444050727,0.02790404274235105,0.6967261433601379,0.01616062670939411,0.8630952380952381,10.276468276977539,0.9681144486421499,0.02360433714765886,0.01897839716282146,0.01990771546334683
509,0.06400704383850098,0.04367124390936705,0.8482142857142857,2.062479019165039,0.8939131644326074,0.03119590825081686,0.02616238440114449,0.027173583388801888,3.623623847961426,0.0438876662646569,0.8630952380952381,16.54429817199707,0.911266991416076,0.029379882906718335,0.019722094275774982,0.021662275027526996
510,0.009299513883888721,0.016454033519977207,0.8705357142857143,1.7708868980407715,0.859364859290929,0.044230003327545675,0.01785416793045247,0.023152884862904226,0.7143729329109192,0.008451220553244099,0.7946428571428571,13.011548042297363,0.92022846951998,0.12617502003589554,0.005470438791411514,0.029719126987848038
511,0.003843342885375023,0.010762060008216223,0.8690476190476191,1.3439439535140991,0.8582084339827994,0.03646610514227944,0.01511674356949877,0.0194056778140306,0.17185547947883606,0.014420025851558216,0.8452380952380952,8.647089004516602,0.9704491784540733,0.052690442254263115,0.018663622055663076,0.025499367184846116
512,0.0025306486058980227,0.019980856168858585,0.8467261904761905,0.5189365744590759,0.15023342169374748,0.0408498349625368,0.022940936235475884,0.02653870606903723,0.030486948788166046,0.0026590138510994565,0.9032738095238095,17.071218490600586,0.951518498730251,0.02811728813730896,0.004087886954441622,0.008915222013499792
513,0.012830179184675217,0.018034217515697004,0.8407738095238095,2.0337979793548584,0.8864716852619531,0.04204185374598235,0.019312114171641137,0.023878356496843615,0.45371872186660767,0.014366658260204113,0.84375,18.87714385986328,0.9198934962765094,0.047597037800320874,0.017733577787120702,0.02373293359334395
514,0.007815918885171413,0.01610701627109168,0.8616071428571429,1.841208577156067,0.9222131083343004,0.048899398550843576,0.019120884358507007,0.02510317515607462,0.20866136252880096,0.0044571196373821564,0.8348214285714286,18.28578758239746,0.9080769485436714,0.02581174439692646,0.008472470655740416,0.011955806898389397
515,0.03592547029256821,0.018472751276804145,0.8854166666666666,2.383277654647827,0.9238527902484676,0.03436990615031521,0.02835610539975708,0.029564235014824563,9.991317749023438,0.01633894557865645,0.8645833333333334,36.09421157836914,0.813498700354585,0.024476114668694704,0.029491574522782837,0.028484004462809773
516,0.005776084028184414,0.012465043478142479,0.8541666666666666,1.6263246536254883,0.8894357516355734,0.03300879976395377,0.016819443541049917,0.020071769567972568,0.053243253380060196,0.0030248261037211233,0.8869047619047619,16.561471939086914,0.9600375463444412,0.030212947902641174,0.005571766680456336,0.010522003979555968
517,0.04127459228038788,0.026470620423865165,0.8764880952380952,1.8868900537490845,0.8959117117942358,0.03687842602134683,0.035736922990806885,0.035966242796049284,4.340459823608398,0.01916106424604358,0.8630952380952381,22.3328800201416,0.9526326448392524,0.025889825623487517,0.03315476177572396,0.03169528799514075
518,0.013587933033704758,0.015581002130443444,0.8586309523809523,1.6390492916107178,0.8870977462070596,0.03937849133385907,0.012983440605308205,0.01828601776059744,1.460158109664917,0.013560172941057269,0.8511904761904762,17.185182571411133,0.9249967906611615,0.040675370747892736,0.014911673548031135,0.02008741628907476
519,0.01074399333447218,0.01741156969601032,0.8601190476190477,1.8231048583984375,0.9148928543825114,0.05113711450688041,0.018462666774665792,0.02502672993515534,0.8582180142402649,0.01221538123460153,0.8497023809523809,18.590744018554688,0.8895817304264537,0.012530277932066292,0.014812754731064692,0.01435422144555162
520,0.0026819133199751377,0.018223227770891137,0.8735119047619048,0.5510700345039368,0.22558678430378282,0.05707637746842331,0.014834411141057324,0.023320520447894243,0.016250869259238243,0.019597427281147994,0.7961309523809523,2.8935859203338623,0.9444651829356113,0.11976141008988894,0.02418208319483739,0.043383287258575425
521,0.0022152839228510857,0.017263627894266387,0.8735119047619048,0.5053086876869202,0.19539553606827637,0.03295540282699272,0.020790758677035726,0.02323454879644673,0.2932639420032501,0.02404172509092617,0.7529761904761905,4.97519588470459,0.9501944566126975,0.01756400245914247,0.01824058974236742,0.018104668189933837
522,0.03267677128314972,0.048949311020848096,0.7946428571428571,1.21076500415802,0.8481374734516794,0.02864314689522074,0.06067416269225545,0.054239360411601156,0.7167969346046448,0.04706653994658083,0.7604166666666666,5.991605281829834,0.8485039887802126,0.02000893034400708,0.06040842593133544,0.052292455835666794
523,0.04746711254119873,0.02036954741021857,0.8571428571428571,1.9714875221252441,0.8838250064382946,0.03867395065475332,0.026302075797834612,0.028787497086054888,3.0974628925323486,0.013113132530473304,0.8392857142857143,18.19536590576172,0.90717113326812,0.009773939044422364,0.023592578255990926,0.0208165123429526
524,0.006764967460185289,0.01090055004766266,0.8839285714285714,1.7199256420135498,0.8157795788830667,0.028697002110275815,0.01585557312332886,0.018435324482313737,0.04901944100856781,0.0021051927147908156,0.8586309523809523,10.585172653198242,0.9655401633684266,0.005575305983080536,0.005309734328992732,0.0053630857773585856
525,0.04937071353197098,0.04165546102282747,0.8363095238095238,1.6902960538864136,0.8293445177735694,0.02667376653756548,0.0369927634737951,0.03491975069642754,2.8544209003448486,0.041774719114208936,0.8526785714285714,13.249740600585938,0.9475497365511973,0.03221036267705757,0.029416117516485984,0.02997746141035081
526,0.015425759367644787,0.018776607718909544,0.8348214285714286,1.559138298034668,0.8702179377900321,0.05490584352975891,0.02148283523127048,0.02819727886266325,1.2007710933685303,0.014692497007832928,0.8735119047619048,12.511845588684082,0.914138603287192,0.04338163644339188,0.014915393304179014,0.02063405822053874
527,0.00794423371553421,0.014665437321580987,0.8497023809523809,1.9544470310211182,0.8980138647801597,0.026013919803893004,0.019235352287158114,0.02059711808293075,0.05891462415456772,0.0030488215141245556,0.8303571428571429,12.644700050354004,0.9588431590908406,0.04784546344564533,0.00863823216296844,0.016514684876006207
528,0.013895696960389614,0.012609921944429892,0.8988095238095238,2.0222067832946777,0.9360124230593122,0.028635044081701477,0.020497663244263276,0.022132404930355773,1.1131672859191895,0.0058897142068898845,0.8125,15.530021667480469,0.9296857611851147,0.05944388521489152,0.006942419247181086,0.017489588749622913
529,0.010683736763894558,0.020777141777580832,0.8541666666666666,1.855240821838379,0.7878465939135513,0.05139815923995794,0.022339675513769808,0.02817731733376296,0.343896746635437,0.028880179342790302,0.8288690476190477,12.601953506469727,0.9135159531595286,0.10164224462959404,0.03250326872108655,0.046392795131277795
530,0.002753361128270626,0.01834482225791001,0.8348214285714286,0.5260552167892456,0.3957386159201591,0.0557092986645199,0.02069194309365152,0.02772667970387062,0.6101199984550476,0.03119219776329296,0.7946428571428571,7.537616729736328,0.9974828227418637,0.013902740164855154,0.03902339658141474,0.03397683614058803
531,0.02590937167406082,0.01618780082134963,0.8601190476190477,1.767066240310669,0.7612005286038858,0.03266143963860735,0.027109929939340027,0.028225188584282124,0.7008935213088989,0.010200284768104306,0.8288690476190477,10.20315933227539,0.9262307365750347,0.054734673122907695,0.013460771000757488,0.02175240312351088
532,0.011083178222179413,0.015944153742819878,0.8273809523809523,1.4228941202163696,0.8661871898125604,0.025490829515289026,0.024193547730189224,0.02445416237451731,0.20003977417945862,0.006476157693194429,0.8571428571428571,8.627095222473145,0.9935172428811448,0.055414912582229414,0.008997504469808737,0.018322430206678963
533,0.009131153114140034,0.016015399497442462,0.8556547619047619,1.3762733936309814,0.8313880486089347,0.024616823740504334,0.023308096295618697,0.023571010291243043,0.03184082359075546,0.004420098459518407,0.8020833333333334,7.498586654663086,0.959723948457157,0.020414258275875508,0.009248112894949312,0.011491311743796093
534,0.0037185975816100836,0.017534021849824333,0.8511904761904762,0.7609872817993164,0.5486230534663555,0.043793198736585714,0.01771547583449118,0.02295430409607267,0.06574280560016632,0.012098586813661938,0.8303571428571429,6.689120292663574,0.9381979656961954,0.023202566739049413,0.020634651520940794,0.02115052734600726
535,0.023724108934402466,0.017265314271426857,0.8616071428571429,1.8259871006011963,0.9144449928915626,0.03679065404305493,0.01935774337068663,0.022859890603974906,1.5875821113586426,0.015215891686083505,0.8229166666666666,13.312541961669922,0.9337267720275562,0.05240771972076408,0.01814004831017657,0.025024178727482093
536,0.007702621165663004,0.010880555696146321,0.8616071428571429,1.8279105424880981,0.895022003796661,0.026067355826561722,0.015056897240728562,0.017268819724489688,0.359902024269104,0.009976709014056562,0.8035714285714286,14.204207420349121,0.9370002715086513,0.013859994051475422,0.014749883710484024,0.014571111234343903
537,0.007908552885055542,0.014646698696190064,0.8705357142857143,1.8182847499847412,0.918074790036217,0.04903248786821279,0.014855802684523689,0.021721654618746946,0.13406158983707428,0.007956257346709572,0.8318452380952381,15.351006507873535,0.9502299998571051,0.03950999095457375,0.007409968616181151,0.013858633818090377
538,0.008264896459877491,0.011649636572548805,0.9181547619047619,1.482210636138916,0.8811140761780101,0.03394464808358377,0.0176819524569668,0.02094901184624253,0.07102673500776291,0.0025804092357842867,0.8898809523809523,9.51927661895752,0.9159990489240454,0.02026360459780363,0.005032211999397074,0.008092089976755534
539,0.029100313782691956,0.028984678750531456,0.8735119047619048,1.8428906202316284,0.9354078965698125,0.028933980730035946,0.02285614885674947,0.024077141867007913,1.2373251914978027,0.03493316740550667,0.8050595238095238,12.497817039489746,0.9382721597212013,0.0655137267653284,0.029221746553172556,0.036512546149364576
540,0.004332647193223238,0.008925018393529771,0.8735119047619048,2.0085151195526123,0.933476708554584,0.04549337959329158,0.010648909954553032,0.01764891501590676,0.02354743890464306,0.0070195151325863625,0.8452380952380952,10.41597843170166,0.9123365330334944,0.03889415747136005,0.008587821485767422,0.014676147911444512
541,0.008199946954846382,0.018543434301090178,0.8720238095238095,1.7841662168502808,0.802217001006577,0.03644636052451333,0.02081692809557567,0.023956769431746183,0.1146552562713623,0.02564956036495869,0.8244047619047619,6.4075775146484375,0.9221667648115537,0.04558787566475686,0.03404520100064268,0.036364041892987045
542,0.003989486023783684,0.023449290585956795,0.8229166666666666,0.5454779267311096,0.4638741910381852,0.031844182289382794,0.028338136414698734,0.02904247598773794,3.0229744911193848,0.01323645345836777,0.8110119047619048,20.12270164489746,0.9232460962139271,0.06249154951769964,0.018119390821229597,0.027033440559359738
543,0.0015147356316447258,0.013140135461874647,0.8720238095238095,0.5118473172187805,0.2607983213635917,0.05048984281575697,0.012443236917150324,0.020086528280709694,0.1141854003071785,0.01918393936101248,0.8467261904761905,6.322888374328613,0.9879179100395279,0.045946988784531406,0.028889416466711282,0.032316160905559076
544,0.002276264363899827,0.017270661763795214,0.8303571428571429,0.4906620681285858,0.21066936891030927,0.028534956297145864,0.02172068923463677,0.023089626814158687,0.25553157925605774,0.033238964838935625,0.7901785714285714,4.891505718231201,0.9106688949486224,0.037449610535859934,0.043210358161787976,0.04205306511193636
545,0.008163530379533768,0.008758793405313381,0.8824404761904762,2.1162476539611816,0.9116533566787998,0.05012866173677133,0.010665639244500147,0.01859347858446534,0.10170309245586395,0.010527098310301852,0.8422619047619048,8.103840827941895,0.9286398069834263,0.09298709623145529,0.016435088083113114,0.03181383972005686
546,0.018605582416057587,0.027097611261397425,0.875,1.8815075159072876,0.9348543568886484,0.01864157355497742,0.03880587296505811,0.03475500924428297,0.43979376554489136,0.02146214225890286,0.8273809523809523,9.042542457580566,0.8968628032898078,0.03180463915776399,0.02864279834315786,0.02927798957823498
547,0.022870641201734543,0.02270990929365102,0.8541666666666666,1.5864148139953613,0.841663387598345,0.03253840237787853,0.01605770674138496,0.019368560775501968,0.7145946621894836,0.032627035110305624,0.8333333333333334,6.96877908706665,0.8298079121953323,0.04589929832286255,0.018634847075327365,0.024112080584876842
548,0.006931197829544544,0.011730298775476045,0.8854166666666666,1.9239569902420044,0.8893965989382396,0.026484476200318574,0.018544883538721635,0.020139890993060305,0.03372276574373245,0.009664744647612244,0.8020833333333334,9.446244239807129,0.952140227955133,0.024025981192241086,0.023576207284702333,0.0236665636500561
549,0.007583083584904671,0.014552874894770973,0.8556547619047619,1.361802339553833,0.6978634707599473,0.027043175735318337,0.021076332107288542,0.0222750283718481,0.02092760056257248,0.005297221362232651,0.8229166666666666,6.631472110748291,0.9505387686943093,0.03323319863960894,0.010622909598836383,0.015165155165063015
550,0.022991467267274857,0.02090526504570156,0.8764880952380952,1.7131941318511963,0.9237862497749622,0.023032187777734858,0.021838671306565693,0.022078440240505925,0.276351660490036,0.01055461955000847,0.8184523809523809,8.892365455627441,0.9261951498027396,0.030761588140397977,0.01967483493503963,0.0219020844629018
551,0.0035955188795924187,0.020292115497573926,0.8318452380952381,0.6177999377250671,0.49381930347002917,0.061622617096661836,0.022461919687133736,0.03032902407744072,0.043244972825050354,0.017472789447653403,0.7991071428571429,4.4039740562438965,0.9673579405577508,0.039534743225614455,0.03338705625656546,0.03462208265659762
552,0.012649649754166603,0.02099715690955084,0.8511904761904762,2.0027081966400146,0.9219121653476133,0.04046465527515586,0.025331440740132383,0.028371595445829064,0.15186509490013123,0.018949170967014095,0.8229166666666666,13.75497817993164,0.9195005916556145,0.023624824179230175,0.024238174097652943,0.024114956480112654
553,0.02550293318927288,0.020073903199582133,0.8452380952380952,1.763403296470642,0.8971604911213381,0.03086760282919765,0.023271352279158553,0.02479738475572891,0.9506211876869202,0.011845413934934657,0.7916666666666666,11.546026229858398,0.9211322461658882,0.022430343625881255,0.012567995142603428,0.014549270507547634
554,0.039271049201488495,0.019610780013241236,0.8824404761904762,1.9950060844421387,0.929056465158198,0.03291963714832202,0.02815249430384259,0.029110179250278187,1.853710651397705,0.009496530606288967,0.8050595238095238,15.608139038085938,0.9273849411244072,0.02945230845815061,0.015353045206108695,0.01818548648442069
555,0.0028037684969604015,0.018347244942955032,0.8482142857142857,0.5305123329162598,0.23482421095177858,0.05909908175800482,0.01786065065307685,0.0261451569018347,0.0403171107172966,0.022625528143818352,0.7961309523809523,3.687195062637329,0.8823940074926846,0.05779980323699818,0.03031147579968063,0.03583368443664175
556,0.002283349633216858,0.015543733568665008,0.8883928571428571,0.49530860781669617,0.3754973587789684,0.03828938821853467,0.01938885310704641,0.02318583560712218,0.19151435792446136,0.013185622090211457,0.7752976190476191,6.351334571838379,0.967089613821043,0.02752145197655509,0.026160891519731888,0.026434218397218694
557,0.011836481280624866,0.012622236392593189,0.8988095238095238,2.023909091949463,0.793989174033593,0.04033065590189888,0.013436338376089707,0.01883921466475673,0.35287734866142273,0.011814974257695732,0.8258928571428571,10.558143615722656,0.8888753920817668,0.011788915964302649,0.0051574015547521945,0.006489625431670812
558,0.013788731768727303,0.022229500405673952,0.8764880952380952,1.1916524171829224,0.8600044562649487,0.019316113864306428,0.025125489354442698,0.023958427314013535,0.06912562251091003,0.014430678523906448,0.8095238095238095,5.6758599281311035,0.9804802558569466,0.06647701354183,0.027866126929913415,0.035622778258200226
559,0.08862665295600891,0.06119545915702307,0.8035714285714286,1.967237114906311,0.8582812945279645,0.026296801852013996,0.059084445934360796,0.052497642435675056,2.5767805576324463,0.0679784915651771,0.8169642857142857,9.864762306213379,0.8620620593427368,0.03191678592584646,0.058239061518583046,0.05295110436825651
560,0.006566573865711689,0.012605950873207039,0.8288690476190477,1.6732593774795532,0.912906436816064,0.03043060572141343,0.019231609196259658,0.021481407605330727,0.03681895136833191,0.006988721456428926,0.8288690476190477,9.649836540222168,0.9280894620979688,0.0319451566022424,0.012635693805663206,0.016514826956761704
561,0.01126332301646471,0.011074335533278301,0.8735119047619048,1.881483554840088,0.8594866559654574,0.07084182261052718,0.01101194537089123,0.023031340352068094,0.3337841331958771,0.004426403212995367,0.875,12.062506675720215,0.9239592232517916,0.07671634815347039,0.005449293253962706,0.019766335532881662
562,0.020235756412148476,0.026182003818702948,0.8779761904761905,1.7107195854187012,0.9156940001784561,0.036354322447107124,0.02612566576330755,0.028180529829249425,0.7493385672569275,0.021668207522388738,0.8303571428571429,11.429059028625488,0.8850943770801163,0.028305093289811678,0.013559717367016999,0.016521958065792715
563,0.02089754119515419,0.026426852746512353,0.8392857142857143,1.5708500146865845,0.910482249436762,0.01897179270615923,0.02882247312160169,0.02684354178814227,0.7534882426261902,0.021476715352720332,0.8139880952380952,10.511784553527832,0.9077373700059981,0.01340627056053223,0.018432634788537627,0.017422874117732974
564,0.014861924573779106,0.012938499283823401,0.84375,1.8876923322677612,0.9110879018815393,0.053064225781089824,0.014426043560449187,0.022188178381560026,0.4834091067314148,0.008791064840318441,0.8229166666666666,11.063392639160156,0.8978511864930234,0.08729718858902502,0.009724113334222406,0.025307990059517577
565,0.012152627110481262,0.014932120804439175,0.875,1.6927355527877808,0.8405150892326486,0.052422124174100304,0.02086382949797605,0.02720366548201887,0.19290409982204437,0.006829543713676278,0.7886904761904762,10.54111099243164,0.9408136023299096,0.034441203487796446,0.009681410843177196,0.014655476329819455
566,0.029489319771528244,0.03435082072947149,0.8125,1.6749258041381836,0.8480309092122887,0.03947237792109981,0.03871632252980217,0.038868208657518215,0.6431533098220825,0.028204829777680906,0.8020833333333334,9.729107856750488,0.9345121028732551,0.03884485532805171,0.027510895249045708,0.029787806872060306
567,0.04949698969721794,0.03546663774167924,0.8645833333333334,1.8574531078338623,0.9026057976091894,0.027034091850446695,0.04056647656800483,0.03784791713813823,1.6861027479171753,0.04101183726401625,0.8035714285714286,10.972245216369629,0.9325396516166793,0.04268773311017726,0.04367537205259242,0.04347696244362509
568,0.004701986908912659,0.009815073413323328,0.9136904761904762,2.0226333141326904,0.871935218662515,0.04128605929271878,0.011426816317842814,0.017425324951188433,0.057851266115903854,0.007980437209699098,0.8229166666666666,10.185157775878906,0.9431096425827215,0.08852255057834368,0.01617847007526496,0.03071187910490131
569,0.005823547951877117,0.010051449345026553,0.8556547619047619,1.6759281158447266,0.9449884254279681,0.03127440607386922,0.014317040751677612,0.017723654320867893,0.031440865248441696,0.00443501337339014,0.8050595238095238,9.866340637207031,0.9194472786796223,0.053242865097879566,0.005750146992811955,0.015291094826419287
570,0.008499962277710438,0.015387345353957471,0.8988095238095238,1.7697890996932983,0.9053441902358714,0.0232942674768003,0.01675550985574059,0.01806909955639991,0.18201425671577454,0.010415946447461244,0.8214285714285714,15.27927303314209,0.9292573699728996,0.02642622700667896,0.013850793333135436,0.016377108133624092
571,0.013020172715187073,0.015907765769676896,0.8690476190476191,1.82534921169281,0.8506013854012684,0.04271105416636978,0.013650403632441632,0.019488480748632554,0.7147864103317261,0.02692727804625239,0.8035714285714286,8.24190902709961,0.9384307557737079,0.0787111212446967,0.006840951745831658,0.021279155439800086
572,0.03710877522826195,0.026425680813472296,0.8482142857142857,1.8696659803390503,0.8817929780705249,0.028017004035901905,0.021533510403295764,0.022835997963417533,0.5261781811714172,0.029940050054934386,0.8125,7.607297420501709,0.9442429315515846,0.016796059479725733,0.050256741247264536,0.04353472928503575
573,0.01194034330546856,0.01275439368431941,0.8482142857142857,1.7638978958129883,0.9084543109745138,0.04884016200948915,0.01474766917099124,0.021596607464439484,0.10661843419075012,0.011870861578079372,0.8184523809523809,6.664541244506836,0.9601753174502836,0.045233181334760175,0.008606058298314956,0.015964185694029395
574,0.0025620409287512302,0.017794487509566026,0.8586309523809523,0.5097491145133972,0.29150717422845607,0.06467389108750454,0.012695387944178127,0.02313749795064995,0.03326689824461937,0.015117724876880345,0.7678571428571429,4.367051601409912,0.9914074182759597,0.09824628565655313,0.025523993527157396,0.040133382571009214
575,0.00616075936704874,0.011501729840549313,0.8854166666666666,2.457468032836914,0.9392717412405459,0.04676323376363756,0.013006323508614748,0.019787845658061295,0.03080832026898861,0.0028555414960601544,0.8556547619047619,20.17914390563965,0.8931363363487936,0.019705802851354592,0.0035973424710137314,0.006833417100992924
576,0.0017537213861942291,0.015152097026295497,0.8511904761904762,0.4919889569282532,0.13160315005376377,0.02578546858106523,0.01952287157391852,0.02078098257981853,1.8396726846694946,0.013584008851348806,0.8854166666666666,18.88384246826172,0.9245942295465771,0.021418118824810484,0.009152727879903622,0.011616757310800089
577,0.004531404934823513,0.02514045230401274,0.8601190476190477,0.595879077911377,0.3075955189245566,0.05908446466984507,0.02551258797491096,0.03225693820380397,0.08787444233894348,0.013714901964406279,0.8139880952380952,5.457443714141846,0.9921575471867381,0.021365450397005326,0.017196086139342315,0.018033681637533546
578,0.008494693785905838,0.014157962627671439,0.8854166666666666,1.929078459739685,0.8731138300747182,0.032013797064293414,0.018484555166431993,0.021202483226270226,0.14609555900096893,0.006240404858453452,0.8630952380952381,10.70704460144043,0.9477103808566416,0.1042248952534065,0.011620243195393343,0.030223856332047775
579,0.008675497025251389,0.015339906349699728,0.8764880952380952,1.777826189994812,0.8811786555940287,0.04206914606718204,0.019645276850202564,0.024150072005399335,0.2544083595275879,0.007341265813047615,0.8377976190476191,11.005578994750977,0.9277311087829111,0.03849589708339951,0.005621545471047984,0.012225767893172175
580,0.013994848355650902,0.019202008169459495,0.8511904761904762,1.629438877105713,0.8942277703354974,0.016511100013853586,0.023661887108996194,0.022225345058632724,0.18493054807186127,0.01247736144497813,0.8541666666666666,9.306278228759766,0.9216469776415334,0.02420504262573231,0.008932457800114424,0.012000611001689445
581,0.04467914253473282,0.040739367937220106,0.8541666666666666,1.7862744331359863,0.8810321243411975,0.03345845121997704,0.02737112841674505,0.02859402808703719,1.6197484731674194,0.04177224134656521,0.84375,11.365215301513672,0.9223705820460694,0.01982848582956276,0.02814961816844974,0.026477962118226908
582,0.012578378431499004,0.013921919149508688,0.8764880952380952,1.6382094621658325,0.8717923705762054,0.037659509248011536,0.014616499344455525,0.019245675441152046,0.4938381612300873,0.014861066054419059,0.8318452380952381,9.864250183105469,0.9129323043640772,0.024634716965217685,0.013041936587508851,0.01537084335981643
583,0.01625516265630722,0.0176167430275308,0.8824404761904762,2.0367848873138428,0.8436634061773295,0.02806884119730857,0.022006735402880118,0.02322456915622512,1.0182665586471558,0.018045136700149955,0.8497023809523809,12.887419700622559,0.9036690197113395,0.03946780974501607,0.02240980954102234,0.02583663993914608
584,0.0046200500801205635,0.011927918983723806,0.8943452380952381,1.7105358839035034,0.7845614398034453,0.019199746911436777,0.017433102925720867,0.017788009083565582,0.040493108332157135,0.0046051888283688,0.8214285714285714,9.667966842651367,0.9468006689949101,0.03407750702352119,0.008575279484363763,0.013698494838212354
585,0.04433252662420273,0.026467293236773992,0.8869047619047619,1.7942065000534058,0.8843214263734428,0.021553841380834604,0.027034903489648765,0.025933797262431633,1.2755602598190308,0.023508809624867233,0.8348214285714286,11.961535453796387,0.9332135178391179,0.02338250682238241,0.030897523307027108,0.029387810173951163
586,0.03360683470964432,0.02881066957680989,0.8526785714285714,1.431596040725708,0.8421767921352105,0.02437076587565934,0.03138537730785873,0.029976191975497248,0.843233048915863,0.023139455937734033,0.8184523809523809,8.825350761413574,0.9253677881177683,0.03721853662598462,0.03254586956281369,0.033484574999611424
587,0.023578111082315445,0.028586520845717,0.8273809523809523,1.479843258857727,0.8277524166179664,0.027487971265429234,0.04624442164189724,0.042476384735910366,1.0703372955322266,0.04818970969340863,0.7931547619047619,9.294047355651855,0.9563268189343991,0.10890613433545504,0.0835632435542405,0.08865444929153805
588,0.011569445952773094,0.022261739619489074,0.8392857142857143,1.2935891151428223,0.8708821310591769,0.026961543667743504,0.031311787431381743,0.030437854532436564,0.07154282927513123,0.01508709974364475,0.8452380952380952,7.750370502471924,0.9853043220832307,0.011117196612684288,0.021200126477259218,0.019174537888393718
589,0.016003455966711044,0.013189674068007307,0.8839285714285714,1.928552508354187,0.9142452977638369,0.043546837834693486,0.01643950628599944,0.021885175570335296,3.03126859664917,0.005731851903266638,0.8660714285714286,30.741222381591797,0.9050712187001544,0.0345266273801047,0.00544936959414033,0.011290782988642101
590,0.0038072997704148293,0.007473770299428639,0.8943452380952381,1.8456242084503174,0.8883953629608057,0.05836849956442769,0.008171095086160984,0.018255395092955633,0.09652736037969589,0.004583361635146166,0.875,18.707305908203125,0.934379849043437,0.03489617999478922,0.007605630940165309,0.013088107312746006
591,0.029573364183306694,0.019942241591842436,0.8333333333333334,1.9720646142959595,0.8767135361823599,0.07306627282906719,0.019445800564476423,0.030217770439059388,3.056044578552246,0.014713765572233695,0.8273809523809523,19.046613693237305,0.9307534002657366,0.024135980823412173,0.00842114973265684,0.011578147049996082
592,0.007067912258207798,0.012548244213140602,0.8720238095238095,2.0449342727661133,0.8326764773225783,0.04118768468502543,0.01767648600644045,0.02239971788383475,0.025434959679841995,0.0029376855975346006,0.8348214285714286,15.323715209960938,0.937086208395814,0.021954781536793866,0.005035668141374794,0.008434597171704517
593,0.0021362383849918842,0.016213803140464056,0.8571428571428571,0.5162698030471802,0.37047611293756855,0.04843566977527247,0.018221045730267726,0.024290947882166004,0.29356709122657776,0.027273434510796335,0.78125,10.097153663635254,0.9746166597272617,0.04925712683617611,0.01839972443767468,0.024598756169516487
594,0.010476543568074703,0.012757501597297605,0.8407738095238095,2.0077946186065674,0.9752459915969174,0.02948778292745735,0.01897855710971441,0.02108978551060027,0.02854529581964016,0.004519134639985878,0.8229166666666666,7.021578311920166,0.9526132987801369,0.03918235436326256,0.0077394258895515655,0.014056085627573864
595,0.00639716163277626,0.012335081647884771,0.875,1.8385847806930542,0.8784748552094546,0.03988566946386818,0.0091114755705054,0.015293791308011315,0.05777086690068245,0.005285131580817559,0.9002976190476191,17.751760482788086,0.9269604337538656,0.040024724400156364,0.0024166804582840262,0.00997186785732088
596,0.020979901775717735,0.01601020144713028,0.8452380952380952,1.8269312381744385,0.9045532879274257,0.03856368051297954,0.023484042378166037,0.026513433967749106,0.8940644860267639,0.005548528075776216,0.8020833333333334,15.379440307617188,0.9439392495941393,0.009722500048354732,0.007481494210220707,0.007931696275917274
597,0.0056472476571798325,0.01178309745005024,0.8511904761904762,1.9835082292556763,0.9018919214689758,0.03666534570825286,0.013910533219560817,0.01848181251416413,0.09704706817865372,0.005951367411299202,0.8035714285714286,11.21116828918457,0.9256106897188202,0.08961786544735129,0.008499367990635887,0.024795494711851034
598,0.015325607731938362,0.01863947477813388,0.8616071428571429,1.7150558233261108,0.9044887743761192,0.047479767550465124,0.023514042723849493,0.02832858565776781,0.0717732310295105,0.010188032791165536,0.8392857142857143,9.935574531555176,0.9224167815490171,0.05501042402727396,0.011440936077559916,0.020193734996029257
599,0.016098441556096077,0.023026466159273062,0.8794642857142857,1.4567782878875732,0.8265221833349318,0.03574791530796895,0.028961514975809788,0.030324854328252476,0.12064001709222794,0.005674321027663298,0.8154761904761905,9.354273796081543,0.9339580712424234,0.03814036258171949,0.010530136577243221,0.01607683376564247
600,0.01293375063687563,0.01203825672507619,0.8571428571428571,1.5543625354766846,0.885981874059604,0.051039261005199066,0.012020105684158566,0.01985877527990331,0.3329678475856781,0.00758183335346807,0.8809523809523809,8.631433486938477,0.9956145636474479,0.04180705769873516,0.009972708681709741,0.016368002011022884
601,0.013631395064294338,0.017742248510676628,0.8497023809523809,1.6407970190048218,0.8178842767249191,0.05155813564870049,0.015280953775847705,0.022568780491376166,0.6121761798858643,0.015246438533791484,0.8616071428571429,15.49609661102295,0.9582017991661963,0.03901272653039556,0.006480756607297855,0.013016196993634448
602,0.009492815472185612,0.01838490292320971,0.8645833333333334,1.5604796409606934,0.9134050800779674,0.027749645877271467,0.024192457965452885,0.024907071608452153,0.2339048683643341,0.012753448955207358,0.8675595238095238,14.667765617370605,0.9468059342593638,0.023731817091274365,0.018538621273517797,0.019581897219049252
603,0.0020193192176520824,0.01418787304314073,0.8645833333333334,0.5084452033042908,0.31973197147116666,0.04442576033248091,0.016421196459719622,0.022047113309158275,0.07846572995185852,0.008510762995921461,0.8288690476190477,9.553851127624512,0.9636075768729043,0.02404625647818226,0.013542214436902955,0.015652401454124245
604,0.0022035124711692333,0.01543796968258504,0.8839285714285714,0.5825299024581909,0.5396293108908115,0.05409505948186111,0.014816971894687225,0.022707659133181977,0.09777885675430298,0.008477991926766681,0.8660714285714286,7.792585849761963,0.9898691711726755,0.08054379117259958,0.015552994102292494,0.028609181013738116
605,0.012753582559525967,0.01963164499364578,0.8482142857142857,1.4148379564285278,0.80027884775229,0.04899902216333518,0.026614711392808243,0.03111155953867303,0.02245178632438183,0.0036968736143448977,0.8422619047619048,10.607869148254395,0.9760738177119492,0.09266191462005713,0.004068508729534459,0.02186629116289839
606,0.00382423447445035,0.009407488174746348,0.8586309523809523,1.3964896202087402,0.8516278709701567,0.05787225148909425,0.011332011788592333,0.020681613514139593,0.08294153213500977,0.008971325795010032,0.8080357142857143,8.809036254882812,0.934922758594012,0.0462816403446219,0.012679025567709057,0.01942955085771387
607,0.010331658646464348,0.01765923775186351,0.8348214285714286,2.200319290161133,0.9179150834816835,0.04494950645188189,0.02875727797992933,0.0320101810211698,0.21177412569522858,0.01745358164995392,0.8080357142857143,10.158607482910156,0.9295632582099285,0.033070286853347675,0.03209011716398025,0.03228702625336209
608,0.002901185769587755,0.017740109214517297,0.8839285714285714,0.5858051180839539,0.2589617444217865,0.058270214949917576,0.01563929678699616,0.024203543739368765,0.3780578076839447,0.015755934686147888,0.8288690476190477,7.533562660217285,0.960520860207405,0.02389304518630364,0.012427715634857117,0.014731018446531643
609,0.10573727637529373,0.0646766422469387,0.8318452380952381,1.8517013788223267,0.9203831580784623,0.026372498332257632,0.07380665456340063,0.06427747139196566,5.366508483886719,0.07074237764980784,0.8169642857142857,13.179863929748535,0.9542307964256765,0.00693238029713561,0.0782480878865307,0.06392127162973257
610,0.015155969187617302,0.015630778278158175,0.8541666666666666,1.4409332275390625,0.7779100634303597,0.02114176676076407,0.02150653173774586,0.02143325305933434,0.6262215971946716,0.015666465822134157,0.8511904761904762,9.850074768066406,0.9243933883144082,0.013544686624253566,0.022958079953780075,0.021066996472401983
611,0.005571184679865837,0.014335439363407754,0.8616071428571429,1.0859466791152954,0.8722221437556383,0.03598150330548511,0.02158608218900049,0.024478019466865703,0.4060295820236206,0.03852089857091623,0.7857142857142857,7.551065444946289,0.9768404896324749,0.013475515813052508,0.06358914748081235,0.05352167683327132
612,0.011112314648926258,0.0208259445076191,0.8869047619047619,1.2271653413772583,0.8196713822260366,0.024522489752823673,0.030256752691695588,0.029104780226297207,0.03319184482097626,0.005952212513196886,0.8258928571428571,7.306710243225098,0.9302970635598118,0.02540526425998213,0.011269101227366796,0.014108955408026126
613,0.051524482667446136,0.03506079190028266,0.8110119047619048,1.9820400476455688,0.910431669526705,0.037582473807067585,0.0415116673272975,0.04072232041475131,1.8679105043411255,0.029465697765720278,0.7827380952380952,13.543578147888184,0.9354391130646097,0.047585729953993905,0.03440870896448156,0.03705587835969609
614,0.01136983186006546,0.015720503145955744,0.8526785714285714,1.8481640815734863,0.9089308960477812,0.06073929183521898,0.017706714980682436,0.02635165229520987,0.20594938099384308,0.004445533794037226,0.8214285714285714,14.465156555175781,0.9250153960499401,0.08610154426048677,0.009368213696064331,0.024783391711238483
615,0.0022264602594077587,0.016190232587370068,0.875,0.500145673751831,0.3007390086818905,0.05046861418929138,0.01709211994671156,0.02379721923651554,0.07436304539442062,0.0073819974419645495,0.8273809523809523,7.398071765899658,0.9936110750885568,0.03401052249080638,0.011463064614243734,0.015992687848374626
616,0.035212524235248566,0.03716976106549308,0.8214285714285714,1.4037575721740723,0.830109296125726,0.03295581601299402,0.033430700540180935,0.03333529963070142,1.1020609140396118,0.04019940730018756,0.8020833333333334,8.860657691955566,0.8614366962498671,0.0264715541017988,0.045294515971245786,0.041513117381401524
617,0.0233524851500988,0.016800156908156616,0.90625,1.943487524986267,0.8850566754466085,0.046646310204669694,0.018144939554334938,0.023870661336768257,0.23958276212215424,0.00730490499636427,0.8705357142857143,10.92125415802002,0.9480636296688932,0.040170129261768994,0.010038885802284625,0.016092037390127465
618,0.002795590553432703,0.015824800650663606,0.8988095238095238,0.5775223970413208,0.3070687736679171,0.03498061613152603,0.01759748698639274,0.02108963346644184,0.546807587146759,0.036421323363390434,0.8050595238095238,6.755871772766113,0.992038476943985,0.019262816457971343,0.032114538654313685,0.029532719463084195
619,0.028539683669805527,0.02641226501345484,0.8586309523809523,2.2006845474243164,0.9233071951717675,0.0506857868999574,0.026110589514919624,0.031047571132449533,4.729597568511963,0.02533831344747761,0.8601190476190477,27.775299072265625,0.8759469218440954,0.016074916586389598,0.019865468287417754,0.01910397352605049
620,0.00581599585711956,0.011138240813268308,0.8616071428571429,1.5876246690750122,0.8206890739001027,0.041969450323766866,0.012495199824511749,0.01841636621945139,0.18855293095111847,0.00705032624778501,0.8616071428571429,12.019326210021973,0.9339995741456171,0.06020534440068159,0.00897999615912437,0.019270802725508636
621,0.004293243400752544,0.011725310202485906,0.8928571428571429,1.2491549253463745,0.8369443065070111,0.04203914813304466,0.014321689493473011,0.01988992895231553,0.09154394268989563,0.005050907048550379,0.8050595238095238,7.312282085418701,0.9308132054757178,0.04168704331196027,0.014198878238583346,0.019721054257788532
622,0.0079194325953722,0.011245287208353716,0.8794642857142857,1.9088733196258545,0.9336183839845311,0.029264333762410222,0.014318638534579708,0.017321121950884946,0.3740140199661255,0.005430025276202621,0.8541666666666666,16.7530460357666,0.9479724416835059,0.031091940783341876,0.005998903883029705,0.011039915760324561
623,0.0019863464403897524,0.01360968636223181,0.8928571428571429,0.5086230635643005,0.3666338521091673,0.0728897733720626,0.010422524253036358,0.022971748406412165,0.013312931172549725,0.002510262359513904,0.8125,9.22390079498291,0.9967263973216994,0.030121007357073126,0.004193721517624982,0.00940232804787126
624,0.0058884648606181145,0.008813461660734712,0.8556547619047619,1.9624210596084595,0.8967152821462699,0.025844695703365117,0.0116824858166662,0.014527572624261964,0.02669881284236908,0.002892872916989253,0.8586309523809523,14.577431678771973,0.9482389628143546,0.03776700601862337,0.004033349433182898,0.010810200086507994
625,0.010971147567033768,0.01617555263385373,0.8705357142857143,1.9788713455200195,0.8631690444809367,0.034715557083911164,0.016914274232275206,0.020490424805148504,0.37026646733283997,0.01091475547566001,0.8645833333333334,13.26315689086914,0.9357120476903453,0.05289935668660806,0.005043226979354443,0.014657181608043785
626,0.022349204868078232,0.021396955862812428,0.8720238095238095,1.3393148183822632,0.7895562679451427,0.029568887382556697,0.027841270052129108,0.02818833603368822,0.49519139528274536,0.010733826350820874,0.8020833333333334,8.075342178344727,0.959425271393437,0.11037363024212954,0.014812276793829793,0.03400987012049715
627,0.008817106485366821,0.012639378142323743,0.8630952380952381,1.855948805809021,0.918458011208093,0.028945947055869503,0.013838426350688104,0.01687341934949687,0.22925439476966858,0.00370801575468116,0.8586309523809523,15.936145782470703,0.9473802879809946,0.0334083149058948,0.003704465780450139,0.009671756899401075
628,0.006164953112602234,0.013638103495232756,0.8601190476190477,1.8371731042861938,0.8866689761986201,0.029565558012454862,0.01554454216880563,0.018361264101681592,0.539916455745697,0.009023824203428621,0.8482142857142857,17.81842041015625,0.8711592579870514,0.014484685704845845,0.010040575635103077,0.010933365604471043
629,0.004770630970597267,0.009871839657647263,0.8675595238095238,1.4226157665252686,0.8942967195735043,0.029439127481934113,0.012472786555697946,0.015881203259629318,0.01768902689218521,0.002302739681954713,0.8541666666666666,11.228365898132324,0.938366396625623,0.028500282293596024,0.0025155766891911124,0.0077357184400760285
630,0.00794382207095623,0.01977899853444598,0.8764880952380952,1.895660161972046,0.9330353033072947,0.03547538207987244,0.024959542589670924,0.027072099630113193,0.060803938657045364,0.008219514300841113,0.8824404761904762,12.64334487915039,0.9253050503910587,0.07021329592533276,0.00765082472616585,0.020219178315284202
631,0.03827250748872757,0.034685609035217224,0.8333333333333334,1.5436124801635742,0.8377886514869058,0.01980182482273396,0.036494346149156254,0.0331409378469732,2.879936695098877,0.03181101649445128,0.8348214285714286,13.253859519958496,0.9395124781156896,0.027462239714207137,0.028895387363740643,0.028607478237718285
632,0.01245873887091875,0.023504967573662716,0.8288690476190477,2.1241843700408936,0.8711420138285273,0.03776467268092776,0.03344519627918441,0.03431294823489178,0.4900355637073517,0.0182510504779968,0.8065476190476191,13.966225624084473,0.9295502215627978,0.04029674537810368,0.033199418491240196,0.03462522076761902
633,0.0021007154136896133,0.00773542912418157,0.8794642857142857,2.125009298324585,0.9305261834047748,0.030087121227285074,0.01913989467066246,0.021339114291412536,0.05147914960980415,0.0066142459566597145,0.8229166666666666,11.162997245788574,0.9566838701145783,0.005327705889266121,0.012892671622075413,0.011372924041823546
634,0.014074228703975677,0.019796366581728342,0.8601190476190477,1.7041293382644653,0.8517578784184973,0.05498978441350011,0.019122669286285254,0.026328116521663242,1.153581976890564,0.018988303293539288,0.8526785714285714,17.171825408935547,0.9226361146139728,0.04334648121297824,0.018188738909898583,0.023242749640427978
635,0.006949579808861017,0.01021913736865343,0.8794642857142857,1.889749526977539,0.921691110641312,0.04825642363379934,0.010841364490834726,0.018357782622233868,0.16892322897911072,0.002364376789948164,0.8913690476190477,17.6792049407959,0.9133957416287105,0.03405002468160834,0.0045212752626467845,0.010453390101277453
636,0.006786464247852564,0.009219350029803453,0.8988095238095238,2.0151047706604004,0.9257482250716348,0.04257387793329226,0.013030211131644154,0.01896532276590382,0.2500513792037964,0.002498308724575904,0.8869047619047619,16.617176055908203,0.937608820107534,0.06372782301919044,0.00306898300494729,0.015254910686380066
637,0.0023840717040002346,0.01671279601898157,0.8333333333333334,0.5198020339012146,0.3039889886394755,0.028267439270583394,0.017968286201141104,0.020037312487412993,4.206851482391357,0.03715077008617096,0.8363095238095238,15.646256446838379,0.9515737670058737,0.024218663918841865,0.050800498732892274,0.045460397988998216
638,0.011821888387203217,0.02117329164569115,0.8720238095238095,1.6106435060501099,0.6947214668990684,0.04730396756267219,0.02520327437985359,0.02964314577818768,0.08906355500221252,0.010620882836103962,0.84375,8.721898078918457,0.9600646407695141,0.01852672200590333,0.019465084359907014,0.019276574065575917
639,0.04879645258188248,0.03751142943226693,0.8377976190476191,1.714597225189209,0.8505202272289326,0.03171989486239679,0.04441076288994916,0.04186125815227123,2.0343739986419678,0.055885673423904825,0.8125,10.404558181762695,0.9287576372873056,0.013427959706732273,0.07975126721890735,0.06642738847762218
640,0.010589789599180222,0.013129905552541232,0.8571428571428571,1.4149419069290161,0.8788239089830727,0.02646952054146956,0.014690926393312709,0.017057161824862076,0.11802828311920166,0.004926624564004056,0.8363095238095238,8.866806983947754,0.891888565618089,0.020232104917701554,0.007512025003085787,0.010067398200218418
641,0.06056595966219902,0.034936065410353656,0.8541666666666666,1.9916821718215942,0.9043048789886633,0.02576441507264582,0.03201305961543344,0.03075775155996271,1.4330179691314697,0.02990966962135566,0.8526785714285714,10.629764556884766,0.8388624538888263,0.008051081478313127,0.03165451446429346,0.026912753373359913
642,0.011480174958705902,0.013716162176614088,0.8764880952380952,1.4781912565231323,0.9408610816998909,0.03284500503289467,0.017114280860068387,0.020274470984073666,0.027656149119138718,0.009305323879710725,0.8735119047619048,6.000616550445557,0.983962624391509,0.10773126299379188,0.011613095573180798,0.030922548849642843
643,0.027071598917245865,0.014024043333873637,0.8779761904761905,1.8718500137329102,0.9002021521413511,0.03437242314900546,0.020215275519568365,0.02305934535583921,1.959808588027954,0.00875450021672941,0.8214285714285714,16.23674964904785,0.9518998561520836,0.03998474674129526,0.015596150933808284,0.02049564562727665
644,0.012051279656589031,0.011915146062760562,0.8779761904761905,2.0006256103515625,0.8717199979817757,0.03949636257868072,0.015860547320685536,0.020608813778764928,0.9512853622436523,0.010373719335220022,0.8556547619047619,17.85978126525879,0.9063631899843901,0.027991823533408122,0.01715548410398615,0.01933242729293253
645,0.005836257711052895,0.013014062448627128,0.8973214285714286,2.0384361743927,0.7939552572715335,0.04150451282233458,0.01479183722937405,0.020158222951174157,0.15815408527851105,0.01580709562087801,0.8526785714285714,14.101858139038086,0.9582385889181128,0.10621512398414623,0.011641968767048483,0.030641040127626158
646,0.028089450672268867,0.036437490659108285,0.8452380952380952,1.9570322036743164,0.9086772977718686,0.03645685601584647,0.024214259027344087,0.026673709315212873,1.8861370086669922,0.0396237590932611,0.7901785714285714,16.397464752197266,0.9250159792257665,0.018563860612621164,0.017018941356315098,0.017329304599769443
647,0.005673117935657501,0.00925128993239388,0.8675595238095238,2.175969123840332,0.9372731068392305,0.03734989082177487,0.010897674059018647,0.016211735462250923,0.07580317556858063,0.002538816685306977,0.8511904761904762,19.084983825683594,0.9304292123569671,0.03812838334589175,0.0031029128580981613,0.010139279697163838
648,0.002296664984896779,0.017913687217042784,0.8571428571428571,0.5195832252502441,0.38267798448350593,0.07688344971800765,0.018308031044315443,0.030075414260012538,0.05468861386179924,0.0015026593469840144,0.8616071428571429,21.894319534301758,0.9325045459519771,0.027460818772418905,0.001611354689510236,0.006804327384737423
649,0.01142515055835247,0.020491805346006475,0.84375,2.1981775760650635,0.8615202324658937,0.04030375955272869,0.026876059868798707,0.029573588823159642,0.5583423376083374,0.016804166641594898,0.8541666666666666,15.158037185668945,0.9667455223978003,0.02923478340714447,0.023142979628011262,0.02436677949435499
650,0.007494536228477955,0.0070771089077255045,0.8779761904761905,1.739649772644043,0.8750078886556387,0.038837645053305114,0.009213049787520355,0.015164419372164617,0.46616625785827637,0.003359903701735112,0.8556547619047619,17.310789108276367,0.9403365153044274,0.07792106326552739,0.0037261214550861066,0.018631355300933686
651,0.04139447212219238,0.03715766236391249,0.8154761904761905,2.031160831451416,0.9237079100886749,0.028895470638162668,0.031860245294468736,0.031264643242978674,2.6322429180145264,0.04724634447495468,0.7559523809523809,15.518231391906738,0.9184208016170496,0.027257869599504048,0.051371437206168546,0.04652719371375827
652,0.04758051782846451,0.028127274435236882,0.8452380952380952,2.0862605571746826,0.8967664523121099,0.04335235211813182,0.031084699963365936,0.03354918365517158,6.154112339019775,0.024262896832748515,0.8363095238095238,22.48637580871582,0.8680726716534505,0.02195689412166557,0.030961786127267743,0.02915276764399945
653,0.022783499211072922,0.021598457897805345,0.8199404761904762,1.330862045288086,0.7274004583745317,0.016756058028192355,0.02245322699814789,0.021308706446147897,0.8793911933898926,0.01712804696152903,0.8065476190476191,9.173121452331543,0.9870727892786377,0.012714210645241253,0.011866979999736071,0.012037182584770595
654,0.009061524644494057,0.020530093207146827,0.84375,1.4721547365188599,0.8140071207516097,0.04798909284653885,0.024707190651418687,0.029384358503116936,0.1020163744688034,0.012582121587043638,0.8333333333333334,10.312873840332031,0.960741685480805,0.031593976384665434,0.010843102167805485,0.01501180457744253
655,0.003249404951930046,0.02216551026081004,0.8199404761904762,0.5129553079605103,0.3404911493077655,0.04885313121774182,0.02364484683383672,0.028709011107389083,0.09293201565742493,0.014221289482979294,0.8110119047619048,5.197933673858643,0.9787827589629227,0.04152623183246096,0.02219982533818221,0.026082362357122135
656,0.01662878319621086,0.021858394828385697,0.8645833333333334,1.492192268371582,0.8664451944021264,0.024540290488876293,0.025168499730376714,0.02504229698096815,0.7115574479103088,0.021822247061297095,0.8154761904761905,11.087321281433105,0.966705293947405,0.013710021806534356,0.02826200672415713,0.025338616896956125
657,0.006811085157096386,0.010291398487315306,0.8898809523809523,1.8646095991134644,0.8356512543355049,0.041345224912179734,0.012625984450437167,0.01839547472176938,0.04300304874777794,0.0027385053210982058,0.8571428571428571,16.051570892333984,0.9457128273055989,0.05592343738788785,0.004048805013502466,0.014470048124428102
658,0.013264145702123642,0.017107498381171315,0.8467261904761905,1.609392762184143,0.8466744046335178,0.08214784361309113,0.017815321009735485,0.030739265282731038,0.6435355544090271,0.005693511606621682,0.8244047619047619,12.588942527770996,0.9582079255880089,0.04977841580897768,0.007216656114098163,0.01576700962423021
659,0.025533068925142288,0.017317980836447422,0.8586309523809523,1.9316140413284302,0.8956765569000655,0.05006594140824505,0.015744300107801035,0.022639272690479523,2.235050916671753,0.014249559980466953,0.8645833333333334,16.95572853088379,0.8983134883764406,0.0314867914742738,0.007802567479708644,0.01256055890718825
660,0.0025635636411607265,0.01687953611703663,0.8526785714285714,0.5736922025680542,0.2268540686050839,0.03546169355036277,0.01894442055682688,0.022262622720706858,0.06805475056171417,0.006092088666530104,0.8482142857142857,12.367143630981445,0.9420195367651472,0.02579019840675023,0.010424135161360315,0.013511067509764538
661,0.07978715747594833,0.038303104872841165,0.8571428571428571,2.2092878818511963,0.8959595230528875,0.04564387978923756,0.033785771800210584,0.03616798099443475,5.772484302520752,0.04800117169614915,0.8214285714285714,16.380849838256836,0.9306548633855173,0.07085301024174961,0.032739694467345704,0.040396387368453635
662,0.0915890783071518,0.0443761567000196,0.8392857142857143,2.367779016494751,0.8784830513169287,0.025385770499788074,0.047635354163057086,0.043165571730703935,1.0046831369400024,0.03348791783894467,0.7633928571428571,8.989333152770996,0.800523381214411,0.02009928960224172,0.03845239317157678,0.03476538575809429
663,0.03701907768845558,0.02600740478653818,0.8839285714285714,2.017573833465576,0.9463873212373999,0.04030663911258159,0.018883326999785677,0.023187117379588427,1.1257174015045166,0.02313224719760898,0.8482142857142857,11.35000991821289,0.7955308746183418,0.022205664428546212,0.019154271877359852,0.019767274845232115
664,0.005880598444491625,0.01287188634359726,0.8690476190476191,2.112074375152588,0.9055706202174876,0.02783855617323172,0.017260863309339847,0.019385846250746696,0.05978986248373985,0.007683449715457424,0.8318452380952381,9.753725051879883,0.9242989008152362,0.02805729783926414,0.008026528806157174,0.012050567227986697
665,0.007136844098567963,0.01520277735889286,0.8764880952380952,1.6609386205673218,0.8557977921388586,0.047919840595991636,0.01572220184146178,0.022190477484112868,0.034139227122068405,0.009144405558691449,0.8199404761904762,7.42983341217041,0.9565183824236005,0.041276811773242716,0.010994837875292207,0.017078270131576905
666,0.013674691319465637,0.013310818755105647,0.9136904761904762,1.9247105121612549,0.9441642963133212,0.03280709962429251,0.015171367953961679,0.018714260477019212,0.6041808724403381,0.008023193122976058,0.8422619047619048,15.306425094604492,0.8955952324266677,0.047197019582618904,0.011086717552821312,0.018341019299878865
667,0.027239974588155746,0.032026139940013576,0.8199404761904762,1.3125771284103394,0.8187433884480179,0.03410388649983953,0.04023140807000347,0.03900043275456875,1.3137288093566895,0.03668141326404273,0.7931547619047619,9.430143356323242,0.9535812632242626,0.024537444904937367,0.04943684005678928,0.04443472942360475
668,0.003296535462141037,0.020537431749386714,0.8214285714285714,0.557989239692688,0.3723491001448257,0.0463006423870318,0.021602587263612416,0.02656425012322792,0.11027084290981293,0.028930898374017078,0.75,3.9075429439544678,0.9911647029729975,0.029068345296432097,0.044097984045431304,0.041078636975319854
669,0.02521217055618763,0.03231437173598384,0.8110119047619048,1.1449054479599,0.8025815906275923,0.10085398427459635,0.018310224664155883,0.03489267637161044,0.8702492713928223,0.04741569867377082,0.7872023809523809,5.836815357208252,0.9745220211891578,0.0688150479580466,0.03302421733969285,0.04021433956212999
670,0.0026064016856253147,0.019293738793188298,0.8616071428571429,0.5103957056999207,0.2591392574387585,0.04894446360409077,0.015341874799270627,0.02209239487166753,0.028722625225782394,0.013895566041766338,0.8303571428571429,5.120804786682129,0.9955360195283783,0.03960152350177526,0.025482101807279167,0.028318592772691324
671,0.008629053831100464,0.012427813366629792,0.8809523809523809,1.8680633306503296,0.9100549355627237,0.03700192953288273,0.016592218629175814,0.02069238376608122,0.3128996789455414,0.014473300133821199,0.8601190476190477,10.484804153442383,0.9173278994197838,0.03385606519343132,0.011548376720535547,0.016029831994108356
672,0.005804879125207663,0.009474654206197197,0.8675595238095238,1.5683382749557495,0.9068294677604335,0.030888410735369964,0.013990213500208015,0.01738494062334323,0.024224037304520607,0.0042976785968432685,0.8199404761904762,7.656609535217285,0.9985449587437774,0.02696013755194826,0.010722891128969847,0.013984837955014616
673,0.0017755043227225542,0.01513734024164548,0.8288690476190477,0.49912065267562866,0.2290179860677403,0.02754788212481807,0.019921577058032547,0.021453647272342138,3.147691488265991,0.029281686976245114,0.8422619047619048,23.799152374267578,0.9187097541260515,0.07131155605576489,0.02461631504498052,0.03399705542661131
674,0.005871081259101629,0.0173956870945009,0.8541666666666666,1.2353482246398926,0.8030293134375351,0.04264276704897407,0.023308504459010004,0.027192619711458144,0.04396679624915123,0.01177366998530227,0.7991071428571429,11.359759330749512,0.9268482671676777,0.05011210317222603,0.018621924810579338,0.024948076713588715
675,0.010423514060676098,0.015827502069296173,0.8705357142857143,1.7865393161773682,0.8832023607645424,0.031833364615486914,0.02021079331760467,0.0225456848729828,0.5853471159934998,0.00598134012841367,0.8675595238095238,13.39487075805664,0.8964776854391455,0.07039590430399911,0.003655692149740486,0.01706332405572994
676,0.002550719305872917,0.018448234713204115,0.8794642857142857,0.49083560705184937,0.30270136039667667,0.034674670844972666,0.01919978333903216,0.02230857770406485,3.6231112480163574,0.030848072694563133,0.8869047619047619,18.451871871948242,0.9216910070311471,0.07623717611082104,0.031049730000478837,0.04012756515657437
677,0.01937161013484001,0.024954884112729392,0.8392857142857143,1.4899636507034302,0.8804448893485163,0.027437638535871778,0.02714354406654229,0.027202625544755804,1.0353201627731323,0.01489724912200685,0.8422619047619048,12.611734390258789,0.9565444985862537,0.026400860014412553,0.015340282239963199,0.017562273310723114
678,0.03499612957239151,0.027455645225806014,0.8065476190476191,1.6039671897888184,0.8298022013771414,0.0375177881780131,0.031600058889667326,0.03278888843420108,0.5519412159919739,0.01989456137204415,0.8080357142857143,7.958391189575195,0.9701725810549869,0.029977393924296658,0.028075418016004883,0.0284575113904385
679,0.06307829171419144,0.026135320359506387,0.8288690476190477,1.9744422435760498,0.8800816591514009,0.05855072109188486,0.03585090722112927,0.04041113768623642,3.6493709087371826,0.01909686157502899,0.8318452380952381,17.112689971923828,0.9151489389983171,0.015206042569890665,0.030298383762007886,0.02726644021894862
680,0.003482747357338667,0.012351574510101937,0.8586309523809523,1.1443641185760498,0.9095177422127012,0.03524613548678879,0.017081530045405136,0.020730669531397388,0.029280850663781166,0.011739905732918832,0.8095238095238095,4.677890777587891,0.9938330993594079,0.08319732426806625,0.015255942353998186,0.028904880684949362
681,0.002668968867510557,0.01951136346430571,0.8452380952380952,0.5119907855987549,0.28774867072451077,0.10130112100651179,0.013538849105394268,0.031169662656958058,0.13856084644794464,0.010590180320608655,0.8318452380952381,5.321170330047607,0.9912588840039004,0.05083737242403308,0.017050126205331084,0.02383774263319532
682,0.011986400932073593,0.015982337223890752,0.8541666666666666,2.0941264629364014,0.8938288040163079,0.054151781952740397,0.017247983809062117,0.02466169325756892,0.15804733335971832,0.005022170432686712,0.8511904761904762,13.131155014038086,0.8809771782278383,0.020023391465690432,0.008064257496748772,0.01046676208872366
683,0.0049731675535440445,0.025806685292382836,0.8452380952380952,0.5501255393028259,0.48081905007477044,0.05081960744399394,0.01886204429972549,0.025282090467100848,0.4608461856842041,0.015629466429172956,0.8258928571428571,8.701644897460938,0.954444861401953,0.039178669963921164,0.014533092543934867,0.0194842130077714
684,0.002201701747253537,0.015067768591724762,0.875,0.569979190826416,0.3096245017311142,0.056289425464116194,0.015290920286603171,0.023527227130299984,0.055319108068943024,0.0022222474863504704,0.8392857142857143,19.049514770507812,0.9095369218495734,0.03507653751431905,0.0029124490066200215,0.009373984644327416
685,0.042398154735565186,0.028112428731072336,0.8705357142857143,1.9607160091400146,0.9252930206285761,0.027345075093880622,0.02244929170942167,0.023432819621478158,5.564558029174805,0.025508321439034365,0.8794642857142857,22.95673370361328,0.8913538993563339,0.040282872740802,0.02003956230116921,0.024106298773416867
686,0.024253465235233307,0.02483557151611826,0.8675595238095238,1.3921107053756714,0.8095325168124201,0.06685451858640867,0.020596726115032604,0.029889586209728685,0.7945382595062256,0.011559449827338919,0.8273809523809523,9.519107818603516,0.9189624609888265,0.018677815981442025,0.011293200997429587,0.0127767174004678
687,0.02137002907693386,0.01902135000608507,0.8690476190476191,1.5963419675827026,0.9046083530338891,0.03389908832251309,0.02316854879629926,0.02532423754040472,0.7908660769462585,0.010872767283099827,0.7976190476190477,12.276738166809082,0.9626381690942509,0.014902129290409905,0.01456696209339714,0.014634294789225597
688,0.04447535425424576,0.04433065021969418,0.8348214285714286,1.3836174011230469,0.9235364040000142,0.020724124372037522,0.05755406977570077,0.050155196815143424,0.039261288940906525,0.020219892176672638,0.7857142857142857,4.967067718505859,0.9920004942302628,0.02623226287721958,0.034940794151678944,0.03319131242243487
689,0.008359947241842747,0.011300948727837712,0.8630952380952381,1.8701406717300415,0.9220415376383352,0.0282860586871434,0.01526314001495066,0.017879351355346525,0.2603968381881714,0.004019694285063435,0.8422619047619048,12.200507164001465,0.9043653575989873,0.022997964620680933,0.004635975767511624,0.008324768171050101
690,0.005737027153372765,0.012324103985527746,0.8526785714285714,2.156320571899414,0.9282407126535323,0.03853797092090816,0.01722464492748621,0.02150633988152187,0.054406505078077316,0.007559463713373238,0.8422619047619048,13.322478294372559,0.8863727854519352,0.027092967520549016,0.0092696718710088,0.012850244657746788
691,0.015256025828421116,0.02199789858883172,0.8630952380952381,1.3968020677566528,0.857067472901611,0.05265290103491427,0.024355478311310352,0.030040228412034353,0.12683989107608795,0.016225819482215575,0.8497023809523809,7.460819721221924,0.9841414504005788,0.059307421717726294,0.019756093993066326,0.02770167322346677
692,0.004324129782617092,0.022482982624438486,0.8080357142857143,0.626932680606842,0.3491651788295435,0.051398091839400695,0.01879691396953842,0.025346257738037538,0.059296511113643646,0.011393465713122719,0.8065476190476191,6.700297832489014,0.9860700573019667,0.039693333763494265,0.017422034623545746,0.02189617954005326
693,0.010228428989648819,0.014505009728837948,0.8452380952380952,2.0715630054473877,0.9121488310088672,0.06363977144505883,0.01710936419910547,0.026456990654765748,0.1337558627128601,0.009914185415828225,0.8005952380952381,7.636160850524902,0.9071491327681775,0.03197017735285901,0.00868672300267681,0.013364202671240197
694,0.006807752884924412,0.011235456433423385,0.8690476190476191,1.591462254524231,0.8492553391031364,0.0435845327216321,0.01517827307200137,0.020884887733757542,0.05026049166917801,0.0075269226990626326,0.8139880952380952,8.859214782714844,0.9722174204294541,0.04459726350588311,0.009865977592087627,0.01684324485155547
695,0.006284496281296015,0.01272234846924536,0.8616071428571429,1.2943992614746094,0.8172121176920044,0.02293313110459627,0.023300936942209027,0.02322704737661718,0.030573226511478424,0.0051516942364243645,0.8154761904761905,7.9412665367126465,0.9564283439268293,0.0336813432844717,0.009677148187049456,0.014499419523585175
696,0.011092465370893478,0.01472421670128976,0.8660714285714286,2.1295509338378906,0.9118575267093061,0.05042693584425462,0.013230157350267224,0.020702724458434334,0.45159706473350525,0.009908426303874895,0.8779761904761905,17.26359748840332,0.939303094483762,0.015615956838739842,0.004485027323297253,0.006721151556310272
697,0.02361511066555977,0.01826781973259728,0.8497023809523809,2.1050772666931152,0.9010778457688978,0.04339581271436799,0.023738615767469717,0.02768760622555196,1.3753267526626587,0.015996187742404522,0.8139880952380952,15.942337036132812,0.8887681362120204,0.1053171541989778,0.01590236884283136,0.03386516054384292
698,0.010105623863637447,0.026021500869605085,0.8229166666666666,0.8835697174072266,0.7225300755013124,0.07018417743760363,0.015575470553015336,0.026545969703937095,0.2208087146282196,0.020987519879408056,0.8005952380952381,5.420445919036865,0.9927037943217853,0.07134588815630649,0.01950768036572703,0.029921606037941653
699,0.012605865485966206,0.013855069749217575,0.8988095238095238,1.5632737874984741,0.8844698867037637,0.04799315717982178,0.013620667986806057,0.020525855547902965,0.1298753172159195,0.009297666686759798,0.8497023809523809,5.962785720825195,0.8792631924305955,0.027933980595334806,0.015120694898734577,0.017694792471712302
700,0.006090964190661907,0.012099094438497882,0.8333333333333334,1.5627316236495972,0.9048030564288998,0.05255097223116889,0.017161735048078053,0.02427118001789541,0.033715080469846725,0.00817160204649392,0.8377976190476191,6.5908732414245605,0.9263672298371554,0.03542540128064042,0.011252148429793607,0.01610838226143694
701,0.005189275369048119,0.012017398457523587,0.8363095238095238,1.857537865638733,0.9216838159231941,0.023942341661703836,0.013379182303135617,0.015501245567133696,0.02926814928650856,0.008198854083212082,0.8333333333333334,13.06485366821289,0.8922562789944373,0.01752173959875014,0.009090729452078894,0.0107844591690441
702,0.04039075970649719,0.03964711402227472,0.8035714285714286,1.5366324186325073,0.893818093791521,0.03212371151519566,0.03633369276633225,0.035487937604273566,0.5119456052780151,0.02018552311900723,0.8571428571428571,7.669186115264893,0.9224690059289231,0.02040582853807882,0.018828488022543,0.019145364465396178
703,0.09861543774604797,0.03509516313397798,0.8229166666666666,2.098404884338379,0.8907678627179837,0.026658672885157997,0.04629975314076218,0.0423540004108417,7.520145893096924,0.03466084035905603,0.7901785714285714,18.55234146118164,0.8997555288642739,0.007095834358703312,0.03938430306933427,0.03289778033728787
704,0.013809090480208397,0.028833714813568223,0.8586309523809523,1.3275076150894165,0.8615047121047097,0.06009422931992192,0.030498695794324515,0.036444227082949,0.20179548859596252,0.028667255490161136,0.7931547619047619,7.609009742736816,0.9216261232490259,0.0460388674069494,0.03789533424842828,0.03953131189188118
705,0.003805907443165779,0.021825957659547424,0.8660714285714286,0.591837465763092,0.26494122839090195,0.07882421350883417,0.01839872389125785,0.03053777314478881,0.11370430141687393,0.016201883388209937,0.8139880952380952,5.093234539031982,0.9867344620014357,0.01324056448164479,0.03210482894986544,0.028315132962946108
706,0.03237317502498627,0.018543935321632343,0.8735119047619048,1.7900992631912231,0.8931046477730205,0.038534473739406216,0.026345464032395793,0.028794149018179137,1.2049177885055542,0.016788738869013442,0.8586309523809523,10.808682441711426,0.9307351036554975,0.02817572896874887,0.02258551065378911,0.023708545583133706
707,0.012312391772866249,0.014395033558031178,0.8556547619047619,2.048642873764038,0.9483710992349268,0.03693992308128469,0.018737830383420473,0.022394500791473555,0.3756272792816162,0.010000327679545395,0.8675595238095238,10.43795108795166,0.9702830373894086,0.010490989700796538,0.01146533202618738,0.011269593612604397
708,0.007369464263319969,0.013073311741626514,0.875,1.8537538051605225,0.8654970730425847,0.03720563030689761,0.017844151083320714,0.021733733963057143,0.017005765810608864,0.004738937939967158,0.8303571428571429,8.381341934204102,0.9445251859585686,0.02161536882091697,0.011040572500562229,0.013164973547062066
709,0.019505692645907402,0.01830563824448872,0.875,1.9819566011428833,0.9225746117647088,0.04059605050564752,0.01970890153037852,0.02390498056558881,3.070570707321167,0.011805756685203339,0.8675595238095238,28.145442962646484,0.84509349654605,0.01844521749500927,0.014827792852436295,0.015554507624381759
710,0.0025078700855374336,0.015665163757974776,0.8883928571428571,0.5710078477859497,0.17757763261407114,0.04776788214779848,0.018021647998326062,0.023997453965854003,0.4734252095222473,0.00492793119156365,0.8497023809523809,16.257902145385742,0.9359331748554174,0.04722850715846927,0.008163648463846207,0.016011499540891018
711,0.005609974265098572,0.011798117968203736,0.8541666666666666,1.7259639501571655,0.8551548690690423,0.02299796307387969,0.016343754879707184,0.017680537775857912,0.027503423392772675,0.004582819123436166,0.8244047619047619,13.06689167022705,0.956099379302404,0.024096298652490078,0.01171955764023036,0.014205956504300394
712,0.023389501497149467,0.029890547569419557,0.8526785714285714,1.543544054031372,0.9032511892831325,0.026845475525169693,0.015636852340032537,0.017888584676332413,0.35906004905700684,0.024317918405901695,0.8482142857142857,9.857115745544434,0.9259407116142038,0.01809616289765359,0.01128215689634593,0.0126510420305372
713,0.028043391183018684,0.01779968913042318,0.8809523809523809,2.4048221111297607,0.9122433066889476,0.036078114791403326,0.018585277667231725,0.0220994636966412,2.8143115043640137,0.00874103399527959,0.875,30.380374908447266,0.8178880451210825,0.010691410541968649,0.006662713333928649,0.007472049826615257
714,0.0036413464695215225,0.02285718733924824,0.8244047619047619,0.5363446474075317,0.17101560650410932,0.054354306776073225,0.023163289715393054,0.029429342249904695,0.04555925354361534,0.010709973321856636,0.7857142857142857,8.953073501586914,0.9990903197485542,0.04663135249844175,0.018921444148470412,0.024488166808062865
715,0.0042486595921218395,0.011482249476727602,0.8690476190476191,1.2872737646102905,0.9286434818443268,0.03537815680188172,0.015022174369711427,0.019111545840459924,0.38609856367111206,0.027226437836798567,0.8065476190476191,6.654666423797607,0.9643562548295558,0.022519276329246773,0.029597155820499266,0.02817526038698872
716,0.02783239632844925,0.031465011622739625,0.8616071428571429,1.908041000366211,0.9352248783202303,0.027948463285315417,0.022149752857508975,0.02331467236309509,2.152111768722534,0.03073430847588632,0.8497023809523809,15.901978492736816,0.9190417469034418,0.07198920413609544,0.014931236040401141,0.02639377427391116
717,0.002796358661726117,0.019584439124161857,0.8407738095238095,0.4742725193500519,0.3029426330542823,0.08914842099715903,0.01285959994114838,0.02818547917115052,1.5941097736358643,0.03365567899997424,0.875,9.240779876708984,0.9977183248301088,0.041032700476329564,0.011526060029054763,0.01745373333319479
718,0.018302226439118385,0.022663673797874928,0.84375,1.718110203742981,0.8851517413516614,0.049340078066434145,0.019564501520142108,0.02554620216560256,0.29177436232566833,0.011865686215512317,0.8511904761904762,12.054824829101562,0.9183863393726415,0.06324922015343926,0.006179255389110017,0.017644203667658304
719,0.0031003421172499657,0.01966493699821692,0.8482142857142857,0.555349588394165,0.3488513394838005,0.06407466791117189,0.014161553132335025,0.024188741369154932,0.12024019658565521,0.011802548838587112,0.8273809523809523,6.089373588562012,0.9832205456364821,0.02638972505244297,0.020351041460220598,0.021564169860443842
720,0.00931568443775177,0.014294761574438097,0.8452380952380952,1.7719447612762451,0.9405747732995283,0.04354785931997962,0.01644743198273213,0.02189171426030417,0.06449805945158005,0.004942151490541891,0.8779761904761905,15.913161277770996,0.9582779302080519,0.03098889221277401,0.0045843013121033005,0.009888795019827328
721,0.0064407167956233025,0.01199973102733587,0.8452380952380952,1.5147616863250732,0.9200423650259117,0.0488264434575032,0.01592324387795574,0.022533261650632682,0.10299724340438843,0.010535535550302955,0.8080357142857143,7.811254501342773,0.9977782793718973,0.04748313134615567,0.021890037186978684,0.02703150699574192
722,0.015067667700350285,0.0229230268848587,0.8571428571428571,1.3937832117080688,0.8394630222068521,0.039280753678150204,0.030387478299602644,0.032174073799757286,0.18967367708683014,0.01833735234396472,0.8601190476190477,7.370676517486572,0.9293608051453631,0.012997096856428914,0.031734774984601644,0.027970509289209796
723,0.004585783928632736,0.02623693647840486,0.8065476190476191,0.5760169625282288,0.3494854688578541,0.08387402860062454,0.022062402516599078,0.03447991668526491,0.0363951250910759,0.011208995352202877,0.7693452380952381,4.557173252105713,0.990852656640766,0.04379537007880874,0.019175484878457327,0.024121443958885068
724,0.04474371671676636,0.037399473570602915,0.8318452380952381,2.2183117866516113,0.911855990907509,0.03785930141146043,0.02716447032604352,0.02931298549945317,7.667952060699463,0.03872843591683872,0.8497023809523809,27.780338287353516,0.8748657476171989,0.004068967774617294,0.030699881525206973,0.02534992117352601
725,0.011407079175114632,0.027664726749529245,0.8214285714285714,1.7598145008087158,0.91337370550578,0.040140280404881046,0.026534928788646495,0.02926814674726504,1.060127854347229,0.026225074492615574,0.8258928571428571,23.028573989868164,0.8590958632075792,0.08353986484053544,0.02371455891277885,0.035733035550051376
726,0.007789777126163244,0.009992492507413853,0.9017857142857143,2.194638967514038,0.8591850682903123,0.04970865095666599,0.009702578169075493,0.017739512434439657,0.05699772387742996,0.0035562850745940455,0.8556547619047619,21.525800704956055,0.9097028339027377,0.027276412862804578,0.006682198928137373,0.01081942940608391
727,0.03343978524208069,0.029603947208338144,0.8764880952380952,2.0906288623809814,0.9030247735494268,0.06256126188296218,0.0226999015565168,0.030707764122097345,3.761495590209961,0.03071852826332877,0.8720238095238095,17.942489624023438,0.9390123828487468,0.02342891231372546,0.015176174164497902,0.01683409031054808
728,0.008041427470743656,0.013034955145301619,0.8690476190476191,1.3626378774642944,0.9317512186848733,0.048461112391972705,0.011176141486443969,0.018666425820143936,0.14481019973754883,0.007414907789016101,0.8318452380952381,7.997320175170898,0.9968949417356453,0.07231311837006482,0.010135765989995993,0.02262675195920625
729,0.03271868824958801,0.02543267932657889,0.8377976190476191,1.368360996246338,0.7993393518292204,0.02833820192147718,0.02120979537038359,0.02264184132930864,1.8404910564422607,0.033188632191357925,0.8348214285714286,9.708630561828613,0.9597995106170718,0.01732829746068454,0.037453720470068674,0.03341066674050489
730,0.07880715280771255,0.05482879029363352,0.8482142857142857,1.7797491550445557,0.880239282811499,0.02099563019660089,0.06953111469006723,0.05978068253736194,2.660221815109253,0.06942473009787598,0.8273809523809523,10.111690521240234,0.9392623881887936,0.007804644310342002,0.10020553531423715,0.08164285631791893
731,0.019306689500808716,0.012153048090996044,0.875,2.101912021636963,0.9330528717447326,0.03771024246029375,0.014491570559075684,0.019156035896373956,0.6818925142288208,0.007752585318888117,0.875,12.008269309997559,0.9402877302855798,0.03628838432084991,0.009123601754004063,0.014580812537522202
732,0.013658791780471802,0.018629359709892546,0.8854166666666666,1.7117671966552734,0.9048805202605583,0.05641024323685573,0.014628945545536176,0.023022509813881622,0.6418590545654297,0.02985553983203848,0.8244047619047619,10.265303611755371,0.9640969162826268,0.07342552606663844,0.021341984050286422,0.031805195616071424
733,0.018246015533804893,0.02116394951607148,0.8497023809523809,1.2414857149124146,0.790434108965824,0.05670962696379489,0.014799006989330454,0.023218551180629113,0.6941548585891724,0.02339317477642122,0.8720238095238095,7.355912685394287,0.9373193553888923,0.03931047888265182,0.0162460732786619,0.020879547618749158
734,0.0033613869454711676,0.021955708450031808,0.8288690476190477,0.5702100396156311,0.2886247427835922,0.08055950596165606,0.02145885622000876,0.03333175460560754,0.0641515851020813,0.016114902002200004,0.7708333333333334,3.682553291320801,0.9804379258328012,0.08230787364443581,0.025902098077392743,0.03723361549041479
735,0.01134431455284357,0.02186112506979465,0.8303571428571429,1.5273234844207764,0.8260981560966019,0.04419221386693051,0.02816709790112948,0.031386429233544864,0.024350840598344803,0.010524654647830145,0.8452380952380952,9.199631690979004,0.9596220419995518,0.02426351053726339,0.014121441715417626,0.01615891089837771
736,0.02117529883980751,0.01792328254894271,0.8675595238095238,1.654080867767334,0.840556609347094,0.030838835992625158,0.014669588181548399,0.0179178745721665,0.7662197947502136,0.011501484286822183,0.8511904761904762,12.029960632324219,0.8907237599430681,0.017997397460042475,0.01137183359938454,0.012702862053534571
737,0.08473941683769226,0.052924297369011386,0.8690476190476191,1.9520814418792725,0.9179972054430315,0.022645069435164533,0.045565529702699004,0.04096097295252467,4.556573390960693,0.06292889788764777,0.7782738095238095,13.52806568145752,0.9041297234105959,0.011984944356619898,0.04824236145271821,0.04095850533966275
738,0.065543532371521,0.03878240858326476,0.8452380952380952,1.9202957153320312,0.9003473136582812,0.03333029668954146,0.02955881244697489,0.030316476692133353,3.5918285846710205,0.035312482587539495,0.7857142857142857,13.91549301147461,0.941412851437209,0.027848973160259027,0.02944435744619589,0.029123856138753217
739,0.005490172654390335,0.011868622610075374,0.8824404761904762,1.7876251935958862,0.7388649893939999,0.0795498427384872,0.011169885462599338,0.02490693045105895,0.04869192838668823,0.004571270236698122,0.8422619047619048,11.773204803466797,0.9324840004975048,0.041269513315207784,0.004508518577775789,0.011893539841992037
740,0.002656008116900921,0.01725214970886113,0.8824404761904762,0.5834300518035889,0.37282907783280544,0.03854053445468575,0.019572966814594528,0.023383415670862853,0.024632763117551804,0.03051282254723542,0.8065476190476191,7.940332889556885,0.9892691375816325,0.05388038137991247,0.03746095021232054,0.04075949665223856
741,0.024224044755101204,0.02438361676705736,0.8616071428571429,1.6894537210464478,0.87011595868819,0.05860120502345545,0.03034898218077342,0.03602465194827651,0.13118642568588257,0.011327296842812307,0.8318452380952381,10.441630363464355,0.9383074065784492,0.05700012931406673,0.016517268741268354,0.024649986267053742
742,0.04426829516887665,0.054011328212200005,0.84375,1.45209538936615,0.8915778785597855,0.03370447175057234,0.05248293258021808,0.04871047393140532,1.0720633268356323,0.07646521188856636,0.8229166666666666,8.378290176391602,0.9781151082122399,0.0562593083649231,0.09316576302275903,0.08575151989953306
743,0.07491756975650787,0.0544226462573324,0.8363095238095238,1.958192229270935,0.910612107173816,0.023726436763281566,0.05754991786174912,0.05075502210536055,23.37795639038086,0.054209915100406625,0.8407738095238095,31.808637619018555,0.8845958828609677,0.009156753240017745,0.04154610447242346,0.03503931516234196
744,0.05401621013879776,0.035205536054482955,0.8288690476190477,1.5083411931991577,0.9056448072993866,0.027696926528131494,0.032243912307234224,0.03133045534268234,5.215527534484863,0.03327140941393503,0.8541666666666666,14.916232109069824,0.9999485101059992,0.01078036741183841,0.030773845154513757,0.026757298286565583
745,0.008597454987466335,0.015301423296835148,0.8988095238095238,1.2104532718658447,0.8234186830093816,0.05202476582178239,0.01710264857378474,0.024118252485212842,0.07318638265132904,0.007374620879086691,0.8601190476190477,7.896870136260986,0.9721317474744254,0.05164178608003567,0.008422501921307446,0.017104947399623385
746,0.01602458581328392,0.02016186735689318,0.84375,1.4789780378341675,0.9174062848594512,0.03831871684879751,0.027959748482232483,0.030040791234444204,0.10670989006757736,0.011979609344957565,0.8363095238095238,7.7815704345703125,0.9072994697221443,0.016436980674042534,0.020281108403176096,0.019508850600448373
747,0.0017093571368604898,0.013667559427065878,0.8913690476190477,0.507412850856781,0.27872834889453846,0.023180257646718827,0.017729345838084054,0.018824395085354433,0.10305696725845337,0.02410059064332648,0.7946428571428571,5.870002746582031,0.9286370555810834,0.019486373500325782,0.0397646223559458,0.03569086700548642
748,0.002902671229094267,0.018065896250106905,0.8601190476190477,0.6042867302894592,0.2659715234984941,0.028783727988224372,0.02379974209771063,0.024800989263215622,0.099372997879982,0.006336719212012509,0.8303571428571429,8.890148162841797,0.969076999716412,0.06071922784526407,0.010408564279689059,0.020515617228130466
749,0.039105311036109924,0.026352320771461546,0.8363095238095238,1.908546805381775,0.8763621692511776,0.05621706143291305,0.025077750335532945,0.03133341551134591,0.8944181799888611,0.01904289650939761,0.8080357142857143,12.637347221374512,0.9466078389252384,0.07021423755978362,0.027344321945370287,0.035956581778622966
750,0.005513595882803202,0.016073691048849148,0.8526785714285714,1.0543278455734253,0.8331942821769347,0.029944247887590314,0.02060206560405331,0.02247884329494244,0.04308462142944336,0.01599022314414289,0.8020833333333334,6.4289937019348145,0.9982331506765783,0.052453839761280374,0.021555327871701446,0.0277626182066615
751,0.019185367971658707,0.018897983576813493,0.8794642857142857,2.0516302585601807,0.8855199917497114,0.058054371950066797,0.012497514502456286,0.021649561757556612,0.741851806640625,0.013665895590471377,0.8854166666666666,11.828240394592285,0.9526465043724271,0.049851849605011656,0.011231870542581346,0.01899034847923029
752,0.018468860536813736,0.019818393822305658,0.8645833333333334,1.3929240703582764,0.9049921536518396,0.021406514380031494,0.020671983071560596,0.020819545164780198,0.15408293902873993,0.009080590153827228,0.8541666666666666,6.607542037963867,0.9986669971233021,0.033009270392622025,0.010744513644340259,0.015217344241093292
753,0.012356143444776535,0.01983100812530414,0.8526785714285714,2.0444016456604004,0.8652549527937632,0.05048939337777558,0.023637461757975875,0.02903182302088207,0.19343577325344086,0.012059507411838477,0.8601190476190477,17.4587345123291,0.9292870442562939,0.03403133602295294,0.019774446684457825,0.022638553917637645
754,0.0044226497411727905,0.00769681472494943,0.9032738095238095,1.729933500289917,0.8829812304248338,0.02807892178076854,0.012396317339689267,0.015546840553298942,0.017138265073299408,0.0029341354934043773,0.8392857142857143,11.033968925476074,0.9665659614889154,0.010361632618516636,0.007614522894627163,0.008166397615944246
755,0.008465999737381935,0.014344740958359026,0.8422619047619048,1.3984172344207764,0.8840122543810212,0.0553036439876009,0.014811923924377135,0.02294642125850691,0.05552486702799797,0.005341437742440447,0.8318452380952381,9.5901517868042,0.9376091244974066,0.02978221542744286,0.008257328404994824,0.012581524458611618
756,0.0037220355588942766,0.020055702032957923,0.8303571428571429,0.5999675989151001,0.3653564516000515,0.08733787309885954,0.014521619290461918,0.029149884564470367,0.1299588829278946,0.012152441460926977,0.8244047619047619,5.370474815368652,0.9965633039782655,0.037808900202664475,0.015956229143860745,0.02034627466906685
757,0.07771889120340347,0.05052003344983047,0.8660714285714286,1.90628182888031,0.8933594927821636,0.01684676613040359,0.03327679741293843,0.029976121485643485,3.104318857192993,0.06037366881843442,0.7976190476190477,12.14359188079834,0.9173929342798112,0.02137836323329878,0.047643876166845955,0.042367322229303
758,0.033504582941532135,0.020188810369996313,0.8883928571428571,1.991314172744751,0.919642077569812,0.02537200508678783,0.023234825926098934,0.0236641699539159,1.20703125,0.02047083827691354,0.8110119047619048,11.55042839050293,0.9335254004248869,0.0580877424856342,0.031083044678466787,0.036508095577228096
759,0.022442882880568504,0.019956006732536946,0.8541666666666666,1.6308921575546265,0.8226771526960672,0.03582071422069777,0.023468620008617935,0.025950067506580403,1.07708740234375,0.015555611017091242,0.8244047619047619,12.911264419555664,0.9505572813114309,0.04067032693007189,0.019009897022738254,0.0233613226737651
760,0.03972337022423744,0.03175576635062993,0.8526785714285714,1.9462648630142212,0.8835807528202337,0.028523942390249912,0.023877737189747394,0.02481112662734835,2.474320650100708,0.02690808134623357,0.9032738095238095,16.57036018371582,0.9015686213627093,0.01883305968755289,0.019249112917372857,0.01916553079531081
761,0.08458787202835083,0.04454616423312763,0.8184523809523809,2.1099584102630615,0.8984488645606987,0.07094340724294212,0.041392363408309096,0.04732895703580234,7.2328901290893555,0.04745722981778111,0.8511904761904762,17.308996200561523,0.9454933679605015,0.03746029151775743,0.048959312353533346,0.046649241203489074
762,0.11494855582714081,0.04645161756927141,0.8630952380952381,2.040146827697754,0.8869690803802457,0.018083479369792488,0.036597588602466646,0.032878236301259786,7.373437881469727,0.05047443521741335,0.8169642857142857,16.611011505126953,0.8921841966747077,0.017654728964476285,0.05067639395685719,0.04404257732892353
763,0.057535089552402496,0.03031568385187222,0.8616071428571429,1.7152577638626099,0.8889553831270409,0.02432610953480896,0.036235058478388815,0.03384263569954465,2.708904266357422,0.03762611123740489,0.7797619047619048,12.027586936950684,0.93735481183331,0.023667015401068525,0.053293044732301564,0.04734138705415206
764,0.026872646063566208,0.018548048040997966,0.8422619047619048,1.687199592590332,0.8878746209564372,0.028912356178979248,0.023710017837785258,0.024755130450971552,1.7278157472610474,0.009017068505105752,0.8303571428571429,16.070152282714844,0.9489942180879825,0.05437571922123141,0.015196208895768226,0.0230670926665086
765,0.04822852090001106,0.031587002209418236,0.8482142857142857,1.6614933013916016,0.8918183624389134,0.04060596122859883,0.028197290824857113,0.0306901040756088,2.8826708793640137,0.023856101890157744,0.8363095238095238,13.163152694702148,0.9122624002929901,0.011922329737697579,0.01944955162251305,0.01793738651172423
766,0.018208347260951996,0.01560704675226976,0.9122023809523809,2.016258955001831,0.9100997183197342,0.04050584910186039,0.017005058472272627,0.021726199446966597,1.1327887773513794,0.010300425293321425,0.8630952380952381,17.53164291381836,0.93585405901807,0.019485696193934476,0.014347171709073403,0.015379464574335673
767,0.007407291792333126,0.012797953168239506,0.8616071428571429,1.9418271780014038,0.8574005043063212,0.031165808938717343,0.01671192748793915,0.019615609029390125,0.09365971386432648,0.006335218652057106,0.8526785714285714,13.106366157531738,0.9634339501276058,0.014966275560169495,0.010877692585245513,0.011699059700743634
768,0.011498544365167618,0.013615440465661655,0.8824404761904762,1.3659861087799072,0.7686386330588627,0.03007635910501305,0.019259219033634034,0.021432305208687854,0.2450743317604065,0.01376928143197309,0.8258928571428571,8.229551315307617,0.9448973559836703,0.08711027934952909,0.02361280337283178,0.03636899274315043
769,0.00671431515365839,0.013061161091038609,0.9002976190476191,1.7571015357971191,0.9398066809402709,0.05266008566919711,0.016535190028685753,0.023792423527895627,0.052016742527484894,0.007360541529001008,0.8675595238095238,11.427398681640625,0.9098218368970449,0.05025623778220578,0.009324643909396135,0.01754750874991593
770,0.008441034704446793,0.01488318029466884,0.8720238095238095,2.4951553344726562,0.9213738452735247,0.04365461486373767,0.01646366144192224,0.02192612976326909,0.3032064437866211,0.011600917683836975,0.8586309523809523,23.67521095275879,0.8999889967614183,0.02102364138196633,0.007573733776957359,0.010275724144035053
771,0.011296967044472694,0.014405316488287245,0.8943452380952381,1.723646879196167,0.875513399648375,0.037174364317795305,0.015508809979760785,0.019861265092312362,0.09783026576042175,0.002874590262888499,0.8854166666666666,15.98494815826416,0.9604870416396012,0.011157925434248983,0.005978906285123653,0.007019334239189008
772,0.01130438968539238,0.022278883458979215,0.8511904761904762,1.6204603910446167,0.8860278584677238,0.04589703689935276,0.026855957234007133,0.030681174131063176,0.4382040500640869,0.012976113031646808,0.8690476190476191,23.478147506713867,0.9453819865541896,0.01600312680031335,0.01765188609124213,0.017320662126546617
773,0.013305816799402237,0.01379971533954627,0.875,1.4751709699630737,0.8923043320006174,0.050068453485827225,0.009612035965472776,0.017739441270901126,0.8891735076904297,0.009712449554793556,0.8616071428571429,10.687249183654785,0.784405045759285,0.03018893375504672,0.01587007403258789,0.018746630673260423
774,0.006734023801982403,0.012525631873738119,0.8854166666666666,1.4780280590057373,0.8415362755849692,0.05191838797456394,0.011786572065133005,0.019848767225509757,0.14394564926624298,0.007400701144381183,0.8988095238095238,13.314753532409668,0.9504984556970199,0.02792836580994551,0.007033928637664721,0.01123147181959613
775,0.006871580146253109,0.017188107439365274,0.8943452380952381,1.2281646728515625,0.9084839095696841,0.03418890887427284,0.013900992912980858,0.017976690315918982,0.2150445431470871,0.016907053349197176,0.8184523809523809,6.102054595947266,0.9967598685115839,0.05400408658437572,0.01333522410633059,0.02150530808629501
776,0.00554314348846674,0.009190485536889503,0.8735119047619048,1.9854841232299805,0.9297232645518488,0.05477677865415309,0.01066122665026581,0.01952372593676102,0.08950553089380264,0.003395246061533852,0.9047619047619048,18.069955825805664,0.91643189813231,0.03522403472700619,0.004074630591792694,0.010332323386813261
777,0.007730269804596901,0.010722640917301574,0.8898809523809523,1.8100366592407227,0.8834517376999683,0.037102415603142314,0.011219060709008244,0.01641884182613339,0.034002456814050674,0.007583594659537618,0.8511904761904762,13.546950340270996,0.9193051560322051,0.0755534933205555,0.009641853105150644,0.02288303082699537
778,0.004984099417924881,0.012242109294262615,0.8556547619047619,1.4212995767593384,0.8421850800643266,0.041858675572453596,0.01661205912058228,0.02168392403278857,0.021269334480166435,0.009213214297495886,0.8511904761904762,6.42392110824585,0.9005380929984161,0.09188430473014364,0.012827827367120737,0.028709708980228017
779,0.028325248509645462,0.02123191719726958,0.8854166666666666,1.8428575992584229,0.8546353671590495,0.031983421946516044,0.015037150776438857,0.018441535609713296,0.6733502745628357,0.013532704842985188,0.8556547619047619,10.290921211242676,0.9341090095422753,0.03485181217311184,0.008642846719183694,0.013908040671981762
780,0.010843120515346527,0.015838394372161058,0.8839285714285714,1.5472279787063599,0.8359806927900039,0.022910886472823022,0.01887289036198314,0.01968409493782151,0.11759550124406815,0.006755519260444043,0.8377976190476191,7.083756923675537,0.9673446211417709,0.02055175500455597,0.007393603863807052,0.010036982441189647
781,0.007397626992315054,0.015423188040729396,0.8779761904761905,1.2766350507736206,0.8178303907983768,0.03765124194482672,0.019912202251165412,0.023475848618195586,0.25804054737091064,0.011993275677789295,0.8229166666666666,7.337365627288818,0.9537174318900518,0.05379014471023624,0.008366083728079676,0.017491453121816485
782,0.005522624123841524,0.013893426122479902,0.8779761904761905,1.8160403966903687,0.8994610141867692,0.03705079983135828,0.019461202929128785,0.022994827306808817,0.08281229436397552,0.010030123039139194,0.8154761904761905,10.83559799194336,0.8730102380360854,0.0458543699289653,0.006348004861105649,0.014284551414916741
783,0.004805664531886578,0.009254326060245455,0.8898809523809523,1.6883796453475952,0.8741497809899144,0.037110346035901576,0.012448006700074177,0.017402494513075215,0.039848536252975464,0.0029740666430750906,0.8139880952380952,11.08984661102295,0.943839428815279,0.024038107589779423,0.003858885037356874,0.007912746710834619
784,0.004955536685883999,0.024070734386514636,0.8511904761904762,0.6036726236343384,0.35233961983987505,0.06187609386926318,0.017575015787229753,0.026474785937638252,0.23560985922813416,0.02825100242666867,0.8244047619047619,5.070754051208496,0.9935820454602908,0.02435575962398151,0.0357435547271151,0.03345582803228916
785,0.005663852673023939,0.012631050293652968,0.8630952380952381,1.2678358554840088,0.8101737810171982,0.050466812649228365,0.014289521140172012,0.02155728059511637,0.024560313671827316,0.00549318438951929,0.8199404761904762,6.097365856170654,0.9410479268621699,0.0636319471057164,0.00814957296107266,0.019295585624059124
786,0.013713746331632137,0.01455268288413225,0.8616071428571429,2.2510414123535156,0.8399996135546807,0.028580917823365692,0.018987030011843764,0.020914373545408434,0.24535958468914032,0.00800661371348177,0.8407738095238095,10.975540161132812,0.9633908318017624,0.03981869532039539,0.01615169304019559,0.020906224748271446
787,0.03193944692611694,0.02505746822878796,0.8497023809523809,1.6547682285308838,0.8641381192102912,0.07004546798197442,0.019221585670359365,0.029431740599032034,1.0691226720809937,0.037266959109756526,0.8184523809523809,7.970713138580322,0.8918101315549631,0.08183908184584698,0.03266035425907521,0.042540009354632036
788,0.03357641398906708,0.016992156070818942,0.8511904761904762,1.8532371520996094,0.8884404981074511,0.04979707067787886,0.02338737914015321,0.028692897529428454,3.966613531112671,0.011769047519507247,0.8497023809523809,18.845502853393555,0.9308661745038255,0.049165335591476955,0.020526403354574674,0.02627976027716665
789,0.01277010515332222,0.02076107692099427,0.8377976190476191,1.2501425743103027,0.866286606729482,0.033200890235855596,0.03169646478110677,0.031998693109069706,0.3866770267486572,0.012626147798696308,0.8110119047619048,9.664029121398926,0.962714910248885,0.04154263945984049,0.015878501389180788,0.02103424341230439
790,0.012561919167637825,0.013117166092599941,0.8705357142857143,1.640395164489746,0.8565994244566728,0.04924414413000022,0.01595167146197629,0.0226398914176061,0.7252563238143921,0.0054812866774515134,0.8526785714285714,14.613715171813965,0.9147480566320674,0.07268002258005812,0.0036670377813295962,0.017531253477502735
791,0.016038259491324425,0.017190064869796462,0.8467261904761905,1.9692331552505493,0.8332496152136086,0.023625791934005713,0.023060379510763562,0.023173966827932744,0.14721257984638214,0.013130357105004986,0.8050595238095238,9.628546714782715,0.8539281254891349,0.019102949107624667,0.021630935978314447,0.021123081473041948
792,0.0024893416557461023,0.01885521916333277,0.8735119047619048,0.4972333610057831,0.3917931057238662,0.041762861010002705,0.022908018398886343,0.0266958216020124,0.035848867148160934,0.008489008329442549,0.8779761904761905,6.02195405960083,0.9401763804165385,0.018884731119877318,0.018566982429195078,0.018630815871519633
793,0.019601061940193176,0.019671084197456112,0.8839285714285714,1.5769753456115723,0.904635960548038,0.03192359416941293,0.020532890483064947,0.02282120149148307,0.16164694726467133,0.01184705786025253,0.8601190476190477,7.346610069274902,0.9264917033506919,0.01909305633334124,0.014808221086376028,0.01566901388152529
794,0.002360730431973934,0.01747741721578977,0.8660714285714286,0.4761207401752472,0.309025093262261,0.055321515652334785,0.014628655618735942,0.022803560536199998,0.21283219754695892,0.004534776503864579,0.8482142857142857,12.55007553100586,0.8868333182500724,0.024782128660813307,0.004474405875566578,0.008554082327959895
795,0.04873871058225632,0.023267564378706806,0.8913690476190477,2.048391342163086,0.8626657815832374,0.02770243723630217,0.030736387856739045,0.030126888848169137,3.138106346130371,0.01857345096985119,0.8764880952380952,17.81635284423828,0.9063234973124441,0.05794604700318673,0.022818398278101615,0.029875291995194606
796,0.01793733984231949,0.019723450773097784,0.8645833333333334,1.8542836904525757,0.8855930433981909,0.03100155671877103,0.023310695376279278,0.024855734485261995,0.45612379908561707,0.012278927200363388,0.8199404761904762,14.027037620544434,0.8829315658626629,0.024304954710154036,0.011749420902771979,0.014271737962290695
797,0.039457231760025024,0.027020669411442988,0.8735119047619048,1.8059577941894531,0.8799281793514186,0.050592312410685625,0.02578682496547502,0.030770070211164652,2.4959769248962402,0.024031555238681168,0.8095238095238095,12.2484769821167,0.9729415974369422,0.044117671933250446,0.01374467179162997,0.019846390570080513
798,0.009486943483352661,0.012077154132346779,0.8928571428571429,1.4769349098205566,0.8861022158331854,0.01802599664593907,0.0132610477663615,0.014218291960919494,0.22232700884342194,0.005689603675574917,0.8333333333333334,9.412763595581055,0.9522252441148648,0.01859127660305193,0.007530332675863782,0.009752397304093543
799,0.009991067461669445,0.02268470110986276,0.8601190476190477,1.38380765914917,0.8256313891134736,0.04883153296138398,0.02715478939225635,0.031509492341411455,0.27659863233566284,0.020036697075791476,0.8035714285714286,7.04782247543335,0.9695299598092356,0.028546100703227828,0.02448350214677586,0.025299649178205947
800,0.006586792878806591,0.01299684020033709,0.8333333333333334,1.452551245689392,0.8431526125988722,0.03428464148657473,0.017538583775521643,0.020902747154974272,0.020943397656083107,0.01448253132383781,0.8333333333333334,8.049806594848633,0.9535140710311905,0.04435444697439228,0.02034505677549403,0.025168371770808412
801,0.030088350176811218,0.01671683115926026,0.8913690476190477,2.064460515975952,0.9218271813883185,0.026585341600913637,0.028561977373074532,0.028164885365274353,0.7052185535430908,0.01152295197148867,0.7901785714285714,12.374456405639648,0.8773777051479577,0.01692884375950532,0.019170008302916375,0.01871977435446326
802,0.011116127483546734,0.016416857745824798,0.8690476190476191,1.5387846231460571,0.8139200364342022,0.04336285686538599,0.02372904385413166,0.027673336646571144,0.1760435849428177,0.006941798089338813,0.8497023809523809,8.444479942321777,0.979338613639753,0.02210077024065471,0.011180191305944831,0.013374057609792798
803,0.0037174634635448456,0.019703277541115227,0.8497023809523809,0.6012545824050903,0.3246791957829147,0.03774512708030442,0.021790232457619796,0.024995456823784117,0.023269226774573326,0.016397438239259765,0.8125,3.253364086151123,0.9779736940055724,0.028563170888227685,0.03184806687055408,0.031188154731247444
804,0.007048299536108971,0.013547028330132438,0.8467261904761905,1.5937585830688477,0.88398559647422,0.03592613139801004,0.021346156266513483,0.024275169127751628,0.025682145729660988,0.007909552320123803,0.8318452380952381,6.516376972198486,0.8979345929836624,0.021091867375414575,0.016112314371820813,0.01711267100200706
805,0.010443427599966526,0.01735111745875062,0.8482142857142857,1.482652187347412,0.7860086975094964,0.06861560200024108,0.016434639461662015,0.02691742211450156,0.20477727055549622,0.02669838211456388,0.8377976190476191,6.725540637969971,0.9760270881122934,0.10147032615951457,0.02465261873521296,0.04008474745884498
806,0.024522431194782257,0.019073775455258013,0.8660714285714286,1.7733203172683716,0.8867211005076396,0.035280516572926635,0.028629996780832778,0.029966038703351634,1.0989130735397339,0.012806316588263367,0.8556547619047619,15.603116989135742,0.9411520186547953,0.04367388232499014,0.02018612962448163,0.024904651372351642
807,0.011951804161071777,0.0175366726674252,0.8779761904761905,1.2104802131652832,0.9085460649938866,0.02745113573187974,0.02260147668542989,0.023575738547439905,0.028720928356051445,0.022681191614019047,0.7723214285714286,7.768953323364258,0.9977911144837138,0.01564284811737182,0.032659707306835095,0.029241141844666134
808,0.0026995260268449783,0.01830589807328753,0.8363095238095238,0.5460075736045837,0.37183500526564395,0.0548612589412345,0.01931172357366362,0.026453371303755985,0.4968603551387787,0.025841000341745746,0.7991071428571429,6.466936111450195,0.9705614898846107,0.045754154281011705,0.039024794489130654,0.040376674804463906
809,0.004648531787097454,0.02297369242374947,0.8258928571428571,0.6440713405609131,0.5664148016349331,0.04730854219395997,0.024453356271709525,0.029044799872161624,0.01888658106327057,0.00842100045806582,0.84375,4.141829013824463,0.9772701594485057,0.033066852011529035,0.015936766469538677,0.01937807829717067
810,0.013568277470767498,0.021123879630184472,0.8705357142857143,1.346036672592163,0.8916989956042889,0.023059249639584833,0.028545555207954876,0.02744339560716625,0.18544626235961914,0.020385510804494134,0.8065476190476191,6.496675968170166,0.9378043872732393,0.026156678002346778,0.035596669083420296,0.033700242303740344
811,0.008790340274572372,0.016045350355564092,0.8511904761904762,1.513802170753479,0.8553980763183172,0.022446340017403532,0.023273001772365243,0.023106931330520258,0.05295320600271225,0.003620274237438381,0.8273809523809523,9.2537260055542,0.9393194826734086,0.009317929358866106,0.008059760614567923,0.008312517728377827
812,0.015039429068565369,0.02107395373619414,0.8571428571428571,1.9565898180007935,0.9162477333010516,0.02274994655384821,0.02187859233516487,0.022053641173739646,1.044893503189087,0.01691279335685847,0.8288690476190477,12.857852935791016,0.9314170556623033,0.027666256339405004,0.012249267024965538,0.01534643005688418
813,0.0044747828505933285,0.007619642939315052,0.9211309523809523,2.0241777896881104,0.9392507333615289,0.03938743640092013,0.008830400982007047,0.01496909113312798,0.24306908249855042,0.002789965413764972,0.8675595238095238,18.974388122558594,0.9138552314218044,0.03145176781120074,0.0033499563273015065,0.008995409527191977
814,0.05697391927242279,0.03533818800184041,0.8675595238095238,2.1060595512390137,0.8872086639966739,0.029611102879003814,0.03688332965708829,0.03542239124184811,4.227806091308594,0.042191914001233344,0.8333333333333334,18.48008155822754,0.9132523415690745,0.0399283261379737,0.043615991567686474,0.042875165923324535
815,0.0026946570724248886,0.018114812308029138,0.8690476190476191,0.5179718732833862,0.3128929901269927,0.058378143677520256,0.019213121654780396,0.02708109482899153,0.05908038094639778,0.02412109451026767,0.7991071428571429,4.146422386169434,0.9915304955415996,0.053857756065263995,0.0365103816164859,0.039995345233427924
816,0.019129039719700813,0.021305985124350335,0.8348214285714286,1.571468710899353,0.8354180476449437,0.017749337310563384,0.029992879623474966,0.027533239426684692,0.45486006140708923,0.014300842913882006,0.8125,8.827408790588379,0.9235777834730956,0.00795568796121815,0.018379090937178155,0.01628510373218619
817,0.029631126672029495,0.028509565034221418,0.8645833333333334,1.4725041389465332,0.8641735931668096,0.04407349972006114,0.026960613707846748,0.030398470272800533,0.8904027342796326,0.02713744507766258,0.7916666666666666,7.3373637199401855,0.8351875393447733,0.018957108753744345,0.032023013387990296,0.02939816647486053
818,0.013995079323649406,0.020401345450498543,0.8675595238095238,1.7991909980773926,0.880566753161636,0.027629355267204003,0.024328696719041032,0.024991775445234485,0.7889628410339355,0.015651751496697397,0.8110119047619048,14.761656761169434,0.9448420396932994,0.02221036990479186,0.02449373267275823,0.024035021402407843
819,0.002123389858752489,0.015948439418449922,0.8973214285714286,0.5125287175178528,0.3279520622848124,0.04584888349233762,0.01771528200708683,0.023367121591177393,0.10037115216255188,0.006540327514568012,0.8571428571428571,16.868419647216797,0.8806228681009807,0.016213765983679407,0.012121274595700449,0.012943426883464079
820,0.002175639383494854,0.01533249105795198,0.8556547619047619,0.584752082824707,0.21359686133896763,0.036909509048970834,0.01856042256796575,0.022246622977096238,0.2897617220878601,0.013868591595836421,0.8556547619047619,21.64991569519043,0.9218633833653529,0.02657511816186131,0.020312557467455195,0.021570661178384996
821,0.0070054791867733,0.009261345690975586,0.8883928571428571,2.192352056503296,0.8804898033558626,0.028523134457321908,0.013224748021631982,0.01629808458237326,0.07174427807331085,0.005529746012441716,0.8348214285714286,15.214621543884277,0.9328737126064114,0.01604238435197103,0.008642184433347633,0.010128831738428226
822,0.039414748549461365,0.044777126960656055,0.8288690476190477,1.698168396949768,0.9193462837865124,0.028321311877106514,0.026942718680984856,0.02721966820699144,3.1702470779418945,0.05802653376124489,0.8035714285714286,14.741820335388184,0.9523385724845559,0.03566479518559529,0.03522333535369648,0.03531202148064044
823,0.005887750070542097,0.012291803459875905,0.8958333333333334,2.174349784851074,0.9118500815338406,0.03910965120144616,0.018816880095345656,0.022893552862196204,0.05152278393507004,0.012304052936943699,0.8258928571428571,13.88378620147705,0.8184461132957229,0.030074847794125503,0.018856314538419294,0.021110037737110274
824,0.019727393984794617,0.027232781141316664,0.8541666666666666,1.1700228452682495,0.8597148898394205,0.0343577209297663,0.03831076499401975,0.037516626677540264,0.18589863181114197,0.01489497202932688,0.84375,7.752904891967773,0.9909527553694449,0.10726176195988768,0.02205486512221755,0.03917232207621378
825,0.005238577723503113,0.009303218633036847,0.8720238095238095,2.0569911003112793,0.8977025827645041,0.03728306028763284,0.013029160694569941,0.01790159588067633,0.03542577475309372,0.0039379435775441785,0.8422619047619048,13.617145538330078,0.9096487286973634,0.022796843802541433,0.0061084797890053055,0.009461052916724617
826,0.02125588245689869,0.015206753052100508,0.8869047619047619,2.023735284805298,0.9239823020485759,0.037204740333702024,0.014047930849237167,0.018699968468884127,1.7061851024627686,0.009086279817904996,0.8690476190476191,21.273916244506836,0.882390442563268,0.02377452786406653,0.010193454605977759,0.012921795215861665
827,0.030467534437775612,0.02980571957465694,0.8482142857142857,1.7894724607467651,0.8982840254566947,0.0549481295093156,0.023394848711241645,0.02973367744299757,2.125298261642456,0.029163651244457744,0.8467261904761905,16.507381439208984,0.9298742570019105,0.060339257209560127,0.025140410005971114,0.032211606988834976
828,0.017348850145936012,0.016381564048723707,0.9002976190476191,1.6688863039016724,0.8945533811643172,0.03965237664784982,0.013744073364212128,0.018948866434585772,0.8397340774536133,0.013181865518272606,0.8690476190476191,12.585131645202637,0.9402423655502212,0.041844285042811236,0.0033574316365816426,0.01108916557979741
829,0.05256398767232895,0.04520423508721694,0.8839285714285714,1.801815390586853,0.91943006291299,0.02053245259988301,0.048122343355394115,0.04257973137326019,2.776287078857422,0.060744991529450676,0.8839285714285714,12.064849853515625,0.9221896356251441,0.010777030284595757,0.0754306371017075,0.06244218930362701
830,0.009472543373703957,0.01240434610653196,0.8943452380952381,1.5594786405563354,0.8934206008252813,0.0274946316998691,0.01594604115065046,0.01826607050205599,0.0458228662610054,0.004305530453330597,0.8407738095238095,10.075286865234375,0.9122041334348673,0.024635344184717023,0.005442405746905243,0.009298129986644218
831,0.006869329605251551,0.014620572799725284,0.8333333333333334,1.3852638006210327,0.8798138946100469,0.0647809779056201,0.012928508175988007,0.02334529896988731,0.06735055148601532,0.005372472278188156,0.8095238095238095,10.809000015258789,0.9729802956162595,0.07858711237487148,0.004961770649027475,0.01975257590645149
832,0.013872217386960983,0.023366044389660057,0.8854166666666666,1.6821603775024414,0.8536129713424121,0.04046797829626547,0.029499660004942974,0.03170311680453901,0.3976622223854065,0.03132988579843288,0.84375,7.750572681427002,0.7699913504037282,0.0847976962692163,0.040117429755427425,0.049093376153286794
833,0.033182501792907715,0.0210435079742064,0.8571428571428571,2.1914141178131104,0.8830507281606684,0.0173632079519509,0.026391069621237273,0.02457743669660385,0.8959925174713135,0.02504127680155499,0.8601190476190477,11.031868934631348,0.9246369014163208,0.018501084825174208,0.030659561311711436,0.02821701023182673
834,0.01364905945956707,0.0162921039783408,0.8720238095238095,1.7346349954605103,0.770164341428781,0.027054565160004262,0.027119158137620003,0.02710618186979541,0.26491063833236694,0.011247768121169233,0.8125,9.067683219909668,0.9482764576343389,0.03562306360771861,0.019397354796113264,0.022656983798444698
835,0.008175618946552277,0.01386303456046667,0.9002976190476191,1.8152962923049927,0.8394272999251613,0.030204523225950686,0.023092479289473,0.02452123811599754,0.1250958889722824,0.006676941659911617,0.8571428571428571,10.117271423339844,0.8333458377790777,0.04402055158568852,0.0035651050307945464,0.011692315276197353
836,0.010170167312026024,0.018446975928299136,0.8556547619047619,1.3423337936401367,0.9005869132590731,0.042961267485891574,0.018281155643805946,0.023239213826367792,0.11817122995853424,0.013240853832202526,0.8244047619047619,7.063869953155518,0.9185341652000466,0.07531273203336031,0.012815693471599832,0.025370902111239216
837,0.026019111275672913,0.03240838438042193,0.8883928571428571,1.7267944812774658,0.8816393471633075,0.03638899048503841,0.026871568102852628,0.028783550277845304,0.9415161609649658,0.023180689838139368,0.8675595238095238,12.240612983703613,0.9443970584531538,0.0370726037619975,0.01816349664508754,0.02196220119982392
838,0.010963734239339828,0.01733798014254251,0.8839285714285714,1.6056755781173706,0.9122770440382507,0.02516934921922842,0.016590671392934686,0.018314066491966912,0.3994126319885254,0.01672322047728081,0.8526785714285714,11.72239875793457,0.9474484920312337,0.04873773645128865,0.01279170595013901,0.02001300672045925
839,0.01709963008761406,0.016682689223799896,0.8690476190476191,2.098128318786621,0.8974987772236155,0.037495032929538485,0.019028354145797288,0.02273817800860244,0.26219862699508667,0.009401262700269974,0.8452380952380952,13.346583366394043,0.9146027881919082,0.039105367345704134,0.011606306975075031,0.017130671781674628
840,0.009272981435060501,0.013706605150417328,0.8883928571428571,1.8996750116348267,0.8859205228610187,0.06870483363296487,0.012401952312737219,0.023712799006532954,0.028576157987117767,0.0023565638392269994,0.8645833333333334,16.431896209716797,0.9113574175338416,0.014859223444397718,0.002198568090811648,0.0047420033180945636
841,0.024505767971277237,0.023509811579027096,0.8556547619047619,1.8270992040634155,0.8165541894997047,0.07281879494655896,0.021752480040797995,0.03201133794597318,0.25150802731513977,0.00246360604014928,0.8854166666666666,16.915267944335938,0.9457052799961527,0.036143054466004854,0.003701051596302518,0.010218418244233791
842,0.0030297283083200455,0.01962004511681681,0.8422619047619048,0.5879542231559753,0.31194614267952697,0.08750359554554699,0.013585894721302894,0.028435432833316215,0.0157755259424448,0.007171884234084325,0.8139880952380952,5.097973346710205,0.9817810274773643,0.027177680006625904,0.016841075030806674,0.018917625137556075
843,0.00924360379576683,0.01832316182791016,0.8690476190476191,1.9502218961715698,0.8296467683249255,0.03884910968911193,0.02093712198873876,0.024535512374974443,0.34597110748291016,0.009965919691773517,0.8586309523809523,12.356045722961426,0.8982076751172715,0.04136303527704965,0.01213675864993835,0.018008108865206245
844,0.005913157016038895,0.012022228263759649,0.84375,1.1274585723876953,0.7808166740581469,0.03529397154672764,0.018012992579084175,0.021484617818119695,0.025138238444924355,0.00918288598972583,0.8348214285714286,7.789051532745361,0.9903709053142981,0.08607752669181745,0.012386704287690398,0.027190664145662354
845,0.05418248847126961,0.04591403970234109,0.8065476190476191,1.6775860786437988,0.8975456680383569,0.016609697065658735,0.05266389978058417,0.045420867985175035,1.8866400718688965,0.057035374549936235,0.7857142857142857,8.460997581481934,0.9036334215021636,0.02444165669836973,0.07523548234477284,0.06503136558545079
846,0.01468338631093502,0.0276185525750815,0.8184523809523809,0.9641611576080322,0.7882844058950541,0.07207729276065633,0.014037520328352926,0.025697296040199588,0.1515052318572998,0.029829533019585686,0.8065476190476191,4.078525066375732,0.9840029210043337,0.0412859153263434,0.04353896729854401,0.043086345250557274
847,0.046394966542720795,0.03937728162575416,0.8556547619047619,1.9428601264953613,0.8858045602330828,0.023658010532948914,0.031197509926231604,0.029682878351688206,0.7307907342910767,0.04750355310172061,0.8377976190476191,7.820770263671875,0.9037909474961975,0.03795917867668985,0.03425135460194406,0.034996229974102816
848,0.03404782712459564,0.025152624974677185,0.8482142857142857,1.8234776258468628,0.8859869694943243,0.03227629075761318,0.029278547923163534,0.02988077304615565,0.7735570669174194,0.01624134131867716,0.8407738095238095,10.077488899230957,0.9374196427025099,0.04607381655192211,0.02766483185780344,0.03136306539010406
849,0.006511546205729246,0.026773443478195325,0.8467261904761905,0.6661317944526672,0.48125581337599216,0.025189297465116778,0.03546435208533871,0.03340016700538341,0.05646952614188194,0.008407817134771789,0.8184523809523809,5.664091110229492,0.9951101480740029,0.03281571072831502,0.01681866196763837,0.020032354799024304
850,0.008370235562324524,0.011348060565433582,0.90625,1.5754575729370117,0.8563780728351615,0.03427127349921699,0.01925304326631605,0.022270098447032757,0.2075011432170868,0.006669143423643553,0.8303571428571429,7.961122035980225,0.9623111375953214,0.033120096688118106,0.013419405081332658,0.017377133305910092
851,0.0039220163598656654,0.010687963423006597,0.875,1.770634412765503,0.8296244244005513,0.04490929371884245,0.01256954330944171,0.019066368168473107,0.02283056452870369,0.004809780911811501,0.8497023809523809,8.828039169311523,0.8993739894185059,0.03782759303681438,0.005673716579948529,0.012133200689586758
852,0.16867753863334656,0.08838316185255879,0.8199404761904762,1.9775038957595825,0.8681797674531809,0.019040577625690558,0.0871873741338659,0.07349716947820567,6.3721923828125,0.11224501422239264,0.8273809523809523,11.286026954650879,0.9556722461634188,0.01170344736215223,0.11421858663737594,0.09362402740797833
853,0.021288227289915085,0.020449518651252552,0.8586309523809523,1.4005696773529053,0.8983052245997393,0.04326234162171394,0.013338838578852319,0.01935025660085577,1.2237311601638794,0.023790244536373018,0.8095238095238095,10.49880313873291,0.9942036987024901,0.08171643396031347,0.009808480248967189,0.024254274521335863
854,0.010895265266299248,0.01695795321407545,0.8497023809523809,1.3390549421310425,0.8931275128479406,0.03282398462310365,0.01976608277925751,0.02238932198895874,0.22682181000709534,0.01939028693796696,0.8541666666666666,5.170214653015137,0.9505405569239338,0.03818667225826511,0.013909396036984822,0.018786527420724165
855,0.013103829696774483,0.016428149264027248,0.8645833333333334,1.5162922143936157,0.8285367352085176,0.02811685038855627,0.018641046189647792,0.0205446675688928,0.10992377251386642,0.007770420137394596,0.8467261904761905,6.959832668304443,0.9697895679581251,0.03865438938496735,0.0086490190150591,0.014676883598299597
856,0.010156924836337566,0.01251127383818107,0.8720238095238095,1.7354683876037598,0.8937901982568278,0.0650155251979746,0.012764499369359195,0.02326135723671497,0.1454705148935318,0.0035108206764103977,0.8497023809523809,14.538412094116211,0.9365778943776484,0.03928145120446869,0.004997539274761209,0.01188493229635423
857,0.015764523297548294,0.017294591156372774,0.8333333333333334,1.6999294757843018,0.8649282112876225,0.03690563983785733,0.018479108394841348,0.022180866943661524,0.28694236278533936,0.0056565143072496715,0.8199404761904762,11.461211204528809,0.939838451019304,0.024194300643341826,0.007717108224952196,0.011027258487575112
858,0.01615937054157257,0.02801218767983249,0.8660714285714286,1.2972396612167358,0.9287446272555773,0.02449777633214789,0.03778437791566491,0.03511519456183337,0.1666036695241928,0.03991914301548727,0.7872023809523809,4.668699741363525,0.9870029179972839,0.06318051832212168,0.04588007083374579,0.04935560715953559
859,0.02868179976940155,0.0282897744666879,0.8898809523809523,2.0957791805267334,0.8590894800876286,0.05954663669409599,0.030556973961302525,0.03638079013530121,0.4276527762413025,0.022891133009084186,0.8601190476190477,7.81199836730957,0.9410799759723664,0.037781846064832036,0.03233480396769084,0.03342907581756295
860,0.015184405259788036,0.013063175760589463,0.8764880952380952,1.6085506677627563,0.8577024719122196,0.052381998205876856,0.014180270743376577,0.02185472492111101,0.46905791759490967,0.014137902761093057,0.8050595238095238,7.991146087646484,0.9219245800117101,0.1990648696674694,0.012762843227905551,0.05018958961085364
861,0.033968448638916016,0.02956178762973527,0.8333333333333334,1.9065332412719727,0.9202798983924819,0.0308446303640042,0.025306564214142013,0.026419122146033966,0.33080679178237915,0.025357834327160655,0.8318452380952381,7.093109607696533,0.9388585733527537,0.04036687849107967,0.021706298615094988,0.025455075822324053
862,0.005122269503772259,0.01272167648309419,0.9002976190476191,1.8548582792282104,0.9073867599073764,0.0404690079749751,0.013328184073868155,0.018780581732572677,0.06309474259614944,0.012120900261867407,0.8601190476190477,7.808115005493164,0.9583780453288823,0.0609395496041909,0.010184003516837348,0.020380430186171767
863,0.0023347234819084406,0.01726182778620511,0.8571428571428571,0.5112715363502502,0.4941871714716081,0.03067930737998903,0.02203799504356274,0.02377397296829124,0.04268816113471985,0.012476499257343177,0.8110119047619048,6.115182399749756,0.8267231746833397,0.05085696014632013,0.015583324019498801,0.022669545562833442
864,0.03845745325088501,0.030352084697038872,0.8482142857142857,1.6315157413482666,0.8670801322441151,0.07509795856141,0.01577937517137229,0.027696054870263793,1.275712490081787,0.04931201925076312,0.8363095238095238,6.811972618103027,0.9074460545297915,0.0867572942590158,0.03211039654138603,0.043088567957874156
865,0.0030677036847919226,0.018476878921106388,0.8497023809523809,0.5719537138938904,0.28451158655158176,0.07101177142626247,0.01650682382082591,0.027456478473703787,0.058681998401880264,0.016179182559994842,0.8333333333333334,5.505800724029541,0.9398467080315644,0.030491651119543883,0.025072228884661096,0.026160952101490227
866,0.014344237744808197,0.017557012906380454,0.8839285714285714,1.8578996658325195,0.8924241435318768,0.04400792658100505,0.020552297203240144,0.02526436560502327,0.022674325853586197,0.002825633523726445,0.8035714285714286,9.883428573608398,0.9397208222429481,0.1515297464192571,0.005493067022334985,0.034830792794038085
867,0.0036469600163400173,0.023110206440470127,0.8422619047619048,0.5770953893661499,0.6180130894779806,0.05247818717926134,0.024763357230421335,0.03033106860407223,0.3980366289615631,0.01303412448241481,0.8467261904761905,8.63644027709961,0.9072927801203727,0.03205540824168007,0.025261993893893275,0.026626742311975444
868,0.002216325607150793,0.013056549442003185,0.8630952380952381,0.5777894258499146,0.28291547623638147,0.023416514079488526,0.018994646110456426,0.01988296780066377,1.0435678958892822,0.011391056759246121,0.8377976190476191,12.378365516662598,0.9198230901091072,0.05569649940878285,0.01305060089766763,0.021617857294989884
869,0.02393173798918724,0.01806622574504313,0.8392857142857143,1.8163591623306274,0.9017694976084785,0.022362965219521524,0.016365942943063594,0.017570701882530588,1.4083991050720215,0.013927649783511908,0.8452380952380952,15.497958183288574,0.9027973849266384,0.016708169308469634,0.016749850404964794,0.016741476970401032
870,0.019147463142871857,0.029031596439210827,0.8035714285714286,1.3140698671340942,0.8393138181225109,0.031073532969571493,0.04187962394897027,0.0397087574575732,0.4023556411266327,0.02916431947431264,0.8169642857142857,7.984243869781494,0.9675529866380207,0.044085390531519386,0.03945686273264559,0.04038670090652648
871,0.0033169889356940985,0.020572828447241176,0.8050595238095238,0.536306619644165,0.485113739645209,0.051761333881124805,0.021304049547837378,0.02742270041836387,0.3235940933227539,0.003947120836103157,0.8244047619047619,12.468884468078613,0.9195121043178125,0.060265943334049665,0.009171389474431968,0.019435920383730168
872,0.0032315747812390327,0.02014836148747534,0.8616071428571429,0.5692302584648132,0.232047778851671,0.05133562697855898,0.018707898424330294,0.025262576035670878,0.44411739706993103,0.011119942071421529,0.84375,12.785669326782227,0.9459656720804026,0.035572587667510036,0.007411118510726178,0.013068556510972934
873,0.004641524516046047,0.01848191463405069,0.8482142857142857,0.9561960697174072,0.8958041231724443,0.03295382849805939,0.02711349954319886,0.028286779913594944,0.04835338145494461,0.02904711601415222,0.7797619047619048,4.225129127502441,0.9893841874572706,0.07344568511883909,0.04158798015224485,0.04798796552499816
874,0.006888594478368759,0.016025999605759234,0.8630952380952381,1.3527899980545044,0.8901692031740313,0.02336381653490993,0.025320367412750566,0.024927310316755796,0.06288523972034454,0.013763772946453035,0.8110119047619048,5.031147480010986,0.8759226867988095,0.02134991369279937,0.023255235574531463,0.022872470017933497
875,0.018004022538661957,0.013271554870295077,0.8869047619047619,1.9394617080688477,0.917314423981841,0.03460392404540669,0.015211247429523178,0.01910709764253549,0.4161674380302429,0.009715257244659492,0.8720238095238095,9.42089557647705,0.8616140970830195,0.03778813580457108,0.019900091504309714,0.023493671832487222
876,0.013402041047811508,0.03014554855972884,0.8125,1.6266924142837524,0.878287514753451,0.04161909360583815,0.03263803875253857,0.03444226852217464,0.024808362126350403,0.015262525912232427,0.8214285714285714,6.926025867462158,0.9613671412108044,0.0610115893382156,0.020687355723385314,0.028788206226364615
877,0.007011039182543755,0.012439911895846256,0.8735119047619048,1.79561448097229,0.8064527361032586,0.05091881181346902,0.017021163931498995,0.023830959264930476,0.07611913979053497,0.008854751731968036,0.8303571428571429,6.401136875152588,0.938054604621821,0.022745270147431107,0.018076281339294842,0.01901424784092936
878,0.007771966978907585,0.011786519927362682,0.8601190476190477,1.479506254196167,0.8393687955320877,0.04511353272579699,0.01449888288233947,0.020649147359819778,0.02467801421880722,0.01715911278988569,0.8377976190476191,7.364277362823486,0.9443586523598163,0.02769022782231856,0.02271386138194753,0.0237135778543435
879,0.003183036809787154,0.021367222624007476,0.8244047619047619,0.5332103967666626,0.28268297367115985,0.07252662588525716,0.01690047275634632,0.0280753695902793,0.023307472467422485,0.030426761841814365,0.7827380952380952,3.1034741401672363,0.8189068658951165,0.053490525574514725,0.0492232622337867,0.05008052495848653
880,0.04629237949848175,0.027736356876708945,0.8526785714285714,1.9713630676269531,0.8958227115507895,0.023698454272013003,0.02644178488774973,0.025890669362266906,1.5580623149871826,0.02777994441281284,0.8377976190476191,13.136909484863281,0.8687057372497864,0.03526373837399821,0.014821793122640092,0.018928433909743286
881,0.02978065423667431,0.0337406990572815,0.8556547619047619,1.3356198072433472,0.8397423492611223,0.043860738497742635,0.03222634847590078,0.03456361432850293,1.185657262802124,0.04076581819896141,0.8229166666666666,9.426440238952637,0.956593493442486,0.07906548018349524,0.044242585692549574,0.05123825646081991
882,0.005450023338198662,0.015654234726006466,0.8586309523809523,1.1890357732772827,0.8504249690408009,0.06688753560612326,0.01731860017992759,0.027276645243225827,0.028221361339092255,0.022027782129945384,0.8125,4.799635887145996,0.9283483621664791,0.03775665961637886,0.028574047320606644,0.030418768540739455
883,0.02668508142232895,0.021180036235906696,0.8541666666666666,1.5888763666152954,0.9115504688728094,0.03538107099475385,0.033453805636370015,0.0338409794806882,0.25268280506134033,0.014913486775139373,0.8139880952380952,5.547628879547119,0.8645951587688325,0.011056825478925947,0.022421300926672938,0.02013825898404519
884,0.03134090453386307,0.02021171990631121,0.8824404761904762,1.9378732442855835,0.9301424435951655,0.02003843812915551,0.019122681817046572,0.01930665071903274,2.575399398803711,0.018606321498037537,0.8541666666666666,16.867351531982422,0.9182852135015667,0.08192484746792883,0.01789358753860537,0.030757010292264103
885,0.003937971778213978,0.024138211326794612,0.8303571428571429,0.5443958640098572,0.42564865347480246,0.04551894359830866,0.02936109634195838,0.03260709244256447,0.35545313358306885,0.010954143506511027,0.8288690476190477,7.8527374267578125,0.9079563448981383,0.022605013212477987,0.01973817368537767,0.02031410126894693
886,0.017688941210508347,0.020559370365364704,0.8467261904761905,1.7762912511825562,0.9021501915218056,0.0946193071845226,0.013741275464048353,0.029989094336465055,1.0113799571990967,0.029879740031861446,0.8110119047619048,10.011070251464844,0.9171625186871579,0.0676547595111241,0.02243711802580095,0.031521019217048904
887,0.02641976624727249,0.0242371446417875,0.8258928571428571,2.187701463699341,0.9207691715227543,0.04419631307077987,0.023586127320154304,0.02772656642184248,2.908618927001953,0.02789487867346052,0.8571428571428571,22.005237579345703,0.9150602084869942,0.018423422421500857,0.026440976135915784,0.02483030686293064
888,0.012910192832350731,0.01720025664034952,0.8422619047619048,1.9304025173187256,0.8838058699556427,0.04863115187140754,0.022086890914481017,0.027419443338863574,0.10424887388944626,0.0041096407124556755,0.8794642857142857,13.55386734008789,0.9469224253814528,0.037003625718310285,0.004369701787713565,0.010925624005913799
889,0.036407679319381714,0.03220458465030207,0.8184523809523809,1.6641343832015991,0.7942108832516214,0.02401337896790401,0.04238202452420725,0.03869189483655704,0.4954312741756439,0.015748248044100355,0.8616071428571429,11.25370979309082,0.9300942431709858,0.013262524196739234,0.02632227315140312,0.02369866287033225
890,0.010611005127429962,0.01690416146323248,0.8779761904761905,1.8143913745880127,0.8978373201166269,0.026509154045989747,0.01819381310697088,0.01986430570632735,0.07221337407827377,0.006122037730053154,0.8586309523809523,13.019248962402344,0.9457165168002278,0.018144042353214762,0.010058400721974614,0.011682748371107679
891,0.006664847955107689,0.014022975135253746,0.8660714285714286,1.4588583707809448,0.8913682746726534,0.02462119276045338,0.02145367100748663,0.022090003502502273,0.20936140418052673,0.006085967244984447,0.8690476190476191,11.113612174987793,0.9521459498698742,0.026779490029257502,0.008113856479004533,0.011863648933296425
892,0.0018242172664031386,0.01414563640568145,0.8497023809523809,0.5502243638038635,0.43048430894219913,0.057509492271426876,0.012558631502642581,0.021588938353514425,0.7541929483413696,0.025914962870472902,0.8288690476190477,7.8434014320373535,0.9515162352302631,0.016772961488945692,0.02756968104029134,0.02540069720185137
893,0.0024734169710427523,0.016923059181722433,0.8229166666666666,0.5251082181930542,0.19230514299336748,0.040822563658091116,0.018863210436002587,0.023274687645797158,6.311532020568848,0.04667045778624013,0.8571428571428571,17.468564987182617,0.9052377180715733,0.03781049778085532,0.04814320840804942,0.046067440648122036
894,0.013767298310995102,0.013972582347755558,0.8764880952380952,1.9835970401763916,0.9043262642752792,0.049887679930685325,0.02254375171870804,0.02803695158272133,0.2031637579202652,0.005412749874670109,0.8660714285714286,15.106565475463867,0.9090603206685164,0.0798548640087029,0.005821952320112511,0.02069463547183826
895,0.00685065146535635,0.009262628752335522,0.9196428571428571,1.6219068765640259,0.8449601463093478,0.04102019517127853,0.012100050813918295,0.017909901242852272,0.07390067726373672,0.0036863477977507886,0.8794642857142857,13.361005783081055,0.9450633832106995,0.018665551298436278,0.005111768029218977,0.007834626275267095
896,0.014943540096282959,0.0169523275177188,0.8660714285714286,1.9237830638885498,0.8829844145374477,0.02614627813933368,0.020820181575119667,0.021890156331323376,1.0055911540985107,0.012451140870467392,0.8556547619047619,15.170178413391113,0.8776296151611557,0.013875466445340101,0.014720510969744915,0.014550747560824306
897,0.005815746728330851,0.010347176013180026,0.875,1.8646901845932007,0.9124909919893737,0.04660472638652202,0.015110537774527755,0.021437495308187317,0.25728505849838257,0.007761097077135903,0.8377976190476191,12.429261207580566,0.923280985117487,0.06450951638305946,0.010566366977364905,0.0214031603847589
898,0.03568700700998306,0.021010875234232285,0.8497023809523809,1.866491436958313,0.8458086373836975,0.06888078985312596,0.013098932510634542,0.024305109208902904,1.7511636018753052,0.024682197033570552,0.8035714285714286,11.559693336486816,0.8860822743712793,0.12004864784385783,0.009978364498122394,0.032090698205971026
899,0.03252650424838066,0.0238531702692234,0.8422619047619048,1.746459722518921,0.8883685188671205,0.029802812177279425,0.023775749885015962,0.02498654364908675,0.9638419151306152,0.01819963078916187,0.8154761904761905,10.764663696289062,0.9547554512424415,0.02053931916026064,0.011558106585810246,0.01336236804049894
900,0.005976259708404541,0.01119545610000483,0.9047619047619048,1.8932151794433594,0.9166893055224806,0.03905525985216973,0.014523542785736088,0.019451789517832135,0.051064543426036835,0.0071126569778616755,0.8452380952380952,10.376386642456055,0.9546712241547572,0.06907482794956665,0.00726580464623805,0.019682795934853173
901,0.007235929369926453,0.01609606710768874,0.8660714285714286,1.2489699125289917,0.8213237853656955,0.022580780018440105,0.02339108992033523,0.023228304448972368,0.029705462977290154,0.008641406390293427,0.84375,6.821465015411377,0.9793473536450552,0.05478585561151639,0.010556168984886427,0.019441597101843337
902,0.012745295651257038,0.01303943557924847,0.8660714285714286,1.7190537452697754,0.9080288284823992,0.054960374991187555,0.014430562074793207,0.02257271199103314,0.153813436627388,0.007533176674078601,0.8273809523809523,11.43649959564209,0.9570879458701991,0.03419078954631405,0.008111897141447999,0.013350960347782695
903,0.003446050686761737,0.022039911984951033,0.8809523809523809,0.5246090292930603,0.2600392866026024,0.054772201415884236,0.022297639027220373,0.028821546649943023,0.023348191753029823,0.01419632207182564,0.8184523809523809,6.630356311798096,0.9563928752300092,0.07513812957461241,0.016926363047778503,0.0286206911446871
904,0.03846246749162674,0.026049229173430666,0.8348214285714286,1.7076627016067505,0.8700997722189198,0.0921820215448983,0.01595080869981913,0.031265114851732355,1.2275880575180054,0.03988297733134538,0.7738095238095238,8.371665954589844,0.9567694318043096,0.1888226324712361,0.029686107694431474,0.06165549883262883
905,0.006200428120791912,0.01723296350226422,0.8526785714285714,1.780786156654358,0.9163296569973391,0.04111843377330093,0.019805838007772136,0.024087386264239976,0.06989218294620514,0.009161894113641433,0.8571428571428571,10.78251838684082,0.919959259392646,0.029514352526247234,0.01184925627181832,0.015398047930074129
906,0.045468125492334366,0.031016929636891732,0.8526785714285714,1.876699686050415,0.9056572770459296,0.04966230764026003,0.021332444996889466,0.027023712045780874,2.2136881351470947,0.04258532277684779,0.8154761904761905,10.536792755126953,0.9144568933589116,0.01251592004259472,0.029926204522889743,0.02642860272997333
907,0.010459096170961857,0.014311582062718431,0.8824404761904762,1.6923809051513672,0.8645854148261661,0.04772791441592139,0.020453600365923363,0.025932815242039036,0.06456459313631058,0.004829580130483846,0.8363095238095238,9.187227249145508,0.9377890448322251,0.016794989127747684,0.007425309518186873,0.009307611225464715
908,0.005286744795739651,0.018381064283768844,0.8303571428571429,0.937724232673645,0.7712468982024964,0.06567415447244529,0.020363702702223874,0.029466248816777278,0.06795790791511536,0.01662456773823573,0.8050595238095238,4.161593914031982,0.9683229113408104,0.04173898496220285,0.018419219045817115,0.02310399344866246
909,0.015115940943360329,0.015666127388081375,0.8630952380952381,1.7454246282577515,0.8900516466497778,0.03185077546746984,0.017333173481284048,0.020249656023151725,1.1243224143981934,0.008186834375934593,0.8467261904761905,14.430983543395996,0.9460867221281463,0.036681615950671986,0.01030071179585157,0.015600447005525315
910,0.03238346427679062,0.043541302090688405,0.8541666666666666,1.2700549364089966,0.9203220265576105,0.018286672585722252,0.04538678979499444,0.039942569819917444,0.2581326961517334,0.050179474241395905,0.8214285714285714,6.107746601104736,0.9827458031059901,0.02352453495141238,0.07900570063386403,0.06785993074230008
911,0.0035663084127008915,0.021116949246610672,0.8333333333333334,0.5383096933364868,0.22488358400461753,0.048553364091421636,0.01941534934247846,0.02526896837686437,0.43796011805534363,0.010802067041888685,0.8363095238095238,7.350207805633545,0.9204803700836377,0.03959003838696906,0.013997805867008495,0.019139102578607715
912,0.052775390446186066,0.03705044427250581,0.8407738095238095,1.707774043083191,0.9049768277090181,0.027414747917652305,0.03680237851058166,0.03491647057896639,1.2608429193496704,0.041905218162871294,0.8035714285714286,8.256815910339355,0.8904250520497308,0.013517507003485751,0.05242930085439934,0.04461219941113545
913,0.020969152450561523,0.01976720890802597,0.8854166666666666,1.7238993644714355,0.8257348485371451,0.048699708953365506,0.013524811597687147,0.020591197227176103,0.2965388298034668,0.009940503209626361,0.8913690476190477,8.769377708435059,0.9108858425569623,0.045687761594199294,0.009248739615234314,0.01656907885207996
914,0.011678531765937805,0.014618434273083958,0.8854166666666666,1.485975980758667,0.8891805285766177,0.03959151764979141,0.01356816628666735,0.018796071694437807,0.2355894297361374,0.009997984374523705,0.8839285714285714,9.856091499328613,0.9324099084331208,0.02292623194083787,0.010313911261364161,0.012847636397865575
915,0.007813630625605583,0.014356143994136317,0.8735119047619048,1.8997341394424438,0.9020612346233248,0.04470736483972404,0.018138925765125324,0.023476335400647388,0.036978237330913544,0.002745265856478496,0.8497023809523809,11.419907569885254,0.9387434778355245,0.034283410463943675,0.004138496888259624,0.010194394704803295
916,0.03415496647357941,0.024139392154983175,0.8556547619047619,1.680374026298523,0.8860308700866754,0.034083704155928984,0.0251464702275197,0.026941896686351923,0.9047195911407471,0.01836324164587433,0.8363095238095238,9.6672945022583,0.9347612507665134,0.025508446719632483,0.017752968613469533,0.019310988768725484
917,0.03642623499035835,0.03279508084091454,0.8497023809523809,1.6676387786865234,0.8996884835900348,0.03856455566467698,0.036702843521298045,0.03707684819295899,1.3024351596832275,0.049463657819184714,0.8244047619047619,8.719050407409668,0.8854702310751976,0.02172512309372887,0.06522606429509625,0.05648703592875013
918,0.024804964661598206,0.020800988288653177,0.8645833333333334,1.6871551275253296,0.8713032268205795,0.04494898254297308,0.020442150652906332,0.02536539813082153,0.7689584493637085,0.020119567808111527,0.7544642857142857,9.191583633422852,0.9368496104491253,0.10548987392738096,0.01900044488975139,0.03637555340177519
919,0.005741498898714781,0.010064376198702596,0.8913690476190477,1.96144437789917,0.9304476830089234,0.03249578519358065,0.012938008609564955,0.016867026226889535,0.06211526319384575,0.0033885653696021922,0.84375,13.226884841918945,0.9532874552573488,0.03374688556087602,0.004705053949889737,0.010539350478882516
920,0.02463984116911888,0.024898968288312062,0.8333333333333334,1.5620583295822144,0.8720947007827012,0.07933345037981798,0.020899162204989663,0.03263819331154,1.133644461631775,0.026260304822598335,0.8005952380952381,10.032368659973145,0.9717404288470697,0.10087530501087905,0.021619646595532505,0.037541542259329805
921,0.007109717931598425,0.015524182129326491,0.8541666666666666,1.2765260934829712,0.8423202089700392,0.04038961932036933,0.019569913068899325,0.02375244334263214,0.05938228219747543,0.012487191048549784,0.8199404761904762,7.981276988983154,0.9837807089806121,0.0629466143857147,0.024747442961403077,0.03242138364932282
922,0.01022513210773468,0.0122266113024313,0.8764880952380952,1.516028881072998,0.9219918953344779,0.019442214233069133,0.017844853199429966,0.018165751621366404,0.22654953598976135,0.007938793420711798,0.7976190476190477,8.780107498168945,0.958918056392442,0.007707730559642578,0.014135278408251795,0.012844029956522264
923,0.026228249073028564,0.021124961287051547,0.8675595238095238,1.9036729335784912,0.7863645141625245,0.07691539258578473,0.017543468705269794,0.02947086412769467,0.8492920398712158,0.02635380085975425,0.8735119047619048,10.57345962524414,0.9421527554824464,0.029139111867644507,0.021625224421954914,0.02313471073916934
924,0.018834766000509262,0.01604545944272051,0.8645833333333334,2.0171542167663574,0.9142400928876699,0.04927076256603036,0.017750099921820528,0.024082375899451967,0.6436046957969666,0.012106896885894058,0.8601190476190477,17.147180557250977,0.9184564906824491,0.032358202108669354,0.015037981136439837,0.01851748981389666
925,0.0020632073283195496,0.01584241404353226,0.8571428571428571,0.5137395262718201,0.26158957694973467,0.04429246369661399,0.016716581468088965,0.022256379237212295,0.04397302120923996,0.00958791613634613,0.8214285714285714,14.503487586975098,0.9622003787059787,0.10202646443547547,0.01693911958628802,0.034032559399740855
926,0.005118394270539284,0.010997626004802585,0.8660714285714286,1.825437068939209,0.8683466278354853,0.04045812427861084,0.014321215802231224,0.019571934022932485,0.024987610056996346,0.004649593477544678,0.8705357142857143,14.131062507629395,0.9556237938632134,0.05288356066813715,0.012183983032934775,0.02036023746857811
927,0.002971298061311245,0.019944848755774847,0.8244047619047619,0.5592576265335083,0.5463004865331361,0.05356857123003722,0.022648869387590476,0.028860416632724865,0.014289981685578823,0.006977889625450873,0.8779761904761905,16.4549503326416,0.9199514227652533,0.006726906687195555,0.013561300738422988,0.012188319790631761
928,0.028880344703793526,0.018602963422369778,0.8660714285714286,2.1130943298339844,0.9235071842710544,0.08434213839669646,0.014665354281913512,0.028662922519258303,1.970950722694397,0.012143447429459275,0.8779761904761905,17.05992889404297,0.9448290121155927,0.034920877425650865,0.010408930013872109,0.015333205163559807
929,0.010348210111260414,0.01348739933059917,0.8586309523809523,1.7663273811340332,0.933559245317956,0.03865653620416176,0.019869011439472617,0.023643290968093207,0.17224490642547607,0.008506835042964456,0.8645833333333334,9.005228996276855,0.9562523894623369,0.020672180464918144,0.013116588157091269,0.014634452683217204
930,0.04350098967552185,0.033925202158785805,0.9032738095238095,2.0589518547058105,0.934968812599783,0.028109199889335135,0.044245326292434495,0.04100369375609757,0.6376243829727173,0.03026503809488812,0.8273809523809523,8.570068359375,0.9374633954286977,0.022934378839521097,0.030271012411109743,0.028797135131103095
931,0.010918324813246727,0.01341726878124827,0.8809523809523809,1.8277530670166016,0.9155196804310953,0.04393833045750262,0.012598177705365088,0.018894190535035573,0.28879958391189575,0.0025636650621407853,0.8988095238095238,21.780656814575195,0.9309334026361255,0.017295045742191095,0.0017253943494759394,0.004853226102476752
932,0.0415162518620491,0.04172291581971721,0.8184523809523809,1.7694305181503296,0.8383696230981523,0.02130044912244,0.051948645066140164,0.04579164141673611,3.0834593772888184,0.06146323725593161,0.7961309523809523,15.278205871582031,0.9601838273446847,0.04973210383954341,0.08853908350596706,0.08074303848369445
933,0.01141718216240406,0.01228130349431844,0.8586309523809523,1.8052164316177368,0.898538575454065,0.04967812319997267,0.013340536249532131,0.020640497913683133,0.13528938591480255,0.0020471666008894385,0.8705357142857143,16.081619262695312,0.9526049135260557,0.10568144840195903,0.00155796770965555,0.022475631241591517
934,0.0025070474948734045,0.021514544747964548,0.8348214285714286,0.4494243860244751,0.1881134640884237,0.03801376752727115,0.025416719513866814,0.027947376480845363,0.09402500092983246,0.001887188415151675,0.8288690476190477,18.986400604248047,0.9168230873268699,0.025234905263425755,0.002455711689136608,0.0070318889696857675
935,0.00925364438444376,0.014575800707772313,0.8645833333333334,1.5038225650787354,0.9051300795136625,0.03305631859905822,0.02082062007963348,0.02327868451433934,0.2728539705276489,0.011905306578007369,0.8110119047619048,10.556117057800293,0.9819670329386456,0.017302443760336184,0.022656286269424508,0.02158073755108087
936,0.07677903026342392,0.04971816902700821,0.8095238095238095,1.7542030811309814,0.8803816108996397,0.03926870804330296,0.05756894753009256,0.053892560133192866,5.531932830810547,0.060071417055537424,0.8392857142857143,14.70914363861084,0.9540677160062818,0.05748933615871443,0.07094015136354759,0.06823797866614807
937,0.012471160851418972,0.01644094991786471,0.8720238095238095,1.4715079069137573,0.8679971304586804,0.04000608427638008,0.028059702783683527,0.03045964549426989,0.6338581442832947,0.020104128811798794,0.8392857142857143,13.046895027160645,0.9772155957108224,0.04506548246353226,0.03237355202704639,0.03492327019509042
938,0.016407519578933716,0.02257966021950286,0.8422619047619048,1.194930076599121,0.8198176027495871,0.03177072407042747,0.02468176445993331,0.026105885810255795,0.3309357464313507,0.014061210313576322,0.7872023809523809,7.927959442138672,0.9626153329785823,0.024274553711748026,0.026684870102216096,0.026200654755916708
939,0.006073198281228542,0.010242375313914365,0.8541666666666666,1.6587669849395752,0.8557824475705332,0.033711738988873474,0.012153674214574584,0.01648453544155427,0.13549090921878815,0.0032973304865789865,0.8065476190476191,11.872966766357422,0.9519633935706077,0.05230117250357913,0.005857044044856874,0.01518733770843947
940,0.0201471708714962,0.016352443524341398,0.8392857142857143,1.6859726905822754,0.8892858797683301,0.02467260688032402,0.007442437000522717,0.0109038550567328,1.22433340549469,0.017939995688242782,0.8586309523809523,13.99987506866455,0.941962046160981,0.04307935015021802,0.006219236554184215,0.01362417008910172
941,0.005732760764658451,0.012492419780197106,0.8809523809523809,1.4760786294937134,0.8882937268200828,0.03920774972576635,0.01366959585322347,0.018800028550832532,0.09588606655597687,0.005494892262609796,0.8288690476190477,9.33714485168457,0.9397974267968193,0.05654909488906046,0.00414703822640039,0.014674237109524065
942,0.05087671056389809,0.024746721939125083,0.8511904761904762,1.7208510637283325,0.8400960467803281,0.04247881487119176,0.028978683489621515,0.03169076345466911,1.3203723430633545,0.02146953554473452,0.8511904761904762,9.226677894592285,0.9136228107398517,0.022934132156183895,0.024743244825608857,0.02437980701255474
943,0.007633336819708347,0.012460407145614139,0.8883928571428571,2.0970799922943115,0.8959241993606644,0.05090434152369405,0.01650963858791832,0.023419288731266124,0.028342049568891525,0.005390528667148953,0.8154761904761905,9.276400566101074,0.9198858996518835,0.08181839471987695,0.006289381277301609,0.021462620584961834
944,0.001842426834627986,0.013771794281982497,0.9032738095238095,0.5360506772994995,0.28268203640690803,0.06082623689848521,0.015508928633115038,0.024612852168568868,0.03989800810813904,0.012390615673033234,0.8377976190476191,4.2160749435424805,0.965350279451033,0.022688569952402315,0.028825572087976647,0.027592692194669304
945,0.036591414362192154,0.023897444680827662,0.8586309523809523,1.652004599571228,0.8971235332516913,0.026113530571626686,0.021094372355443314,0.022102685389944438,0.8670265078544617,0.02378186221408951,0.8318452380952381,8.092307090759277,0.894289515488627,0.01716669246492053,0.0229239471531143,0.021767355809503945
946,0.007556447759270668,0.01129679251563398,0.8958333333333334,1.6816929578781128,0.8493807554588398,0.06026574547926533,0.01293498461903042,0.022443396398988326,0.059193652123212814,0.0067344410833896085,0.8050595238095238,7.241720199584961,0.9018575702227216,0.12284599804149576,0.006203141415562441,0.029635858148450833
947,0.025863397866487503,0.019876086564553308,0.8794642857142857,1.691346287727356,0.8985317017744532,0.029098147432874755,0.02275252866537958,0.024027318149921022,0.29734712839126587,0.014815947164468213,0.8184523809523809,6.660279750823975,0.9553422997187498,0.07195344614236421,0.011314880057446186,0.023496734851291324
948,0.013446873053908348,0.01465227387583612,0.8616071428571429,1.9531933069229126,0.8682309692268825,0.024634078738623222,0.010620318951621188,0.013435583194545705,0.3307409882545471,0.008831515249323463,0.8273809523809523,11.580880165100098,0.9087854827764682,0.037105471490534336,0.0044565372763168964,0.011015474953280221
949,0.03155985474586487,0.021470564610043485,0.8467261904761905,1.9009060859680176,0.8965907525018347,0.04338490631524616,0.019231294654812547,0.024083582711596083,2.0088844299316406,0.01620430635356862,0.8407738095238095,17.316150665283203,0.8908629975782955,0.04103198169787681,0.008943826709623792,0.015390107845656763
950,0.02188129723072052,0.026141300617437246,0.8392857142857143,1.8508833646774292,0.926675545264641,0.02378857278723845,0.0385373864555113,0.035574455138224347,0.7791397571563721,0.018639503212145803,0.8616071428571429,13.023958206176758,0.9364095909825181,0.030965491035433557,0.022766919077516157,0.024413953622633492
951,0.0032833516597747803,0.009979691932071155,0.8839285714285714,1.543377161026001,0.9059254945052789,0.037244015514709905,0.013821267702264106,0.018526730432442948,0.01804322563111782,0.008147905015194135,0.8348214285714286,7.408223628997803,0.9398740868378889,0.030046394495321316,0.012953802591872066,0.016387582215332853
952,0.025016751140356064,0.022218697500024254,0.8348214285714286,1.5648324489593506,0.8676970144718675,0.01584622602472363,0.025321796410142983,0.023418222002357842,0.2634834349155426,0.014750189818866444,0.8065476190476191,7.013852596282959,0.9679004236058049,0.02292816678583065,0.010720492385830283,0.01317292697511607
953,0.017468417063355446,0.022223747831235707,0.8199404761904762,1.6846657991409302,0.8581446465716354,0.02836869948990728,0.02396600097922985,0.024850471662178443,0.11067226529121399,0.01152620583332542,0.8660714285714286,8.536932945251465,0.9063305185634597,0.025994066320403242,0.00895968468889885,0.012381770284513573
954,0.007301441393792629,0.01228761885922558,0.9047619047619048,1.6233766078948975,0.8536768988559218,0.022712169046759545,0.015311442716655632,0.01679819577404258,0.13581040501594543,0.00945715594499219,0.8705357142857143,7.670393943786621,0.9252927027561435,0.02136331559844118,0.007755746929293372,0.0104894102780061
955,0.010323520749807358,0.020233574102940022,0.8333333333333334,1.8861773014068604,0.9097089593454051,0.025519393349184405,0.030239986377000205,0.029291652956233635,0.10453210771083832,0.020151800749441562,0.8482142857142857,8.840289115905762,0.9175807132503047,0.024147610068301018,0.03779918460835474,0.03505668079450466
956,0.038927704095840454,0.02399055823446128,0.8511904761904762,2.058021068572998,0.8836200107752076,0.05091964206661448,0.029887886681485565,0.034113016111533785,0.47407227754592896,0.016990720618778266,0.8169642857142857,8.602499961853027,0.9106788135555279,0.08747967072451734,0.017964544568700447,0.03192963687678866
957,0.006791523192077875,0.015455917178782808,0.8735119047619048,2.1717448234558105,0.9007211383802574,0.034126103602533764,0.022038262637466444,0.02446662354562729,0.16613154113292694,0.013493110624423155,0.8586309523809523,14.393070220947266,0.945812942881438,0.0124307185846384,0.024804195446578414,0.02231845232699225
958,0.0066150701604783535,0.011524017218887295,0.8839285714285714,2.045565128326416,0.9080212048669805,0.03292156716615968,0.01327757824509923,0.017223915305133695,0.15822185575962067,0.008083285476909952,0.8883928571428571,14.871140480041504,0.8920429669794211,0.05391137680027669,0.009697386196319546,0.018579661094435936
959,0.030180014669895172,0.017279763471382936,0.8705357142857143,2.0917747020721436,0.929187632553723,0.026875086754736266,0.021168730138712677,0.022315096423181704,2.034400701522827,0.012800623460245686,0.8318452380952381,18.250272750854492,0.8318521403919295,0.0216542403895591,0.018778520574018742,0.019356232144104972
960,0.007675303146243095,0.006561686993323157,0.8928571428571429,2.1836156845092773,0.9332553824525174,0.0450082614672509,0.008087079137124253,0.015504280944515766,0.2998136281967163,0.004086150915764142,0.8586309523809523,15.976863861083984,0.8791548942002905,0.08463130765917848,0.006319050816685601,0.02205142384307926
961,0.007594432681798935,0.018373529864008864,0.8422619047619048,2.093200922012329,0.9035310966948545,0.03822168147950422,0.02483144170015672,0.027521445227257784,0.03611275926232338,0.008230391980583507,0.8199404761904762,10.930118560791016,0.9661006322457699,0.038378979900196564,0.015763201623718914,0.020306549938189873
962,0.09370376914739609,0.048959323329881066,0.8214285714285714,2.0248653888702393,0.873384835921105,0.02284407695189361,0.05573094131483558,0.04912420517049456,7.1850433349609375,0.04526181350486269,0.8497023809523809,19.341896057128906,0.9038664792598801,0.019047284108204887,0.04870702134218374,0.04274859198714335
963,0.012374579906463623,0.01783220020710563,0.875,1.771013617515564,0.8838235327262496,0.05073216967100236,0.011394852863580773,0.019297438829357434,0.23585917055606842,0.006556482386357421,0.8318452380952381,14.18935775756836,0.9263607582126064,0.042481497894139575,0.0029113913692574434,0.010860743126488229
964,0.0021905084140598774,0.016658289133158588,0.8586309523809523,0.5035956501960754,0.1914485230153404,0.07147514804216948,0.017354440861383935,0.02822690435752389,0.019470935687422752,0.013723512954964323,0.8125,3.9388680458068848,0.9614057905810102,0.018847761816666808,0.02817767258728132,0.026303360155684657
965,0.004419274628162384,0.011606593652819353,0.8660714285714286,1.5353052616119385,0.864250283527091,0.05635715204737768,0.00949433491683982,0.018908740143956798,0.02975156344473362,0.003834369037624241,0.8125,7.174544334411621,0.9499387333297984,0.04723922472283282,0.005892593244942956,0.014198836175769045
966,0.0016865618526935577,0.014546610553444972,0.8809523809523809,0.48799067735671997,0.2704222706424044,0.04055778501547502,0.014704956866053331,0.01989860537821394,0.02253289893269539,0.003208008087924874,0.8601190476190477,8.684712409973145,0.9363154093597263,0.0378021429181864,0.004396683268673818,0.011107601501834827
967,0.004025857429951429,0.006299217126076839,0.8898809523809523,1.9219799041748047,0.8999073792283,0.06696137585552353,0.006516019777075166,0.018659060060692026,0.09816130250692368,0.004154063036890365,0.8645833333333334,14.616584777832031,0.9118028199575561,0.10815390766361643,0.0013952142982676108,0.022842273233270722
968,0.08401913940906525,0.03818807801546331,0.8452380952380952,1.9567521810531616,0.9016619064936194,0.03322131648327975,0.038182957525933925,0.03718619928075786,3.9149622917175293,0.04311367030394875,0.8184523809523809,12.627009391784668,0.9121980501425118,0.018641981237584537,0.046970483979819955,0.04127949012535302
969,0.011502202600240707,0.015750250493693163,0.8809523809523809,1.6671102046966553,0.8542465052669062,0.025282231079966966,0.02328337360997812,0.023684929798145522,0.2851111590862274,0.00886127305891804,0.8392857142857143,9.080146789550781,0.9276217177277519,0.01688744082424465,0.011876459309928977,0.012883129703429893
970,0.019724475219845772,0.018013322767322593,0.8556547619047619,1.5543527603149414,0.8158024173781606,0.0549825146777152,0.0205496448521435,0.027466962451030672,0.5385376214981079,0.015998694245560996,0.8363095238095238,8.115606307983398,0.9363539221634182,0.03933398298794244,0.014918638050906874,0.01982350645343634
971,0.005042258650064468,0.012657056365231067,0.8779761904761905,1.284522294998169,0.8929489838702994,0.05571040038081554,0.014538495539380913,0.022809637136990548,0.023241601884365082,0.005322494250080689,0.8497023809523809,6.213313102722168,0.9716831522024459,0.05082871618584295,0.006356002243382619,0.015290252812180454
972,0.0021244750823825598,0.016708066831503388,0.8735119047619048,0.5119685530662537,0.28126958235860927,0.035376757929760916,0.0213047300956567,0.024131699973043704,0.4900781810283661,0.020652938563430756,0.8616071428571429,17.594762802124023,0.9010878193668646,0.03820481618015603,0.030352609600980407,0.03193006181554694
973,0.00877454038709402,0.013413289094885927,0.8735119047619048,1.6286296844482422,0.9408947939389406,0.03304500918333142,0.014946376147109475,0.018582262248136205,0.3105665445327759,0.013662836165940107,0.8035714285714286,7.691743850708008,0.9779958881335944,0.06891286640293781,0.016484390404430393,0.027016896743416258
974,0.04191625118255615,0.024151396942428294,0.8705357142857143,1.9203308820724487,0.9239224933742308,0.031084087024208507,0.021446431771765084,0.023382567871586307,1.7132866382598877,0.020928485418718057,0.8005952380952381,12.577933311462402,0.9281630706538396,0.03953174758271982,0.021993963348435175,0.025517178931215575
975,0.009241225197911263,0.009502206294459636,0.8973214285714286,1.7583178281784058,0.8710061289992932,0.027324839819877766,0.012082785382233618,0.015144805246938916,0.2218410223722458,0.005921371858279456,0.8869047619047619,11.366450309753418,0.9518188691543568,0.055664868252825905,0.011484808464450325,0.020360266904079348
976,0.013247174210846424,0.02069713856557942,0.8392857142857143,1.7225323915481567,0.8493055947922596,0.04947199738934116,0.019179109328380628,0.025264734162055737,0.3866139352321625,0.01880577765652769,0.8199404761904762,10.209172248840332,0.9466097963315123,0.07733251682381104,0.009807044246203378,0.02337242936224063
977,0.00738889817148447,0.01538784675359095,0.875,1.2099517583847046,0.7661430803265996,0.02262962944937419,0.0220132207669681,0.022137052868344324,0.05902089923620224,0.020900751797071404,0.7976190476190477,7.02134895324707,0.9690817704304555,0.011955238371902155,0.03763049320255041,0.032472517901750535
978,0.013517942279577255,0.02389025414127388,0.8020833333333334,1.5493279695510864,0.8322194701900589,0.04389938957012862,0.03502545811742874,0.036808167561051486,0.0909246951341629,0.008646198201710309,0.7827380952380952,8.228825569152832,0.976149893308575,0.02885010252808662,0.015886612835888547,0.018490885318696196
979,0.0028916485607624054,0.019394506564009872,0.8690476190476191,0.5152477025985718,0.2060738863275905,0.055621933581109784,0.017783215516029904,0.025384743698746843,0.03621015325188637,0.02845534222336632,0.8050595238095238,2.8626601696014404,0.6860062899304382,0.06678428742226938,0.04355706373684143,0.0482232470665033
980,0.010771367698907852,0.013946689463496642,0.8869047619047619,1.4047154188156128,0.7987446861572111,0.04399489631261755,0.010980560051407906,0.017612904389597343,0.0639614388346672,0.01724638973874082,0.8035714285714286,4.259932994842529,0.9512287580343232,0.052605554115871644,0.023941544837069673,0.02969993955825757
981,0.012091143056750298,0.015169218215512315,0.8571428571428571,1.693030595779419,0.8922680506349869,0.022787864296682447,0.01852651751485279,0.01938259164513107,0.28259673714637756,0.008911206807404648,0.8303571428571429,8.924975395202637,0.9210801239054812,0.01175949418832578,0.0072988533027757985,0.008194964194962179
982,0.009597310796380043,0.014448674227491742,0.8898809523809523,1.9796650409698486,0.9007289400478288,0.05212508815816941,0.016251661037339105,0.023458376307148764,0.03409559279680252,0.0028942089358984235,0.8258928571428571,10.112996101379395,0.9425152011373814,0.053950969923082126,0.0029280578085185693,0.013178196402962142
983,0.027083370834589005,0.020221840530857516,0.8526785714285714,1.5208749771118164,0.7937386066115605,0.0316727837356644,0.017699137571499768,0.020506343274122128,0.9733648300170898,0.025094537426383234,0.8139880952380952,8.627702713012695,0.9164975974983959,0.025099376474595925,0.029873132937721203,0.028914119362539785
984,0.006210523657500744,0.014688178896585025,0.8407738095238095,1.870165228843689,0.8524709928689826,0.044239798288785215,0.023484024700724526,0.027653711359040288,0.046813249588012695,0.01473438142483785,0.8139880952380952,8.224305152893066,0.9078378430020921,0.05646746895245003,0.0350317557535883,0.039338037423002487
985,0.0066447267308831215,0.011223985039377271,0.9032738095238095,1.7576631307601929,0.7539343340224229,0.028198472141724773,0.016045833660572106,0.018487211926875097,0.039729610085487366,0.0041159137798125744,0.8363095238095238,7.484644412994385,0.966085465785742,0.08405943947356853,0.007823998741485538,0.02313915424569864
986,0.008924541994929314,0.013652552900638604,0.8869047619047619,1.8299578428268433,0.8912842899805691,0.0362480286054323,0.014730674988473691,0.0190533576347377,0.2571035623550415,0.010336812799087047,0.8571428571428571,10.132957458496094,0.9353576267600033,0.0355622535157043,0.012867265503537118,0.01742652648812428
987,0.022252842783927917,0.017287539718628397,0.8720238095238095,1.8997907638549805,0.873965536569625,0.042882332265810175,0.02480379865318616,0.028435646923579378,0.3120634853839874,0.014873647894068642,0.8556547619047619,7.432386875152588,0.875859493001199,0.055399245529928254,0.025207422263519907,0.03127274390186087
988,0.005857137497514486,0.009258442336260053,0.8526785714285714,2.064453125,0.9028952343902158,0.028300146813071247,0.005305630853704391,0.009925064863398624,0.1509435623884201,0.009196770131413845,0.8348214285714286,15.702818870544434,0.8994969029339664,0.03522969269460163,0.0030716625690849764,0.009531981121086091
989,0.03911340981721878,0.027149191295134933,0.8764880952380952,1.964495301246643,0.8517423633389294,0.029233443429106054,0.021925381758860385,0.023393519147972237,0.3437085449695587,0.013589430422985216,0.8377976190476191,8.297670364379883,0.8603139782830312,0.010428421318090186,0.01002717775928963,0.010107784724227242
990,0.046054255217313766,0.0386574050883155,0.8630952380952381,1.80024254322052,0.9087712706143556,0.02944619942504545,0.03235286957711392,0.03176894030549302,1.901533842086792,0.038060455381443425,0.8467261904761905,11.324259757995605,0.8962786154406253,0.017800049839553855,0.030595037735420827,0.02802461605991183
991,0.008629798889160156,0.008870891601714503,0.8482142857142857,2.0096609592437744,0.8980557965043898,0.03090836528452323,0.012962903622692479,0.016568018688685265,0.039103299379348755,0.0031275003538115964,0.8541666666666666,10.325878143310547,0.8936284292852864,0.011206110978693284,0.004856898808796362,0.006132410182213154
992,0.012548276223242283,0.011583504857578197,0.8883928571428571,1.936262607574463,0.8781305326856425,0.04645914874697954,0.014877223209572632,0.021221806464855268,0.2810027599334717,0.011798120674911816,0.8482142857142857,11.1507568359375,0.9308580173131625,0.07874593921289663,0.013130522339674044,0.026312190907955366
993,0.00728044006973505,0.010533522045697685,0.8779761904761905,1.9085431098937988,0.9076884350218648,0.03637998392398656,0.013166063487490609,0.01782957428946524,0.09573796391487122,0.0016562314841542802,0.8482142857142857,11.555617332458496,0.8798359737197421,0.056058520761420705,0.003428835755909687,0.014001763547195381
994,0.017201945185661316,0.011859315670149861,0.8898809523809523,1.8307498693466187,0.9165371373097524,0.050894855529971195,0.011582419317448966,0.01948000694942888,0.4997616410255432,0.009183433206876424,0.8273809523809523,9.762065887451172,0.934267439785175,0.07120384614258746,0.011684474904011033,0.023641491447475044
995,0.007164045702666044,0.013680684857208969,0.8601190476190477,1.6479759216308594,0.8109438315192908,0.054082553342178596,0.013670666571058754,0.02178912596704265,0.05821491777896881,0.003763758937639028,0.8318452380952381,7.945070266723633,0.9628843107937234,0.03733740804731822,0.0057674551937082486,0.01210963322233525
996,0.002210617996752262,0.015571980378506933,0.8779761904761905,0.534739077091217,0.3605080911136712,0.040532446940160116,0.02141975765485704,0.02525936041306525,0.04669385775923729,0.0163826989857202,0.8571428571428571,6.125650405883789,0.9436962050599298,0.0171812993695033,0.030466541340460562,0.02779763112308075
997,0.007686350028961897,0.012120191141244296,0.8690476190476191,1.7443147897720337,0.8657893393140598,0.031156591187695093,0.014880940114005758,0.01815060216005942,0.026962686330080032,0.0015872437768457148,0.8452380952380952,16.067838668823242,0.9329626657299254,0.05127890124827994,0.002632398804725433,0.012405133670618082
998,0.019618213176727295,0.030181669856101045,0.8705357142857143,1.2057065963745117,0.8121448960101532,0.054010489233784154,0.019460873618018737,0.026401644612257327,0.689937949180603,0.03309012142929313,0.8303571428571429,8.275768280029297,0.9834325984778031,0.05433747753388707,0.014551025554463526,0.022543839568187004
999,0.005123724229633808,0.02684552033519938,0.8407738095238095,0.5763586163520813,0.39600520552732354,0.07285051675333154,0.018910616482194387,0.029746757161663903,0.02119010128080845,0.025942172748688708,0.8184523809523809,5.3236470222473145,0.9898774590508507,0.028998280754850447,0.04260982858201001,0.03987536584887528
