rep,lin_mmd_b,rbf_mmd_b,knn_overlap_b,tail_ipm_b,rho_b,mmd_sim_b,mmd_dsim_b,smd_latent_b_sim,smd_latent_b_dsim,lin_mmd_s,rbf_mmd_s,knn_overlap_s,tail_ipm_s,rho_s,mmd_sim_s,mmd_dsim_s,smd_latent_s_sim,smd_latent_s_dsim,mse_factual_b,mse_factual_s,ov_sim,ov_dsim,smd_sim,smd_dsim,pehe_b,pehe_s,delta_mmd,delta_pehe
1,0.006608165800571442,0.010948024377921639,0.9077380952380952,1.7539726495742798,0.8989913032134604,0.031632558303842484,0.012783359076364631,0.542287290096283,0.45492157340049744,0.022382359951734543,0.013748109474865045,0.8422619047619048,5.311239242553711,0.9145174141760586,0.08949702801894,0.014439679967637287,0.4902668595314026,0.18435056507587433,27.77737808227539,27.715360641479492,0.9629629629629629,0.8901303538175046,0.5503619313240051,0.43485012650489807,5.397705078125,5.255296230316162,0.0028000850969434055,-0.1424088478088379
2,0.017874546349048615,0.025163972443646543,0.8497023809523809,1.2980424165725708,0.9210797596733141,0.02864451794377343,0.03438449929956977,0.4852314293384552,0.5535961985588074,0.12827929854393005,0.023004023848589572,0.7723214285714286,4.706852436065674,0.9747005739099577,0.03272517722088941,0.031145073823670266,0.2390359342098236,0.3840672969818115,19.072935104370117,12.775111198425293,0.9925925925925926,0.8212290502793296,0.40074026584625244,0.5310290455818176,5.320033073425293,5.751517295837402,-0.002159948595056971,0.4314842224121094
3,0.0222043264657259,0.021801124003226646,0.8169642857142857,1.793120265007019,0.9382708061796827,0.04138668749563812,0.034711592414500614,0.5865727663040161,0.5801380276679993,0.2893383800983429,0.023590614940002808,0.7976190476190477,6.356143474578857,0.8271586504099294,0.03844981063825226,0.04072827057630257,0.27875110507011414,0.43212616443634033,83.81217193603516,76.65248107910156,0.8666666666666667,0.8063314711359404,0.5177270770072937,0.4581981897354126,9.403029441833496,9.609614372253418,0.0017894909367761613,0.20658493041992188
4,0.014342883601784706,0.021856803054569163,0.8973214285714286,1.2418495416641235,0.8119081638708731,0.018802001757441844,0.03213724079243796,0.47929704189300537,0.5232094526290894,0.07141707092523575,0.028506354284133173,0.8020833333333334,4.333359241485596,0.9673036187234492,0.014174519976792865,0.0502975551995305,0.30851078033447266,0.39192551374435425,71.22880554199219,37.300010681152344,0.9703703703703703,0.8919925512104283,0.3417448103427887,0.42714250087738037,14.623197555541992,12.774263381958008,0.00664955122956401,-1.8489341735839844
5,0.007248801179230213,0.010743843957431998,0.8645833333333334,1.5853427648544312,0.858174939150455,0.0580116746060676,0.013005068591912305,0.8586463332176208,0.37113675475120544,0.03261525183916092,0.008756985757027547,0.8392857142857143,5.32907247543335,0.9142573963686985,0.0634576325387276,0.010564785620870598,0.39661672711372375,0.18731902539730072,13.811842918395996,5.986003398895264,0.7851851851851852,0.8715083798882681,0.5572892427444458,0.41362130641937256,9.425392150878906,6.887186050415039,-0.001986858200404451,-2.538206100463867
6,0.007473165635019541,0.021088032324279693,0.8720238095238095,1.6416869163513184,0.8909149114941839,0.030867522120790913,0.028110799459511226,0.5998153686523438,0.5231147408485413,0.09284112602472305,0.03841821952543922,0.8065476190476191,5.261139869689941,0.9140303835986799,0.030224103659650003,0.05528858585814145,0.40062668919563293,0.4644058644771576,6.920429706573486,7.0567803382873535,0.9333333333333333,0.8566108007448789,0.6638684272766113,0.4703702926635742,4.914917945861816,4.77688455581665,0.01733018720115953,-0.13803339004516602
7,0.012006690725684166,0.020464600681200706,0.8526785714285714,1.3799412250518799,0.9127139194025953,0.03374717235788871,0.01951460747902989,0.6334134340286255,0.4588663578033447,0.03726479038596153,0.015027452167273858,0.8229166666666666,3.839381217956543,0.8782997793177204,0.04007260836021764,0.020871859036675988,0.1693972796201706,0.28164470195770264,32.80974578857422,37.372291564941406,0.8740740740740741,0.8659217877094972,1.6929858922958374,0.44156038761138916,5.76276159286499,6.571174144744873,-0.005437148513926848,0.8084125518798828
8,0.011462806724011898,0.013884984488268581,0.8571428571428571,1.468590259552002,0.8602693598759549,0.05202905662715984,0.01599287561304119,0.6999718546867371,0.4757632613182068,0.11691107600927353,0.010001307747195987,0.7931547619047619,5.30825138092041,0.9251853255676779,0.055130162603829636,0.01362539904723481,0.519916296005249,0.3231930136680603,2283.239501953125,2203.901611328125,0.8666666666666667,0.8584729981378026,0.6667844653129578,0.38622528314590454,836.702392578125,832.5948486328125,-0.0038836767410725948,-4.1075439453125
9,0.0403585359454155,0.025915382197052583,0.8630952380952381,1.9749253988265991,0.843782451521293,0.04725384791038323,0.03277428808836025,0.660261332988739,0.5520129203796387,3.010904312133789,0.018283757350447294,0.8333333333333334,17.667804718017578,0.9093412212004767,0.014866898458788746,0.026623656437206433,0.30319836735725403,0.353228360414505,498.8260803222656,148.80349731445312,0.8148148148148148,0.8547486033519553,0.5752221345901489,0.44554609060287476,94.74544525146484,154.38893127441406,-0.007631624846605289,59.64348602294922
10,0.011801954358816147,0.016410683835697437,0.8377976190476191,1.6576262712478638,0.8379069102509251,0.023656373711337886,0.01922738597459195,0.4990807771682739,0.5217021107673645,0.2685314118862152,0.006551804125560667,0.8363095238095238,12.089076042175293,0.9470240747525674,0.06212928932260631,0.006904284818721185,0.32325583696365356,0.5142307281494141,36.829368591308594,13.885489463806152,0.9851851851851852,0.8026070763500931,0.46216025948524475,0.38554540276527405,13.662392616271973,10.995352745056152,-0.00985887971013677,-2.6670398712158203
11,0.003735241247341037,0.007487252303904568,0.9077380952380952,1.8522636890411377,0.8763692435486846,0.03913586887367371,0.010813189913097543,0.5349412560462952,0.42660796642303467,0.0355818048119545,0.0027766228708761,0.8467261904761905,8.570079803466797,0.9245497422698682,0.018098807889904922,0.005896776388220948,0.3960210978984833,0.2503744661808014,118.08133697509766,95.0322036743164,0.9037037037037037,0.8975791433891993,0.8131095170974731,0.36525866389274597,22.3376407623291,18.896883010864258,-0.004710629433028468,-3.4407577514648438
12,0.021344492211937904,0.02550491562398205,0.8645833333333334,1.873116135597229,0.8464059798205467,0.029767614190549185,0.021141248062945484,0.5466335415840149,0.47569581866264343,0.37658774852752686,0.024065571246924322,0.8556547619047619,9.53636360168457,0.9235718335123005,0.039102484007129346,0.01582011954874296,0.3855876624584198,0.18157023191452026,4731.9345703125,4325.9853515625,0.9777777777777777,0.8417132216014898,0.4467807710170746,0.38911864161491394,1425.978271484375,1376.5655517578125,-0.0014393443770577274,-49.4127197265625
13,0.04510371387004852,0.0151718917078838,0.8824404761904762,2.082279682159424,0.8890820062815364,0.02271003808546923,0.017007687039546915,0.3978869318962097,0.4960702955722809,3.614762544631958,0.010836569541991081,0.8601190476190477,21.002622604370117,0.9292094571147443,0.009740484480150413,0.00899992910167735,0.22749556601047516,0.3034597635269165,14.490164756774902,746.3780517578125,0.9925925925925926,0.8677839851024208,0.41256871819496155,0.5082330703735352,13.405054092407227,257.1534729003906,-0.004335322165892719,243.7484188079834
14,0.03452876955270767,0.03827702537392319,0.8392857142857143,1.2847331762313843,0.9009842801615492,0.0750851700546834,0.02305795455097215,1.0239183902740479,0.5268256068229675,1.0078949928283691,0.03701934103061488,0.8169642857142857,7.031237602233887,0.9690001934403706,0.04283758170101537,0.02391355259275152,0.23474512994289398,0.37656643986701965,61.72260284423828,61.20418167114258,0.5925925925925926,0.9013035381750466,1.5675926208496094,0.36307159066200256,8.300589561462402,8.62739086151123,-0.0012576843433083074,0.3268013000488281
15,0.006385979242622852,0.012711292592157197,0.8630952380952381,1.4689956903457642,0.8519949220391935,0.041996120272788984,0.01671312233428257,0.725108802318573,0.4455457925796509,0.06069047376513481,0.010281371484874735,0.8363095238095238,6.867993354797363,0.9285358974915869,0.07370395325577694,0.014285747677822536,0.5792508721351624,0.20157992839813232,31.756359100341797,15.610502243041992,0.8888888888888888,0.8621973929236499,0.7153210639953613,0.48260998725891113,12.443533897399902,9.805173873901367,-0.0024299211072824622,-2.638360023498535
16,0.0031477457378059626,0.021227996699399343,0.8571428571428571,0.5258939862251282,0.4527557686159249,0.07637829956826958,0.018467877724293036,1.0684338808059692,0.45145371556282043,0.8987072110176086,0.04107162870245151,0.8095238095238095,6.326632499694824,0.9422958442561584,0.0318299852163636,0.04158275512893106,0.38536956906318665,0.5340002179145813,152.8864288330078,133.44140625,0.6666666666666666,0.8864059590316573,1.0061532258987427,0.4107314348220825,23.381908416748047,23.555076599121094,0.01984363200305217,0.17316818237304688
17,0.011491530574858189,0.012539745442526562,0.8630952380952381,1.9206573963165283,0.7631653758420401,0.037374106997330236,0.01344164408525006,0.640841007232666,0.5202653408050537,0.06003667414188385,0.0038912570618100384,0.8630952380952381,9.043706893920898,0.9444817959951662,0.045576676224579504,0.005354231778751384,0.2508496642112732,0.15413059294223785,95.6435546875,38.007713317871094,0.9111111111111111,0.8584729981378026,0.6373172402381897,0.4162924587726593,15.185905456542969,9.164472579956055,-0.008648488380716524,-6.021432876586914
18,0.005739965476095676,0.011966125405263983,0.8973214285714286,1.7959884405136108,0.9211994536438457,0.032942851621613034,0.015908001765361002,0.5752159357070923,0.50040602684021,0.0529092438519001,0.01065280072214414,0.8169642857142857,9.22197151184082,0.9548585625050383,0.046432741797607036,0.013610756317914086,0.4500828981399536,0.323493629693985,69.38068389892578,32.856910705566406,0.9925925925925926,0.8808193668528864,0.6778422594070435,0.4489815831184387,18.126033782958984,13.578155517578125,-0.001313324683119843,-4.547878265380859
19,0.008061022497713566,0.015193391469475404,0.8511904761904762,1.9415568113327026,0.9181236563802703,0.03928235205144892,0.021701117635776757,0.6920944452285767,0.4591568410396576,0.03059699758887291,0.006624143222215606,0.8571428571428571,10.472391128540039,0.9304029238074469,0.032631819760709835,0.008871093238644434,0.4152425229549408,0.10187263041734695,19.103792190551758,8.187131881713867,0.8814814814814815,0.8547486033519553,0.6060917377471924,0.43427544832229614,11.971235275268555,9.151164054870605,-0.008569248247259798,-2.820071220397949
20,0.03661982715129852,0.035965849515214754,0.8348214285714286,1.4336199760437012,0.8225041539753271,0.031218535136159353,0.029232099500687392,0.5293391346931458,0.6462454795837402,0.9450843930244446,0.05113244266021033,0.8125,7.291189193725586,0.8946339421194224,0.03904195097696017,0.04646631710012672,0.34119749069213867,0.4099081754684448,376.84039306640625,363.908203125,0.9555555555555556,0.8044692737430168,1.870897650718689,0.5623654723167419,82.64739990234375,82.14289855957031,0.015166593144995577,-0.5045013427734375
21,0.0015997810987755656,0.012552541617659507,0.8779761904761905,0.5181981921195984,0.33831535967100407,0.05028847893217081,0.013766500524380887,0.8466209173202515,0.5758562684059143,0.29835885763168335,0.0059475597309257555,0.8898809523809523,11.202024459838867,0.9500051981368132,0.034515767821639565,0.005445578146713426,0.5595815777778625,0.18934506177902222,20.5954647064209,26.699724197387695,0.837037037037037,0.8789571694599627,0.9088555574417114,0.4812863767147064,17.485471725463867,25.051944732666016,-0.006604981886733752,7.566473007202148
22,0.00494272168725729,0.011739093883816887,0.8616071428571429,1.8895410299301147,0.8891550591488203,0.06394272117497635,0.01448705966557906,0.8465576171875,0.40354397892951965,0.05972590297460556,0.011631986481310252,0.8214285714285714,8.544280052185059,0.9583040318288197,0.02074270011998247,0.02144913714255925,0.29006442427635193,0.23539625108242035,66.50839233398438,61.56243133544922,0.8592592592592593,0.8621973929236499,0.7342590093612671,0.415945440530777,14.750299453735352,13.897677421569824,-0.00010710740250663431,-0.8526220321655273
23,0.011309031397104263,0.016635036039253315,0.8497023809523809,1.468493103981018,0.8587817774987104,0.030428193305096607,0.02367732686560242,0.6619899868965149,0.6757227182388306,0.21415480971336365,0.01474834944014669,0.8377976190476191,6.869230270385742,0.9408374026707819,0.008733424968628944,0.02818046635519378,0.29683199524879456,0.2647022604942322,171.18682861328125,128.84713745117188,0.9629629629629629,0.8249534450651769,0.5335462689399719,0.5684930682182312,45.6484489440918,42.72975158691406,-0.001886686599106624,-2.9186973571777344
24,0.005510587245225906,0.01191692195444427,0.8839285714285714,1.9456183910369873,0.880679858791269,0.023508953256012877,0.015089936086937983,0.4671246111392975,0.48458531498908997,0.027146993204951286,0.008166111778577845,0.8497023809523809,9.597707748413086,0.9388396296961516,0.013936919515864843,0.009263334753000563,0.18112583458423615,0.193184494972229,51.18505096435547,20.224712371826172,0.9925925925925926,0.8640595903165735,0.45985615253448486,0.38425517082214355,24.211103439331055,20.530649185180664,-0.003750810175866426,-3.6804542541503906
25,0.019795706495642662,0.023243136100071227,0.8705357142857143,1.604312539100647,0.8779941519189336,0.020384309454098748,0.019145561176859727,0.5280255079269409,0.5199474096298218,0.9134450554847717,0.02360582600563499,0.8526785714285714,10.110400199890137,0.9164823106585166,0.02845915626964468,0.013414603656141666,0.19561466574668884,0.22813302278518677,1025.108642578125,935.8822631835938,1.0,0.8379888268156425,0.5992515087127686,0.5488890409469604,271.9425354003906,259.7884216308594,0.00036268990556376224,-12.15411376953125
26,0.002125899773091078,0.016562848850231626,0.8288690476190477,0.5350534319877625,0.44006137235049186,0.04577516375950941,0.01854830464210644,0.676074743270874,0.574924111366272,0.48328930139541626,0.02783185075168315,0.8779761904761905,11.904715538024902,0.9403884310605507,0.047768986023640325,0.02314558785649179,0.29153186082839966,0.22639665007591248,42.29133987426758,87.23905944824219,0.837037037037037,0.839851024208566,0.4970993101596832,0.44381245970726013,16.102012634277344,65.21954345703125,0.011269001901451525,49.117530822753906
27,0.007942156866192818,0.011740132416824478,0.8616071428571429,1.522632360458374,0.8647296458948817,0.04679742249585217,0.008789895406980386,0.7778647541999817,0.3837679624557495,0.26799556612968445,0.016093054310159283,0.7916666666666666,7.9304680824279785,0.939724634362568,0.05401931529877546,0.006756241226578141,0.17401638627052307,0.1286422163248062,4696.1064453125,4552.6611328125,0.7333333333333333,0.9162011173184358,0.6537436842918396,0.421003133058548,1975.9315185546875,1973.5301513671875,0.004352921893334805,-2.4013671875
28,0.03646000847220421,0.024925053436618994,0.8065476190476191,2.104562520980835,0.9038192450283188,0.0490471975738046,0.03861335967726198,0.7160622477531433,0.6608158349990845,3.413295030593872,0.016404693895909817,0.8616071428571429,20.37803840637207,0.8783272727122599,0.05837334538467076,0.030622562424944433,0.7008460164070129,0.3428652584552765,60.02892303466797,591.3397827148438,0.8666666666666667,0.7970204841713222,0.5337689518928528,0.4434231221675873,21.609819412231445,364.5856018066406,-0.008520359540709177,342.9757823944092
29,0.008056092076003551,0.020519384198846358,0.8586309523809523,1.7123804092407227,0.8987865628545408,0.044702172640908144,0.026126767627138725,0.9312236309051514,0.46729955077171326,0.05143194645643234,0.00866832547109353,0.8526785714285714,13.014249801635742,0.9563233758991785,0.02178432291066723,0.01012748494182536,0.21620677411556244,0.13934656977653503,72.73580169677734,48.190032958984375,0.7925925925925926,0.8901303538175046,0.6983659267425537,0.4416746199131012,19.721303939819336,15.6301908493042,-0.011851058727752828,-4.091113090515137
30,0.020369168370962143,0.021455185818820333,0.8586309523809523,1.6487443447113037,0.8941831935468573,0.0680112623663347,0.02623022682846876,0.9136362671852112,0.5419739484786987,0.3841281235218048,0.013285223337780372,0.8258928571428571,11.8058443069458,0.9595014792794444,0.014870348723623694,0.022869854659961275,0.27152299880981445,0.18325939774513245,65.27352142333984,36.093040466308594,0.8148148148148148,0.8621973929236499,0.6602655649185181,0.4927735924720764,16.214420318603516,10.93964958190918,-0.00816996248103996,-5.274770736694336
31,0.012555103749036789,0.011186526307373379,0.8913690476190477,1.8075697422027588,0.896116538109411,0.029033678512600525,0.014388142794431014,0.5127151608467102,0.398126482963562,0.2645266652107239,0.005184859827810695,0.8482142857142857,11.439613342285156,0.9042343845763499,0.010994834987062108,0.00625818097066988,0.2587094306945801,0.15149427950382233,27.296987533569336,12.524873733520508,0.8888888888888888,0.8901303538175046,0.4285713732242584,0.47665470838546753,9.424579620361328,6.610193729400635,-0.006001666479562684,-2.8143858909606934
32,0.005712470971047878,0.013428520066803618,0.8497023809523809,1.195204257965088,0.8867868352844679,0.03338854403384228,0.018170867416870684,0.6500042080879211,0.48665663599967957,0.03201478347182274,0.005220076698825071,0.8422619047619048,4.6529107093811035,0.9749303328571579,0.039340215285163516,0.010081185887762745,0.2982669174671173,0.21177852153778076,64.88199615478516,53.87042999267578,0.9481481481481482,0.8286778398510242,0.5826285481452942,0.4247487485408783,15.308375358581543,15.898221015930176,-0.008208443367978546,0.5898456573486328
33,0.008435720577836037,0.011867275216833617,0.8675595238095238,1.7512118816375732,0.8927391736843396,0.05008723412175364,0.016856829453055444,0.9102420806884766,0.5051883459091187,0.04719803109765053,0.0035395990919655507,0.8318452380952381,9.29522705078125,0.9222243979248684,0.0263040266331509,0.006022915677090013,0.33649030327796936,0.18172848224639893,3973.018310546875,3751.833251953125,0.8814814814814815,0.8752327746741154,0.6534269452095032,0.4204995930194855,1415.8802490234375,1382.1282958984375,-0.008327676124868066,-33.751953125
34,0.011351721361279488,0.01126748541801914,0.8675595238095238,2.0330607891082764,0.8999013528846816,0.04871428592995797,0.012252813331091739,0.9563451409339905,0.4507129192352295,0.5794808268547058,0.0012347210413938825,0.8854166666666666,26.020902633666992,0.9086257889817257,0.019549205255648405,0.00195200882782387,0.27857503294944763,0.1316179633140564,265.78131103515625,328.15716552734375,0.8296296296296296,0.8845437616387337,0.6929171681404114,0.40026938915252686,44.253604888916016,314.8616027832031,-0.010032764376625258,270.6079978942871
35,0.007127969525754452,0.013160057207342812,0.8601190476190477,1.8408468961715698,0.806714724601269,0.036126560225448134,0.016257585413828712,0.7425438165664673,0.4622608423233032,0.08305370807647705,0.0017573364305599748,0.8556547619047619,15.564481735229492,0.9646797219937436,0.07449460066119495,0.005784903356266469,0.33534443378448486,0.20193292200565338,332.740478515625,176.58480834960938,0.9037037037037037,0.8584729981378026,0.5131689310073853,0.36274808645248413,50.75769805908203,51.44070816040039,-0.011402720776782838,0.6830101013183594
36,0.027780722826719284,0.025093696185296,0.8690476190476191,1.6655378341674805,0.8637677398366033,0.02225424371756335,0.01479604811719093,0.46778807044029236,0.42724132537841797,1.7394356727600098,0.024765405905755933,0.8407738095238095,13.726937294006348,0.9657869795028989,0.048066841834055074,0.009250556468231586,0.3868970274925232,0.23675784468650818,717.1070556640625,433.6792297363281,0.9925925925925926,0.8361266294227188,0.5313690304756165,0.49457600712776184,106.30572509765625,101.77696990966797,-0.0003282902795400666,-4.528755187988281
37,0.005833001807332039,0.01428106923835637,0.8913690476190477,1.8447742462158203,0.9152113437640513,0.04070917704751509,0.01675753415214698,0.7604184150695801,0.48629871010780334,0.06794377416372299,0.006171726269760924,0.8511904761904762,16.901086807250977,0.9762172999430042,0.0343186646201914,0.006842804110880563,0.4576682448387146,0.16330978274345398,54.71163558959961,39.6914176940918,0.9333333333333333,0.8919925512104283,0.8245269060134888,0.47017210721969604,19.29519271850586,31.198375701904297,-0.008109342968595445,11.903182983398438
38,0.006609306670725346,0.010759509296868752,0.9047619047619048,1.6077717542648315,0.8057101855104896,0.033523557824499894,0.013173760894007125,0.5795877575874329,0.4351864457130432,0.01944512128829956,0.0021204489893646983,0.9047619047619048,13.363737106323242,0.9259787191116197,0.0218950979802649,0.003538802959766718,0.38556456565856934,0.0944226086139679,653.6016845703125,576.76904296875,0.9555555555555556,0.9031657355679702,0.5649330615997314,0.448573499917984,108.2509536743164,104.02299499511719,-0.008639060307504054,-4.227958679199219
39,0.053711552172899246,0.026803762365822714,0.8511904761904762,1.9300631284713745,0.9325329061367111,0.03527384429960223,0.029712977694872023,0.5533138513565063,0.5308483839035034,3.2967042922973633,0.027969031972311154,0.8720238095238095,15.173530578613281,0.9659132875353302,0.018086553643841707,0.033671234011180995,0.25221535563468933,0.40635859966278076,76.59391784667969,17.85519790649414,0.9333333333333333,0.8342644320297952,0.6050089597702026,0.46069708466529846,25.408069610595703,17.65206527709961,0.0011652696064884394,-7.756004333496094
40,0.037459202110767365,0.029170206384777964,0.8541666666666666,1.8964241743087769,0.9055251103769654,0.0189645929311818,0.03074136500573288,0.42029425501823425,0.5668397545814514,2.8018805980682373,0.026708752920319268,0.8556547619047619,15.722207069396973,0.9304948562977101,0.013373684172499845,0.023831173867868927,0.24689440429210663,0.2806347608566284,21.513259887695312,8.421805381774902,0.9851851851851852,0.8249534450651769,0.40565797686576843,0.48815590143203735,11.385292053222656,7.521549224853516,-0.002461453464458696,-3.8637428283691406
41,0.03830143064260483,0.029736686403467827,0.8720238095238095,1.707716464996338,0.8458043453944221,0.02483217841769414,0.034103912175524664,0.4644785523414612,0.5438077449798584,0.8141948580741882,0.027308129261982783,0.8809523809523809,8.65909194946289,0.9200051024382635,0.018033192949193033,0.03331945609812681,0.18214388191699982,0.4750826060771942,12.626520156860352,9.678437232971191,0.9777777777777777,0.8491620111731844,0.4089648723602295,0.4427964389324188,5.587960243225098,4.805724143981934,-0.0024285571414850438,-0.7822360992431641
42,0.003914040978997946,0.022632829154289547,0.8526785714285714,0.5461238622665405,0.2803314305716624,0.04946579118178729,0.02295296827799187,0.7378407716751099,0.5364646911621094,0.0628524050116539,0.014412826107539134,0.8601190476190477,4.858481407165527,0.9147901203961832,0.012007334152179028,0.018980402208117808,0.20913103222846985,0.40324994921684265,38.6108512878418,38.61872100830078,0.7111111111111111,0.8938547486033519,0.8178305625915527,0.453836590051651,9.178683280944824,9.948383331298828,-0.008220003046750413,0.7697000503540039
43,0.04611366242170334,0.0328522200669199,0.8497023809523809,1.5748341083526611,0.776362673404412,0.0213251031197641,0.032333887551710405,0.5794183015823364,0.5601481795310974,0.5918726325035095,0.03195964490130998,0.8467261904761905,5.720512866973877,0.928984024573933,0.00678193575228081,0.02441778763699798,0.2660776674747467,0.3398386836051941,143.98158264160156,115.58746337890625,0.9777777777777777,0.819366852886406,0.6258150935173035,0.47402632236480713,10.381489753723145,8.627671241760254,-0.0008925751656099212,-1.7538185119628906
44,0.008808030746877193,0.014524048330177286,0.875,1.538496732711792,0.8266623694806984,0.04027859456412086,0.01932157901088527,1.0628383159637451,0.49973297119140625,0.09279930591583252,0.021137492770451294,0.8244047619047619,5.191382884979248,0.9848203317532306,0.05787116608715681,0.037419120011792484,0.49897125363349915,0.3064024746417999,216.3818359375,123.26031494140625,0.837037037037037,0.9013035381750466,0.6324440240859985,0.4042242467403412,28.399513244628906,26.7999324798584,0.006613444440274008,-1.5995807647705078
45,0.013326536864042282,0.01951668795228867,0.8973214285714286,1.6629953384399414,0.8755913091341933,0.0504800076817562,0.01939993154855313,0.6992141604423523,0.4657493531703949,0.24074392020702362,0.0120188998985169,0.8571428571428571,7.435210704803467,0.9718150608740505,0.032107992855115786,0.00878576623006011,0.5766900181770325,0.2152646780014038,149.93678283691406,63.27880859375,0.7851851851851852,0.9329608938547486,0.5288464426994324,0.4524150788784027,34.556217193603516,31.29464340209961,-0.00749778805377177,-3.2615737915039062
46,0.03556349501013756,0.026722075934108247,0.8764880952380952,1.8095155954360962,0.9023017702762081,0.024927881669461027,0.02926861873799691,0.5321117043495178,0.6507081389427185,1.1548223495483398,0.021101665681991455,0.8422619047619048,10.496779441833496,0.9549055321363031,0.018273268890311556,0.01959081287416986,0.3655056655406952,0.3036682605743408,202.1156463623047,117.14727783203125,0.9629629629629629,0.845437616387337,0.42147213220596313,0.4959736466407776,49.094215393066406,41.98896026611328,-0.005620410252116792,-7.105255126953125
47,0.02574513852596283,0.02131132470799657,0.8675595238095238,1.8479714393615723,0.9265542787933333,0.02578077845070237,0.024991096720959338,0.7038171887397766,0.5083913803100586,0.7355254292488098,0.023988160312712004,0.8065476190476191,10.595009803771973,0.9387517050767089,0.037173392930420546,0.028694684865682274,0.6525110602378845,0.3212096393108368,48.643089294433594,15.640877723693848,0.9777777777777777,0.8435754189944135,0.4596230089664459,0.5014610886573792,12.596769332885742,12.435480117797852,0.002676835604715433,-0.16128921508789062
48,0.009050454944372177,0.016175277191314508,0.8690476190476191,1.7279938459396362,0.86554726103765,0.022614957769505173,0.025607770341003144,0.565098226070404,0.5756030678749084,0.08676143735647202,0.022359183713851816,0.8050595238095238,6.907563209533691,0.963980880345945,0.02726412024197511,0.03680367705526211,0.26631689071655273,0.36639389395713806,411.6976318359375,352.23248291015625,0.9629629629629629,0.8435754189944135,0.43033021688461304,0.3984822630882263,20.8595027923584,20.104341506958008,0.006183906522537308,-0.7551612854003906
49,0.007878078147768974,0.019172568058424377,0.8348214285714286,1.2922980785369873,0.8331390299226606,0.05667594857618541,0.022588150003315044,0.8388922810554504,0.5606123208999634,0.03524097055196762,0.009813172893938127,0.8214285714285714,5.877265453338623,0.9913908328105842,0.04718321124607727,0.016173519021200455,0.6362566351890564,0.2027522325515747,34.60487747192383,16.53810691833496,0.8888888888888888,0.8212290502793296,0.5970873832702637,0.3790513277053833,13.450526237487793,10.70699405670166,-0.00935939516448625,-2.743532180786133
50,0.006093387026339769,0.009310135956460353,0.8883928571428571,1.8034478425979614,0.8914538085783165,0.031045530573399538,0.013461953286028172,0.522624135017395,0.43742668628692627,0.0513395294547081,0.004731960733585061,0.8199404761904762,9.088408470153809,0.906279925742703,0.048049496233219635,0.01159094985514586,0.2069755643606186,0.19647271931171417,66.91533660888672,54.888084411621094,0.9111111111111111,0.8715083798882681,0.4533836841583252,0.4381842315196991,14.952878952026367,12.933695793151855,-0.0045781752228752914,-2.0191831588745117
51,0.0225656908005476,0.023113256188753928,0.8288690476190477,1.5725023746490479,0.840641804240202,0.03215034358091151,0.028149537642498723,0.5967287421226501,0.5614525079727173,0.3214254677295685,0.0232259330202369,0.8303571428571429,6.883502960205078,0.9057193239244954,0.04537586644469116,0.028457920117460067,0.4922950863838196,0.40188875794410706,172.8226318359375,124.38126373291016,0.9333333333333333,0.8081936685288641,0.4008835554122925,0.4784388840198517,18.71136474609375,16.200687408447266,0.0001126768314829718,-2.5106773376464844
52,0.03038092888891697,0.02394986657067044,0.8571428571428571,1.6845473051071167,0.8433874181576655,0.04607930500837398,0.025571769331832472,0.6651667952537537,0.5991805195808411,0.2008376270532608,0.0071489165105383945,0.8035714285714286,7.494197845458984,0.9628461132242214,0.026459351740286574,0.007203380046580721,0.5011860728263855,0.2695519030094147,829.5404663085938,617.7123413085938,0.8962962962962963,0.8491620111731844,0.6387659311294556,0.5175061821937561,210.0282745361328,199.21591186523438,-0.016800950060132047,-10.812362670898438
53,0.021796815097332,0.013864996335136603,0.875,2.079660415649414,0.8930364849407434,0.03123804464434199,0.012906011013002372,0.5746940970420837,0.5063890814781189,0.6997172236442566,0.005632849215118307,0.8303571428571429,14.96652603149414,0.9135205092156248,0.048854210285792954,0.005068718832528019,0.35661113262176514,0.18244895339012146,174.69024658203125,45.81720733642578,0.9555555555555556,0.8621973929236499,0.47358933091163635,0.41964244842529297,55.75648880004883,48.62101745605469,-0.008232147120018296,-7.135471343994141
54,0.014715196564793587,0.014105063020519837,0.8883928571428571,1.9748812913894653,0.8836505493467481,0.043871020131675764,0.015649383413243068,0.6998818516731262,0.4986589550971985,0.407473087310791,0.007632035298858031,0.8184523809523809,12.472078323364258,0.8884270976809083,0.04088154038292846,0.010044321966633296,0.39242300391197205,0.25151878595352173,19.48850440979004,15.200263977050781,0.9629629629629629,0.8696461824953445,0.5902409553527832,0.4499499201774597,12.452570915222168,14.70617961883545,-0.006473027721661806,2.2536087036132812
55,0.041935376822948456,0.02783407464829002,0.8303571428571429,1.7783771753311157,0.8972723921373291,0.08765108160425761,0.015381947893101877,1.1702653169631958,0.449505090713501,1.1280460357666016,0.03231226527780928,0.8422619047619048,8.119553565979004,0.8978755215124975,0.08525964427430677,0.012111032124217935,0.7886579632759094,0.2221531867980957,6.720661163330078,5.85056209564209,0.6074074074074074,0.8938547486033519,0.7500000596046448,0.40029844641685486,6.587086200714111,5.69803524017334,0.004478190629519263,-0.8890509605407715
56,0.002994342939928174,0.01723891718536008,0.8392857142857143,0.5409539341926575,0.21219537037562886,0.03561401909438722,0.020442750544968025,0.6283857226371765,0.5561769008636475,0.01769733987748623,0.019543671324702916,0.7991071428571429,2.8027491569519043,0.4450169994838111,0.05997300390090288,0.022129348624335243,0.45911434292793274,0.20006737112998962,17.461360931396484,22.036855697631836,0.8962962962962963,0.8640595903165735,0.5638972520828247,0.4193883538246155,4.488513946533203,5.696765422821045,0.002304754139342835,1.2082514762878418
57,0.012193063274025917,0.01229968170731699,0.8958333333333334,1.4830905199050903,0.928147514941,0.030096199392240952,0.015922363197304112,0.6199318170547485,0.49582332372665405,0.1253090649843216,0.014252423656770041,0.8154761904761905,5.120900630950928,0.8940920635882171,0.017875211440851024,0.01795512865858251,0.3975295126438141,0.2766009271144867,204.7847442626953,196.2472381591797,0.9703703703703703,0.8733705772811918,0.5126397013664246,0.45940640568733215,17.160003662109375,16.911556243896484,0.0019527419494530518,-0.24844741821289062
58,0.017707567662000656,0.023419913033223883,0.8735119047619048,1.3076114654541016,0.7578923692831759,0.01709267239754364,0.02975969323699279,0.45739269256591797,0.5020531415939331,0.21954447031021118,0.030378236634677314,0.8035714285714286,4.5267767906188965,0.9823908575757535,0.021615306789524613,0.044948779540143535,0.22193238139152527,0.34848499298095703,21.398784637451172,4.821518898010254,0.9777777777777777,0.8491620111731844,1.8064537048339844,0.4653913676738739,10.759403228759766,7.199278354644775,0.006958323601453431,-3.5601248741149902
59,0.003917654510587454,0.022679126774379554,0.8541666666666666,0.6075431108474731,0.45541766467392664,0.05119849054589998,0.023333991714643232,0.8181735873222351,0.6068050265312195,0.4711269438266754,0.036684605136685366,0.8333333333333334,5.452538013458252,0.9076887953563697,0.05642229257936637,0.03200884197581755,0.5334676504135132,0.3698624074459076,795.1417236328125,770.70751953125,0.7481481481481481,0.8547486033519553,0.7083276510238647,0.4441004693508148,136.67050170898438,136.35873413085938,0.014005478362305812,-0.311767578125
60,0.006068263202905655,0.011935118788867216,0.8556547619047619,1.9301384687423706,0.7983221959649118,0.03659151842517039,0.016198842012535297,0.5851705074310303,0.47923120856285095,0.1306709200143814,0.0078416121541246,0.8690476190476191,11.195454597473145,0.9676171330351501,0.025463881466751714,0.0070110669442629,0.28453028202056885,0.12871991097927094,19.603134155273438,74.79527282714844,0.8888888888888888,0.8547486033519553,0.5929994583129883,0.3741638660430908,15.660086631774902,33.7424201965332,-0.004093506634742616,18.0823335647583
61,0.014036605134606361,0.02053393208362253,0.8452380952380952,1.2362024784088135,0.8265274298556484,0.025795620891222004,0.0204609493510145,0.7678646445274353,0.5265838503837585,0.09368692338466644,0.026600391911973165,0.7991071428571429,5.337527275085449,0.9128784522839232,0.04108961151668,0.023262286753659822,0.6043837070465088,0.1902056783437729,30.293630599975586,26.981550216674805,0.9925925925925926,0.8026070763500931,0.5673084855079651,0.4669141173362732,7.5707783699035645,7.504122734069824,0.006066459828350634,-0.06665563583374023
62,0.007142271846532822,0.010562819302689874,0.8675595238095238,1.7837773561477661,0.8892146585240717,0.0401406574492027,0.011730224768876307,0.6925586462020874,0.5974043011665344,0.05977423116564751,0.006090824921162086,0.8288690476190477,7.8235321044921875,0.8844102281890474,0.058182831936743895,0.004941788703097694,0.671882152557373,0.10001670569181442,47.05296325683594,37.99985885620117,0.9185185185185185,0.8677839851024208,0.7278664112091064,0.4742448031902313,17.039363861083984,14.358314514160156,-0.0044719943815277885,-2.681049346923828
63,0.029712101444602013,0.018920974623168996,0.8705357142857143,1.7746362686157227,0.86719487315432,0.01984325405796139,0.020287273013293472,0.41717833280563354,0.6257001757621765,0.698304295539856,0.01860776736085501,0.8229166666666666,7.779608726501465,0.8602536417633432,0.014452426798852391,0.025960096913727804,0.29968369007110596,0.2417285144329071,59.06710433959961,41.43955612182617,0.9777777777777777,0.8379888268156425,0.41767871379852295,0.4812963008880615,9.72490406036377,7.496007919311523,-0.0003132072623139859,-2.228896141052246
64,0.048705920577049255,0.033975738655713794,0.7991071428571429,1.85659921169281,0.8736111628670746,0.04009833575894606,0.029691422621303643,0.6122861504554749,0.6108442544937134,1.4343605041503906,0.056875653591598185,0.8422619047619048,8.058721542358398,0.9703988402968207,0.07435485283743637,0.05711310627571098,0.41255006194114685,0.4980967044830322,96.25689697265625,66.436279296875,0.7111111111111111,0.8230912476722533,0.6891294717788696,0.4044511318206787,27.130599975585938,23.485197067260742,0.02289991493588439,-3.6454029083251953
65,0.012892481870949268,0.015336252695411834,0.8720238095238095,1.7328375577926636,0.8586038690501856,0.030932261672371175,0.018883804844355256,0.6360428333282471,0.48931169509887695,0.12542952597141266,0.008187316553068813,0.8541666666666666,8.46345329284668,0.921961865380334,0.024248827862619615,0.010595013978785262,0.3527274429798126,0.09571333229541779,27.94841957092285,13.039827346801758,0.9481481481481482,0.8547486033519553,0.5934525728225708,0.44315072894096375,14.262336730957031,12.04106616973877,-0.007148936142343021,-2.2212705612182617
66,0.01623530499637127,0.02115101381900253,0.8824404761904762,1.517690658569336,0.8103117232707632,0.02804335181709794,0.02185896473929627,0.6754167675971985,0.4283652603626251,0.47542405128479004,0.023701267846007235,0.8318452380952381,7.1955060958862305,0.9138217397749913,0.08269691822877068,0.02789568854294311,0.4319422245025635,0.29495465755462646,17.373855590820312,12.354719161987305,0.9851851851851852,0.851024208566108,0.4686592221260071,0.41951248049736023,6.547993183135986,5.00218391418457,0.002550254027004706,-1.545809268951416
67,0.0029688747599720955,0.018907527112379086,0.8705357142857143,0.5221507549285889,0.19729948152348747,0.06681835336795172,0.01580197573940101,0.8114668726921082,0.4531218707561493,0.05391514673829079,0.023777983600296926,0.8065476190476191,5.119167804718018,0.8903004284787421,0.07250685511922372,0.027660569691892678,0.543678343296051,0.16899734735488892,3252.478515625,3217.306884765625,0.6074074074074074,0.9068901303538175,0.7667555212974548,0.39716869592666626,603.6383666992188,606.3421630859375,0.00487045648791784,2.70379638671875
68,0.06771353632211685,0.0415537694376642,0.8779761904761905,2.0897905826568604,0.9313914364602464,0.039536646850340085,0.04488919222620147,0.9146636724472046,0.5280616283416748,4.461963653564453,0.04208327962023084,0.8422619047619048,17.82884979248047,0.9560856014914654,0.02640799882192968,0.04888471429200092,0.5383456349372864,0.44613438844680786,23.569639205932617,417.3653259277344,0.9185185185185185,0.8715083798882681,0.7998056411743164,0.330551415681839,12.868128776550293,98.43925476074219,0.0005295101825666393,85.5711259841919
69,0.04069710150361061,0.03223020298695278,0.8229166666666666,2.102344036102295,0.9257548793325898,0.04995838765076832,0.034482784126030896,0.6951410174369812,0.6446337699890137,1.1970771551132202,0.028503827362821532,0.8125,10.257366180419922,0.9290782863659199,0.10800990450681391,0.03064623612083106,0.40401941537857056,0.48826199769973755,7.800398349761963,5.467170238494873,0.7703703703703704,0.8417132216014898,1.6482123136520386,0.44660499691963196,6.145549774169922,5.143773078918457,-0.0037263756241312507,-1.0017766952514648
70,0.0031224009580910206,0.01765218833542448,0.8288690476190477,0.5760918855667114,0.31148543943458495,0.10368655584532194,0.013549821746731694,1.4434096813201904,0.5089612603187561,0.026471054181456566,0.01987556148368541,0.8303571428571429,3.3575968742370605,0.661857988821715,0.11316210595979626,0.014460630662422314,0.29961973428726196,0.23089630901813507,269.296875,281.40240478515625,0.4444444444444444,0.9068901303538175,0.8786904811859131,0.3869558572769165,75.50660705566406,78.05756378173828,0.002223373148260932,2.5509567260742188
71,0.039745163172483444,0.032391584645794724,0.8392857142857143,1.8066099882125854,0.8763217073754695,0.057502204942512236,0.0389293029659159,0.7427277565002441,0.5818564891815186,2.311007499694824,0.030577772428664773,0.8065476190476191,12.992217063903809,0.9187914916785995,0.03612563373338917,0.0411944202495117,0.4200748801231384,0.41967564821243286,6.114935874938965,24.43619728088379,0.8962962962962963,0.8063314711359404,0.6946796178817749,0.4116782546043396,11.428892135620117,14.064001083374023,-0.0018138122171299509,2.6351089477539062
72,0.0024405994918197393,0.017777914915226734,0.8824404761904762,0.4869754910469055,0.2195276334119778,0.07228891177134167,0.016480559016120777,1.170304298400879,0.49103790521621704,0.022884551435709,0.04902482855501045,0.8050595238095238,1.6808935403823853,0.3239060989092735,0.10023627453256267,0.04045616252757045,0.3967207670211792,0.4701811373233795,38.920555114746094,48.113460540771484,0.8296296296296296,0.888268156424581,1.1587550640106201,0.3874969184398651,4.09340238571167,5.218379497528076,0.031246913639783713,1.1249771118164062
73,0.006323641166090965,0.014341180452851487,0.8571428571428571,1.1727064847946167,0.8802308721676205,0.057442722110658484,0.011946602733081568,1.0734879970550537,0.3821159303188324,0.11372963339090347,0.021158830533083206,0.7767857142857143,4.157513618469238,0.9619558819727353,0.1718239735408399,0.016268144725251177,1.2288591861724854,0.2908989489078522,11.620420455932617,5.349583148956299,0.7333333333333333,0.88268156424581,1.5406399965286255,0.40283817052841187,5.498332977294922,5.209226131439209,0.006817650080231719,-0.2891068458557129
74,0.012966008856892586,0.02063133099179404,0.8333333333333334,1.5415160655975342,0.9302429883931601,0.034821118668657114,0.01597899267439651,0.7626774907112122,0.47767898440361023,0.08183582872152328,0.0244234834956899,0.7872023809523809,4.563579559326172,0.9006517231956823,0.0310247137839339,0.02427208090975841,0.33293795585632324,0.2000405490398407,6.8561835289001465,7.385793685913086,0.7037037037037037,0.8677839851024208,0.7183526158332825,0.37201446294784546,4.001945972442627,4.915406227111816,0.0037921525038958626,0.9134602546691895
75,0.0019437086302787066,0.015215505729636702,0.8497023809523809,0.5097789764404297,0.18089837394669037,0.04747146198765717,0.014203691239480065,0.8332769870758057,0.43450137972831726,0.018822509795427322,0.026405534085948257,0.8422619047619048,2.4042115211486816,0.5133511478880041,0.059218173838484045,0.03098941981094716,0.6328681111335754,0.32035544514656067,449.0985412597656,465.3315124511719,0.674074074074074,0.9348230912476723,0.6023454666137695,0.3656195104122162,50.99620819091797,53.07505416870117,0.011190028356311554,2.078845977783203
76,0.02302386984229088,0.022486803249738396,0.8988095238095238,1.7247207164764404,0.8567535620913724,0.02329437378853083,0.015820108052784776,0.5915806889533997,0.47853121161460876,0.49649742245674133,0.02297015947520764,0.8214285714285714,9.691987991333008,0.9749176620302669,0.019754264284339906,0.013931984435353373,0.24924679100513458,0.2134474515914917,35.229217529296875,13.548686027526855,1.0,0.8789571694599627,0.5028659701347351,0.4077772796154022,12.503262519836426,10.791431427001953,0.0004833562254692447,-1.7118310928344727
77,0.019980348646640778,0.019959447823561405,0.8779761904761905,1.4036065340042114,0.8521052681931003,0.030240678620196082,0.02127618305233603,0.7347053289413452,0.49111658334732056,0.2789887487888336,0.019196137880874486,0.8482142857142857,5.691585063934326,0.8443884460725062,0.02204296064115241,0.017074673739072788,0.13272297382354736,0.3031792938709259,15.532048225402832,8.454691886901855,0.9407407407407408,0.8603351955307262,0.44232648611068726,0.4403466582298279,4.836955547332764,4.744028568267822,-0.0007633099426869183,-0.0929269790649414
78,0.0032806862145662308,0.021411961898792686,0.8333333333333334,0.5693107843399048,0.49493578489564105,0.06487765927227929,0.021249986071648852,0.9852156639099121,0.5053056478500366,0.02212163805961609,0.01967806698368324,0.8541666666666666,3.527592182159424,0.8891225684856486,0.02810472664168362,0.02211914046125818,0.4604063034057617,0.19756685197353363,18.964738845825195,17.496803283691406,0.8074074074074075,0.8547486033519553,0.6726053357124329,0.4022459089756012,5.3618340492248535,5.80723762512207,-0.0017338949151094463,0.4454035758972168
79,0.0030613504350185394,0.016917387015853325,0.8452380952380952,0.5640478730201721,0.3538142460423726,0.045872581945857305,0.018054174860952954,0.8549168705940247,0.5004343390464783,0.5375766158103943,0.03709584200553517,0.8050595238095238,5.79256010055542,0.8908551739608249,0.08808992299500096,0.04265711968198349,0.699011504650116,0.41270920634269714,10.23609733581543,8.264684677124023,0.7925925925925926,0.8659217877094972,0.8244809508323669,0.3464270532131195,4.247904300689697,4.2914628982543945,0.02017845498968185,0.043558597564697266
80,0.00212659640237689,0.016039447679601193,0.8616071428571429,0.5304781198501587,0.4629398509228552,0.0364737050698174,0.020776730315458125,0.6275686621665955,0.514204204082489,0.030899204313755035,0.019966194545127824,0.8080357142857143,4.2312822341918945,0.8124315996929101,0.031329225829142104,0.02801555952918755,0.31762591004371643,0.2891782224178314,2115.541259765625,2122.40771484375,0.8444444444444444,0.8770949720670391,0.6375370621681213,0.4446886479854584,654.9133911132812,654.7264404296875,0.003926746865526631,-0.18695068359375
81,0.05197148770093918,0.032708326286465805,0.8452380952380952,1.8968067169189453,0.9123023625822497,0.02835887095420675,0.0361875297536578,0.41418391466140747,0.6341079473495483,7.3370819091796875,0.03164938391871952,0.9151785714285714,22.691993713378906,0.9094916784720798,0.029909048876540112,0.036085294809026336,0.09836377203464508,0.4021422564983368,568.6383666992188,272.8549499511719,0.9777777777777777,0.8100558659217877,0.3649865984916687,0.4477725327014923,131.1563720703125,285.29473876953125,-0.001058942367746285,154.13836669921875
82,0.010836675763130188,0.012860101579516892,0.9181547619047619,2.254573345184326,0.8715807324899638,0.03136940881762118,0.01644274733693707,0.700173556804657,0.39899787306785583,0.3038017451763153,0.007797418130849776,0.8303571428571429,17.772449493408203,0.9591958515498962,0.04913311829399469,0.01129319852265176,0.43476608395576477,0.15690603852272034,251.95388793945312,70.59603118896484,0.9333333333333333,0.9162011173184358,0.52874356508255,0.3680651783943176,30.26764488220215,31.137052536010742,-0.005062683448667116,0.8694076538085938
83,0.004595697857439518,0.009020193047322822,0.8645833333333334,1.6567556858062744,0.8647276568082017,0.026866202431827357,0.011393721392350509,0.5705161690711975,0.439782977104187,0.02199595421552658,0.004327257931118322,0.8779761904761905,12.043010711669922,0.9672483937644794,0.05222559575861263,0.003355633524261381,0.6540516018867493,0.11622157692909241,600.4527587890625,395.596923828125,0.9481481481481482,0.8640595903165735,0.556553304195404,0.4086247384548187,186.43829345703125,178.13232421875,-0.0046929351162045,-8.30596923828125
84,0.03835584223270416,0.014776927029830023,0.8809523809523809,2.696382522583008,0.9287866433353686,0.02488901623971662,0.02444570628862308,0.5162225961685181,0.39919430017471313,0.13636809587478638,0.00876482787811328,0.8303571428571429,16.834016799926758,0.9413628526490321,0.041499780181882606,0.017066172481395858,0.16240650415420532,0.22560204565525055,1311.0107421875,737.5477905273438,0.9629629629629629,0.8677839851024208,0.5283392667770386,0.4445464313030243,495.770751953125,316.7102966308594,-0.006012099151716743,-179.06045532226562
85,0.002536328509449959,0.019363315233420497,0.8348214285714286,0.5009369850158691,0.2138712626145831,0.02593826910409247,0.018372795677624176,0.4858357608318329,0.5588734149932861,3.0562798976898193,0.014242784051524238,0.8645833333333334,18.60243797302246,0.9244827287978037,0.04866985994929618,0.0063790762523360245,0.3760697543621063,0.26735514402389526,1812.336669921875,1141.886474609375,0.9851851851851852,0.7877094972067039,1.6954725980758667,0.4135386347770691,370.14385986328125,496.9851989746094,-0.0051205311818962596,126.84133911132812
86,0.014437926933169365,0.012782549493094542,0.8898809523809523,1.988710880279541,0.9532393853984115,0.04117264635793905,0.014559289845464951,0.5413537621498108,0.38613221049308777,0.7605703473091125,0.009885628344945108,0.8497023809523809,16.24358367919922,0.9357518504503511,0.05370652670698439,0.012308122600179994,0.546192467212677,0.17897920310497284,56.05531692504883,148.47360229492188,0.9481481481481482,0.8770949720670391,0.5555998682975769,0.40188127756118774,26.143009185791016,63.77772903442383,-0.002896921148149434,37.63471984863281
87,0.11037054657936096,0.06226719691528071,0.7991071428571429,1.8119027614593506,0.9021296353861785,0.021249474941468338,0.05612409446694,0.4949990212917328,0.6142566204071045,4.5964460372924805,0.0828314656300354,0.7648809523809523,11.104360580444336,0.893517418235303,0.021314403208270938,0.08962944124468764,0.08895458281040192,0.5976709723472595,7.000649452209473,3.301694869995117,0.9925925925925926,0.7523277467411545,0.5292404294013977,0.6064757108688354,7.2827630043029785,4.556861400604248,0.020564268714754697,-2.7259016036987305
88,0.003521154634654522,0.017129801954976265,0.8526785714285714,0.6361044049263,0.31314635586243855,0.054094902490340324,0.014019537749226929,0.8757935762405396,0.4750766456127167,0.05472409352660179,0.019897509756622522,0.7991071428571429,3.0626039505004883,0.7874949912117173,0.0577054350975329,0.013777896033605908,0.7709368467330933,0.32893338799476624,60.370059967041016,67.15147399902344,0.6444444444444445,0.9143389199255121,0.9149914979934692,0.43872249126434326,12.367765426635742,12.946821212768555,0.0027677078016462575,0.5790557861328125
89,0.006158558651804924,0.011130670499893691,0.8541666666666666,1.73720121383667,0.9058104741081319,0.02554258240779128,0.015930151760398026,0.4388524889945984,0.5737281441688538,0.03359974920749664,0.004736487780496845,0.8139880952380952,7.753988265991211,0.9151678435097649,0.02142613170903096,0.007502505310535756,0.20348341763019562,0.16022908687591553,94.9762954711914,65.37515258789062,0.9481481481481482,0.8305400372439479,0.45512479543685913,0.39797723293304443,12.764270782470703,9.942959785461426,-0.006394182719396846,-2.8213109970092773
90,0.007202322594821453,0.013914052049951997,0.7872023809523809,1.4081379175186157,0.9049339104027674,0.027735441405391748,0.021395518689515614,0.4814157485961914,0.6244527101516724,0.03381723165512085,0.012392550911498934,0.7425595238095238,5.268714427947998,0.9651880496341867,0.023142636593987076,0.027918623149503552,0.14865973591804504,0.3684944212436676,9.235737800598145,2.9276981353759766,0.9259259259259259,0.7541899441340782,0.9881652593612671,0.45142170786857605,6.80496072769165,5.591855049133301,-0.001521501138453063,-1.2131056785583496
91,0.006949726026505232,0.01251662410777954,0.8511904761904762,1.5231199264526367,0.8078244672503945,0.04428067735595165,0.012278767523011158,0.8171026706695557,0.42995864152908325,0.078206367790699,0.013433138369910669,0.8184523809523809,4.1904168128967285,0.8438165074667329,0.07445577832054417,0.014951777746096018,0.6525683403015137,0.24594567716121674,90.7600326538086,96.37677764892578,0.8074074074074075,0.8696461824953445,0.9162456393241882,0.4006657600402832,11.891560554504395,12.783305168151855,0.0009165142621311295,0.8917446136474609
92,0.008309067226946354,0.012518525817994619,0.9077380952380952,1.5425374507904053,0.8729579318142979,0.05295314397516271,0.013227754969517336,0.7851725816726685,0.40702295303344727,0.07682331651449203,0.0050772002447726505,0.8184523809523809,6.62416410446167,0.9466637770389775,0.05677254888829797,0.006589043104517023,0.42646917700767517,0.289615660905838,843.080810546875,721.1544799804688,0.9037037037037037,0.8994413407821229,0.6255438327789307,0.36692434549331665,330.099365234375,322.71783447265625,-0.0074413255732219685,-7.38153076171875
93,0.09408721327781677,0.054038500770118625,0.8392857142857143,2.0272374153137207,0.9218955414645276,0.020300756299846068,0.0490911533259667,0.3800358474254608,0.7419922947883606,6.189367771148682,0.0735913185487389,0.8482142857142857,14.891002655029297,0.9127530816486853,0.024097294816789794,0.07151996029544228,0.15729977190494537,0.5301992297172546,40.8480110168457,54.472511291503906,0.9925925925925926,0.8007448789571695,0.3356751501560211,0.5007249116897583,15.542866706848145,49.6264533996582,0.01955281777862028,34.08358669281006
94,0.022016875445842743,0.028560459626027157,0.8526785714285714,1.1953030824661255,0.8815793155442725,0.02408254910461982,0.03282673902150668,0.6043580174446106,0.5606875419616699,0.6761113405227661,0.02754335784682127,0.7886904761904762,7.703187465667725,0.9513345338451202,0.0605272029564059,0.03407141479562992,0.36469900608062744,0.38347455859184265,76.01384735107422,55.31184768676758,0.9703703703703703,0.8268156424581006,0.4536493718624115,0.4064679741859436,8.28394889831543,7.297033309936523,-0.0010171017792058867,-0.9869155883789062
95,0.005739207845181227,0.01217466952576296,0.90625,1.6530988216400146,0.8731570716126928,0.029777640378334302,0.014590137255912294,0.6228758692741394,0.5149470567703247,0.24071364104747772,0.0217204724615091,0.8854166666666666,11.142706871032715,0.9780377921817592,0.0669088847221403,0.02028741603920048,0.3071875274181366,0.23250626027584076,84.9002685546875,48.420501708984375,0.9185185185185185,0.8938547486033519,0.47489500045776367,0.46967417001724243,12.956165313720703,11.037823677062988,0.00954580293574614,-1.9183416366577148
96,0.005657915957272053,0.010903662214010068,0.8735119047619048,1.8716319799423218,0.8136271002527652,0.050773096179451804,0.013365772774151408,0.6912039518356323,0.3711830675601959,0.06694263219833374,0.004844373996582552,0.8229166666666666,8.359668731689453,0.9690826296995599,0.05093363375972959,0.008729532296860354,0.2761024236679077,0.16364890336990356,65.76013946533203,33.84746551513672,0.8,0.8938547486033519,0.6842015385627747,0.4739663302898407,14.849600791931152,12.43598461151123,-0.0060592882174275164,-2.413616180419922
97,0.013706768862903118,0.016481004532930554,0.84375,1.4692752361297607,0.8687090286162686,0.029207428183544604,0.022464799927176315,0.5759836435317993,0.6285114288330078,0.2357303351163864,0.005751709697840446,0.8184523809523809,9.372071266174316,0.9353030104127427,0.03473717189176584,0.013326958884718687,0.2068036049604416,0.14990641176700592,575.123291015625,489.28338623046875,0.9703703703703703,0.8100558659217877,0.5135524868965149,0.5036701560020447,188.89962768554688,179.8275909423828,-0.010729294835090109,-9.072036743164062
98,0.05393649637699127,0.019149304499486486,0.8288690476190477,2.133857250213623,0.9003300859861679,0.04823840536314605,0.025723224419580637,0.7621854543685913,0.5905341506004333,3.2705321311950684,0.011823467339713734,0.8020833333333334,17.82573890686035,0.8602144359846458,0.01837141371524753,0.018853343175812887,0.2948838770389557,0.36557242274284363,140.57496643066406,69.23624420166016,0.8740740740740741,0.8212290502793296,0.662326991558075,0.51039719581604,33.74440383911133,66.86537170410156,-0.007325837159772752,33.120967864990234
99,0.01059698686003685,0.014629119460063178,0.8422619047619048,2.192737579345703,0.9462402162914273,0.036490488261106235,0.01958149465590564,0.658196210861206,0.5867865085601807,0.15043294429779053,0.006661417087964749,0.8258928571428571,11.819120407104492,0.9528262255726813,0.08818703124841976,0.005168554205756126,0.5283302664756775,0.12553249299526215,113.00462341308594,54.86748504638672,0.8814814814814815,0.839851024208566,0.4280025362968445,0.37609851360321045,16.645801544189453,13.391698837280273,-0.007967702372098429,-3.2541027069091797
100,0.010157969780266285,0.020304268411460158,0.8214285714285714,1.4404401779174805,0.7548114304143183,0.031272036152242944,0.026591269580904076,0.7632195353507996,0.5215345621109009,0.035391028970479965,0.007464049424550034,0.8273809523809523,8.245054244995117,0.9836702899053423,0.021929044565997535,0.008406927937735453,0.3731473982334137,0.10149817913770676,167.13790893554688,97.13607025146484,0.9703703703703703,0.7895716945996276,0.46159079670906067,0.521686851978302,25.242820739746094,21.48241424560547,-0.012840218986910124,-3.760406494140625
101,0.02282506413757801,0.019235966668489257,0.8839285714285714,1.6916050910949707,0.7949366009386524,0.03483901399110656,0.018012719118012055,0.6050779223442078,0.5339413285255432,0.6262667179107666,0.019156630516816375,0.8273809523809523,9.013786315917969,0.9603850839275859,0.034093516842453764,0.015966948255493496,0.47406792640686035,0.29640883207321167,118.65973663330078,57.44279098510742,0.9851851851851852,0.8733705772811918,0.5960794687271118,0.4879987835884094,33.029762268066406,30.87939453125,-7.933615167288188e-05,-2.1503677368164062
102,0.006211882457137108,0.01369976857227817,0.8601190476190477,1.9912816286087036,0.940319460490187,0.037597534456861315,0.019519084802785303,0.5921630859375,0.46002137660980225,0.06827253103256226,0.009247961763798274,0.8214285714285714,12.725830078125,0.8891919787121264,0.04702373574676044,0.011657557334804669,0.41998547315597534,0.1347121149301529,21.761219024658203,7.986103057861328,0.8888888888888888,0.8547486033519553,0.6155871152877808,0.412596195936203,10.298699378967285,7.818500518798828,-0.004451806808479897,-2.480198860168457
103,0.02092287503182888,0.018373960390469568,0.8794642857142857,1.7029659748077393,0.8644110269494247,0.042134413497355694,0.01590206462953958,0.6905454993247986,0.5058456063270569,0.6199996471405029,0.023891513447612978,0.8735119047619048,8.534201622009277,0.9308702538511047,0.06911737046342636,0.016055859212385615,0.493505597114563,0.3765612244606018,115.87223052978516,106.68482971191406,0.7703703703703704,0.8957169459962756,0.7171781063079834,0.3990686535835266,11.268977165222168,10.084572792053223,0.0055175530571434095,-1.1844043731689453
104,0.013707812875509262,0.023551613793833415,0.8244047619047619,1.1808428764343262,0.8524859717488771,0.04616626684605474,0.03271539383493971,0.794296383857727,0.6296855807304382,0.12097372114658356,0.017803208780083457,0.8392857142857143,5.556548595428467,0.9842317200935967,0.04922364090524178,0.024896063165677718,0.3453584313392639,0.3709649443626404,86.82228088378906,41.88085174560547,0.8518518518518519,0.8249534450651769,1.8222328424453735,0.4003343880176544,23.265518188476562,21.058549880981445,-0.005748405013749958,-2.206968307495117
105,0.025660015642642975,0.0192695904050042,0.8497023809523809,1.813930869102478,0.9196621866806938,0.04191244833631347,0.029838129993792428,0.5983265042304993,0.5183379054069519,0.9989030361175537,0.01616185347997867,0.8333333333333334,10.742670059204102,0.9081656086256078,0.08948362629485973,0.025621921869551922,0.7150493860244751,0.36736389994621277,54.43606948852539,31.629039764404297,0.9555555555555556,0.8286778398510242,0.42426425218582153,0.4414442181587219,13.726804733276367,12.57592487335205,-0.0031077369250255282,-1.1508798599243164
106,0.00794249214231968,0.016188932294834424,0.8854166666666666,2.0147705078125,0.9005422390666528,0.03159332441029028,0.018360512521403582,0.8136382699012756,0.3735217750072479,0.057484544813632965,0.016001258779681837,0.8348214285714286,7.65018367767334,0.9363149763325745,0.028928179780709717,0.01492508335190601,0.5536260604858398,0.17893299460411072,47.094146728515625,28.091175079345703,0.8592592592592593,0.8938547486033519,0.6321272850036621,0.39284220337867737,8.356404304504395,6.93948221206665,-0.00018767351515258657,-1.4169220924377441
107,0.010164085775613785,0.021054344448290685,0.8571428571428571,1.2219434976577759,0.8581459791117407,0.04349684730176717,0.018815673085691764,0.6953281164169312,0.569909930229187,0.11537924408912659,0.016022107441783562,0.875,4.9962005615234375,0.9673247904779693,0.020381596089760867,0.011913473014956488,0.31191709637641907,0.28056061267852783,6864.03564453125,6620.40771484375,0.7185185185185186,0.88268156424581,1.4031165838241577,0.4261542558670044,973.17333984375,972.05078125,-0.005032237006507123,-1.12255859375
108,0.003418747801333666,0.017380625807857486,0.8303571428571429,0.6613306999206543,0.13629548141893955,0.05960857562433908,0.01956022857230677,0.8859430551528931,0.43806132674217224,1.6063288450241089,0.008814541994839442,0.8824404761904762,17.07166290283203,0.9770592457952623,0.03152090417171538,0.008663268858529638,0.5084083080291748,0.2776066064834595,173.2924041748047,741.6360473632812,0.9111111111111111,0.813780260707635,0.8323035836219788,0.4901762306690216,65.86441802978516,257.98095703125,-0.008566083813018044,192.11653900146484
109,0.10467232018709183,0.04471924680154249,0.8392857142857143,2.30837082862854,0.9128777502901004,0.030146644462952676,0.0409206122932676,0.8013184666633606,0.6054818630218506,6.400820255279541,0.03760221911010697,0.84375,18.559654235839844,0.8334708313293631,0.016492575687862776,0.03290658276624636,0.23083148896694183,0.40987712144851685,233.8500518798828,128.66415405273438,0.9555555555555556,0.8044692737430168,0.5522163510322571,0.4672921597957611,69.19464111328125,42.14054489135742,-0.007117027691435518,-27.054096221923828
110,0.09421130269765854,0.034412567830184204,0.8571428571428571,1.8788765668869019,0.9193349246493826,0.04362961135398058,0.04035368427430974,0.8380593657493591,0.6986055970191956,4.75988245010376,0.029478881944127622,0.8452380952380952,14.377252578735352,0.905101843891221,0.023170492277710064,0.037224584387060666,0.21900081634521484,0.5920166969299316,189.1972198486328,86.10501861572266,0.9037037037037037,0.851024208566108,0.6199148893356323,0.4040578305721283,23.898643493652344,22.27213478088379,-0.004933685886056582,-1.6265087127685547
111,0.010516883805394173,0.016948662080763954,0.8422619047619048,1.4791584014892578,0.7865645640332266,0.03911952264478602,0.022536759875937173,0.660957932472229,0.6267392635345459,0.07066511362791061,0.009075620532628448,0.8244047619047619,10.341145515441895,0.9576213518901707,0.03490462225355562,0.01731242243979325,0.3669936954975128,0.19989801943302155,175.3277587890625,84.91487884521484,0.8962962962962963,0.8286778398510242,0.5371180176734924,0.3593444526195526,46.609737396240234,41.28874969482422,-0.007873041548135506,-5.320987701416016
112,0.04787531495094299,0.030099926441810698,0.8467261904761905,1.8601609468460083,0.9132550442498167,0.047649702091117074,0.03546510130938829,0.7764213681221008,0.604208767414093,2.717583179473877,0.021096518287513688,0.8571428571428571,14.372760772705078,0.8905335965914657,0.03136919596811516,0.023532146628456485,0.4759727716445923,0.4125713109970093,158.76597595214844,83.009765625,0.9407407407407408,0.8249534450651769,0.7659941911697388,0.4703686535358429,66.8656005859375,53.450496673583984,-0.00900340815429701,-13.415103912353516
113,0.004909861367195845,0.02056560636349436,0.8348214285714286,0.7520826458930969,0.7252252137293974,0.042360139963974364,0.025133731527848258,0.6803541779518127,0.4958881735801697,4.224798202514648,0.018112091277883158,0.8735119047619048,17.214296340942383,0.8050235309515408,0.043417505683353896,0.022661762044116407,0.42340409755706787,0.3591144382953644,21.47273826599121,13.650227546691895,0.8666666666666667,0.8417132216014898,0.7382939457893372,0.34107205271720886,13.103448867797852,14.5941743850708,-0.002453515085611202,1.4907255172729492
114,0.014925487339496613,0.01486473456836579,0.8898809523809523,1.7832677364349365,0.831829022020278,0.03882980119782764,0.021482382690406143,0.7098159193992615,0.4415144622325897,0.18257273733615875,0.009110899726012311,0.8705357142857143,8.261584281921387,0.8759783457205331,0.013420607475731039,0.018454943724942496,0.1716378629207611,0.1689184308052063,206.8544464111328,196.31161499023438,0.9629629629629629,0.8770949720670391,0.5999464988708496,0.42041391134262085,44.016170501708984,42.92136764526367,-0.005753834842353478,-1.0948028564453125
115,0.011033879593014717,0.010032103427131234,0.8913690476190477,2.041790008544922,0.8959434193478277,0.031235566570328666,0.012814724057659821,0.5948491096496582,0.4905533194541931,0.15538883209228516,0.0028030262306446563,0.8660714285714286,11.126898765563965,0.9269598997644933,0.027336575759901116,0.0029443940596488583,0.5187967419624329,0.13734041154384613,37.494266510009766,9.081154823303223,0.9703703703703703,0.8752327746741154,0.530332624912262,0.39586278796195984,16.713069915771484,12.178116798400879,-0.007229077196486577,-4.5349531173706055
116,0.03324253112077713,0.027315292299488036,0.8318452380952381,1.8158754110336304,0.8878178699592575,0.02704866566406461,0.03236082104218718,0.5911045670509338,0.4401785731315613,0.7482248544692993,0.018557005851201458,0.8229166666666666,9.596456527709961,0.935444667379865,0.06854602797029907,0.02046139522078505,0.2083868682384491,0.2112429141998291,262.36578369140625,228.1742401123047,0.9555555555555556,0.7988826815642458,0.5580841302871704,0.4594930410385132,23.057632446289062,20.40651512145996,-0.008758286448286579,-2.6511173248291016
117,0.007906324230134487,0.013983148990001082,0.8556547619047619,1.429633617401123,0.9113968596613599,0.06678043693185687,0.012182051563392693,0.6746948957443237,0.42851993441581726,0.10226275026798248,0.007314894261033711,0.8303571428571429,9.022588729858398,0.968148459741161,0.04116972898372129,0.005309990985460589,0.2313491553068161,0.1453924924135208,41.30842208862305,8.657569885253906,0.762962962962963,0.88268156424581,0.7232502698898315,0.43304866552352905,14.050117492675781,12.589031219482422,-0.006668254728967371,-1.4610862731933594
118,0.011407861486077309,0.013537087158472239,0.8630952380952381,1.7925286293029785,0.9055983159186543,0.03268115738969746,0.017262767702421078,0.7624385952949524,0.5414635539054871,0.029638489708304405,0.0060776767354999706,0.8229166666666666,7.613375186920166,0.9075283418696545,0.023051845293106,0.00782338132877769,0.3789527714252472,0.23564113676548004,398.6950378417969,350.9456481933594,0.9629629629629629,0.8379888268156425,0.5449163317680359,0.40038082003593445,73.67367553710938,70.11219024658203,-0.007459410422972268,-3.5614852905273438
119,0.02244897559285164,0.02707053077466859,0.8898809523809523,1.6231458187103271,0.8731799228894378,0.03816667478228153,0.02286063998005472,0.5762466192245483,0.5729185342788696,0.3912894129753113,0.017243905164333162,0.8273809523809523,8.409229278564453,0.9397891050223467,0.0513271577361607,0.012640898436741432,0.6018522381782532,0.21628767251968384,637.938720703125,349.18804931640625,0.9777777777777777,0.8603351955307262,0.5169709324836731,0.3195594251155853,119.37348937988281,100.11705780029297,-0.009826625610335427,-19.256431579589844
120,0.031602151691913605,0.01892056697323674,0.8467261904761905,1.9062918424606323,0.8688018282214567,0.021974716323690746,0.03009265503867742,0.5229620337486267,0.5867214798927307,0.5962613821029663,0.012026770864526304,0.8422619047619048,9.522089958190918,0.9493421430579738,0.030019940637726616,0.020546708038634676,0.29488369822502136,0.3196152150630951,36.884246826171875,32.8692741394043,0.9481481481481482,0.8212290502793296,1.8222328424453735,0.44325414299964905,16.033668518066406,20.150644302368164,-0.006893796108710437,4.116975784301758
121,0.01395932212471962,0.013501613697542547,0.9092261904761905,1.6010773181915283,0.896310958837812,0.030685667466827327,0.014686690646581901,0.7104942202568054,0.5195174217224121,0.17854146659374237,0.006965360111025665,0.8988095238095238,8.345559120178223,0.933122762742985,0.029659377890773997,0.005032496772857331,0.12639258801937103,0.10912217199802399,30.857187271118164,20.871463775634766,0.9777777777777777,0.9013035381750466,0.48699769377708435,0.46769967675209045,6.819091796875,4.822049140930176,-0.0065362535865168825,-1.9970426559448242
122,0.0077291433699429035,0.011840771154482344,0.8809523809523809,1.3350721597671509,0.8352006515258794,0.038073043456796074,0.01461043322830513,0.7702812552452087,0.5069253444671631,0.25929319858551025,0.012066430497752023,0.8422619047619048,6.9738850593566895,0.9426289123000129,0.05509257735930462,0.022567553688632835,0.6016680598258972,0.30841687321662903,169.1333770751953,148.4872283935547,0.8814814814814815,0.88268156424581,0.5572922229766846,0.362077921628952,31.107589721679688,30.36767578125,0.00022565934326967962,-0.7399139404296875
123,0.039905790239572525,0.025453223611531017,0.8883928571428571,1.7650312185287476,0.870976568129762,0.04111671756776447,0.02469842587670501,0.7777928709983826,0.571751594543457,1.081780195236206,0.017530339354603797,0.7946428571428571,9.65097713470459,0.9304445511891141,0.011095195006799008,0.01617017429143186,0.17793381214141846,0.35282814502716064,569.8811645507812,401.6581115722656,0.9555555555555556,0.8733705772811918,0.6064785122871399,0.4856529235839844,92.97081756591797,85.78939819335938,-0.00792288425692722,-7.181419372558594
124,0.008141200989484787,0.008903122387600937,0.8973214285714286,1.8436859846115112,0.8755169791296835,0.052454531209234934,0.008043284709310816,0.859287440776825,0.3827798068523407,0.04720788821578026,0.0028109137834690934,0.8541666666666666,11.16600227355957,0.9340051977213447,0.059066913938855214,0.0031292446315791533,0.455072820186615,0.1251882165670395,24.799625396728516,36.042938232421875,0.8592592592592593,0.9013035381750466,0.6052493453025818,0.39854973554611206,15.428256034851074,21.04392433166504,-0.0060922086041318435,5.615668296813965
125,0.023728663101792336,0.022782123404653465,0.8377976190476191,1.4837729930877686,0.8710038268776061,0.018642170264674407,0.026265926405652507,0.5651566982269287,0.5810697674751282,0.4986201524734497,0.00945611196910967,0.84375,8.901918411254883,0.9343700710265102,0.02557860443506721,0.007890480850757386,0.1665293574333191,0.17923028767108917,1053.1759033203125,1024.0166015625,0.9703703703703703,0.8063314711359404,0.4800161123275757,0.5402953028678894,314.9350891113281,312.5109558105469,-0.013326011435543794,-2.42413330078125
126,0.02763848379254341,0.03356571964885213,0.8541666666666666,1.7580175399780273,0.9207369597046905,0.033780543865721824,0.025095499657348697,0.5835778117179871,0.4860777258872986,2.265836715698242,0.04176276076925056,0.8571428571428571,13.142526626586914,0.9089286685771281,0.03619919831129825,0.033038204395565374,0.2486502230167389,0.33707669377326965,185.8759307861328,39.982723236083984,0.9777777777777777,0.8361266294227188,0.7379618287086487,0.4498418867588043,41.765655517578125,46.827369689941406,0.00819704112039843,5.061714172363281
127,0.04855339974164963,0.03909137688140929,0.8452380952380952,1.5932700634002686,0.894761272861045,0.023231492289204292,0.04157595586382612,0.6323025226593018,0.6527407169342041,1.265998363494873,0.03727985248812904,0.8303571428571429,8.529850006103516,0.9473507736805102,0.029785869933376286,0.03773399264404409,0.42982763051986694,0.3666514456272125,41.38396072387695,8.39177417755127,0.9481481481481482,0.819366852886406,0.4359736740589142,0.38872653245925903,14.308804512023926,8.994682312011719,-0.0018115243932802505,-5.314122200012207
128,0.03485702723264694,0.03281271075330672,0.875,1.4832004308700562,0.8255188955937877,0.023372478489036896,0.0437856010128832,0.534428060054779,0.5739551186561584,0.7779476046562195,0.026911401570034243,0.8526785714285714,7.9220967292785645,0.930116440932533,0.03836110379728863,0.03428367099054508,0.19106285274028778,0.43516600131988525,448.2872619628906,398.3587646484375,0.9851851851851852,0.8528864059590316,0.3774326741695404,0.4301528036594391,83.77106475830078,80.19407653808594,-0.005901309183272474,-3.5769882202148438
129,0.013305751606822014,0.01636139372321066,0.8735119047619048,2.0885403156280518,0.8642584770478087,0.023727877723627833,0.011808272072090453,0.5923036932945251,0.5057731866836548,0.2488175928592682,0.016096683937048106,0.8601190476190477,12.780439376831055,0.9224987706502797,0.01694194146122119,0.006365527784524705,0.4434734284877777,0.17496225237846375,2627.87841796875,1915.6337890625,0.9925925925925926,0.8472998137802608,0.414780855178833,0.46520960330963135,373.07061767578125,311.45306396484375,-0.0002647097861625536,-61.6175537109375
130,0.014150217175483704,0.012462334585193968,0.8690476190476191,1.6790544986724854,0.8942142841724369,0.03220197473353292,0.015739274437625794,0.795976996421814,0.48049286007881165,0.4594157934188843,0.006095466545642858,0.8705357142857143,13.019126892089844,0.958706364528588,0.023389715340706108,0.010109787822179195,0.3374156057834625,0.3221723139286041,7.667002201080322,425.91119384765625,0.9259259259259259,0.8566108007448789,0.6026248931884766,0.39679038524627686,14.614853858947754,79.24044036865234,-0.00636686803955111,64.62558650970459
131,0.0036875465884804726,0.022723823818401767,0.8660714285714286,0.5914456248283386,0.2396653251853398,0.07281581493138922,0.020889561674030332,0.7653337121009827,0.4985698163509369,0.05250375717878342,0.023446563596352665,0.8110119047619048,3.307603120803833,0.7581107602397863,0.04666474595500425,0.02717217671315475,0.33470964431762695,0.4155954420566559,933.8675537109375,965.2725830078125,0.4444444444444444,0.9329608938547486,0.5935190916061401,0.3519929051399231,50.40579605102539,50.49568557739258,0.0007227397779508982,0.0898895263671875
132,0.006041642278432846,0.012507957209310194,0.8541666666666666,1.440886378288269,0.8427505036228672,0.03255752643366627,0.014609883526375156,0.5329650640487671,0.4495915174484253,0.0713544711470604,0.021590458687026248,0.8333333333333334,6.21406364440918,0.9794154734973781,0.030909770323440333,0.021038310831024143,0.320618212223053,0.33330100774765015,2396.233642578125,1470.2532958984375,0.8592592592592593,0.8566108007448789,0.5329722762107849,0.389148086309433,652.3307495117188,637.6265869140625,0.009082501477716054,-14.70416259765625
133,0.07134485244750977,0.03302381525878584,0.8883928571428571,2.010678291320801,0.8939089784266445,0.026960706534779,0.03370004606794341,0.5879306793212891,0.5832364559173584,3.169259786605835,0.023899563245980193,0.8824404761904762,14.429043769836426,0.9123926990627192,0.0854622012979388,0.026492475719250952,0.7294313907623291,0.43097442388534546,166.66404724121094,177.0961456298828,0.9185185185185185,0.8808193668528864,0.5222334265708923,0.42604947090148926,37.91566467285156,146.5703887939453,-0.009124252012805645,108.65472412109375
134,0.004880610853433609,0.012544457084811778,0.8898809523809523,2.054863214492798,0.9111728742827612,0.03867175433072567,0.016167969400133098,0.8370710015296936,0.522221028804779,0.036824095994234085,0.005101257597661224,0.8348214285714286,9.413863182067871,0.9676426048084062,0.018950690845663143,0.008572930482138474,0.22822019457817078,0.15959234535694122,44.09040451049805,14.928050994873047,0.9333333333333333,0.8715083798882681,0.5177540183067322,0.4302043318748474,16.50211524963379,13.754472732543945,-0.007443199487150554,-2.7476425170898438
135,0.022415056824684143,0.023974032723097505,0.8973214285714286,1.4729657173156738,0.8594035520705378,0.01951896989050883,0.0188213076229371,0.44820231199264526,0.4774462580680847,0.45999810099601746,0.02261969155180943,0.8497023809523809,7.686288356781006,0.9263561738299323,0.03142240865910395,0.006317489669007137,0.24951881170272827,0.19592514634132385,203.8310546875,168.51565551757812,1.0,0.8677839851024208,0.7145155072212219,0.41654613614082336,28.55721092224121,26.683216094970703,-0.001354341171288076,-1.8739948272705078
136,0.009450884535908699,0.015459572646906672,0.8913690476190477,1.9049656391143799,0.7123432759365583,0.05196204223132406,0.01378010942681207,0.9206835627555847,0.3806585669517517,0.19828501343727112,0.013613208878085925,0.875,8.162163734436035,0.9634472327845074,0.0907753336597461,0.01136409284174178,0.8679577112197876,0.2605717182159424,667.416748046875,461.6131896972656,0.9481481481481482,0.8770949720670391,0.5186169743537903,0.43789589405059814,137.31858825683594,124.41693115234375,-0.0018463637688207468,-12.901657104492188
137,0.015530655160546303,0.02578093829591699,0.8586309523809523,1.7618707418441772,0.877567968239665,0.025339504330123774,0.03676314894121191,0.6683072447776794,0.4689948856830597,0.7738326787948608,0.031887698676805076,0.8928571428571429,11.243562698364258,0.9399899214683428,0.017850561530798004,0.04910885741887605,0.33346036076545715,0.2928081452846527,10.923906326293945,69.7535171508789,0.9629629629629629,0.8472998137802608,0.5392381548881531,0.5582616329193115,13.951029777526855,26.53934669494629,0.006106760380888088,12.588316917419434
138,0.0032477290369570255,0.020689439621712324,0.8541666666666666,0.5608195066452026,0.5038598136718381,0.08604567710240596,0.02065206341381043,1.0489455461502075,0.5705086588859558,0.07158445566892624,0.006680956676223926,0.8482142857142857,5.968863010406494,0.9193942422156952,0.031637084738419086,0.00896705080668081,0.8648034930229187,0.3349715769290924,12.887529373168945,14.739168167114258,0.6148148148148148,0.8919925512104283,0.8304553627967834,0.36518236994743347,4.223898887634277,4.598321914672852,-0.014008482945488399,0.3744230270385742
139,0.008924463763833046,0.018907847639027864,0.8407738095238095,1.1116746664047241,0.8666889754907494,0.031796247378741205,0.02261367508128931,0.6175126433372498,0.5211776494979858,0.08613289147615433,0.02251373641631338,0.8497023809523809,4.305569171905518,0.8985319474013161,0.029935883598960267,0.024948674097997392,0.5923380851745605,0.4026072919368744,47.211368560791016,46.86772155761719,0.8962962962962963,0.8324022346368715,0.9316507577896118,0.425493985414505,7.674280166625977,8.700263977050781,0.0036058887772855153,1.0259838104248047
140,0.019052786752581596,0.02107820579323061,0.8913690476190477,1.4123144149780273,0.8589065715001656,0.03966214797180212,0.02000861774531182,0.863178014755249,0.5269004106521606,0.20698745548725128,0.026072956081309107,0.7961309523809523,5.022889137268066,0.9638242982899174,0.05249425407467856,0.02889955483703921,0.5275004506111145,0.3879461884498596,268.473388671875,220.9970245361328,0.9777777777777777,0.8715083798882681,0.5289839506149292,0.461890310049057,21.239957809448242,19.550138473510742,0.004994750288078498,-1.6898193359375
141,0.008575567044317722,0.013731463652516207,0.8854166666666666,1.5796481370925903,0.8603478470423566,0.045154499295269934,0.017070977840009216,0.7995820641517639,0.5345818400382996,0.024124618619680405,0.009712058652656674,0.8675595238095238,6.004298686981201,0.969938815759631,0.13376403653053737,0.012325678673866136,0.9416853785514832,0.22578570246696472,91.99229431152344,23.29531478881836,0.9407407407407408,0.8845437616387337,1.7367315292358398,0.4409782886505127,22.997982025146484,19.451156616210938,-0.004019404999859533,-3.546825408935547
142,0.005625294521450996,0.011064460429727085,0.8675595238095238,1.506878137588501,0.8760560084701634,0.04995184145859932,0.014957208279301692,0.7906160354614258,0.403184175491333,0.05365651845932007,0.01073833423685755,0.7648809523809523,6.591078281402588,0.9456274233682439,0.050737212850409,0.019279317632494797,0.7619796991348267,0.3053852617740631,2402.1201171875,2162.541748046875,0.8444444444444444,0.8789571694599627,0.6588843464851379,0.408723920583725,585.8170776367188,569.601318359375,-0.0003261261928695358,-16.21575927734375
143,0.028859414160251617,0.02284899510325311,0.8467261904761905,1.809259295463562,0.917776380097951,0.021170574057351677,0.021975434214385192,0.6159334778785706,0.4135071933269501,2.226893663406372,0.018096445825266705,0.8214285714285714,15.52160358428955,0.9335484740634972,0.014661971308191024,0.015488433321785178,0.2918508052825928,0.29752299189567566,35.216983795166016,265.9805603027344,0.9851851851851852,0.7895716945996276,0.6361097693443298,0.4344516396522522,14.865253448486328,99.93694305419922,-0.0047525492779864065,85.07168960571289
144,0.006997101940214634,0.016154433262432044,0.8556547619047619,1.3013416528701782,0.7913512678446879,0.02509197428665977,0.029926728342017372,0.5620608925819397,0.5961171984672546,0.03203658387064934,0.010660640882251604,0.84375,10.03264331817627,0.9333036043745926,0.018819481978646024,0.02872453137979647,0.07798530906438828,0.3846968412399292,58.78971481323242,43.34995651245117,0.9629629629629629,0.8324022346368715,0.4355325400829315,0.49862465262413025,11.636730194091797,9.810379981994629,-0.00549379238018044,-1.826350212097168
145,0.012297263368964195,0.013907726649801888,0.8601190476190477,1.5320781469345093,0.8575436100991403,0.028151100054597977,0.016627299043789012,0.5429989099502563,0.5984426736831665,0.32509464025497437,0.006167953058317632,0.8258928571428571,10.332261085510254,0.9514117375116973,0.025309538004259835,0.004977674569570989,0.40418335795402527,0.07853298634290695,18.935741424560547,8.862062454223633,0.9333333333333333,0.8417132216014898,0.5869951248168945,0.4248640537261963,8.290080070495605,6.674723148345947,-0.007739773591484256,-1.6153569221496582
146,0.026830092072486877,0.021931803525964022,0.8348214285714286,2.0292553901672363,0.896059183699461,0.03485941355612088,0.018052206740361676,0.7130347490310669,0.5657622814178467,0.7107269167900085,0.022172859810553613,0.8110119047619048,9.759404182434082,0.9334823060738592,0.0885732636316352,0.010777874298126267,0.16260096430778503,0.2878097593784332,967.5239868164062,956.2144775390625,0.8222222222222222,0.839851024208566,0.7477568984031677,0.44586101174354553,363.9592590332031,360.68023681640625,0.00024105628458959139,-3.279022216796875
147,0.08381003141403198,0.03452791765210239,0.8214285714285714,2.4515929222106934,0.9630819944118375,0.02022575578304242,0.04732533037558795,0.47794032096862793,0.5880545377731323,7.146317481994629,0.030264472314099677,0.8244047619047619,22.49919319152832,0.8300665898610734,0.016030357537051843,0.040838331164659736,0.16899195313453674,0.42166173458099365,76.78067779541016,76.88722229003906,0.9629629629629629,0.7951582867783985,0.7619695067405701,0.3947986364364624,23.742979049682617,72.07584381103516,-0.004263445338002714,48.33286476135254
148,0.007345694582909346,0.017168861118963874,0.8407738095238095,1.8416675329208374,0.8783449917214177,0.03497168647403914,0.020137610442937826,0.6525716781616211,0.42693138122558594,0.03932695463299751,0.010361045288899251,0.8348214285714286,14.962596893310547,0.9344922151893411,0.05243581929168051,0.009897967293172605,0.551689863204956,0.2690928876399994,1594.5595703125,1454.178466796875,0.9259259259259259,0.8230912476722533,0.43301302194595337,0.42062073945999146,767.1039428710938,747.3218383789062,-0.006807815830064623,-19.7821044921875
149,0.050130411982536316,0.03440173203689556,0.8630952380952381,2.252880573272705,0.9189181270468997,0.038509584261875895,0.029600291544229718,0.7190629839897156,0.48323169350624084,5.9525675773620605,0.025403444851673118,0.9002976190476191,24.264392852783203,0.8384787805932423,0.07294590325129702,0.018569242253904328,0.21587936580181122,0.27837735414505005,14.155234336853027,219.29248046875,1.0,0.8286778398510242,0.4448702931404114,0.43304872512817383,15.247114181518555,142.35433959960938,-0.008998287185222442,127.10722541809082
150,0.029996659606695175,0.0301303220763508,0.8720238095238095,1.2586146593093872,0.8859053720788839,0.03169330877306009,0.033553275997434295,0.582564115524292,0.5406140089035034,0.7296266555786133,0.03316209742810017,0.8794642857142857,7.194489479064941,0.9800357982533427,0.017153674756290482,0.041672175702824665,0.13201121985912323,0.3400551974773407,149.4672088623047,149.17904663085938,0.9407407407407408,0.851024208566108,1.9587353467941284,0.5372130274772644,26.09732437133789,26.435983657836914,0.003031775351749366,0.33865928649902344
151,0.011198516935110092,0.013048767067849187,0.8735119047619048,1.8904658555984497,0.9026600580019409,0.024908139586246825,0.018675931429619208,0.5922688841819763,0.6055077910423279,0.11429105699062347,0.004916491681644097,0.8407738095238095,11.389641761779785,0.915582787611207,0.02395152094065689,0.00667573559013912,0.35177651047706604,0.19745850563049316,152.9090118408203,86.31464385986328,0.8814814814814815,0.8621973929236499,0.5773501992225647,0.4539068341255188,44.9836311340332,41.654388427734375,-0.00813227538620509,-3.329242706298828
152,0.018257450312376022,0.01649060175443362,0.8735119047619048,1.9581396579742432,0.9025189792518591,0.020667211835051935,0.017554474364788297,0.4505714774131775,0.45767226815223694,0.603278636932373,0.01173403028368969,0.8586309523809523,12.461691856384277,0.874542948048882,0.04629084010034834,0.011397908246735922,0.33085042238235474,0.2451581209897995,62.62537384033203,27.064870834350586,0.9777777777777777,0.8417132216014898,0.4726491868495941,0.43723711371421814,28.0353946685791,22.517333984375,-0.004756571470743931,-5.518060684204102
153,0.06131930649280548,0.03812323029987952,0.84375,1.8623181581497192,0.8857247923014656,0.01889999763591943,0.029911992912485252,0.6744472980499268,0.4932221472263336,2.1199841499328613,0.039155216218063615,0.8630952380952381,10.982117652893066,0.8798398298218402,0.015120253796405803,0.02417355160050394,0.3003634512424469,0.3593183159828186,62.30436325073242,39.1911506652832,0.9925925925925926,0.8081936685288641,0.5190223455429077,0.4608110189437866,14.857160568237305,9.553206443786621,0.0010319859181840974,-5.303954124450684
154,0.007333111017942429,0.012708079555370122,0.8779761904761905,1.772991418838501,0.9008914877806221,0.0532167471615127,0.013966519612359618,0.8185535669326782,0.3964706063270569,0.06986643373966217,0.004683372951252984,0.8690476190476191,11.409732818603516,0.9398738004635632,0.021221426064601312,0.0042885921974116226,0.5293341875076294,0.11214528232812881,117.3544692993164,82.93822479248047,0.9481481481481482,0.8770949720670391,0.6717103123664856,0.3928202986717224,34.33070755004883,29.23494529724121,-0.008024706604117138,-5.095762252807617
155,0.06299442052841187,0.04093595077102141,0.8214285714285714,1.8940672874450684,0.9042980395176922,0.020596003636041527,0.024490417518477137,0.5535470843315125,0.4582774341106415,2.8430659770965576,0.043358852533111114,0.8616071428571429,12.353323936462402,0.9216214705173907,0.007913085064711,0.01789388975900763,0.2378915697336197,0.29375118017196655,33.5587158203125,11.932799339294434,1.0,0.776536312849162,0.5598973035812378,0.4632859528064728,13.281316757202148,8.752314567565918,0.002422901762089702,-4.5290021896362305
156,0.02474055625498295,0.013772245124439864,0.8556547619047619,1.7254830598831177,0.9261757134548421,0.031598031112779035,0.016142466791885357,0.5732444524765015,0.5605524778366089,0.8043984174728394,0.010591813522371152,0.8705357142857143,10.05506706237793,0.9390014371293228,0.016245391470685377,0.014762423068886199,0.2721298038959503,0.23466719686985016,891.7182006835938,836.0614013671875,0.9703703703703703,0.8342644320297952,0.5883695483207703,0.47140464186668396,127.08751678466797,122.01422119140625,-0.0031804316020687118,-5.073295593261719
157,0.002540871035307646,0.01788679177645125,0.8497023809523809,0.5108758211135864,0.15500949403228587,0.0699420886075619,0.017370335284038307,0.9133718013763428,0.44946983456611633,2.8862950801849365,0.03835355186096101,0.8273809523809523,12.180333137512207,0.9496436250748795,0.13136776781994197,0.02753308944199029,0.6685824990272522,0.44192925095558167,678.1671752929688,227.78692626953125,0.7777777777777778,0.888268156424581,0.7361934185028076,0.4610621929168701,91.78424835205078,67.53861999511719,0.02046676008450976,-24.245628356933594
158,0.005827467888593674,0.011393410144554084,0.8735119047619048,1.7166316509246826,0.9090774629950571,0.04424612143089823,0.017243861474941724,0.7947929501533508,0.5159302353858948,0.03188939392566681,0.005842825804508678,0.8616071428571429,11.15013599395752,0.9659115017805184,0.03360168404999597,0.012180804765692721,0.2734789550304413,0.1064143255352974,7.878383159637451,75.25154113769531,0.7703703703703704,0.8770949720670391,0.6276461482048035,0.37504929304122925,13.690232276916504,21.867170333862305,-0.005550584340045406,8.1769380569458
159,0.004060801584273577,0.023447872530219294,0.8095238095238095,0.5113259553909302,0.3959135671106862,0.044472294928503686,0.02102042479201227,0.7923812866210938,0.5739916563034058,0.08746731281280518,0.03030281125477796,0.8214285714285714,2.833975315093994,0.8861218569957607,0.044388660270725966,0.02642901176734902,0.4699508845806122,0.5120010375976562,257.2019958496094,272.09088134765625,0.6444444444444445,0.8677839851024208,0.618352472782135,0.4370921552181244,31.1129150390625,33.04001235961914,0.006854938724558668,1.9270973205566406
160,0.03910955414175987,0.03424199286305163,0.8630952380952381,1.5014101266860962,0.8423548612581498,0.03485104147601392,0.030698993570168365,0.5105892419815063,0.4591357707977295,0.6948252320289612,0.03347982299171437,0.8065476190476191,6.934776782989502,0.9691579360614628,0.0460657635599091,0.03867205198821211,0.2913607358932495,0.3704529404640198,43.23383331298828,7.634380340576172,0.9851851851851852,0.8361266294227188,0.4451543390750885,0.39965832233428955,12.647541046142578,8.722043991088867,-0.0007621698713372593,-3.925497055053711
161,0.010360175743699074,0.011128839367353538,0.8809523809523809,1.504540205001831,0.8660294926165634,0.03682545068116816,0.01406574016648554,0.6296201944351196,0.4127517342567444,0.17203879356384277,0.006151105130930534,0.8422619047619048,8.031524658203125,0.9367853912447728,0.015329064320869334,0.009366751854160249,0.14716215431690216,0.17235521972179413,8.216139793395996,3.4787161350250244,0.9629629629629629,0.8621973929236499,0.6239551901817322,0.43611302971839905,6.258056640625,4.746941566467285,-0.004977734236423004,-1.5111150741577148
162,0.0036774950567632914,0.009941904769270926,0.8541666666666666,1.4184842109680176,0.9220368258538845,0.03530219000949841,0.016855230714248548,0.5964087247848511,0.4906024634838104,0.017041994258761406,0.014341828822564961,0.7961309523809523,4.572099685668945,0.8027766597810971,0.040627376532697546,0.024646746242120154,0.22957774996757507,0.2763495445251465,238.3251953125,248.76358032226562,0.8740740740740741,0.8491620111731844,0.5839482545852661,0.5163534283638,30.66275405883789,30.316545486450195,0.004399924053294035,-0.3462085723876953
163,0.0339067280292511,0.023449538649912394,0.8601190476190477,1.7597546577453613,0.9183704911828524,0.03881250643542644,0.026971611542631946,0.6918796896934509,0.5925233364105225,0.9271667003631592,0.022275498942106342,0.78125,9.030464172363281,0.9360650684849933,0.03125157455722627,0.026928064279964192,0.31375589966773987,0.40651068091392517,10.01806926727295,15.020256042480469,0.8666666666666667,0.8472998137802608,0.625355064868927,0.42320993542671204,13.364410400390625,13.302958488464355,-0.0011740397078060516,-0.06145191192626953
164,0.0022586574777960777,0.015736848463356323,0.8630952380952381,0.5589954853057861,0.43528699400229326,0.037488530649848584,0.018296630979383166,0.5425158143043518,0.5470440983772278,0.15819433331489563,0.012858527615907556,0.8363095238095238,5.320885181427002,0.8533147253366251,0.026654814477749422,0.016002680019490456,0.34817299246788025,0.3243822455406189,281.952880859375,291.3723449707031,0.8740740740740741,0.8659217877094972,0.6345570087432861,0.37732815742492676,35.79584503173828,36.52288055419922,-0.0028783208474487676,0.7270355224609375
165,0.010956942103803158,0.0107052264136821,0.8854166666666666,1.71022367477417,0.8699578781394235,0.04640794274323634,0.012430065035711535,0.7823266386985779,0.4182449281215668,0.10889038443565369,0.004481137370038191,0.7886904761904762,8.550357818603516,0.9545959745265129,0.09453527937144746,0.008755396051105313,0.8780226111412048,0.21639230847358704,159.0723419189453,62.53777313232422,0.9259259259259259,0.8864059590316573,0.6462064385414124,0.4170035719871521,42.434749603271484,37.658634185791016,-0.00622408904364391,-4.776115417480469
166,0.01774696633219719,0.02408250869670836,0.8601190476190477,2.0568723678588867,0.9356310145116866,0.024503263493553362,0.02453301189797652,0.4794580638408661,0.44799330830574036,0.5693275928497314,0.023704223797669233,0.8288690476190477,10.801210403442383,0.9105932226709715,0.020819207394379147,0.021232315828163983,0.4049737751483917,0.1376338005065918,42.94181823730469,14.90153980255127,0.9925925925925926,0.8324022346368715,0.5027751922607422,0.4548591077327728,14.099767684936523,13.242562294006348,-0.00037828489903912743,-0.8572053909301758
167,0.01754763349890709,0.017734929065015836,0.8764880952380952,1.3524895906448364,0.6674434921745682,0.023941717653596095,0.022960118386521566,0.611939013004303,0.5380869507789612,0.11852449923753738,0.006229063293528125,0.8824404761904762,6.144833564758301,0.9655026448304077,0.009194073646228151,0.01080234507894362,0.25819891691207886,0.168113574385643,57.48108673095703,40.662147521972656,0.9851851851851852,0.8435754189944135,0.4298286736011505,0.4953913390636444,14.983137130737305,14.22546100616455,-0.011505865771487711,-0.7576761245727539
168,0.018383583053946495,0.021265205384161545,0.8720238095238095,1.8105324506759644,0.9142306998040435,0.02945210458047931,0.022611022090957666,0.8018941879272461,0.46695676445961,0.7257932424545288,0.018433881952560904,0.8407738095238095,10.24483871459961,0.8764734608699406,0.01676323351964093,0.01454335074547286,0.2461828738451004,0.19489680230617523,31.773319244384766,17.215524673461914,0.9629629629629629,0.8566108007448789,0.4365326762199402,0.46878841519355774,12.586844444274902,8.125810623168945,-0.002831323431600641,-4.461033821105957
169,0.0035851532593369484,0.019938072231651782,0.8154761904761905,0.5879232883453369,0.43627033613482613,0.049478112345340275,0.02418821930945214,0.953918993473053,0.516551673412323,1.105789303779602,0.0644123681091866,0.8095238095238095,5.9684271812438965,0.9193473488084999,0.04184484254342247,0.0582259349577936,0.3860219419002533,0.5597682595252991,146.00296020507812,124.26988220214844,0.6962962962962963,0.8696461824953445,0.6175925135612488,0.4254378080368042,15.49646282196045,14.313698768615723,0.04447429587753482,-1.1827640533447266
170,0.011906709522008896,0.01267884170238387,0.8571428571428571,1.4340349435806274,0.8161351556125422,0.035501209046505444,0.018537926510176717,0.7373545169830322,0.4963003695011139,0.1790892779827118,0.01031051256004445,0.8005952380952381,6.4851884841918945,0.9662650175246773,0.07639597621130956,0.01567643088896531,0.6074275374412537,0.1627999246120453,118.34249114990234,64.02899169921875,0.8962962962962963,0.851024208566108,0.4729231595993042,0.35122478008270264,43.71461868286133,40.23591995239258,-0.0023683291423394204,-3.47869873046875
171,0.010374624282121658,0.01377380257934202,0.8943452380952381,2.252652883529663,0.8864759853437046,0.026388900201323673,0.019689977514533608,0.7781400680541992,0.45025870203971863,0.06650334596633911,0.013847841462469535,0.8601190476190477,11.313953399658203,0.9140764703939291,0.05904270079952234,0.015098459409617182,0.5703396201133728,0.20198911428451538,35.2373046875,20.70543098449707,0.9629629629629629,0.8715083798882681,0.49610790610313416,0.45674508810043335,19.9449462890625,19.444780349731445,7.403888312751405e-05,-0.5001659393310547
172,0.05282580852508545,0.04289559534632559,0.8690476190476191,1.6440961360931396,0.9060735460574697,0.019572328354864554,0.04076105008187547,0.4291761517524719,0.6596501469612122,1.41869056224823,0.04676085449066769,0.8303571428571429,8.2498779296875,0.8973066762640975,0.014959149488908752,0.03683145162674051,0.27871063351631165,0.43941015005111694,69.09107971191406,55.287818908691406,0.9851851851851852,0.8305400372439479,0.3627142012119293,0.48391029238700867,10.795085906982422,8.849116325378418,0.0038652591443421036,-1.945969581604004
173,0.015154991298913956,0.0178446554195979,0.8660714285714286,1.4116156101226807,0.8576524723828778,0.04630788252062734,0.024470170834592575,0.6895416378974915,0.5297542810440063,0.11255763471126556,0.008734535895994489,0.8407738095238095,5.870759963989258,0.9141835276949798,0.027931201013343565,0.016942833336119234,0.2922574281692505,0.2667808532714844,83.75525665283203,50.174163818359375,0.9629629629629629,0.8491620111731844,0.45466360449790955,0.42164963483810425,12.974440574645996,11.258284568786621,-0.00911011952360341,-1.716156005859375
174,0.008480586111545563,0.013517802881788055,0.8764880952380952,1.5350606441497803,0.8557518800767698,0.02654814495111446,0.01867903895791967,0.722438633441925,0.5207274556159973,0.08608914911746979,0.004623197867283935,0.8645833333333334,7.360949516296387,0.9291319455902433,0.04748448189786303,0.008478968601871473,0.4968269169330597,0.2660406827926636,16.257164001464844,5.763607025146484,0.9777777777777777,0.8472998137802608,0.8440391421318054,0.41390785574913025,9.876967430114746,7.272465229034424,-0.00889460501450412,-2.6045022010803223
175,0.006132733076810837,0.016239799725265902,0.8467261904761905,1.4374936819076538,0.7667601719682977,0.04494592933096753,0.022446887942698446,0.716309666633606,0.479349821805954,0.033869776874780655,0.009683232536730091,0.8199404761904762,5.937697410583496,0.9086275803785793,0.04328066691981558,0.010437987839363005,0.5194718241691589,0.1658850759267807,48.39207077026367,46.81441116333008,0.837037037037037,0.8640595903165735,0.5281718373298645,0.44203880429267883,11.567864418029785,12.018491744995117,-0.006556567188535811,0.45062732696533203
176,0.03194471448659897,0.030647243431754845,0.8154761904761905,1.5599911212921143,0.8282563354613225,0.04904961892166604,0.027120927859576094,0.8257430195808411,0.6231443285942078,0.5966618061065674,0.030576533971205966,0.8407738095238095,7.4850640296936035,0.8943084498344767,0.06209069572506998,0.01825706968749574,0.7509507536888123,0.37190574407577515,156.41607666015625,123.8518295288086,0.9703703703703703,0.7672253258845437,0.36908605694770813,0.4136830270290375,31.33365249633789,27.9851016998291,-7.070946054887894e-05,-3.348550796508789
177,0.015072531998157501,0.013150719522830645,0.8630952380952381,1.6823041439056396,0.8800890153130819,0.03491904452978878,0.01629571370070637,0.5253891944885254,0.4954804480075836,0.25944066047668457,0.008550420534490288,0.8333333333333334,8.543590545654297,0.9268960687412092,0.019777066088678574,0.012040676321575683,0.16800643503665924,0.3084096312522888,86.86585235595703,36.93437576293945,0.8518518518518519,0.8733705772811918,0.4948718547821045,0.4134666323661804,13.131685256958008,13.007080078125,-0.004600298988340357,-0.12460517883300781
178,0.022980859503149986,0.021311127652489215,0.8660714285714286,1.5421197414398193,0.8043770902327976,0.03216299219139129,0.015038729230485881,0.6879676580429077,0.4285753071308136,0.7793276309967041,0.026491796323291905,0.8348214285714286,8.060242652893066,0.9399738895429328,0.06463498067575058,0.012696564175409653,0.2971365749835968,0.35049116611480713,79.38433837890625,43.663997650146484,0.8296296296296296,0.9031657355679702,1.1025598049163818,0.3971676826477051,18.843210220336914,17.3071346282959,0.0051806686708026906,-1.5360755920410156
179,0.01521279290318489,0.014713391886445049,0.8556547619047619,1.6413246393203735,0.8852430973992415,0.04526458618550999,0.019743458147919557,0.893044114112854,0.46933886408805847,0.25385692715644836,0.008339684602229891,0.8095238095238095,7.910168170928955,0.8831345221189516,0.05805260082878139,0.012532336677608336,0.29729747772216797,0.25129398703575134,793.2950439453125,677.8267822265625,0.8888888888888888,0.8472998137802608,0.8006260991096497,0.4273145794868469,233.7568817138672,224.6236114501953,-0.006373707284215158,-9.133270263671875
180,0.04837726056575775,0.03156195532521433,0.8616071428571429,2.032907485961914,0.9306462493320785,0.021751418758932828,0.02686066511926366,0.5275542736053467,0.5307189226150513,3.099130630493164,0.029460587503050917,0.8467261904761905,15.15165901184082,0.8957082847397808,0.027167701474018258,0.02185769319482478,0.18265512585639954,0.3634231388568878,1109.0792236328125,605.0670166015625,0.9703703703703703,0.819366852886406,0.4982301890850067,0.41516825556755066,172.0402374267578,189.28079223632812,-0.0021013678221634136,17.240554809570312
181,0.015767676755785942,0.017296964938679493,0.8601190476190477,2.0095458030700684,0.8994464988593348,0.032067570085892116,0.021871983482790958,0.6029103398323059,0.5239958167076111,0.3233998715877533,0.00909983962336458,0.8407738095238095,10.950498580932617,0.9618816230452413,0.050113257706300485,0.012107876479522495,0.5563708543777466,0.328943133354187,30.462764739990234,89.17462158203125,0.9037037037037037,0.8491620111731844,0.6556640267372131,0.4434026777744293,13.155027389526367,30.8741455078125,-0.008197125315314913,17.719118118286133
182,0.008064805530011654,0.015214538226057561,0.8541666666666666,1.2449078559875488,0.8539321673597946,0.03857073797848354,0.021149487643259968,0.7612375617027283,0.6000507473945618,0.12262368947267532,0.018784219988463358,0.8065476190476191,5.5330119132995605,0.9347506903241614,0.03922689287666048,0.027672451292499955,0.22852028906345367,0.42165377736091614,104.85523986816406,87.7891845703125,0.8888888888888888,0.8472998137802608,1.7426351308822632,0.4522643983364105,12.384309768676758,11.934615135192871,0.0035696817624057964,-0.4496946334838867
183,0.02502712421119213,0.027876514807922415,0.8794642857142857,1.3902450799942017,0.8606496450222172,0.030981679795802797,0.02995893074094358,0.7375426888465881,0.6183178424835205,0.4233536720275879,0.02645101198367583,0.7678571428571429,6.009677886962891,0.9582256332737337,0.024175806727325222,0.031364788062958726,0.391366571187973,0.3616853654384613,604.3504028320312,467.3553771972656,0.9777777777777777,0.8566108007448789,1.9678739309310913,0.5564145445823669,113.20783233642578,106.14520263671875,-0.0014255028242465828,-7.062629699707031
184,0.02076219953596592,0.018947274894925648,0.8318452380952381,1.8145372867584229,0.8109501809049883,0.026339704954336463,0.024042451067722515,0.4626011848449707,0.6109596490859985,0.724921464920044,0.015318958593220855,0.8214285714285714,12.22472095489502,0.9355289247910381,0.01717811116537682,0.02085728595070524,0.11376199871301651,0.2515791356563568,12.418232917785645,62.156158447265625,0.9407407407407408,0.8081936685288641,0.47578176856040955,0.4725838899612427,12.683091163635254,25.68289566040039,-0.0036283163017047926,12.999804496765137
185,0.02125607244670391,0.02617872126899956,0.8407738095238095,1.5204699039459229,0.932975528311083,0.0629759288364915,0.014508353686745523,0.8983038067817688,0.5106779336929321,0.5208516120910645,0.028094111836731384,0.8214285714285714,6.505033016204834,0.9076577267822984,0.06460868888944638,0.014413099902886417,0.3509136736392975,0.36769524216651917,5.85612154006958,6.4158806800842285,0.7111111111111111,0.8789571694599627,0.5706579685211182,0.4658893644809723,5.106031894683838,5.1972126960754395,0.0019153905677318228,0.09118080139160156
186,0.002283430891111493,0.01714038192668421,0.8973214285714286,0.4986564815044403,0.35280441001176865,0.06679606269708915,0.015605014724491939,1.2142086029052734,0.4996962547302246,0.10992951691150665,0.016538631496517242,0.8154761904761905,4.278258323669434,0.6988289181214934,0.03890255542427956,0.014169628878818674,0.4740827977657318,0.3860449492931366,293.258056640625,312.5618591308594,0.6592592592592592,0.9441340782122905,0.8176983594894409,0.43029844760894775,61.30556106567383,62.993629455566406,-0.0006017504301669696,1.6880683898925781
187,0.0900970846414566,0.047457959981064834,0.8452380952380952,1.8071292638778687,0.8866306288440878,0.021098452069383433,0.0564321292911284,0.5147340297698975,0.6656624674797058,2.9019124507904053,0.05153596120171,0.7991071428571429,10.600664138793945,0.9387039677883237,0.013358577956734119,0.06167143160842836,0.26546066999435425,0.5730506777763367,32.0360107421875,10.515121459960938,0.9555555555555556,0.813780260707635,0.46373873949050903,0.43483102321624756,11.952445983886719,10.13319206237793,0.004078001220645167,-1.819253921508789
188,0.005705684423446655,0.012299402904894507,0.8571428571428571,1.6768649816513062,0.89163893341298,0.03829119661782032,0.015910204355397917,0.6534900665283203,0.5383188128471375,0.08209042251110077,0.005917665854725529,0.8169642857142857,8.487321853637695,0.9199345243979428,0.03243206792324793,0.01004083253580057,0.38873136043548584,0.16788651049137115,130.23245239257812,113.36116790771484,0.8814814814814815,0.8528864059590316,1.712522268295288,0.41662415862083435,36.54879379272461,35.39582443237305,-0.0063817370501689785,-1.1529693603515625
189,0.009145162999629974,0.012864430622882672,0.8735119047619048,1.9105745553970337,0.889692125497322,0.03356018471964051,0.01310965576902623,0.720526933670044,0.4262498617172241,0.11141446232795715,0.007373957975521539,0.8630952380952381,9.804183959960938,0.8441495094445778,0.05069766490400429,0.007453123521443117,0.3675246238708496,0.14182722568511963,27.907176971435547,11.664663314819336,0.9629629629629629,0.8491620111731844,0.5080008506774902,0.49513405561447144,12.062641143798828,9.23939323425293,-0.005490472647361133,-2.8232479095458984
190,0.029775161296129227,0.023337268203879824,0.8377976190476191,1.8256244659423828,0.8674962195450739,0.0822611074344457,0.015033262492263444,1.0017719268798828,0.39736679196357727,0.6971893906593323,0.025280738202368425,0.7961309523809523,8.04806137084961,0.9020921586319258,0.2783602786980284,0.012800691075067538,1.0254216194152832,0.2631193697452545,18.159870147705078,13.87287712097168,0.7333333333333333,0.88268156424581,0.7437673807144165,0.3513946533203125,8.725302696228027,7.177196502685547,0.0019434699984886006,-1.5481061935424805
191,0.013180325739085674,0.013509635786480678,0.8556547619047619,2.3126420974731445,0.967554174626055,0.04678074370544805,0.01288239284537418,1.0719510316848755,0.43970954418182373,0.02751152589917183,0.011819302409357801,0.8333333333333334,5.438919544219971,0.9383383521707906,0.02539230893623412,0.013584509172582249,0.24333728849887848,0.17700313031673431,70.82244873046875,66.7451171875,0.7777777777777778,0.8752327746741154,1.065128207206726,0.33880165219306946,10.566814422607422,10.53763198852539,-0.0016903333771228768,-0.02918243408203125
192,0.009743873029947281,0.017724666870281958,0.8333333333333334,1.3137922286987305,0.7582515309250124,0.03505690373963166,0.020368107772708588,0.6923813819885254,0.4853475093841553,0.03011116199195385,0.019917994064643674,0.7752976190476191,5.313196659088135,0.9725362255037898,0.032977268318352015,0.02285724863725891,0.457989901304245,0.4606775641441345,72.54796600341797,41.59325408935547,0.9851851851851852,0.7932960893854749,0.41931402683258057,0.46460962295532227,10.285026550292969,7.899805068969727,0.002193327194361716,-2.385221481323242
193,0.006465493701398373,0.014518251784867875,0.8660714285714286,1.379398226737976,0.8263930923616295,0.03833235868769802,0.021174498017475618,0.6451258063316345,0.5022024512290955,0.08669287711381912,0.0101499067067925,0.8169642857142857,6.252720355987549,0.9319971881675715,0.04849386251919707,0.016309456604184036,0.3358810245990753,0.3505919575691223,9.715503692626953,3.070112705230713,0.8962962962962963,0.8491620111731844,0.735898494720459,0.44543302059173584,7.844912052154541,5.437193393707275,-0.004368345078075375,-2.4077186584472656
194,0.011899881064891815,0.01572424822954477,0.8898809523809523,1.335737943649292,0.8563967973274721,0.037846379038814715,0.011406607718729367,0.7817285060882568,0.4532336890697479,0.21280084550380707,0.026602931102491234,0.8154761904761905,4.561899185180664,0.8848402270445418,0.03226874582049388,0.017947863018374144,0.6205742955207825,0.37108877301216125,38.085304260253906,41.13813781738281,0.837037037037037,0.9050279329608939,0.7855983376502991,0.42257604002952576,7.0655059814453125,8.236272811889648,0.010878682872946466,1.170766830444336
195,0.012036142870783806,0.015800881475830364,0.8407738095238095,1.5597829818725586,0.8597203731201044,0.035166719596133156,0.025297944926203852,0.5854719281196594,0.5141745805740356,0.07958739995956421,0.012561218214784953,0.8020833333333334,5.056802272796631,0.9418368724320001,0.05467516478020529,0.024902679680106843,0.4829828143119812,0.19509339332580566,135.5580596923828,109.74600219726562,0.8888888888888888,0.8324022346368715,0.5600182414054871,0.49961405992507935,18.96671485900879,17.629148483276367,-0.0032396632610454112,-1.3375663757324219
196,0.012748964130878448,0.01782041019687497,0.8735119047619048,1.4614908695220947,0.8702481863078554,0.04186573661823767,0.024953993314716705,0.7476081252098083,0.4684852361679077,0.16369958221912384,0.02228273152124094,0.8288690476190477,5.675593852996826,0.9568266898208277,0.05783982887071515,0.029893768425432676,0.6894402503967285,0.27515333890914917,37.44843292236328,9.923506736755371,0.9037037037037037,0.8547486033519553,0.8366597294807434,0.44090011715888977,11.186498641967773,7.704573154449463,0.00446232132436597,-3.4819254875183105
197,0.009095879271626472,0.016703971097518866,0.8883928571428571,1.3798551559448242,0.8324264559932785,0.053805165689352896,0.0217651853716615,0.8977072834968567,0.5384397506713867,0.02905116230249405,0.007019867811830394,0.8422619047619048,6.027538776397705,0.95753176163479,0.0587278276245321,0.009900267353396552,0.3830234706401825,0.1818041056394577,38.98970413208008,26.936134338378906,0.8888888888888888,0.8789571694599627,1.6148688793182373,0.4219261109828949,10.286487579345703,9.139095306396484,-0.009684103285688472,-1.1473922729492188
198,0.017935536801815033,0.01864668512893286,0.8571428571428571,1.6884560585021973,0.894449121574381,0.023882386174042813,0.017026910801513084,0.4765077233314514,0.49360212683677673,0.11411828547716141,0.011735510627942758,0.8050595238095238,5.652254104614258,0.9071594655643873,0.062444735687120945,0.012518730549799906,0.4497816562652588,0.2718867361545563,310.8740234375,276.1737365722656,0.9851851851851852,0.8342644320297952,1.7624077796936035,0.4924866855144501,93.69779205322266,90.86339569091797,-0.006911174500990103,-2.8343963623046875
199,0.019167056307196617,0.017923683126986778,0.8764880952380952,1.9015976190567017,0.8364777929963018,0.02854100489946365,0.014635827070994756,0.6959406733512878,0.4046851098537445,0.5859371423721313,0.014555887738525786,0.8229166666666666,10.816521644592285,0.9206052894655415,0.06761465823008372,0.004454608283088857,0.8024077415466309,0.17698177695274353,44.058929443359375,15.276530265808105,0.9925925925925926,0.8417132216014898,0.4476833939552307,0.4149765372276306,17.896236419677734,17.641769409179688,-0.0033677953884609924,-0.2544670104980469
200,0.01164894737303257,0.011305860886761776,0.8764880952380952,1.8103636503219604,0.9103849202650075,0.03619006922811241,0.014683159158711545,0.6810701489448547,0.5229091644287109,0.1435396820306778,0.0051896662555838136,0.8005952380952381,10.45152473449707,0.8658182641934173,0.04813488629324436,0.005699637454362305,0.5752149224281311,0.12722419202327728,36.38504409790039,24.559404373168945,0.9407407407407408,0.8491620111731844,0.7024202346801758,0.3639933168888092,13.919642448425293,10.841647148132324,-0.0061161946311779625,-3.0779953002929688
201,0.018650012090802193,0.026017503224124328,0.8705357142857143,1.6699308156967163,0.7951461144207316,0.0504158641856749,0.03010861261580966,0.8549423217773438,0.5629541873931885,0.5282360911369324,0.038833364575485696,0.8392857142857143,8.925058364868164,0.9123757323375788,0.021785136231549318,0.05460992912043372,0.41824060678482056,0.2929903268814087,15.793381690979004,9.738621711730957,0.8518518518518519,0.8566108007448789,0.5427616834640503,0.4157387912273407,8.433319091796875,5.67197322845459,0.012815861351361368,-2.761345863342285
202,0.009535378776490688,0.013780487091009208,0.8794642857142857,1.39387845993042,0.8332130202538749,0.02294380511349059,0.016540412086238354,0.5056674480438232,0.4390518069267273,0.12753179669380188,0.01018829642670871,0.7976190476190477,6.178715705871582,0.8836739115190543,0.023835079975739082,0.012975013631429055,0.4453805387020111,0.15704581141471863,18.89142608642578,17.491788864135742,0.9851851851851852,0.8528864059590316,1.8064537048339844,0.48216158151626587,6.129652976989746,5.629302978515625,-0.0035921906643004986,-0.5003499984741211
203,0.0074186562560498714,0.017632928135393522,0.9002976190476191,1.3562318086624146,0.8590080732962911,0.014894331137383698,0.027675163771836875,0.42928212881088257,0.6505082249641418,0.045405369251966476,0.012787528755375144,0.8244047619047619,5.2810163497924805,0.8505219830016884,0.043420778302420526,0.020984540057692125,0.21431973576545715,0.22459791600704193,44.098976135253906,39.416744232177734,0.9851851851851852,0.8864059590316573,0.3333160877227783,0.4474336504936218,11.494940757751465,11.442699432373047,-0.004845399380018378,-0.05224132537841797
204,0.01055334322154522,0.022357239144419894,0.8779761904761905,1.8794273138046265,0.8986969948738831,0.025411327396871797,0.02419331766086541,0.5409607887268066,0.47802022099494934,0.1443609893321991,0.02759998725783197,0.8630952380952381,7.5040602684021,0.885086675283059,0.034307649133250684,0.028867606080263286,0.6139112114906311,0.2099287211894989,106.43096923828125,85.68275451660156,0.9925925925925926,0.8305400372439479,0.531229555606842,0.5008451342582703,32.7812385559082,28.975330352783203,0.005242748113412077,-3.805908203125
205,0.01711229979991913,0.021325160407068444,0.8125,2.221954584121704,0.9246329936947907,0.046041139127507624,0.027485769335759636,0.7970502376556396,0.6549397110939026,0.4350621700286865,0.01855892727821329,0.8020833333333334,10.052014350891113,0.9197979653530469,0.029595440661623673,0.02456285063981356,0.47152936458587646,0.2036157101392746,65.94845581054688,34.021827697753906,0.9111111111111111,0.7932960893854749,0.6317622661590576,0.47754955291748047,11.576533317565918,9.933114051818848,-0.0027662331288551556,-1.6434192657470703
206,0.002514197491109371,0.016653994996588373,0.8586309523809523,0.5679377913475037,0.3775695683674701,0.02468026103991905,0.02349408441273071,0.6423513293266296,0.5831286311149597,0.10679648816585541,0.008493860356182603,0.8169642857142857,6.6965155601501465,0.9776906858043835,0.04607009495921366,0.008736180149993,0.26385626196861267,0.5319920778274536,29.709360122680664,12.110563278198242,0.8296296296296296,0.8584729981378026,0.489898145198822,0.3816889524459839,7.496641635894775,6.832143306732178,-0.00816013464040577,-0.6644983291625977
207,0.025251178070902824,0.028864074591333333,0.8601190476190477,1.2775533199310303,0.8676495587212167,0.028963351516590907,0.02215088623904471,0.5798768401145935,0.5265581607818604,0.5021649599075317,0.021098191184056314,0.7991071428571429,6.690953254699707,0.9126817838544437,0.010914891788070147,0.025604437710488925,0.5637854337692261,0.4753877520561218,95.22687530517578,78.9196548461914,0.9555555555555556,0.845437616387337,0.549841582775116,0.36459192633628845,10.258268356323242,9.903141975402832,-0.007765883407277019,-0.35512638092041016
208,0.025520090013742447,0.02480496531004084,0.8601190476190477,1.4659535884857178,0.9101320560690259,0.036114448983944,0.028477653931443636,0.7223614454269409,0.5477055907249451,0.4762459099292755,0.019219447845480686,0.8407738095238095,7.85593843460083,0.9600195747273617,0.032828004953360024,0.02025876783569469,0.8298367261886597,0.7227053046226501,873.6255493164062,726.6541748046875,0.9777777777777777,0.839851024208566,0.6533786058425903,0.4660472571849823,209.3931427001953,204.45480346679688,-0.005585517464560152,-4.9383392333984375
209,0.007405180484056473,0.011648994110751376,0.8735119047619048,1.808163046836853,0.9024403521758068,0.0431756847894289,0.012570602392539376,0.6827669739723206,0.3942447304725647,0.21014082431793213,0.004142705875553543,0.8571428571428571,14.772424697875977,0.949216773308092,0.042840191193935895,0.005961701467628311,0.3892650902271271,0.19086676836013794,3414.989501953125,2255.927734375,0.9111111111111111,0.8584729981378026,0.5570862889289856,0.4371120035648346,1108.765869140625,863.99951171875,-0.007506288235197833,-244.766357421875
210,0.010651322081685066,0.02178163869851968,0.8660714285714286,1.8512964248657227,0.8968033915988859,0.04339944263865947,0.02435452771064628,0.8997554183006287,0.5962880849838257,0.3745618462562561,0.015081766266661578,0.8392857142857143,19.241973876953125,0.9073122425259278,0.037899417020052284,0.01602527634201556,0.6027729511260986,0.15509134531021118,357.5599060058594,217.94056701660156,0.9037037037037037,0.8472998137802608,0.7914113402366638,0.45245736837387085,94.7524642944336,248.3817901611328,-0.0066998724318581004,153.62932586669922
211,0.05067744106054306,0.03401654872442339,0.8630952380952381,1.740689992904663,0.8578243900690845,0.0188463843916149,0.04176663237287337,0.5852279663085938,0.5431764125823975,4.771852970123291,0.03777124215588534,0.84375,16.55270767211914,0.9107538475221215,0.019863300212929924,0.04523253287167606,0.4652048647403717,0.4558713734149933,28.539012908935547,16.85334587097168,0.9555555555555556,0.845437616387337,0.4863733947277069,0.4574604630470276,11.534403800964355,14.068459510803223,0.003754693431461953,2.534055709838867
212,0.003660630900412798,0.01988376783469259,0.8928571428571429,0.5561068654060364,0.4446357268201851,0.0583765517984941,0.013727679667076553,0.8369086384773254,0.45645299553871155,0.13246172666549683,0.015701674563085688,0.8467261904761905,5.745003700256348,0.7880667687807591,0.07428235451806864,0.009359634708056896,0.5905938148498535,0.21588805317878723,4.926750659942627,2.9203970432281494,0.5555555555555556,0.9553072625698324,1.5157549381256104,0.36621180176734924,4.084432125091553,4.990664482116699,-0.0041820932716069015,0.9062323570251465
213,0.008275339379906654,0.023683775805177,0.8660714285714286,1.018480896949768,0.8902595509587584,0.029640660215030423,0.03159325903856025,0.6578789949417114,0.61855149269104,0.04197722673416138,0.021627400033060296,0.8526785714285714,3.0662972927093506,0.6461477122041511,0.05257636998049897,0.02539782074498198,0.706916332244873,0.3257490396499634,36.625831604003906,44.762779235839844,0.9333333333333333,0.8435754189944135,1.7367315292358398,0.4427035450935364,5.468212604522705,6.857268333435059,-0.002056375772116703,1.3890557289123535
214,0.010846080258488655,0.01834413385720768,0.8824404761904762,1.3157999515533447,0.7982249063054099,0.03634567140335465,0.02815587332002567,0.7223551869392395,0.5476561784744263,0.0423932783305645,0.015984739991418806,0.8020833333333334,4.370274066925049,0.9663717016904577,0.03885721274041276,0.03151914947039569,0.2529257833957672,0.1972525417804718,23.77347183227539,14.268815994262695,0.9555555555555556,0.8789571694599627,0.5242223143577576,0.4326111674308777,5.8115458488464355,5.0367937088012695,-0.0023593938657888724,-0.774752140045166
215,0.0213454719632864,0.015811763478692398,0.9166666666666666,1.951269268989563,0.8404398479525207,0.0373061458525864,0.01848379596752281,0.6300743222236633,0.3984057307243347,0.4041922092437744,0.025015098649274647,0.8541666666666666,6.753596305847168,0.9285069356073276,0.015914509950350153,0.032312444692793374,0.29449987411499023,0.513034999370575,29.97402572631836,24.929609298706055,0.8444444444444444,0.9236499068901304,0.5571767687797546,0.4059966206550598,10.103696823120117,8.789937973022461,0.00920333517058225,-1.3137588500976562
216,0.009130692109465599,0.014735212111448348,0.8943452380952381,1.4916903972625732,0.8278189779714373,0.02352979651453635,0.015763954357094878,0.3948778510093689,0.48298537731170654,0.07070579379796982,0.010289226383690453,0.7738095238095238,6.125143527984619,0.9318008425299534,0.027746314261531402,0.012622752237977819,0.3479595482349396,0.22482545673847198,118.62757873535156,102.17669677734375,0.9925925925925926,0.8733705772811918,1.9108631610870361,0.46780261397361755,13.021913528442383,11.933238983154297,-0.004445985727757895,-1.088674545288086
217,0.015548326075077057,0.023587709250364464,0.84375,1.6233981847763062,0.8730867125012725,0.024752848576185427,0.022594457459794937,0.6733922362327576,0.5719321370124817,0.07296381145715714,0.02166059869941861,0.7589285714285714,6.601014137268066,0.9629133240686384,0.05693598315188564,0.016014507365261,0.555502712726593,0.33857449889183044,101.96114349365234,51.4578742980957,0.9925925925925926,0.8026070763500931,0.3281806707382202,0.4688599705696106,25.1075382232666,21.44496726989746,-0.0019271105509458542,-3.6625709533691406
218,0.00583499763160944,0.01079350991566197,0.8720238095238095,1.9668312072753906,0.9128914559319754,0.048123657816884546,0.013539272957374227,1.0814789533615112,0.39723557233810425,0.03482312336564064,0.010910426164135734,0.8154761904761905,10.100920677185059,0.8961177339797668,0.06557789174190198,0.015820394534836857,0.6209638118743896,0.15720613300800323,6271.119140625,5894.5546875,0.8740740740740741,0.8789571694599627,0.5374101400375366,0.4051910638809204,2478.469970703125,2437.234130859375,0.00011691624847376403,-41.23583984375
219,0.0023903867695480585,0.014466178972642352,0.8854166666666666,0.5509398579597473,0.23156656044480964,0.030387700368505244,0.018143446608377967,0.6472205519676208,0.48035332560539246,11.693472862243652,0.021641843592102195,0.84375,30.74806022644043,0.8438939509947178,0.04267418149743374,0.02810271896108174,0.3966113328933716,0.3555184602737427,620.689453125,439.18145751953125,0.9629629629629629,0.88268156424581,0.37372806668281555,0.4096984267234802,314.28515625,419.9493103027344,0.007175664619459843,105.66415405273438
220,0.03683457896113396,0.022702618014544318,0.8467261904761905,2.1417417526245117,0.923149555293374,0.03246676891712985,0.02391045054039942,0.6212370991706848,0.664524257183075,5.767033100128174,0.020343459303087008,0.8199404761904762,24.889488220214844,0.8595289389605265,0.022054919706957943,0.01900160976069465,0.2505035996437073,0.2995046079158783,10.548463821411133,72.00748443603516,0.9555555555555556,0.7988826815642458,0.6486994624137878,0.5811460018157959,14.543617248535156,57.74633026123047,-0.00235915871145731,43.20271301269531
221,0.021025635302066803,0.022567532440727955,0.84375,1.4779547452926636,0.8994595107267365,0.025523314169232925,0.02801316174491819,0.6741291284561157,0.5384690761566162,0.02452683448791504,0.012457075651679528,0.8005952380952381,4.485916614532471,0.3559585940438299,0.01096170101213434,0.022550078822305752,0.18184827268123627,0.3349495530128479,60.90233612060547,64.37144470214844,0.9259259259259259,0.8268156424581006,0.5155804753303528,0.39034000039100647,6.914364814758301,7.982965469360352,-0.010110456789048428,1.0686006546020508
222,0.0072797201573848724,0.011786063902876398,0.8497023809523809,1.604880452156067,0.9150859881425322,0.03305711998138017,0.017633491379520083,0.54597407579422,0.5196677446365356,0.05503872409462929,0.005339400571486519,0.8407738095238095,9.766746520996094,0.9330381140469451,0.036587642477402094,0.011323525010103808,0.290988951921463,0.09764385968446732,10.972393035888672,3.790079116821289,0.8962962962962963,0.8528864059590316,0.50872802734375,0.43890509009361267,7.43048095703125,6.243584156036377,-0.006446663331389879,-1.186896800994873
223,0.0018415742088109255,0.014194465081075691,0.8526785714285714,0.5351206064224243,0.48771086222868204,0.059701958336941585,0.014818861972308861,0.8740590214729309,0.4022587239742279,0.06469360738992691,0.019481293346054196,0.8139880952380952,3.3321852684020996,0.8213739486604039,0.03779249735591361,0.017537069158779506,0.31622645258903503,0.4405144453048706,11.378273963928223,12.136860847473145,0.7925925925925926,0.8901303538175046,0.7350146770477295,0.39320966601371765,4.1219868659973145,5.355706214904785,0.005286828264978505,1.2337193489074707
224,0.003827756969258189,0.02067437277452777,0.8794642857142857,0.6654300093650818,0.49863971034236354,0.0542949778487295,0.02098103831000908,0.7791722416877747,0.5815069079399109,0.03364873677492142,0.029676552489119712,0.8184523809523809,3.242053508758545,0.9140976058937551,0.04637049649099256,0.023241691435630818,0.2665824592113495,0.2557389736175537,509.0317077636719,511.19195556640625,0.725925925925926,0.9031657355679702,0.6293162107467651,0.37481072545051575,44.368309020996094,43.4568977355957,0.00900217971459194,-0.9114112854003906
225,0.006520019844174385,0.013612898994430966,0.8809523809523809,1.6345535516738892,0.9075221926504399,0.03137555097800715,0.014683807352999012,0.5629585385322571,0.5159940719604492,0.02827288582921028,0.007013348081723714,0.8154761904761905,10.030789375305176,0.95977652996324,0.053783264876227865,0.004703646321078225,0.5591844916343689,0.1305544227361679,470.6568603515625,203.0679168701172,0.9333333333333333,0.8584729981378026,0.5502309203147888,0.35477808117866516,84.23057556152344,83.19400787353516,-0.006599550912707253,-1.0365676879882812
226,0.019294150173664093,0.015755403131539114,0.8541666666666666,1.6738018989562988,0.9335075813181154,0.05443667506219496,0.016535613570673124,0.7158688902854919,0.5680925250053406,0.8375230431556702,0.008320882966391774,0.8348214285714286,13.286717414855957,0.9480553234330563,0.04494157175616609,0.010764786014826777,0.3582983911037445,0.24172402918338776,9.802440643310547,44.26963424682617,0.8888888888888888,0.8677839851024208,0.5587783455848694,0.3953096866607666,11.911425590515137,15.892906188964844,-0.00743452016514734,3.981480598449707
227,0.003799181431531906,0.01953132102728017,0.8363095238095238,0.5921390056610107,0.27332960603642953,0.06578650341102332,0.01633094248179856,0.7925205230712891,0.4735078811645508,0.7594961524009705,0.07392566874641926,0.8080357142857143,5.025857448577881,0.8427448967306502,0.08276671846157213,0.056769211955754684,0.4357623755931854,0.5896086692810059,124.82061767578125,131.5176544189453,0.6888888888888889,0.8845437616387337,0.7125729322433472,0.4077410101890564,9.530645370483398,9.760668754577637,0.05439434771913909,0.23002338409423828
228,0.008623490110039711,0.01739515248044332,0.8779761904761905,1.2084050178527832,0.7986068316336201,0.024411477260677383,0.018728543035414047,0.6706839799880981,0.5343304872512817,0.10592053830623627,0.014696878665617197,0.8020833333333334,5.6061811447143555,0.976681763058082,0.043207777133306924,0.012396737556831128,0.09710872918367386,0.25430935621261597,89.74251556396484,45.30217742919922,0.8592592592592593,0.888268156424581,1.2916297912597656,0.43664732575416565,28.963674545288086,26.150419235229492,-0.0026982738148261243,-2.8132553100585938
229,0.013265336863696575,0.025154268371903377,0.8258928571428571,1.8589515686035156,0.9104066054427554,0.03445036945331803,0.03485747775880865,0.5617220401763916,0.6742973923683167,0.05263324826955795,0.012428978837654592,0.8125,10.749448776245117,0.9030534114960507,0.013223673671040048,0.018582447391198964,0.2831929326057434,0.17803296446800232,65.20442199707031,38.65114212036133,0.9333333333333333,0.8044692737430168,0.6743701100349426,0.4543493986129761,24.633899688720703,19.158395767211914,-0.012725289534248785,-5.475503921508789
230,0.02373622916638851,0.017052622483738844,0.8794642857142857,1.8598886728286743,0.8947132564850845,0.03574931482964727,0.015280581741275223,0.6415810585021973,0.4943012297153473,0.2099466174840927,0.0100668540384371,0.8452380952380952,9.788573265075684,0.8480069617018615,0.028660080579752112,0.005054307116085344,0.21751868724822998,0.07057448476552963,390.6751403808594,320.75091552734375,0.9407407407407408,0.8715083798882681,0.5400108098983765,0.36254703998565674,135.41311645507812,121.74304962158203,-0.006985768445301743,-13.670066833496094
231,0.04098846763372421,0.021260982035328335,0.875,2.1124088764190674,0.9238699394136407,0.028290180308017665,0.02208499453127255,0.6334604620933533,0.4815322756767273,2.823082685470581,0.019898886952301242,0.8690476190476191,16.52635955810547,0.8520438340401834,0.021844899836805154,0.021949738831289478,0.34907546639442444,0.3348931074142456,148.1793212890625,63.10988235473633,0.9629629629629629,0.8528864059590316,0.6215817928314209,0.42201244831085205,33.68893814086914,42.1019172668457,-0.0013620950830270928,8.412979125976562
232,0.001334807020612061,0.01404189237867104,0.8526785714285714,0.42895400524139404,0.2849535888433778,0.04045960804487969,0.01871402247572007,0.7833542823791504,0.5328010320663452,0.0285671167075634,0.004183608102827585,0.8363095238095238,11.727622032165527,0.952503485548984,0.06289896760311342,0.00949418610834074,0.29366937279701233,0.18843157589435577,171.9876251220703,97.56208038330078,0.8,0.8733705772811918,1.0581161975860596,0.44011250138282776,44.26158905029297,35.30127716064453,-0.009858284275843454,-8.960311889648438
233,0.01372520998120308,0.014184832556904836,0.8422619047619048,1.7307722568511963,0.8136726276785541,0.052340321746692786,0.012939640347542025,0.8036437630653381,0.4626822769641876,0.16897247731685638,0.009071236143972872,0.8377976190476191,10.678580284118652,0.9255048184946636,0.06760727073175021,0.010768574349015902,0.4167404770851135,0.14586499333381653,10.728741645812988,7.509369850158691,0.8814814814814815,0.8324022346368715,0.6178022027015686,0.39146488904953003,10.724414825439453,8.27694034576416,-0.005113596412931964,-2.447474479675293
234,0.0017180596478283405,0.014431107434796586,0.8571428571428571,0.549144446849823,0.21380174289269493,0.06890919285383845,0.012218369926279116,1.09433114528656,0.4143639802932739,0.08636879920959473,0.009943471859131359,0.8288690476190477,4.577306747436523,0.7904970800183798,0.07211847769714941,0.005642981576521322,0.3754233121871948,0.14073742926120758,449.2706604003906,457.0004577636719,0.5703703703703704,0.9329608938547486,0.8170806765556335,0.35982388257980347,116.37202453613281,118.92908477783203,-0.0044876355756652275,2.5570602416992188
235,0.04773718863725662,0.027556733857771354,0.8229166666666666,2.114861249923706,0.9298667302975929,0.03151863175185976,0.033842561377363634,0.5652135014533997,0.7194651365280151,1.8746180534362793,0.027582613339154793,0.8660714285714286,13.21833610534668,0.9230694056210366,0.05526062089406658,0.03440129974270467,0.5616167783737183,0.3748812675476074,18.497419357299805,30.676074981689453,0.9703703703703703,0.7914338919925512,0.542668342590332,0.42672351002693176,12.205530166625977,22.039493560791016,2.587948138343954e-05,9.833963394165039
236,0.00774731207638979,0.014923778997496862,0.8705357142857143,1.23906409740448,0.7901581399125427,0.05895077002812521,0.016822032786049768,0.9956194758415222,0.4941900968551636,0.5533262491226196,0.013666874289608444,0.8467261904761905,8.198576927185059,0.8973309714648207,0.06013470333549653,0.017675837269567007,0.43629735708236694,0.4131147861480713,95.75889587402344,91.40048217773438,0.7925925925925926,0.8919925512104283,0.6200491786003113,0.39539480209350586,29.78923988342285,30.6101016998291,-0.0012569047078884177,0.82086181640625
237,0.01604570634663105,0.017599774519934774,0.8958333333333334,2.0695836544036865,0.866311387093906,0.043609688921421474,0.022570260242447127,0.7609308362007141,0.4508756995201111,0.4671415090560913,0.010472042537086113,0.8869047619047619,11.926051139831543,0.8905909104701702,0.023650589495328722,0.01095111097871404,0.3086066246032715,0.23460671305656433,13.863822937011719,6.104144096374512,0.8814814814814815,0.9087523277467412,0.6166665554046631,0.40356606245040894,11.856392860412598,9.179044723510742,-0.007127731982848662,-2.6773481369018555
238,0.00927706714719534,0.01217912344389449,0.8883928571428571,1.6941474676132202,0.9053229006229215,0.05781465822945797,0.015065318361285773,0.7590448260307312,0.5553118586540222,0.3161492645740509,0.008298490760266453,0.8467261904761905,8.523707389831543,0.9048461211565746,0.07923022232513666,0.012286916184612529,0.5761206746101379,0.2728654146194458,98.41787719726562,97.46278381347656,0.9111111111111111,0.8808193668528864,0.6188528537750244,0.41693103313446045,7.910406112670898,7.608466148376465,-0.003880632683628038,-0.3019399642944336
239,0.014343984425067902,0.015129936083614792,0.8630952380952381,1.4351251125335693,0.8011698995454218,0.040404916989023376,0.019840552192800454,0.609917163848877,0.48688629269599915,0.37635013461112976,0.00914148588874275,0.8184523809523809,7.610472679138184,0.9541459286531122,0.056186629844358515,0.011348016259610794,0.6912549734115601,0.3635424077510834,354.0783996582031,259.199462890625,0.7703703703703704,0.8733705772811918,0.5847039222717285,0.38112473487854004,58.69957733154297,56.730770111083984,-0.0059884501948720414,-1.9688072204589844
240,0.03524858132004738,0.023500772212874832,0.8720238095238095,1.7370060682296753,0.904133907093506,0.03510793586871086,0.030802017434700235,0.7160028219223022,0.6638111472129822,0.9592244625091553,0.015655261995418446,0.8616071428571429,10.17487907409668,0.9514710352742732,0.03696880785950152,0.024279554798991243,0.6504015922546387,0.38807857036590576,11.769903182983398,24.554182052612305,0.9111111111111111,0.8808193668528864,0.5409755706787109,0.4914340376853943,11.797061920166016,10.947097778320312,-0.007845510217456386,-0.8499641418457031
241,0.02979208156466484,0.026095880823474804,0.8883928571428571,1.4598599672317505,0.9058295705019495,0.02458034472866366,0.025594145013321246,0.46245670318603516,0.5632181763648987,0.18728706240653992,0.01653092777219156,0.8839285714285714,5.271463871002197,0.8436011676322904,0.009946078963009919,0.014919887773869767,0.12032073736190796,0.2619505822658539,4.294368743896484,4.95740270614624,0.9703703703703703,0.8640595903165735,0.6722749471664429,0.4884035885334015,4.418288230895996,4.226024150848389,-0.009564953051283243,-0.19226408004760742
242,0.003100946079939604,0.019860801931943284,0.8214285714285714,0.5392364263534546,0.4033684970724272,0.060981265339485,0.01641874914557484,0.87746661901474,0.4053785800933838,0.02992670051753521,0.031470313605517664,0.8005952380952381,1.7793231010437012,0.5140186510321282,0.09395216866875988,0.022309062935548907,0.610943078994751,0.37987130880355835,216.88699340820312,235.80789184570312,0.6296296296296297,0.8696461824953445,0.6851183176040649,0.3998044431209564,55.176513671875,55.99501419067383,0.01160951167357438,0.8185005187988281
243,0.0021806536242365837,0.018325550193005302,0.8214285714285714,0.5133166313171387,0.13356113893872312,0.051045834704581794,0.018232761435950096,0.9354572892189026,0.47488346695899963,0.04072027653455734,0.005298836356134817,0.8571428571428571,11.194472312927246,0.956902620120754,0.023848839824211043,0.007180541107578375,0.27835527062416077,0.19553133845329285,255.0042724609375,146.5545654296875,0.7555555555555555,0.8733705772811918,0.5530197024345398,0.3856061100959778,68.86317443847656,55.94633102416992,-0.013026713836870485,-12.91684341430664
244,0.009835261851549149,0.016266592558956128,0.8511904761904762,2.0497121810913086,0.8949473836293387,0.04554337513692985,0.02214015214408871,0.7549270391464233,0.4071730375289917,0.13069956004619598,0.021318411437187823,0.8616071428571429,11.17056941986084,0.937923243874323,0.05354085161272415,0.02772159383795536,0.4103982150554657,0.24630172550678253,3458.269287109375,2937.98291015625,0.6962962962962963,0.8789571694599627,0.6273155212402344,0.391989529132843,567.7564697265625,566.0735473632812,0.005051818878231695,-1.68292236328125
245,0.06828205287456512,0.045661740177921906,0.8288690476190477,1.7723256349563599,0.860631733084628,0.02216609647329071,0.04659739626300308,0.48440682888031006,0.5509743690490723,3.4468932151794434,0.05326702830597896,0.8273809523809523,12.553706169128418,0.9730729948357785,0.01531117726732667,0.04932004438883408,0.35040217638015747,0.47173210978507996,182.5850067138672,240.20875549316406,0.9851851851851852,0.7932960893854749,1.4058743715286255,0.5570550560951233,27.010818481445312,131.55638122558594,0.007605288128057053,104.54556274414062
246,0.019138406962156296,0.016294570271409237,0.8645833333333334,1.5528463125228882,0.8464078331381069,0.04081031391508361,0.023012325660049293,0.8716661334037781,0.5342274904251099,1.1202183961868286,0.01055756308133693,0.84375,12.159505844116211,0.9385884059916577,0.03633366959601847,0.01667632587561163,0.5746973156929016,0.4174134135246277,25.95584487915039,5.9308085441589355,0.8814814814814815,0.8696461824953445,0.6105130910873413,0.38729754090309143,13.3458833694458,10.806044578552246,-0.005737007190072307,-2.5398387908935547
247,0.0035218950361013412,0.020086130357612753,0.8660714285714286,0.5722201466560364,0.33609815794138154,0.09478461173058916,0.01638943896409939,1.1452250480651855,0.4604894518852234,0.03548844903707504,0.011645677179732417,0.8377976190476191,7.4650959968566895,0.9520733445569137,0.09134331626392267,0.004424593677878286,0.2626171410083771,0.07915771007537842,61.43247604370117,52.39360809326172,0.725925925925926,0.8994413407821229,0.7024596333503723,0.37580379843711853,15.797282218933105,16.536022186279297,-0.008440453177880336,0.7387399673461914
248,0.03565365448594093,0.029628134331990852,0.8467261904761905,1.869706630706787,0.9126876719049977,0.051962056332521156,0.01805371406348455,0.7559394836425781,0.5017359256744385,1.445205569267273,0.039805235760096425,0.8229166666666666,10.334738731384277,0.9247713942463494,0.0795251514062354,0.023212437487032944,0.6339371204376221,0.32234108448028564,343.5500183105469,280.9461364746094,0.9185185185185185,0.8342644320297952,0.5661294460296631,0.5294654369354248,70.13319396972656,61.76990509033203,0.010177101428105573,-8.363288879394531
249,0.03899364918470383,0.02233791410814412,0.8735119047619048,1.7354787588119507,0.8809143375487956,0.03242811172011728,0.030881935859265464,0.5672498345375061,0.6912093162536621,2.105706214904785,0.019719460199356886,0.8080357142857143,11.497943878173828,0.9519759144946164,0.04173943034706218,0.02907684532201371,0.22422848641872406,0.49411195516586304,61.16637420654297,21.151798248291016,0.9407407407407408,0.8603351955307262,0.43345531821250916,0.46674206852912903,17.68292808532715,22.802217483520508,-0.0026184539087872327,5.119289398193359
250,0.011701378040015697,0.018380854079250275,0.7857142857142857,2.0535168647766113,0.7950212275065738,0.04206864698240553,0.027258562008944054,0.830490231513977,0.5525916814804077,0.10457718372344971,0.01297746646282949,0.8541666666666666,8.844676971435547,0.9378975032233747,0.051577232169188636,0.02983663563602168,0.5672354102134705,0.24410225450992584,23.723079681396484,10.346839904785156,0.8592592592592593,0.776536312849162,0.9443995952606201,0.403957724571228,7.842845916748047,5.477382659912109,-0.005403387616420785,-2.3654632568359375
251,0.008650209754705429,0.017643213737428498,0.8497023809523809,1.8680737018585205,0.8723794660319849,0.04199143240490899,0.020647861534346723,0.9386781454086304,0.4967939257621765,0.0852743610739708,0.020434311597023358,0.8348214285714286,8.250039100646973,0.9192703152856977,0.053992303212915815,0.018180844561208942,0.27714449167251587,0.17266462743282318,15.537148475646973,11.574419975280762,0.725925925925926,0.8864059590316573,0.8017836213111877,0.4396558701992035,6.858593940734863,5.640701770782471,0.00279109785959486,-1.2178921699523926
252,0.009524544700980186,0.01667882552497113,0.8348214285714286,1.3859782218933105,0.8712385681246311,0.0630377432149054,0.019257230470219988,0.9735568761825562,0.48780301213264465,0.14766505360603333,0.01956733935438737,0.8288690476190477,4.879655361175537,0.8331692389487877,0.09041387998592554,0.024225564740757877,0.8302851319313049,0.37690308690071106,28.24374008178711,27.08660888671875,0.8222222222222222,0.8379888268156425,0.6756638884544373,0.41534698009490967,8.878433227539062,9.034932136535645,0.0028885138294162394,0.15649890899658203
253,0.05598410218954086,0.019059559497943912,0.8883928571428571,2.8423047065734863,0.966569381644703,0.025558617871901612,0.009812905731485189,0.6451125741004944,0.42221006751060486,0.6180415749549866,0.019837011062743937,0.8630952380952381,8.587780952453613,0.8948431215632882,0.06444493386944583,0.006358228762044504,0.44300398230552673,0.24183765053749084,2349.65771484375,2301.40625,0.8296296296296296,0.8994413407821229,0.5345225930213928,0.4309954047203064,491.92535400390625,488.650390625,0.0007774515648000246,-3.27496337890625
254,0.003022691933438182,0.020853693772992288,0.8526785714285714,0.5007569193840027,0.2952608547571431,0.05472246689232052,0.021485476665727532,0.9447306990623474,0.48874935507774353,0.18031352758407593,0.003217596151204205,0.8333333333333334,16.567768096923828,0.9417132762457531,0.013523260357746869,0.0042675951093426034,0.16655097901821136,0.13932572305202484,4060.993408203125,2364.86962890625,0.7037037037037037,0.8808193668528864,0.5884490609169006,0.3973524272441864,1688.1395263671875,1572.7869873046875,-0.017636097621788083,-115.3525390625
255,0.030286818742752075,0.01829497456427087,0.9151785714285714,2.2310597896575928,0.9127264976240452,0.03194551960361314,0.017880459576536056,0.6713730096817017,0.42950892448425293,3.092155933380127,0.01440857599299672,0.8794642857142857,21.511795043945312,0.8920903803413609,0.03279617263872514,0.01589520081913376,0.2531413733959198,0.2639670968055725,54.3698844909668,519.0743408203125,0.9777777777777777,0.9162011173184358,0.44125932455062866,0.5102835893630981,16.202444076538086,328.4568786621094,-0.0038863985712741522,312.2544345855713
256,0.011202179826796055,0.013363877768852839,0.8675595238095238,1.6577215194702148,0.8359079980055577,0.03555771220884241,0.016437865667373708,0.5858322978019714,0.48649731278419495,0.7167587876319885,0.007291634524281609,0.8497023809523809,11.881898880004883,0.93049868893537,0.041771703356061174,0.008201521024529201,0.606678307056427,0.2711908221244812,1505.0810546875,1378.8665771484375,0.837037037037037,0.8808193668528864,0.6031692028045654,0.42556798458099365,247.83140563964844,244.69931030273438,-0.006072243244571229,-3.1320953369140625
257,0.015553142875432968,0.014446351319979622,0.8898809523809523,1.7719558477401733,0.8693306172343473,0.03575010509344412,0.01894851679161036,0.8587836623191833,0.48503464460372925,0.6883023381233215,0.009173410182040653,0.8556547619047619,15.342256546020508,0.9357029053791585,0.04577942204836327,0.015596071611687301,0.5715609192848206,0.21519389748573303,62.59280776977539,107.20765686035156,0.9259259259259259,0.8864059590316573,0.5787791609764099,0.4169858396053314,17.76761245727539,50.47838592529297,-0.005272941137938969,32.71077346801758
258,0.01971394568681717,0.02239869306358777,0.8497023809523809,1.6235922574996948,0.9186642235988953,0.01859547279031637,0.02771059506624418,0.3767487406730652,0.6433058381080627,0.20449940860271454,0.010623002555023797,0.8288690476190477,7.920888423919678,0.9611937082109119,0.021714677909878133,0.009799891545201889,0.3261348009109497,0.17619359493255615,18.53567886352539,6.951787948608398,1.0,0.8119180633147114,0.3300202488899231,0.40986698865890503,8.652631759643555,6.870584964752197,-0.011775690508563974,-1.7820467948913574
259,0.04270647466182709,0.035124041989739285,0.8229166666666666,1.6416802406311035,0.912119441972784,0.031116020721222437,0.0405949620687418,0.6343283653259277,0.6350608468055725,1.162138819694519,0.05051365348544756,0.8377976190476191,8.053610801696777,0.9621288502103947,0.012880524859343545,0.06282186612743723,0.22293706238269806,0.48201802372932434,23.383953094482422,20.4029541015625,0.9259259259259259,0.7932960893854749,0.491688996553421,0.4109683036804199,5.580083847045898,4.479017734527588,0.015389611495708277,-1.1010661125183105
260,0.0067626070231199265,0.015672492190812348,0.8586309523809523,1.2737269401550293,0.8560293668551646,0.029599376980929293,0.022702652128744227,0.6366556286811829,0.5318632125854492,0.05377985164523125,0.014918151060911322,0.8363095238095238,5.834291934967041,0.8671784778634615,0.1369968500116726,0.012922843467062184,0.4835442900657654,0.20142962038516998,109.36852264404297,96.45330810546875,0.9111111111111111,0.8547486033519553,0.6629008650779724,0.47986698150634766,11.978416442871094,12.10680103302002,-0.0007543411299010261,0.12838459014892578
261,0.02951996959745884,0.026213864966257994,0.9017857142857143,1.5673763751983643,0.8608386053204102,0.0338553601463476,0.02037998468038482,0.5331792831420898,0.49355414509773254,1.2962275743484497,0.02576323671835079,0.8556547619047619,9.887748718261719,0.9381098698913733,0.0224876662307526,0.018440075735510653,0.37081316113471985,0.37317758798599243,219.28773498535156,143.06515502929688,0.9259259259259259,0.9068901303538175,0.7675071358680725,0.36807993054389954,58.82402038574219,50.98017120361328,-0.00045062824790720324,-7.843849182128906
262,0.002564006019383669,0.01895549071978231,0.8824404761904762,0.5020740032196045,0.21040555368034672,0.02878307959993942,0.021636044813039046,0.5853649377822876,0.5097989439964294,1.263778567314148,0.009423242385071418,0.84375,16.40317153930664,0.8790744975666436,0.02588170398800882,0.011328560356193118,0.26497432589530945,0.2920321822166443,47.691314697265625,15.65588665008545,0.9629629629629629,0.8677839851024208,0.4517539441585541,0.3727148175239563,16.50763511657715,16.6596622467041,-0.009532248334710891,0.15202713012695312
263,0.006520303897559643,0.0097582661056409,0.8883928571428571,1.4561082124710083,0.8509014854044833,0.03979247442767109,0.010349978875047405,0.6174680590629578,0.4865019619464874,0.28911787271499634,0.007305651430951188,0.8630952380952381,9.210606575012207,0.9488365050539685,0.04724690274159171,0.0074589053602639455,0.21994364261627197,0.26305580139160156,75.03984069824219,52.57979202270508,0.8296296296296296,0.9087523277467412,0.631811261177063,0.43476784229278564,10.31418228149414,10.020722389221191,-0.0024526146746897126,-0.2934598922729492
264,0.056073494255542755,0.023290281170978422,0.8467261904761905,1.9437847137451172,0.93642157097516,0.07003390794470743,0.023065736459702002,0.9984627366065979,0.6104106903076172,1.9895896911621094,0.019739731412382278,0.8363095238095238,12.016227722167969,0.8998014402103244,0.03742532885715921,0.018543447752345732,0.6623075008392334,0.42249566316604614,96.34308624267578,62.024871826171875,0.7703703703703704,0.8715083798882681,0.8824455142021179,0.31330838799476624,16.28561782836914,14.899136543273926,-0.0035505497585961443,-1.3864812850952148
265,0.016435865312814713,0.01834451973048168,0.8497023809523809,1.6755038499832153,0.8597505100866314,0.05670408373188651,0.016035530773061635,1.0546642541885376,0.5008118748664856,0.5371730327606201,0.019636143389016425,0.8184523809523809,8.767404556274414,0.9673464633921081,0.13847274072621185,0.011055316597176179,0.8679081797599792,0.2576177418231964,32.75338363647461,11.295191764831543,0.762962962962963,0.88268156424581,0.7801579833030701,0.42755019664764404,10.515186309814453,7.822690010070801,0.0012916236585347463,-2.6924962997436523
266,0.01103614829480648,0.015865495156465736,0.8839285714285714,1.8749464750289917,0.865140425743931,0.04793457732997253,0.014487227964783855,1.000206470489502,0.6222876906394958,0.08438491076231003,0.026368406314005166,0.8333333333333334,9.409905433654785,0.913996228207756,0.041090276607414156,0.023280979586515427,0.5250948071479797,0.149090975522995,169.41864013671875,148.0941162109375,0.7851851851851852,0.9162011173184358,0.7589515447616577,0.4819732904434204,30.131277084350586,28.0598201751709,0.01050291115753943,-2.0714569091796875
267,0.010276740416884422,0.021564221661740324,0.8511904761904762,1.5665642023086548,0.8517395358116815,0.031526957298483316,0.03301817480257618,0.6125226616859436,0.6634429693222046,0.10693855583667755,0.014830394471007091,0.7663690476190477,9.582310676574707,0.9632920126364968,0.04537940636786031,0.02061419752176752,0.40120622515678406,0.1882607489824295,73.6371841430664,26.229154586791992,0.8518518518518519,0.8528864059590316,0.4408440887928009,0.5207946300506592,13.84739875793457,11.400776863098145,-0.0067338271907332325,-2.446621894836426
268,0.0093337157741189,0.016459231104166583,0.8690476190476191,1.2827954292297363,0.8421413188893294,0.05016440085399365,0.02031639379150063,0.8420279622077942,0.5261046290397644,0.09838079661130905,0.0074888303125734135,0.8645833333333334,8.239143371582031,0.9366408938062044,0.08627753875311661,0.012448369001633042,0.9319480657577515,0.2751041352748871,98.43419647216797,62.39851760864258,0.8962962962962963,0.8770949720670391,0.7289000153541565,0.40247759222984314,27.199800491333008,25.7784481048584,-0.00897040079159317,-1.4213523864746094
269,0.05882960185408592,0.04724598886707221,0.8214285714285714,1.7135577201843262,0.8900004681630085,0.027345239500671248,0.04567051829747504,0.4537818133831024,0.6303083300590515,2.654292583465576,0.04360323066845251,0.8229166666666666,11.602010726928711,0.9067482330398606,0.029525842711837114,0.03538994578543542,0.367901086807251,0.418289452791214,27.093807220458984,10.539630889892578,0.9925925925925926,0.7728119180633147,0.5547000765800476,0.5318394303321838,9.743597030639648,6.938717842102051,-0.0036427581986197,-2.8048791885375977
270,0.006384620442986488,0.011469239896623962,0.8809523809523809,1.3728066682815552,0.8892310912317193,0.0591346958370923,0.014768773108465694,0.8284035921096802,0.5215703248977661,0.13387195765972137,0.008720102875012126,0.8139880952380952,7.5676093101501465,0.9334982850861735,0.07408935518279947,0.014344598195144664,0.5828610062599182,0.3338302671909332,73.14495849609375,61.9753303527832,0.8888888888888888,0.88268156424581,0.7160948514938354,0.42731109261512756,10.956621170043945,11.050305366516113,-0.002749137021611836,0.09368419647216797
271,0.02851981669664383,0.021557028584292204,0.8333333333333334,1.9298937320709229,0.8965550117474831,0.07270134160562425,0.019859804273983372,0.9163535237312317,0.4423803389072418,0.7620265483856201,0.02021145514566336,0.84375,9.13470458984375,0.9418608272580127,0.07991750766190875,0.017924855655660932,0.8642845153808594,0.3751333951950073,21.456417083740234,9.829320907592773,0.7703703703703704,0.8640595903165735,0.6957147121429443,0.3873859643936157,12.263808250427246,9.579944610595703,-0.0013455734386288443,-2.683863639831543
272,0.002821659902110696,0.014966684065472191,0.8735119047619048,0.6707693338394165,0.7551658305650197,0.02664962102872248,0.020409951495500955,0.5267009139060974,0.5769011974334717,0.9006807804107666,0.02211888355071079,0.8154761904761905,8.398123741149902,0.9296001805569202,0.015441106653984682,0.03277512710118968,0.13608282804489136,0.4437442719936371,30.802490234375,26.989961624145508,0.9185185185185185,0.845437616387337,0.64012610912323,0.42558085918426514,9.527376174926758,8.822751998901367,0.007152199485238597,-0.7046241760253906
273,0.002590676536783576,0.017769335833056732,0.8556547619047619,0.5860490202903748,0.2823267276038245,0.04536140264179944,0.019185838369398134,0.5611867308616638,0.4400012791156769,0.7128307223320007,0.0455801096955577,0.7872023809523809,7.37265157699585,0.9237422401566101,0.09535942526951102,0.05319067414367962,0.6852420568466187,0.40303725004196167,10.695595741271973,7.138604164123535,0.674074074074074,0.8752327746741154,0.6857251524925232,0.42988255620002747,6.252835273742676,4.5110087394714355,0.02781077386250097,-1.7418265342712402
274,0.03526163101196289,0.018017547297958014,0.8675595238095238,2.057403564453125,0.9082319695233573,0.03625941869414351,0.021796379082705597,0.6761476993560791,0.48802393674850464,0.6336954236030579,0.028457570669641497,0.8125,6.798364639282227,0.9571317135351525,0.055183786106021815,0.03848023185050575,0.5373978018760681,0.5413826704025269,28.919734954833984,30.689647674560547,0.8074074074074075,0.8752327746741154,0.5597673654556274,0.42748185992240906,8.951128005981445,9.058210372924805,0.010440023371683482,0.10708236694335938
275,0.03960411250591278,0.027575411817554407,0.8318452380952381,1.5292826890945435,0.8797173321843749,0.021888668363612807,0.025785749285321402,0.5007105469703674,0.5372964143753052,0.994206964969635,0.031163349013006436,0.7708333333333334,6.94890022277832,0.8859031401052893,0.010564739653275645,0.035650256952832304,0.28898900747299194,0.4347973167896271,2360.05029296875,2290.540283203125,0.9851851851851852,0.7895716945996276,0.5248188972473145,0.4746702015399933,422.1187744140625,419.5453796386719,0.003587937195452029,-2.573394775390625
276,0.009311502799391747,0.016681898553267627,0.8273809523809523,1.7630212306976318,0.9012114671498126,0.0633341749763382,0.017253200321436735,0.8185477256774902,0.5165565609931946,0.03736488148570061,0.008273865223360488,0.8526785714285714,16.121585845947266,0.9564282252579901,0.025909599461779953,0.008597999586955396,0.29938802123069763,0.679851770401001,196.7314453125,132.4615936279297,0.8,0.845437616387337,0.7969357967376709,0.4012342393398285,46.758766174316406,110.88764953613281,-0.008408033329907139,64.1288833618164
277,0.026607148349285126,0.01444673852181666,0.8497023809523809,1.9020118713378906,0.8916631168198279,0.04072438061223005,0.016067104225629958,0.7347257733345032,0.47144657373428345,0.8465337157249451,0.006645628529240777,0.8214285714285714,13.56208324432373,0.9474767327268809,0.04028807848322158,0.008313564169939114,0.4328923523426056,0.18575403094291687,6.678770542144775,12.805710792541504,0.8888888888888888,0.839851024208566,0.5075059533119202,0.4383135139942169,10.370368957519531,8.50280475616455,-0.007801109992575883,-1.8675642013549805
278,0.0022802003659307957,0.016126426250088755,0.8675595238095238,0.5323020219802856,0.272377746604446,0.03842219747094633,0.018754720947333325,0.5617688298225403,0.5325800180435181,0.0446581169962883,0.03171389059395224,0.7633928571428571,2.976109027862549,0.6020284196760654,0.037627482050320515,0.03786491239469414,0.49699538946151733,0.532156765460968,39.36619186401367,46.32472229003906,0.8444444444444444,0.8640595903165735,0.6579700708389282,0.41014793515205383,5.250753402709961,6.6160454750061035,0.015587464343863489,1.3652920722961426
279,0.016122018918395042,0.024941099756410012,0.8497023809523809,1.2304145097732544,0.8318119073322578,0.033403576701248716,0.03266309760877173,0.6389004588127136,0.5364476442337036,0.1839083433151245,0.017926583251491213,0.8035714285714286,5.08588981628418,0.9644374669900457,0.04037779231701799,0.027185363866852996,0.40221118927001953,0.28130704164505005,342.31622314453125,300.6056213378906,0.8962962962962963,0.8324022346368715,0.43916967511177063,0.40823450684547424,87.94210052490234,87.83360290527344,-0.0070145165049188,-0.10849761962890625
280,0.02801903709769249,0.0320391736098693,0.8586309523809523,1.7463222742080688,0.9084446360618984,0.027798681921268553,0.022380862524826184,0.4441535472869873,0.422712504863739,2.167964458465576,0.04061314020002704,0.8333333333333334,13.067729949951172,0.90803348181326,0.0248210860356749,0.030979869601613474,0.3782530426979065,0.2531512379646301,242.3009033203125,115.00370025634766,0.9629629629629629,0.8119180633147114,0.5077527761459351,0.4802299439907074,97.27279663085938,78.11326599121094,0.008573966590157744,-19.159530639648438
281,0.006949783302843571,0.011698060149746614,0.8467261904761905,2.0706467628479004,0.9149995835947414,0.048455363809532415,0.015737318382867405,0.8061941862106323,0.45165035128593445,0.40485161542892456,0.008497599323858185,0.8556547619047619,15.478696823120117,0.8648965058046066,0.02819490967507532,0.01385299575961052,0.4168095290660858,0.17689149081707,795.52587890625,550.6961059570312,0.8740740740740741,0.8472998137802608,0.838861346244812,0.45851629972457886,190.08389282226562,140.55850219726562,-0.0032004608258884293,-49.525390625
282,0.004544013645499945,0.009040109180996403,0.8839285714285714,2.2896840572357178,0.9248106422762373,0.03375388443839622,0.007859436333870762,0.65610271692276,0.3415939211845398,0.02265704795718193,0.006018787235807066,0.8660714285714286,14.493565559387207,0.9359286896743026,0.021692616819585786,0.005464248155029883,0.5096299052238464,0.09366383403539658,466.2083435058594,165.96678161621094,0.9111111111111111,0.88268156424581,0.4981885254383087,0.3955003619194031,133.17613220214844,112.05435943603516,-0.003021321945189337,-21.12177276611328
283,0.0644325315952301,0.036842176112424685,0.8541666666666666,2.003986358642578,0.9508430515354075,0.0356776688732241,0.029271711651152832,0.6279327869415283,0.47670209407806396,3.8760366439819336,0.03836549515304066,0.8556547619047619,15.24915599822998,0.9122356880397271,0.05829437190229492,0.030310764256353484,0.21862080693244934,0.33890366554260254,96.70186614990234,29.768354415893555,0.9851851851851852,0.8305400372439479,0.6646657586097717,0.5365793704986572,17.680370330810547,28.485084533691406,0.001523319040615978,10.80471420288086
284,0.009880287572741508,0.017665579752070726,0.8705357142857143,1.4585416316986084,0.8358074933533909,0.031205420216888213,0.024012743358483357,0.6193364858627319,0.49812206625938416,0.0425516702234745,0.006729541045614074,0.8125,10.228309631347656,0.9471239472865354,0.0369259812578846,0.017183402146391025,0.48728784918785095,0.12946444749832153,9.049308776855469,3.9455249309539795,0.9111111111111111,0.8584729981378026,0.42630651593208313,0.4856283962726593,8.441993713378906,5.589006423950195,-0.010936038706456652,-2.852987289428711
285,0.003221281338483095,0.019722045031524527,0.8482142857142857,0.5742946267127991,0.45573551121043165,0.05374776237579926,0.018176638140391277,0.8296343088150024,0.5328392386436462,0.27360737323760986,0.019824704745383337,0.8095238095238095,5.90920877456665,0.7846237406475615,0.04343800239457141,0.01883936624995819,0.5125367045402527,0.2566911578178406,167.19882202148438,174.50927734375,0.7037037037037037,0.8994413407821229,0.9423190355300903,0.3591228425502777,38.8556022644043,39.625587463378906,0.00010265971385881034,0.7699851989746094
286,0.0215197391808033,0.01594107074363993,0.8839285714285714,1.932515263557434,0.9006708228602329,0.026647114555369722,0.014991439864400435,0.6726593971252441,0.5055964589118958,0.6497488021850586,0.010860460474056755,0.8601190476190477,12.819217681884766,0.8989910135462896,0.021949623948594787,0.007966688938562116,0.27152279019355774,0.1848476231098175,68.2620849609375,26.156543731689453,0.9703703703703703,0.8566108007448789,0.5107539296150208,0.5007794499397278,21.48508644104004,15.748832702636719,-0.0050806102695831745,-5.73625373840332
287,0.004700106102973223,0.008323675797553332,0.8586309523809523,1.8821183443069458,0.8964644559833707,0.02696062566687374,0.013645211643624977,0.614780604839325,0.5286409854888916,0.03419598564505577,0.0025741143981971026,0.84375,11.337440490722656,0.9189370444329101,0.0151430202833579,0.008198432873895878,0.125250905752182,0.20653793215751648,295.63470458984375,232.86044311523438,0.9925925925925926,0.8342644320297952,0.45883139967918396,0.4563324451446533,68.50250244140625,57.91225051879883,-0.005749561399356229,-10.590251922607422
288,0.004876361228525639,0.007740430453630154,0.8973214285714286,2.1320223808288574,0.9317536902823497,0.03314016117812579,0.008907357502648594,0.550653338432312,0.4469771087169647,0.06811890751123428,0.003325575406393,0.8392857142857143,14.351231575012207,0.9091617056592823,0.025776555486672126,0.0022974201627212754,0.45483678579330444,0.06462004780769348,25.515241622924805,13.562700271606445,0.9185185185185185,0.8994413407821229,0.5314327478408813,0.46802905201911926,11.460333824157715,14.17797565460205,-0.004414855047237154,2.717641830444336
289,0.06300364434719086,0.0383255016466133,0.8244047619047619,1.9443976879119873,0.8969770838154215,0.061959117065145786,0.03154286660919403,0.7730854153633118,0.5993373990058899,1.3458163738250732,0.03161710920397898,0.8392857142857143,9.488041877746582,0.9297303707341805,0.04933680395604445,0.020922833889918335,0.4214167594909668,0.3752535283565521,39.72023391723633,32.90068435668945,0.7333333333333333,0.8547486033519553,1.1979901790618896,0.47676220536231995,12.437431335449219,10.719749450683594,-0.0067083924426343255,-1.717681884765625
290,0.015596123412251472,0.017617086364615564,0.8630952380952381,1.535514235496521,0.8717446188556912,0.03428612722343427,0.016654723678843353,0.7464772462844849,0.5297082662582397,0.17317017912864685,0.006952792962338306,0.8348214285714286,7.374415397644043,0.9015030355226573,0.028970661727347413,0.008393870552596883,0.517917275428772,0.18427744507789612,117.99472045898438,93.97469329833984,0.9629629629629629,0.8379888268156425,0.6362088322639465,0.44104453921318054,11.565831184387207,9.470921516418457,-0.010664293402277258,-2.09490966796875
291,0.007485636509954929,0.02250092135880255,0.8705357142857143,1.3682540655136108,0.8232383994221975,0.041533806624195924,0.026812922467188915,0.7137561440467834,0.4649251699447632,0.02875123918056488,0.022745403996529467,0.8139880952380952,6.058649063110352,0.9613956577331484,0.03372874927810898,0.024512127161981256,0.37919503450393677,0.29411470890045166,278.7838134765625,196.2305145263672,0.8074074074074075,0.88268156424581,0.9046755433082581,0.4031999111175537,86.1500473022461,83.69861602783203,0.00024448263772691714,-2.4514312744140625
292,0.004801030270755291,0.009517388840636687,0.875,2.252502202987671,0.9550877388290681,0.0482637787661655,0.009655002450334016,0.717492401599884,0.3245213031768799,0.2232419103384018,0.013080555660688331,0.8616071428571429,14.832024574279785,0.9111068490453715,0.030010120444413757,0.014171763273188809,0.5233186483383179,0.11582262068986893,321.96466064453125,171.5625762939453,0.9111111111111111,0.8770949720670391,0.6809034943580627,0.427888959646225,64.21839904785156,45.58955764770508,0.003563166820051644,-18.628841400146484
293,0.027308130636811256,0.03212409520926496,0.8482142857142857,1.7144999504089355,0.924136707075531,0.02582502696449529,0.033333266063934275,0.6306856870651245,0.4824536442756653,1.5195081233978271,0.038036968935024285,0.8288690476190477,12.016870498657227,0.9247655907073722,0.02095557842262563,0.03764668291982265,0.34064218401908875,0.3204691708087921,13.317410469055176,20.186269760131836,0.9777777777777777,0.819366852886406,0.6905596256256104,0.42980706691741943,12.984771728515625,14.400654792785645,0.005912873725759327,1.4158830642700195
294,0.029039926826953888,0.04298195340179367,0.8020833333333334,1.1442794799804688,0.9001308732191743,0.02824582348472493,0.043828131995323316,0.5834072232246399,0.6953085660934448,0.16825233399868011,0.047541783059100506,0.7857142857142857,3.573524236679077,0.13362293908682535,0.01675737724006765,0.06738339884252476,0.21542513370513916,0.4171631634235382,19.600486755371094,20.189048767089844,0.9555555555555556,0.7653631284916201,0.5245385766029358,0.5648484826087952,5.046880722045898,5.570682525634766,0.004559829657306835,0.5238018035888672
295,0.005643867887556553,0.012317158415564577,0.8482142857142857,1.486114740371704,0.8737112307728526,0.022640784536187564,0.01953982321836134,0.513274073600769,0.484645277261734,0.02732853963971138,0.00940808830054607,0.8407738095238095,5.2664947509765625,0.9147996330963747,0.04379068338277259,0.01635146717824376,0.43098342418670654,0.26024675369262695,487.00726318359375,473.708251953125,0.9703703703703703,0.8268156424581006,0.3945068418979645,0.42419177293777466,110.07694244384766,109.80108642578125,-0.0029090701150185083,-0.27585601806640625
296,0.0041975905187428,0.011506857222267075,0.84375,2.014427423477173,0.8988924946695621,0.021795733675118556,0.015177834668783419,0.42383497953414917,0.39185258746147156,0.08831565082073212,0.00884631206414288,0.8363095238095238,12.192070007324219,0.95476116321839,0.023400085359121525,0.012619976115791132,0.39428314566612244,0.08719851821660995,72.21604919433594,26.979915618896484,0.9629629629629629,0.8268156424581006,0.5732040405273438,0.4502948522567749,18.21611785888672,30.88356590270996,-0.0026605451581241946,12.667448043823242
297,0.0055750897154212,0.01191478069294416,0.8616071428571429,1.4632432460784912,0.8293424817531021,0.053727028139487265,0.011986683698624212,0.7483102679252625,0.39392539858818054,0.027413543313741684,0.0056712580642174215,0.8333333333333334,8.865509033203125,0.9758152106212628,0.0396167527805904,0.005013600216041358,0.5148228406906128,0.26879632472991943,53.16891098022461,29.973039627075195,0.837037037037037,0.88268156424581,0.7237477898597717,0.3741108179092407,14.906804084777832,13.110563278198242,-0.006243522628726739,-1.7962408065795898
298,0.006962556391954422,0.019362597104471635,0.8839285714285714,1.6531994342803955,0.9216026731289616,0.02907324357011376,0.02984867722931206,0.5915471911430359,0.48440465331077576,0.0839608833193779,0.01550815023687313,0.8154761904761905,9.031926155090332,0.9357797616471741,0.01595728886340575,0.027386721287935956,0.2735286355018616,0.23936660587787628,10.73291015625,5.156590938568115,0.9703703703703703,0.8696461824953445,0.5428963899612427,0.47380316257476807,8.509522438049316,6.420616626739502,-0.0038544468675985044,-2.0889058113098145
299,0.003861882258206606,0.021361784032689957,0.8363095238095238,0.5724310278892517,0.23385652320078626,0.04334989115591459,0.02306654010088005,0.7921635508537292,0.5810964107513428,0.07910755276679993,0.032102914858277654,0.8467261904761905,2.6855292320251465,0.6850817215555247,0.051802846918143075,0.032583022424552244,0.8250055313110352,0.5658556818962097,18.944751739501953,20.657833099365234,0.7185185185185186,0.8864059590316573,0.5508988499641418,0.42005205154418945,4.638173580169678,5.899083614349365,0.010741130825587697,1.2609100341796875
300,0.009005472995340824,0.012747316775724604,0.8601190476190477,1.286651611328125,0.8856592690888581,0.03693370109279781,0.019571011997156607,0.74895840883255,0.4652559757232666,0.04900914803147316,0.020187912201324654,0.8139880952380952,3.964193820953369,0.9423839606603767,0.04637411403218761,0.03770702894567779,0.4270336627960205,0.2948167324066162,16.801103591918945,14.04712200164795,0.9333333333333333,0.8379888268156425,0.5679621696472168,0.4475407600402832,5.575801849365234,5.274386405944824,0.0074405954256000495,-0.30141544342041016
301,0.014516225084662437,0.021110063951503943,0.8586309523809523,1.475095510482788,0.90628652318672,0.04263845905674879,0.024029555315497664,0.6663895845413208,0.5860904455184937,0.07571996003389359,0.016227582610875535,0.7961309523809523,5.450809955596924,0.9560134355964319,0.046277098520245086,0.019151691656352776,0.6168109178543091,0.22764095664024353,105.2294921875,100.54731750488281,0.9037037037037037,0.8417132216014898,0.555463969707489,0.4093146324157715,26.716842651367188,26.73781394958496,-0.0048824813406284084,0.020971298217773438
302,0.01998385414481163,0.018876360408727866,0.8482142857142857,1.862195372581482,0.8957669651959799,0.02965179688444386,0.01974304490972667,0.6175061464309692,0.6037344932556152,0.4951656460762024,0.009683824026956112,0.8199404761904762,11.619318008422852,0.8288582626960473,0.047133230659336944,0.006470124105492303,0.565951406955719,0.17963187396526337,186.50289916992188,127.0478515625,0.9037037037037037,0.8361266294227188,0.6251440048217773,0.46606308221817017,56.305397033691406,48.902610778808594,-0.009192536381771754,-7.4027862548828125
303,0.02745513990521431,0.02228670354109441,0.8779761904761905,1.8761730194091797,0.9081403967904164,0.04901061659726813,0.014183546828821614,0.791710615158081,0.49003973603248596,1.4607690572738647,0.02519484257876492,0.8616071428571429,11.631928443908691,0.9176228998161171,0.05404998059085109,0.015129215649730576,0.5942418575286865,0.25688982009887695,44.1667366027832,15.249680519104004,0.9629629629629629,0.8603351955307262,0.675462543964386,0.42743808031082153,12.30388355255127,12.490580558776855,0.0029081390376705096,0.18669700622558594
304,0.010040558874607086,0.029722073714026243,0.8422619047619048,0.9455241560935974,0.8797987790603197,0.029459599904138267,0.03392666374364661,0.6563785672187805,0.5196923613548279,0.028308838605880737,0.00705082250421929,0.8422619047619048,6.025910377502441,0.971201000158338,0.011032348383688828,0.009610500703371105,0.28713107109069824,0.3659573495388031,28.29949951171875,16.595043182373047,0.9777777777777777,0.8100558659217877,1.7100656032562256,0.43394219875335693,5.940666198730469,6.140476703643799,-0.022671251209806953,0.19981050491333008
305,0.043276213109493256,0.025385880893350032,0.8601190476190477,1.8591663837432861,0.919533506257853,0.06107267439528963,0.019200370488532847,1.0219109058380127,0.5505042672157288,1.5495882034301758,0.03392819243813139,0.84375,9.198103904724121,0.8763670116263845,0.04091135530544854,0.02465003479290362,0.418265700340271,0.5064927935600281,45.5930061340332,36.77726745605469,0.6814814814814815,0.9143389199255121,0.6922184228897095,0.4148790240287781,10.452254295349121,8.371469497680664,0.008542311544781356,-2.080784797668457
306,0.008767727762460709,0.013776800977110093,0.9002976190476191,1.5119061470031738,0.8424521924491074,0.020337389408152662,0.01798445627566192,0.5718234181404114,0.6167603731155396,0.05680447071790695,0.01085350117015016,0.8065476190476191,6.805756092071533,0.9248880335353812,0.027041748968189228,0.012961331000393539,0.32905879616737366,0.3878222405910492,155.8934783935547,125.13990783691406,0.9703703703703703,0.8715083798882681,0.4511941075325012,0.41456300020217896,38.60420608520508,36.55793380737305,-0.0029232998069599336,-2.0462722778320312
307,0.008265923708677292,0.01132034704147955,0.8883928571428571,1.9732294082641602,0.851674941451603,0.05577057495007265,0.016142525030894084,0.8452879786491394,0.4328390955924988,0.11618116497993469,0.0037857529451276184,0.8675595238095238,12.761341094970703,0.9250095691091879,0.05001171898243484,0.007065506313374881,0.5438063144683838,0.18158358335494995,282.5553283691406,189.4232635498047,0.8814814814814815,0.88268156424581,1.2916297912597656,0.40078005194664,95.85552978515625,88.25672149658203,-0.007534594096351932,-7.598808288574219
308,0.06680095940828323,0.034963454062989285,0.8616071428571429,1.9002090692520142,0.9085840471660931,0.016100698271166558,0.03651422634744883,0.45900431275367737,0.5976784825325012,2.9797072410583496,0.035467541943380865,0.8095238095238095,11.953540802001953,0.8967209433949498,0.029926700949131302,0.04006334765858144,0.21952873468399048,0.47746971249580383,42.50114059448242,20.813365936279297,0.9851851851851852,0.8361266294227188,0.3921220600605011,0.496591717004776,14.874601364135742,20.925277709960938,0.0005040878803915794,6.050676345825195
309,0.026883520185947418,0.024201741542057453,0.8854166666666666,1.6903893947601318,0.890448146077098,0.03618880045482653,0.019307494518938983,0.5608603358268738,0.4901631474494934,1.727033019065857,0.030777640855501165,0.8348214285714286,11.774331092834473,0.9236160220340439,0.03205412848969236,0.02486839694938303,0.3306529223918915,0.3612513840198517,476.666015625,429.73455810546875,0.8666666666666667,0.9013035381750466,0.5544684529304504,0.34336864948272705,170.12643432617188,163.3701934814453,0.006575899313443712,-6.7562408447265625
310,0.002094872761517763,0.017657243105940856,0.8720238095238095,0.4749435484409332,0.13733607362855565,0.04692577697962985,0.017130576316989443,0.8176188468933105,0.5071809887886047,0.07490036636590958,0.009415183791602555,0.8601190476190477,16.740800857543945,0.8946470880513687,0.029872827467752106,0.013890836029137432,0.4227045476436615,0.29475241899490356,629.293212890625,387.2500305175781,0.7925925925925926,0.9031657355679702,0.7855216264724731,0.4106213450431824,150.34657287597656,160.82394409179688,-0.008242059314338301,10.477371215820312
311,0.007834493182599545,0.01327772083854939,0.8809523809523809,1.8385670185089111,0.8854223299845912,0.04439822773516111,0.016559707969081017,0.6733018159866333,0.5070571303367615,0.030807677656412125,0.003946501245482903,0.8913690476190477,16.415719985961914,0.9125337969867563,0.02466320338528105,0.007141972471336078,0.4865764081478119,0.20175442099571228,497.941650390625,254.61155700683594,0.8518518518518519,0.8864059590316573,0.5318152904510498,0.48916223645210266,122.49688720703125,151.7890625,-0.009331219593066487,29.29217529296875
312,0.012021432630717754,0.016748115219694548,0.8705357142857143,1.9913547039031982,0.8851261116333164,0.04218162688593208,0.018558867359726783,0.7994043231010437,0.4200432300567627,0.4128381907939911,0.011499061539522293,0.8764880952380952,13.378830909729004,0.9365445623702774,0.057711810904178984,0.011866365838741566,0.7358480095863342,0.1501893401145935,141.05960083007812,49.56077194213867,0.9185185185185185,0.8528864059590316,0.7241108417510986,0.35214293003082275,29.685636520385742,45.47278594970703,-0.005249053680172255,15.787149429321289
313,0.00917479582130909,0.02106339822826142,0.8660714285714286,1.639402151107788,0.8971859790228351,0.021057691010030632,0.03126422036798138,0.5078938007354736,0.560988187789917,0.17530788481235504,0.014419438776857474,0.8616071428571429,12.171319961547852,0.923069998964269,0.025339055398883592,0.019607820611632798,0.37629199028015137,0.26934823393821716,382.2362060546875,264.1051940917969,0.9629629629629629,0.8379888268156425,0.4399413764476776,0.5689237713813782,50.671966552734375,51.875511169433594,-0.006643959451403947,1.2035446166992188
314,0.0031007640063762665,0.02132666784383741,0.8125,0.5607062578201294,0.2212589065275434,0.035365755935772736,0.025547161933578977,0.771459698677063,0.5610528588294983,2.2398951053619385,0.02588052080780967,0.8913690476190477,12.893449783325195,0.9347807456478281,0.01900296757395259,0.032224321210924334,0.2682422995567322,0.5021612644195557,213.45901489257812,102.52001953125,0.8296296296296296,0.8212290502793296,0.4819929301738739,0.45854461193084717,95.4594955444336,89.42478942871094,0.00455385296397226,-6.034706115722656
315,0.01103528868407011,0.01347923263140316,0.8839285714285714,2.052624225616455,0.9066138940476365,0.04954375494250429,0.016917433116102276,0.9511796236038208,0.4343610405921936,0.7902401089668274,0.0064562675758034205,0.84375,15.749517440795898,0.8900635674376518,0.02171380791508737,0.007398385199830826,0.4654873013496399,0.255315363407135,270.4192810058594,176.76412963867188,0.837037037037037,0.8994413407821229,0.606155276298523,0.41435137391090393,37.16690444946289,41.79242706298828,-0.007022965055599739,4.625522613525391
316,0.01263616792857647,0.017946930821056473,0.8452380952380952,1.7139283418655396,0.8670730580671813,0.037511988421634945,0.02206721783675114,0.6882153153419495,0.6024574041366577,0.09160400927066803,0.009022433378788275,0.8392857142857143,10.407212257385254,0.9641472011687194,0.02062680171031961,0.00875633824800326,0.5602819323539734,0.17641663551330566,49.708553314208984,11.853528022766113,0.7925925925925926,0.8715083798882681,0.49068528413772583,0.3838074207305908,18.659530639648438,16.079397201538086,-0.008924497442268198,-2.5801334381103516
317,0.03151680529117584,0.025255469484589343,0.8497023809523809,1.6166411638259888,0.9021776161817648,0.021096658258869083,0.03352534230738402,0.5578455924987793,0.4846733808517456,1.4175490140914917,0.02646746253003096,0.8303571428571429,10.936381340026855,0.9091288369279504,0.01705827930324555,0.0450182368603369,0.45488014817237854,0.2945474088191986,9.453404426574707,3.602271556854248,0.9925925925925926,0.819366852886406,0.45306846499443054,0.5017411708831787,7.485082626342773,4.7859344482421875,0.0012119930454416172,-2.699148178100586
318,0.016748609021306038,0.009907378823259538,0.8943452380952381,1.7691378593444824,0.906962051548002,0.04483918003705345,0.01224646486429315,0.8261971473693848,0.3572692275047302,0.17316357791423798,0.007786782216311572,0.8333333333333334,6.800191402435303,0.8227837126025449,0.047288243417299536,0.010235809390447104,0.44284194707870483,0.24822376668453217,379.7874450683594,388.942138671875,0.8444444444444444,0.9124767225325885,0.45506322383880615,0.47199323773384094,71.04225158691406,71.74027252197266,-0.0021205966069479665,0.6980209350585938
319,0.038498781621456146,0.02167505766700828,0.8556547619047619,1.8304144144058228,0.9109863789061444,0.04155132985554144,0.032753277244359724,0.88002610206604,0.5284966826438904,1.432119607925415,0.016824168175319842,0.8377976190476191,11.357144355773926,0.9305378016705217,0.04386577757690058,0.026116218830348203,0.5729309320449829,0.4019155204296112,3099.90185546875,2471.233154296875,0.8592592592592593,0.851024208566108,0.6104322075843811,0.5076953768730164,824.378173828125,814.6981201171875,-0.004850889491688437,-9.6800537109375
320,0.002301107859238982,0.01776697504041269,0.8645833333333334,0.5165212154388428,0.14720656375768176,0.05059898664689855,0.018125145223306438,0.6981422901153564,0.4921751022338867,1.292432427406311,0.014635312129376299,0.8794642857142857,20.11515998840332,0.9060165858038193,0.05812064290560115,0.015322666338740465,0.5645931363105774,0.5309786200523376,154.8829803466797,263.9744873046875,0.7777777777777778,0.8845437616387337,0.7233307957649231,0.3769918382167816,61.89645004272461,180.52444458007812,-0.0031316629110363925,118.62799453735352
321,0.02220739983022213,0.030340402638319386,0.8377976190476191,2.195668935775757,0.9158470243358233,0.047172592115774514,0.04607155773227911,0.7535236477851868,0.5490368008613586,1.9066216945648193,0.02737158843540133,0.8244047619047619,15.849233627319336,0.9205017623480259,0.07607965591759891,0.04890460362892013,0.4142276644706726,0.29590973258018494,94.27876281738281,47.17875289916992,0.8296296296296296,0.8547486033519553,0.7973139882087708,0.4175899922847748,25.190353393554688,20.61830711364746,-0.0029688142029180575,-4.572046279907227
322,0.014622116461396217,0.016526730098424425,0.8779761904761905,1.703933835029602,0.8888070562073503,0.030897113384706243,0.017711535402827883,0.6853846907615662,0.41900429129600525,0.6599746942520142,0.020810126573614696,0.8407738095238095,12.966195106506348,0.9140298841079589,0.01710270005959358,0.022341531673699233,0.34344354271888733,0.11594342440366745,720.2359619140625,596.0009155273438,0.9555555555555556,0.8547486033519553,0.4721449315547943,0.3538484573364258,177.8086395263672,167.58489990234375,0.004283396475190271,-10.223739624023438
323,0.026676815003156662,0.033875834483771405,0.8630952380952381,1.7166621685028076,0.9179012817145386,0.027484478170361926,0.03925338008597601,0.6017017364501953,0.5243294835090637,2.6176910400390625,0.037097801414945564,0.8764880952380952,16.287221908569336,0.9216670768838078,0.032666513420014476,0.042233220963053264,0.4796209931373596,0.3289912939071655,44.011253356933594,47.44514846801758,0.9703703703703703,0.8342644320297952,0.3793735206127167,0.452876478433609,20.999317169189453,34.88551712036133,0.0032219669311741583,13.886199951171875
324,0.024455688893795013,0.028610675242720762,0.8452380952380952,1.6972888708114624,0.9117980771625088,0.02410879057094728,0.034507440730319194,0.595582127571106,0.5824714303016663,1.4920551776885986,0.04050371102432149,0.7663690476190477,12.262140274047852,0.8851123811230954,0.012923259057505243,0.06517779118626577,0.46086668968200684,0.23690669238567352,17.766830444335938,11.992730140686035,0.9851851851851852,0.8175046554934823,1.9587353467941284,0.4913850426673889,12.081510543823242,9.293882369995117,0.011893035781600725,-2.787628173828125
325,0.028508219867944717,0.01578416664385196,0.8690476190476191,2.1550545692443848,0.9745624252830668,0.02313978982190379,0.025062522554554656,0.5521560907363892,0.5404385924339294,0.5229691863059998,0.010623285344045441,0.8110119047619048,8.496627807617188,0.8507360386503043,0.07321784925925023,0.01509772150729849,0.5671609044075012,0.2832128703594208,117.11639404296875,112.74597930908203,1.0,0.8361266294227188,0.3216644525527954,0.46327319741249084,29.940563201904297,29.291324615478516,-0.005160881299806519,-0.6492385864257812
326,0.09418460726737976,0.036687333325391425,0.8556547619047619,2.3297805786132812,0.9515643510385873,0.038244663512473465,0.025798537822989687,0.5556387901306152,0.5464829206466675,2.2699942588806152,0.028986228968408523,0.8303571428571429,12.105297088623047,0.8680569377559231,0.030158661382598817,0.019320373636270594,0.49978896975517273,0.27106034755706787,351.1023864746094,262.8725280761719,0.9777777777777777,0.819366852886406,0.4215073585510254,0.4422656297683716,65.77432250976562,69.23719787597656,-0.007701104356982902,3.4628753662109375
327,0.029377732425928116,0.026712747785086255,0.8541666666666666,1.8156148195266724,0.8967032436927309,0.04319971406071532,0.039278933538590355,0.659562349319458,0.5557689666748047,1.1355985403060913,0.02154830199339408,0.8258928571428571,11.219254493713379,0.9439312792121999,0.05833725894528419,0.032078136262438495,0.8216780424118042,0.46957075595855713,180.76632690429688,61.70393371582031,0.8740740740740741,0.8547486033519553,1.0688199996948242,0.4544786214828491,41.64235305786133,35.74594497680664,-0.005164445791692174,-5.8964080810546875
328,0.03945055231451988,0.03982772937272194,0.8392857142857143,1.668373703956604,0.9103475187112428,0.021022508304326837,0.04357359614476275,0.519396185874939,0.557555615901947,2.052187919616699,0.04874960754468072,0.7991071428571429,11.541462898254395,0.9371723022521957,0.020157726720353875,0.04597238481512067,0.40632691979408264,0.3772347569465637,1335.7261962890625,1058.1390380859375,0.9925925925925926,0.7914338919925512,0.4171408712863922,0.47612157464027405,387.71514892578125,356.5139465332031,0.008921878171958775,-31.201202392578125
329,0.09155111759901047,0.043535629248109164,0.8467261904761905,1.982067584991455,0.9190779889530696,0.022421969620108673,0.048689627162948446,0.41704803705215454,0.628001868724823,7.144747257232666,0.03766866454525675,0.7842261904761905,17.278705596923828,0.914259195697555,0.015790156896918317,0.03830298098738372,0.3101901113986969,0.5658465623855591,578.7643432617188,188.18087768554688,0.9555555555555556,0.8286778398510242,0.43528544902801514,0.4823877215385437,71.50015258789062,119.74072265625,-0.0058669647028524174,48.240570068359375
330,0.003267927560955286,0.021828288951809438,0.8794642857142857,0.5019068121910095,0.21715755280203933,0.031923010422461595,0.023640155735417,0.5669706463813782,0.5336014628410339,3.204174518585205,0.022964553464118742,0.8244047619047619,14.82308578491211,0.9536223625666465,0.04827945832250524,0.026943787237660333,0.4755531847476959,0.5786610841751099,131.6682891845703,37.547828674316406,0.9703703703703703,0.8696461824953445,0.5414778590202332,0.4684467613697052,39.538848876953125,42.04910659790039,0.001136264512309304,2.5102577209472656
331,0.010827045887708664,0.012184698775679292,0.8675595238095238,2.200592279434204,0.9375367666000728,0.0537236704990498,0.014409261869637868,0.7823206186294556,0.3905598819255829,0.22118480503559113,0.006092717902737577,0.8467261904761905,15.488594055175781,0.9179092081162965,0.04057825193077502,0.005048429199658422,0.6577496528625488,0.15663130581378937,72.11286926269531,34.83648681640625,0.8666666666666667,0.8677839851024208,0.6953533887863159,0.4287077784538269,16.291664123535156,14.376639366149902,-0.006091980872941716,-1.915024757385254
332,0.012230554595589638,0.011926481934857458,0.8824404761904762,1.8573095798492432,0.915457514379096,0.04781647046190851,0.012289060840035781,1.1364654302597046,0.41883543133735657,0.3983800709247589,0.008034651125962466,0.8630952380952381,11.235486030578613,0.9403770503691766,0.039984359135980196,0.00555215482001814,0.6922357082366943,0.29104480147361755,167.7524871826172,120.24085998535156,0.7481481481481481,0.9013035381750466,0.6002594828605652,0.36294496059417725,44.41454315185547,41.1877555847168,-0.0038918308088949916,-3.226787567138672
333,0.04856941103935242,0.03576759089101322,0.8556547619047619,2.323617935180664,0.9501250424027335,0.023992825662409678,0.032187135190684946,0.5287298560142517,0.47522979974746704,2.007119655609131,0.03753920639601627,0.8244047619047619,13.412076950073242,0.9102438842563705,0.026680915471349986,0.028983916025923873,0.45399996638298035,0.32312536239624023,11.62878131866455,9.752690315246582,0.9777777777777777,0.8212290502793296,0.412880539894104,0.5189806818962097,11.577277183532715,10.169618606567383,0.0017716155050030435,-1.407658576965332
334,0.004937857389450073,0.013663746808050159,0.8645833333333334,1.4178740978240967,0.87408979589331,0.046155242920250195,0.02046284813753807,1.0678170919418335,0.49962395429611206,0.028516467660665512,0.005225502122565229,0.8526785714285714,7.099268913269043,0.9377478233328588,0.02528935765077822,0.01048120875995906,0.655734121799469,0.4165882170200348,289.5870056152344,295.34735107421875,0.8592592592592593,0.8715083798882681,0.5526809692382812,0.43562957644462585,36.91741180419922,38.13561248779297,-0.00843824468548493,1.21820068359375
335,0.019145306199789047,0.018609352795197598,0.8720238095238095,1.682969570159912,0.892306348950883,0.026792838577336497,0.020027618605477526,0.6236547827720642,0.4148837625980377,0.3378908634185791,0.012341232930943247,0.8154761904761905,8.52389144897461,0.9621223057718965,0.06160266215543142,0.012940263622694292,0.7162107229232788,0.24365712702274323,127.63668060302734,43.46111297607422,0.9703703703703703,0.8491620111731844,0.5918065309524536,0.42144206166267395,26.686227798461914,24.811983108520508,-0.006268119864254351,-1.8742446899414062
336,0.0075071523897349834,0.01529375795721688,0.8571428571428571,1.9007799625396729,0.9032010742581364,0.040570360088265756,0.01924515260630233,0.6492942571640015,0.43131622672080994,0.01574975624680519,0.010989318898991796,0.8214285714285714,9.981122016906738,0.9277249546056682,0.04582006215309509,0.012162285315784005,0.6239719986915588,0.12834662199020386,290.9842834472656,191.0823516845703,0.9037037037037037,0.8435754189944135,0.516577422618866,0.35116544365882874,73.60977172851562,59.54084014892578,-0.004304439058225085,-14.068931579589844
337,0.03959380090236664,0.013595168421231763,0.8586309523809523,2.187476873397827,0.9502161043638881,0.024787479785884914,0.017154665724511742,0.4330919086933136,0.494638055562973,1.3505667448043823,0.00810152660046004,0.8660714285714286,13.518799781799316,0.8899227757644682,0.026619900465331692,0.011931773149303715,0.36858704686164856,0.34062907099723816,562.8350830078125,368.47430419921875,0.9555555555555556,0.8472998137802608,0.3888731598854065,0.41471609473228455,183.45587158203125,178.09593200683594,-0.005493641820771722,-5.3599395751953125
338,0.013250889256596565,0.00969985738429191,0.8913690476190477,2.2020981311798096,0.9029863255467876,0.027272307567473564,0.011066570508585505,0.5481021404266357,0.4097447991371155,0.5333603024482727,0.007677879332721238,0.8645833333333334,14.764284133911133,0.9057842808011916,0.061166074700891526,0.008461435428073982,0.41618838906288147,0.28277587890625,67.04163360595703,42.738670349121094,0.9555555555555556,0.88268156424581,0.5183954238891602,0.410880982875824,21.410457611083984,51.38447570800781,-0.002021978051570672,29.974018096923828
339,0.00575589295476675,0.009540829690315111,0.8794642857142857,1.5589407682418823,0.8612210314467347,0.04083883170371083,0.014214596004103464,0.7658010721206665,0.558056652545929,0.05284813418984413,0.007265699926905289,0.8154761904761905,9.646537780761719,0.9399580208452167,0.029618961041886438,0.016147016897933963,0.49881085753440857,0.19029931724071503,7.385871410369873,3.391855239868164,0.9407407407407408,0.8770949720670391,1.9108631610870361,0.44385144114494324,7.384578227996826,5.631478309631348,-0.002275129763409822,-1.7530999183654785
340,0.013452619314193726,0.017608255093735536,0.8809523809523809,1.379862666130066,0.9332002854639059,0.03383320363653286,0.023429433402354705,0.7219251394271851,0.45759084820747375,0.026832686737179756,0.011176268952377777,0.8095238095238095,4.302975654602051,0.771460661089936,0.02434872729474702,0.02250300005154726,0.7054637670516968,0.45692262053489685,3721.443359375,3777.76416015625,0.9555555555555556,0.851024208566108,0.48122653365135193,0.40541285276412964,800.9920654296875,803.9469604492188,-0.0064319861413577595,2.95489501953125
341,0.037490393966436386,0.0241356092004551,0.8794642857142857,1.79405677318573,0.8715572980738401,0.04399500321416905,0.02651281696965191,0.6667817234992981,0.7046946287155151,3.528566837310791,0.013930123290958996,0.8407738095238095,20.05625343322754,0.9338932657269556,0.014393699978444086,0.01530600011983052,0.6049886345863342,0.577662467956543,32.07353591918945,468.53033447265625,0.9629629629629629,0.8547486033519553,0.46369266510009766,0.4946998059749603,15.628243446350098,138.54623413085938,-0.010205485909496104,122.91799068450928
342,0.003154511097818613,0.018808928273623238,0.8407738095238095,0.5658761262893677,0.4576028965601237,0.039154815976175206,0.02118649429915931,0.9805366396903992,0.5310486555099487,0.09762834012508392,0.006359052356412209,0.9002976190476191,10.49810791015625,0.9075097920625815,0.02976809700044858,0.012551370141468565,0.22253243625164032,0.10411857813596725,165.88375854492188,141.39207458496094,0.8962962962962963,0.845437616387337,0.6433278322219849,0.4359157085418701,23.495101928710938,20.30521583557129,-0.012449875917211028,-3.1898860931396484
343,0.002361586084589362,0.01992857247773905,0.8660714285714286,0.4769808053970337,0.3240748831761138,0.06089273956121222,0.017261250022753694,1.0466796159744263,0.4491006135940552,0.029288243502378464,0.00192315459351744,0.8645833333333334,12.4229736328125,0.9371438609413225,0.01121104941462292,0.003811746413838857,0.2932265102863312,0.13876400887966156,1090.3560791015625,878.2302856445312,0.7111111111111111,0.8957169459962756,0.923058807849884,0.3839404582977295,364.2869567871094,354.5620422363281,-0.01800541788422161,-9.72491455078125
344,0.002020524814724922,0.015260093933576968,0.8586309523809523,0.47950899600982666,0.30708202143295754,0.031463709838872256,0.018474218392723563,0.6490796208381653,0.5448426604270935,3.607522964477539,0.03634679496072468,0.8363095238095238,18.058265686035156,0.9254614126298699,0.054862296723577786,0.035475233255496286,0.3314898908138275,0.3936486542224884,3585.271484375,2354.132080078125,0.8962962962962963,0.845437616387337,0.6497861742973328,0.4671986401081085,1430.4144287109375,1125.940673828125,0.021086701027147714,-304.4737548828125
345,0.0026915420312434435,0.01904949383367316,0.9122023809523809,0.5053248405456543,0.13594139346049636,0.04708196311480173,0.019537331095802468,0.7669138312339783,0.5730078220367432,0.25503215193748474,0.009677828683908651,0.8720238095238095,23.40369987487793,0.8780283089215722,0.017379690481170607,0.010423827207000413,0.1444520801305771,0.2124558687210083,2445.462158203125,1318.3623046875,0.9703703703703703,0.9068901303538175,0.5204167366027832,0.49110543727874756,921.2449951171875,1089.7315673828125,-0.009371665149764508,168.486572265625
346,0.004980416968464851,0.010219356902588683,0.8690476190476191,2.1627354621887207,0.8830711099567515,0.04120629461748504,0.01039950675191692,0.7056825757026672,0.3464120328426361,0.41826847195625305,0.005762971378141635,0.8824404761904762,20.79947853088379,0.9170796501919618,0.03183596245185594,0.006462418331922293,0.5775006413459778,0.09783399105072021,143.5857696533203,226.2266845703125,0.8814814814814815,0.8659217877094972,0.6554998159408569,0.391463041305542,37.55222702026367,215.5404815673828,-0.0044563855244470485,177.98825454711914
347,0.016511326655745506,0.00942391289891431,0.8839285714285714,1.881007432937622,0.9030813715236549,0.04086174239578377,0.011588478008080716,0.6316059231758118,0.40996164083480835,0.680514931678772,0.006991208100405322,0.8110119047619048,15.198756217956543,0.9429888194045521,0.06695114838580007,0.007130833388985014,0.36433306336402893,0.11807148903608322,986.9799194335938,792.3403930664062,0.9333333333333333,0.8770949720670391,0.5287436842918396,0.38814717531204224,238.66943359375,226.21844482421875,-0.002432704798508989,-12.45098876953125
348,0.0019129222491756082,0.014446031177095864,0.9032738095238095,0.5234678983688354,0.07042042952835018,0.018270345636914653,0.0174623736289794,0.4966184198856354,0.4849270284175873,0.08929385989904404,0.002930046906512218,0.875,15.659089088439941,0.9507820461019363,0.009413163451335915,0.0033055746768412275,0.3538779318332672,0.20251691341400146,42.908756256103516,85.25101470947266,0.9851851851851852,0.8975791433891993,0.32983848452568054,0.4331110715866089,20.429964065551758,65.76585388183594,-0.011515984270583646,45.33588981628418
349,0.007629116997122765,0.013138292696057596,0.8735119047619048,1.6261944770812988,0.8636416006307861,0.030279374872263398,0.01486146048415704,0.5369349122047424,0.6676145792007446,0.15001828968524933,0.013248915845139764,0.8586309523809523,12.273221969604492,0.9057647971870488,0.061457913727085645,0.00557951409543278,0.3332858979701996,0.3113202452659607,499.7452697753906,447.7827453613281,0.9851851851851852,0.8417132216014898,0.6543160080909729,0.4295543134212494,72.73634338378906,70.36627197265625,0.00011062314908216742,-2.3700714111328125
350,0.008409559726715088,0.010675188631918076,0.8854166666666666,1.688232421875,0.8086435421341135,0.029380538827974645,0.014100986508122415,0.5334479212760925,0.39974120259284973,0.12357378005981445,0.006983090173888873,0.8080357142857143,10.73272705078125,0.9599261871873929,0.08294202186325517,0.008813008605191519,0.44853758811950684,0.14061427116394043,976.6596069335938,563.1062622070312,0.8888888888888888,0.8901303538175046,0.5162078142166138,0.5500674247741699,322.31536865234375,271.22869873046875,-0.0036920984580292027,-51.086669921875
351,0.07011926919221878,0.03204587707718254,0.8392857142857143,2.0497395992279053,0.9035278982280947,0.023258047193947307,0.040966339848002464,0.5241712331771851,0.506415605545044,4.456028938293457,0.0361199921678117,0.8422619047619048,16.011430740356445,0.9017775262362332,0.04045057951372044,0.047099548992838414,0.20728066563606262,0.45927947759628296,148.95925903320312,60.4837532043457,0.9555555555555556,0.8230912476722533,0.4812265634536743,0.45747286081314087,51.60358428955078,65.95805358886719,0.00407411509062916,14.354469299316406
352,0.07707175612449646,0.020346400335460313,0.8556547619047619,2.618112325668335,0.8942201731928027,0.032099469472856246,0.032469247768680765,0.5880352854728699,0.5509288311004639,4.463530540466309,0.01991389128157872,0.8482142857142857,19.387353897094727,0.861152290433305,0.02947628100123323,0.03362219193866789,0.7789514064788818,0.43140801787376404,63.702301025390625,30.1629581451416,0.837037037037037,0.8603351955307262,0.5872249603271484,0.40619316697120667,24.197154998779297,18.784000396728516,-0.0004325090538815912,-5.413154602050781
353,0.003733785590156913,0.012786138639590106,0.8764880952380952,1.8441890478134155,0.8676866239684985,0.02947779300408493,0.01832573059595155,0.6456075310707092,0.3467573821544647,0.08769337087869644,0.010162112635898612,0.8556547619047619,13.780709266662598,0.8687711042692075,0.019223275369982473,0.016211164772333975,0.45051753520965576,0.14082737267017365,481.71429443359375,410.652587890625,0.9555555555555556,0.8659217877094972,0.6068161129951477,0.4574572741985321,92.96138000488281,80.59410858154297,-0.002624026003691493,-12.367271423339844
354,0.0019510010024532676,0.014726686525501687,0.8928571428571429,0.5228834748268127,0.2344862585432974,0.06328416479183052,0.012591042588588452,0.9558655023574829,0.3776322603225708,0.021361351013183594,0.00185560723048106,0.8973214285714286,13.464150428771973,0.9602600035431728,0.01919547379878017,0.0025792777451424387,0.2947227954864502,0.13182668387889862,11.613862037658691,44.38236618041992,0.7481481481481481,0.8994413407821229,0.7669241428375244,0.3923163115978241,15.759358406066895,24.359895706176758,-0.012871079295020627,8.600537300109863
355,0.0028832959942519665,0.018640656676956913,0.8452380952380952,0.5316701531410217,0.3129801116168769,0.04825963240567699,0.019900042859426703,0.740851640701294,0.5387235879898071,0.10221406072378159,0.009985402539815724,0.8050595238095238,4.448860168457031,0.8632812732770954,0.0422515410829819,0.009961441898923784,0.4372868835926056,0.1966550350189209,17.272403717041016,18.295345306396484,0.7481481481481481,0.8715083798882681,0.5842304825782776,0.4188244342803955,5.351927280426025,5.798445701599121,-0.008655254137141188,0.4465184211730957
356,0.033703774213790894,0.030670639626924956,0.8377976190476191,1.481009840965271,0.865806225018383,0.034719528991937754,0.02516051828454291,0.503450870513916,0.6852351427078247,0.5569580793380737,0.0384441675685524,0.8035714285714286,5.75787353515625,0.9051508633525261,0.0209219072150566,0.033920069081370796,0.4492590129375458,0.3955801725387573,1446.7318115234375,1430.5650634765625,0.9851851851851852,0.8063314711359404,0.4976901113986969,0.5513551831245422,236.744140625,236.24781799316406,0.007773527941627445,-0.4963226318359375
357,0.0038826134987175465,0.025747749312443946,0.8586309523809523,0.4887915551662445,0.209685322224132,0.03539839266215383,0.031760216981781886,0.6017442345619202,0.5997004508972168,1.2357121706008911,0.016698949183954537,0.7961309523809523,15.011988639831543,0.9693817412229407,0.009793732072301053,0.028224686077694794,0.22996564209461212,0.6737218499183655,15.289381980895996,177.8741455078125,0.9333333333333333,0.8324022346368715,0.4887445271015167,0.452923446893692,16.262826919555664,53.81238555908203,-0.00904880012848941,37.54955863952637
358,0.0027312389574944973,0.00829717914457273,0.9002976190476191,1.6516660451889038,0.8813381386004112,0.01723215413593915,0.013616858864604509,0.44909119606018066,0.3718714714050293,0.05467457324266434,0.007407443130280522,0.8645833333333334,8.122810363769531,0.8864433167819575,0.017118849181756546,0.011375514989934055,0.44261306524276733,0.43858665227890015,67.08464813232422,67.52544403076172,0.9259259259259259,0.8994413407821229,0.45649176836013794,0.39998582005500793,13.537595748901367,12.481650352478027,-0.0008897360142922084,-1.0559453964233398
359,0.00539599172770977,0.012653242431360456,0.8630952380952381,1.7730236053466797,0.8175236942580051,0.04225803081748303,0.02102141233559518,0.6047587990760803,0.6107422709465027,0.04102804511785507,0.003980005282741339,0.8511904761904762,8.789676666259766,0.9020199815913834,0.033138557151521364,0.009566669833802721,0.6540590524673462,0.3489611744880676,16.03891944885254,8.009641647338867,0.9481481481481482,0.851024208566108,0.6511442065238953,0.4866480529308319,9.903755187988281,7.4449615478515625,-0.008673237148619117,-2.4587936401367188
360,0.012238305993378162,0.019682622740785916,0.8943452380952381,1.5390673875808716,0.8631609513274109,0.03351738941028293,0.020333276166817238,0.880861222743988,0.439707487821579,0.8360002040863037,0.03860379347799825,0.8318452380952381,8.846720695495605,0.9179342806823747,0.01534734320494413,0.04555499605751745,0.1983628123998642,0.5562294721603394,1073.894775390625,1071.5040283203125,0.8148148148148148,0.9143389199255121,0.4716550409793854,0.4317931830883026,218.78427124023438,218.23971557617188,0.018921170737212334,-0.5445556640625
361,0.02842637151479721,0.024060154886692553,0.8318452380952381,1.9260894060134888,0.9031634997071888,0.02483125569031175,0.03922583996188833,0.5196631550788879,0.6357308626174927,1.590133786201477,0.02576381095780178,0.8303571428571429,15.29968547821045,0.946258439643679,0.030738156647524106,0.04143358684120524,0.43041273951530457,0.6304473876953125,735.5313720703125,466.8283996582031,0.9333333333333333,0.8156424581005587,0.5007063746452332,0.5071913599967957,303.4887390136719,424.8735656738281,0.0017036560711092275,121.38482666015625
362,0.04211387410759926,0.02639181199313112,0.8958333333333334,2.1694068908691406,0.9521854054207765,0.03220501321892,0.031149564198897806,0.6001958250999451,0.6018308997154236,4.005143642425537,0.020441334025480096,0.9032738095238095,21.438127517700195,0.8299093201193652,0.0160354331403455,0.02631818478536463,0.35846325755119324,0.3103977143764496,60.3261604309082,38.30034637451172,0.9259259259259259,0.8696461824953445,0.5860565900802612,0.5137738585472107,24.687549591064453,39.310611724853516,-0.0059504779676510244,14.623062133789062
363,0.00502422358840704,0.012742163345309088,0.8988095238095238,1.8710566759109497,0.9137259470805228,0.023631475695743975,0.01873882041875441,0.6107081770896912,0.42049485445022583,0.035768844187259674,0.007113028108067909,0.8511904761904762,14.34119987487793,0.8945670976805381,0.012633887405499422,0.008366960773510845,0.35047900676727295,0.22591859102249146,30.650394439697266,19.007076263427734,0.9703703703703703,0.8938547486033519,0.45643553137779236,0.4677271842956543,13.043099403381348,10.251124382019043,-0.0056291352372411785,-2.7919750213623047
364,0.01304247323423624,0.018146318912118042,0.8556547619047619,1.4378899335861206,0.9018125336261984,0.039776386475465775,0.028919159874400857,0.5991897583007812,0.6211062669754028,0.10378880053758621,0.007501031400864333,0.8422619047619048,8.155759811401367,0.9363514748894812,0.009197824495462359,0.014053025433552468,0.24422279000282288,0.2609880268573761,19.606849670410156,13.365507125854492,0.8888888888888888,0.8417132216014898,0.5325329899787903,0.46999382972717285,6.289021015167236,5.547255992889404,-0.01064528751125371,-0.741765022277832
365,0.006572525016963482,0.01287927620334306,0.8422619047619048,1.6784734725952148,0.862334603406037,0.03615199177924211,0.016668912898260446,0.6094649434089661,0.5751731395721436,0.13865765929222107,0.011074053747401225,0.8601190476190477,9.04088306427002,0.9135057886085662,0.03890638492503573,0.016130322331364022,0.45117324590682983,0.22097890079021454,208.61959838867188,198.8048095703125,0.8518518518518519,0.8472998137802608,0.7851346135139465,0.41880860924720764,41.73064422607422,41.25368118286133,-0.001805222455941835,-0.4769630432128906
366,0.011864837259054184,0.017823083618572433,0.8675595238095238,1.8259633779525757,0.8934723181806676,0.03552571485357825,0.017472881539021157,0.5740976333618164,0.5493388772010803,0.23573088645935059,0.015595204408433871,0.8809523809523809,10.947701454162598,0.8915238521475035,0.07603107738917292,0.009749899980222132,0.6059911847114563,0.14369265735149384,87.20721435546875,28.780593872070312,0.9037037037037037,0.851024208566108,0.5608978867530823,0.4383687973022461,24.114641189575195,17.916128158569336,-0.0022278792101385614,-6.198513031005859
367,0.05167083442211151,0.03573494274246303,0.8467261904761905,1.8107023239135742,0.8966364049051356,0.04403690478717126,0.028571717460692314,0.6128526329994202,0.7014089226722717,2.2939236164093018,0.033669289778159084,0.8824404761904762,11.256159782409668,0.933043203578815,0.009294604567967268,0.02466070911914886,0.29778921604156494,0.3969312608242035,16.546598434448242,4.4695844650268555,0.9037037037037037,0.8379888268156425,0.5712688565254211,0.5039740800857544,7.743023872375488,4.8621697425842285,-0.0020656529643039434,-2.8808541297912598
368,0.0034051998518407345,0.007608386396737665,0.8988095238095238,1.6243822574615479,0.8997073162879238,0.021618142796335116,0.011145124258605477,0.7005419731140137,0.47435036301612854,0.071910560131073,0.005922102828007314,0.8616071428571429,8.045646667480469,0.9193747741612992,0.03043210777907468,0.011601686592549454,0.43411561846733093,0.25618335604667664,30.39310646057129,28.486751556396484,0.9481481481481482,0.8901303538175046,0.606269359588623,0.41678884625434875,5.562459945678711,5.482871055603027,-0.0016862835687303512,-0.0795888900756836
369,0.012511562556028366,0.021215128641053682,0.8616071428571429,1.4294424057006836,0.8389055104336742,0.057588951713235526,0.022509371030644543,0.903472363948822,0.4519389569759369,0.46367162466049194,0.022135191477040572,0.8333333333333334,8.28368854522705,0.9687580107210074,0.047678342176944444,0.03236599443181842,0.5336984992027283,0.4249652624130249,325.943115234375,297.23284912109375,0.8,0.8733705772811918,0.543830394744873,0.44005224108695984,102.42276000976562,102.19657135009766,0.0009200628359868901,-0.22618865966796875
370,0.017390690743923187,0.01983067482882339,0.8288690476190477,1.823660135269165,0.8755855315924785,0.027899665516281646,0.020230022299219885,0.5970391631126404,0.40866419672966003,0.7800964117050171,0.015322079282439338,0.84375,15.378494262695312,0.8518027419810983,0.01859327253086218,0.012999187672923962,0.6000421643257141,0.18527618050575256,78.74583435058594,21.68099594116211,0.9629629629629629,0.8063314711359404,0.5247841477394104,0.4036315381526947,19.4609375,16.6871395111084,-0.004508595546384053,-2.7737979888916016
371,0.015106902457773685,0.026401652475628867,0.8229166666666666,1.427396535873413,0.9091067868751447,0.031435710859032295,0.038042891372274124,0.657280683517456,0.5590415000915527,0.48403650522232056,0.029630805525079795,0.8571428571428571,8.931577682495117,0.929062820493495,0.01526615162251388,0.04300999743559786,0.31246939301490784,0.37174922227859497,31.529130935668945,14.786649703979492,0.9111111111111111,0.7951582867783985,1.3976330757141113,0.5174646377563477,12.200654983520508,9.703930854797363,0.003229153049450928,-2.4967241287231445
372,0.0062520140781998634,0.01559015731766722,0.8705357142857143,1.917497992515564,0.9273217442978886,0.02913556795690475,0.02311211531901114,0.6799752712249756,0.5956225395202637,0.061145178973674774,0.014459664672989425,0.8333333333333334,11.333697319030762,0.9336244755462062,0.011379422265945904,0.025043872277152435,0.13069938123226166,0.2595091760158539,107.87337493896484,96.02791595458984,0.8518518518518519,0.8808193668528864,0.4292473793029785,0.4912799894809723,29.53720474243164,27.397872924804688,-0.001130492644677794,-2.139331817626953
373,0.004876437596976757,0.010405063340749754,0.875,2.1571593284606934,0.924797560378287,0.04099883210896249,0.014804655586637017,0.9347178339958191,0.40607523918151855,0.1551477164030075,0.009514147123751093,0.8779761904761905,9.973333358764648,0.9269727059002204,0.03202403408621246,0.01593154188216861,0.7369818091392517,0.25594890117645264,1230.6278076171875,1088.808837890625,0.9037037037037037,0.8640595903165735,0.638151228427887,0.46552959084510803,514.2654418945312,517.2340698242188,-0.0008909162169986606,2.9686279296875
374,0.0065374113619327545,0.013913504847070102,0.8839285714285714,1.9592419862747192,0.9272791723054424,0.04853886841545296,0.009343850735704096,0.777657687664032,0.33495059609413147,0.08305064588785172,0.011526185350937745,0.8645833333333334,19.46172523498535,0.9128863777130438,0.03499643621480231,0.005356346087187713,0.700890064239502,0.24246124923229218,19.03092384338379,142.11094665527344,0.9407407407407408,0.8845437616387337,0.6368843913078308,0.40596213936805725,17.212690353393555,108.51018524169922,-0.0023873194961323563,91.29749488830566
375,0.027474356815218925,0.03282583335612188,0.8586309523809523,1.3351811170578003,0.8808535391044905,0.08828364135920375,0.04064980712288657,0.8906392455101013,0.6085038185119629,0.07205883413553238,0.022727396199205385,0.8377976190476191,7.334867000579834,0.9422921470405705,0.032060174484619064,0.030711001435256624,0.5260329246520996,0.21725653111934662,33.99879455566406,31.046648025512695,0.9111111111111111,0.8342644320297952,0.6480103135108948,0.4363708794116974,7.3104119300842285,7.3249735832214355,-0.010098437156916495,0.014561653137207031
376,0.01091444306075573,0.019588639771707772,0.84375,1.8198574781417847,0.8589009444045524,0.050000538959264484,0.027827807526367265,1.0048816204071045,0.43305736780166626,0.027664989233016968,0.007918214322042316,0.8020833333333334,8.445694923400879,0.9375988734071353,0.09929590560778745,0.00935870939204586,0.6520016193389893,0.2070997804403305,7.587441444396973,4.289650917053223,0.8592592592592593,0.8435754189944135,0.7211617827415466,0.45849883556365967,6.750452041625977,5.080333709716797,-0.011670425449665456,-1.6701183319091797
377,0.0028959461487829685,0.008390715131382898,0.8764880952380952,1.4444984197616577,0.9190572517351225,0.03746409352463609,0.010648723223932732,0.6111564040184021,0.3261391520500183,0.061421170830726624,0.016199927989285157,0.8229166666666666,4.289254665374756,0.8881042191714458,0.0725779536849287,0.023061715491264234,0.7766100168228149,0.5060213208198547,5.8054633140563965,8.03944206237793,0.8962962962962963,0.8845437616387337,0.6059904098510742,0.3462927043437958,4.215628623962402,4.985116958618164,0.007809212857902259,0.7694883346557617
378,0.003016553819179535,0.019252157205132847,0.8541666666666666,0.5878046751022339,0.4084004173914051,0.07176894047498084,0.014819977874884316,1.0669063329696655,0.410351037979126,0.11908966302871704,0.026991456037893102,0.8005952380952381,3.2429823875427246,0.8300508001711343,0.03566074105342121,0.01935033809906317,0.538042426109314,0.4127482771873474,26.673940658569336,32.180145263671875,0.5185185185185185,0.9236499068901304,1.4116370677947998,0.3992614448070526,5.716775417327881,6.850264072418213,0.007739298832760255,1.133488655090332
379,0.030873410403728485,0.039515664887094126,0.8095238095238095,1.5510348081588745,0.8736179416921458,0.018627437952569603,0.06373480392116604,0.5095779895782471,0.7152365446090698,0.11067599058151245,0.038382879881855514,0.8303571428571429,4.9847025871276855,0.9290433886589411,0.03429288551009102,0.06211693469627866,0.2885964512825012,0.3959221839904785,95.58533477783203,82.35567474365234,0.9259259259259259,0.7746741154562383,0.3941323757171631,0.5849888324737549,21.51392936706543,20.921920776367188,-0.0011327850052386124,-0.5920085906982422
380,0.011705460958182812,0.011374420480348424,0.9002976190476191,2.0936310291290283,0.8987209388337798,0.03855170376398698,0.014887655400998123,0.777876079082489,0.3255673348903656,0.21609032154083252,0.009474569878456851,0.8214285714285714,10.322848320007324,0.9174145267651461,0.06423692541260129,0.013163395439897974,0.5295578241348267,0.40715768933296204,13.013727188110352,7.316817283630371,0.9037037037037037,0.9031657355679702,0.5911327004432678,0.5147933959960938,12.693021774291992,10.576878547668457,-0.0018998506018915728,-2.116143226623535
381,0.015168478712439537,0.020149110407974957,0.8363095238095238,1.5934019088745117,0.9106547702497264,0.04053283872500102,0.024271920244033574,0.6780519485473633,0.4930765926837921,0.07177578657865524,0.01187408983330085,0.8497023809523809,5.543531894683838,0.8969554733569948,0.09750062801699455,0.030434685355541613,0.6366955041885376,0.4015585780143738,32.74634552001953,33.48908615112305,0.9481481481481482,0.8044692737430168,0.4237956702709198,0.387357622385025,6.8308491706848145,7.638316631317139,-0.008275020574674108,0.8074674606323242
382,0.027094250544905663,0.030859033857653984,0.8169642857142857,1.4550155401229858,0.8570642437809345,0.02536580721506565,0.04035607994170165,0.5556707978248596,0.6750747561454773,0.3828842341899872,0.027131635853044456,0.7842261904761905,6.182537078857422,0.89407931704893,0.04688079872256845,0.028534185062648154,0.388008177280426,0.45888015627861023,82.20286560058594,67.07057189941406,0.9629629629629629,0.7728119180633147,0.40824827551841736,0.4905913174152374,26.255680084228516,25.425792694091797,-0.003727398004609528,-0.8298873901367188
383,0.010907597839832306,0.01453794821344867,0.8660714285714286,2.1173532009124756,0.9224152216032696,0.05430886950530334,0.017963818086240924,0.8281936645507812,0.3868747353553772,0.26075348258018494,0.008921372301262442,0.8065476190476191,9.796708106994629,0.9207009818045425,0.1566426883734413,0.00835748251821411,0.9741998910903931,0.25438326597213745,39.29552459716797,19.697372436523438,0.8592592592592593,0.8733705772811918,0.6130082607269287,0.5045252442359924,10.495170593261719,7.89892578125,-0.005616575912186228,-2.5962448120117188
384,0.006265060044825077,0.012657863787179702,0.8601190476190477,1.1790564060211182,0.7821053562330124,0.06910755725709639,0.013447461170064345,0.7639220952987671,0.4796244204044342,0.189775288105011,0.017282839564544017,0.8407738095238095,5.58485221862793,0.9755473967812162,0.0901150551165788,0.020513882860209498,0.7848860621452332,0.38786521553993225,67.46375274658203,49.680606842041016,0.8296296296296296,0.8715083798882681,0.8168174028396606,0.4273557960987091,13.820890426635742,14.269685745239258,0.004624975777364315,0.4487953186035156
385,0.008521809242665768,0.014770403768880946,0.8720238095238095,1.9008523225784302,0.9119692824950073,0.03417344938348488,0.023915144211960282,0.7056031227111816,0.559124231338501,0.050799060612916946,0.0070056271412751725,0.8005952380952381,9.724100112915039,0.8857417600176462,0.028058022574012353,0.018503154943045774,0.3347505033016205,0.25329339504241943,2347.410400390625,2160.62353515625,0.9555555555555556,0.8379888268156425,0.5440883636474609,0.5012975335121155,650.6519165039062,631.327392578125,-0.007764776627605774,-19.32452392578125
386,0.001920701703056693,0.016393585241992414,0.8839285714285714,0.48805272579193115,0.15518692299256698,0.07330763380088123,0.014078849193708054,1.0761672258377075,0.3823072612285614,0.29523515701293945,0.002975438696741106,0.8690476190476191,20.76637840270996,0.9331713915729691,0.0293300184506613,0.0037365563391495993,0.6744281649589539,0.21522356569766998,2845.280029296875,1314.9130859375,0.5703703703703704,0.9366852886405959,0.7287676334381104,0.37510591745376587,651.3021850585938,550.6688232421875,-0.013418146545251308,-100.63336181640625
387,0.013312911614775658,0.007700462600170099,0.8854166666666666,1.9402776956558228,0.9222096423558428,0.028918466581570046,0.00946235636824444,0.6320815682411194,0.419171005487442,0.9950928688049316,0.0035717322256180184,0.8869047619047619,21.12336540222168,0.9264899870145589,0.07250439092526362,0.006103854646403284,0.9794565439224243,0.3072470426559448,100.56673431396484,268.60260009765625,0.9703703703703703,0.8789571694599627,0.5347343683242798,0.5407556891441345,19.064836502075195,156.84059143066406,-0.004128730374552081,137.77575492858887
388,0.012597259134054184,0.01680771632974487,0.8467261904761905,1.8678840398788452,0.8152057630074373,0.04861576089926467,0.020150260931192987,0.9521166682243347,0.5007879137992859,0.43263745307922363,0.024790243628301845,0.8169642857142857,11.861562728881836,0.9627821781163926,0.05020708560509446,0.029935286242283254,0.4974072277545929,0.6455978155136108,42.17713165283203,15.22594928741455,0.8074074074074075,0.8417132216014898,0.6830036044120789,0.409197062253952,11.422733306884766,9.430006980895996,0.007982527298556974,-1.9927263259887695
389,0.005173657089471817,0.010778269875271751,0.8988095238095238,1.3652318716049194,0.8775909104080204,0.032360057692657485,0.015987742404422467,0.7166638970375061,0.5641916990280151,0.021174635738134384,0.0025054328945985915,0.84375,9.492622375488281,0.8508737827050201,0.013159185159205,0.005645128803386079,0.49521520733833313,0.1284148395061493,126.15313720703125,99.89791107177734,0.9185185185185185,0.8919925512104283,0.6862620711326599,0.3997882604598999,24.44460678100586,23.023197174072266,-0.00827283698067316,-1.4214096069335938
390,0.010161835700273514,0.01957821620469624,0.8288690476190477,1.8020529747009277,0.8970774783831806,0.05971742758274956,0.0186382993776274,0.9830389022827148,0.4405253231525421,0.028957363218069077,0.009584712743124224,0.8690476190476191,13.569931030273438,0.871515919788474,0.10216798592150078,0.006471564189957757,1.037514090538025,0.2868120074272156,322.9271545410156,229.3597412109375,0.8444444444444444,0.8324022346368715,0.6095427870750427,0.37738412618637085,53.785179138183594,55.07848358154297,-0.009993503461572018,1.293304443359375
391,0.017658494412899017,0.01902520838663635,0.8675595238095238,1.9551023244857788,0.9379507991208994,0.049403516705012085,0.015485678411678139,0.8822178244590759,0.43677860498428345,1.050424337387085,0.02187836763537232,0.8556547619047619,12.206103324890137,0.9584788055359668,0.0508243286811314,0.014174430803952642,0.6741279363632202,0.3811632990837097,493.6186828613281,275.378662109375,0.8,0.8919925512104283,0.7272784113883972,0.4963555634021759,53.97603225708008,54.4367561340332,0.0028531592487359703,0.460723876953125
392,0.014775851741433144,0.01758868758383092,0.875,1.550932765007019,0.8359742261418063,0.03046606873266733,0.021858562186653274,0.5939449667930603,0.5083524584770203,0.3821863532066345,0.014031695112998399,0.8125,9.612808227539062,0.9587026757303863,0.0593422550317404,0.016609592227379566,0.6087478399276733,0.4330490827560425,434.07916259765625,176.6490478515625,0.9481481481481482,0.8547486033519553,0.5742391347885132,0.49935540556907654,63.60409164428711,59.4820556640625,-0.0035569924708325207,-4.122035980224609
393,0.005509457550942898,0.010174507877607541,0.8630952380952381,1.6336658000946045,0.8860627572276623,0.03181470395478114,0.012196358504416582,0.649879515171051,0.4489976465702057,0.05508292466402054,0.003320176482665693,0.8571428571428571,11.347314834594727,0.9517023848955404,0.041895827579430556,0.0030696197628835575,0.25653666257858276,0.4908007085323334,219.79190063476562,69.15020751953125,0.9037037037037037,0.8733705772811918,0.7650920152664185,0.45998603105545044,44.6526985168457,36.496334075927734,-0.006854331394941848,-8.156364440917969
394,0.028403490781784058,0.03954560052703815,0.8452380952380952,1.761191964149475,0.882595478490138,0.022982012662168816,0.04452400550621993,0.5006008744239807,0.5305593013763428,0.5816681385040283,0.030971871177424504,0.84375,11.384659767150879,0.9299004792837816,0.020916780517078792,0.031484112214093196,0.4842525124549866,0.6258934736251831,23.90547752380371,6.729963779449463,0.9925925925925926,0.8156424581005587,0.5830507874488831,0.5568824410438538,13.271018981933594,9.723336219787598,-0.008573729349613646,-3.547682762145996
395,0.054601412266492844,0.04326513491100703,0.8125,1.6618160009384155,0.9246376845751562,0.02564181943667654,0.037055695939381295,0.5067448616027832,0.6098728179931641,1.5501577854156494,0.038354152029281385,0.8288690476190477,9.547555923461914,0.9209919351869528,0.02599073452338352,0.017618611287098962,0.3478171229362488,0.3345317542552948,20.129438400268555,15.602755546569824,0.9851851851851852,0.7635009310986964,0.47261616587638855,0.4455920457839966,5.2250189781188965,4.217914581298828,-0.004910982881725645,-1.0071043968200684
396,0.0018891606014221907,0.015190312980941312,0.9047619047619048,0.5324106216430664,0.37020889544379554,0.027336178681178214,0.01807497933877289,0.655884325504303,0.5942391753196716,0.04807710647583008,0.023775960230562054,0.8363095238095238,2.458277463912964,0.919743168250456,0.015465418949818899,0.027505495696479865,0.34190502762794495,0.5226022601127625,10.877922058105469,8.425869941711426,0.9185185185185185,0.9143389199255121,0.4522075057029724,0.41351136565208435,3.880788564682007,4.563328266143799,0.008585647249620743,0.682539701461792
397,0.006936382967978716,0.012151871678783954,0.9196428571428571,1.4888510704040527,0.8711196698426339,0.04048338450346489,0.014834445415662922,0.9712933301925659,0.5385209918022156,0.1340896040201187,0.014734219007550453,0.8452380952380952,4.568584442138672,0.8747931105478618,0.034411988693553885,0.016282074218401,0.5408839583396912,0.4607701301574707,27.209339141845703,28.29471206665039,0.9037037037037037,0.9292364990689013,0.6324554085731506,0.4249054789543152,5.665215492248535,6.144018173217773,0.002582347328766499,0.4788026809692383
398,0.01696181669831276,0.014633972529730643,0.8526785714285714,1.4853901863098145,0.898527850369642,0.060286926405650254,0.010889772034600509,0.9995641708374023,0.42463773488998413,0.3947737216949463,0.021305101112956137,0.8214285714285714,6.095417022705078,0.8608762035104853,0.047398192952447626,0.017153467931468103,0.7905175089836121,0.4740656018257141,18.85641860961914,14.194425582885742,0.7111111111111111,0.8919925512104283,0.8740497827529907,0.3855193853378296,10.327482223510742,8.324213027954102,0.006671128583225494,-2.0032691955566406
399,0.010782706551253796,0.007900271906696288,0.8958333333333334,2.093564033508301,0.8615894694874315,0.0209804090873964,0.013006670138257959,0.4265548288822174,0.41904526948928833,0.04584884271025658,0.005414966312240588,0.84375,7.631504058837891,0.8032647583752281,0.024829272251218892,0.011039549331839482,0.49155423045158386,0.4756042957305908,296.49969482421875,289.51251220703125,0.9629629629629629,0.8733705772811918,0.39383918046951294,0.4585513770580292,44.31846237182617,42.56731414794922,-0.0024853055944557,-1.7511482238769531
400,0.06967484951019287,0.04182075943077479,0.8318452380952381,1.7349789142608643,0.9343922569739543,0.033278341285044144,0.03845226562125914,0.594549834728241,0.5681177973747253,2.029181957244873,0.045354710066227155,0.8452380952380952,9.2421236038208,0.9669660760606267,0.04414361583151982,0.041443425103985576,0.4734427332878113,0.5468414425849915,186.71914672851562,69.74049377441406,0.9037037037037037,0.8175046554934823,0.462144136428833,0.3793323338031769,53.121360778808594,41.11511993408203,0.0035339506354523653,-12.006240844726562
401,0.08024799823760986,0.049657176223056765,0.8288690476190477,1.9795359373092651,0.9134623462385246,0.01992224385276664,0.04372777672594408,0.3890623152256012,0.6140966415405273,4.034228324890137,0.06290679944510003,0.8229166666666666,12.571611404418945,0.9215115723044018,0.012783276172840918,0.057718962526637996,0.17217640578746796,0.6203564405441284,649.3434448242188,460.6078796386719,0.9851851851851852,0.7951582867783985,0.3574913740158081,0.4489929676055908,200.4122772216797,167.09445190429688,0.01324962322204326,-33.31782531738281
402,0.053088922053575516,0.02589105091481525,0.8690476190476191,2.1969285011291504,0.9226268047245008,0.03460319580865856,0.03408030586982136,0.575812816619873,0.5414330959320068,4.964694976806641,0.021997995454761554,0.8318452380952381,21.00704002380371,0.8518007259491045,0.0922271323960634,0.03144496304450284,0.5533030033111572,0.4506617486476898,28.777820587158203,50.03820037841797,0.9481481481481482,0.8435754189944135,0.4738035798072815,0.43128806352615356,16.02280044555664,38.032318115234375,-0.003893055460053696,22.009517669677734
403,0.024305300787091255,0.02435103678905315,0.8809523809523809,1.4885300397872925,0.9173255493807561,0.03505059120301235,0.03045444535264552,0.7488311529159546,0.6929558515548706,1.070901870727539,0.02701460964341751,0.8452380952380952,9.235243797302246,0.8790643159195457,0.014729374845337428,0.03922660331278405,0.44029417634010315,0.5168119072914124,26.878074645996094,20.12691879272461,0.9851851851851852,0.8621973929236499,0.4563392698764801,0.41580596566200256,7.608282089233398,6.790794849395752,0.00266357285436436,-0.8174872398376465
404,0.023776143789291382,0.023423033063041943,0.8660714285714286,1.6018273830413818,0.8763165030467283,0.03301507651065494,0.02399579711209021,0.7501571774482727,0.44770392775535583,0.5612766146659851,0.02594740547563701,0.8675595238095238,9.090364456176758,0.9414243856582999,0.033145259950825734,0.026485092021422352,0.48842453956604004,0.42440709471702576,54.47465133666992,44.346946716308594,0.9333333333333333,0.8417132216014898,0.4759507179260254,0.4976356327533722,9.41563606262207,7.734813213348389,0.002524372412595066,-1.6808228492736816
405,0.007066679187119007,0.014935238555422115,0.8869047619047619,1.405358910560608,0.8495075518986577,0.03227542262875094,0.02045707974127431,0.7627450823783875,0.5515325665473938,0.1296118199825287,0.012786933772419462,0.8869047619047619,7.231601715087891,0.963526517174954,0.029612431853122123,0.018202092894821442,0.5401893258094788,0.47439247369766235,32.50096893310547,17.224653244018555,0.9555555555555556,0.8715083798882681,0.5845796465873718,0.38087916374206543,9.17065715789795,7.885115623474121,-0.0021483047830026525,-1.2855415344238281
406,0.007949748076498508,0.011162001676734645,0.8601190476190477,1.327635407447815,0.89012697293095,0.026924100209927748,0.01558881702313919,0.598418653011322,0.5927062630653381,0.08386842906475067,0.0039998428854185475,0.7767857142857143,8.242204666137695,0.9196186445853552,0.012691910136996998,0.006509768785747161,0.3892679512500763,0.27956217527389526,13.730515480041504,8.017647743225098,0.9703703703703703,0.845437616387337,0.43077513575553894,0.43205881118774414,5.688169956207275,4.56154727935791,-0.007162158791316098,-1.1266226768493652
407,0.022478662431240082,0.034902264558763996,0.8541666666666666,1.089150309562683,0.8748601690839725,0.06290966030948786,0.01775932785611345,0.8769451379776001,0.40991151332855225,0.6259646415710449,0.016134225638753996,0.8764880952380952,7.071835994720459,0.9912961179679872,0.04399320657774841,0.0068651127697301195,0.5988973379135132,0.22911250591278076,29.755847930908203,28.291427612304688,0.5851851851851851,0.9273743016759777,0.9149913787841797,0.3475821912288666,7.42718505859375,8.349614143371582,-0.01876803892001,0.922429084777832
408,0.019241075962781906,0.01946456788368156,0.9002976190476191,1.4388104677200317,0.8745655545393389,0.03144845823927289,0.027946798361014102,0.5121718645095825,0.6483890414237976,0.5708109140396118,0.013665229224673503,0.8020833333333334,9.40983772277832,0.8855550594347821,0.01165663494436986,0.02368256683394243,0.3951900601387024,0.6637822389602661,224.3543243408203,200.73251342773438,0.9555555555555556,0.8808193668528864,0.5403521656990051,0.4802592992782593,32.43852996826172,30.480667114257812,-0.0057993386590080576,-1.9578628540039062
409,0.031131671741604805,0.028579945321440814,0.8511904761904762,1.6468995809555054,0.9009777288659835,0.03770159798260797,0.028210871155310624,0.8301146030426025,0.5943851470947266,1.3618268966674805,0.029053996047766706,0.8184523809523809,11.673694610595703,0.9351182690552278,0.01751518047502676,0.02815946356336685,0.44985806941986084,0.4391678273677826,131.8018341064453,44.35787582397461,0.9629629629629629,0.8249534450651769,0.527595579624176,0.45416682958602905,32.143253326416016,17.783702850341797,0.00047405072632589196,-14.359550476074219
410,0.027178216725587845,0.028118693992824517,0.8973214285714286,1.666141152381897,0.8856247639845641,0.03249748585633627,0.020384536093566386,0.6842016577720642,0.4879477322101593,1.4272059202194214,0.02451769030805695,0.8288690476190477,12.995879173278809,0.9141478943758218,0.03351548312864683,0.013566732493244693,0.3316282331943512,0.3470434546470642,856.9306030273438,668.483154296875,0.9703703703703703,0.88268156424581,0.5426061153411865,0.6054477095603943,216.2861328125,184.6133270263672,-0.0036010036847675675,-31.672805786132812
411,0.04495690017938614,0.030209111766572594,0.8497023809523809,1.9269545078277588,0.901868261944945,0.03376747145154324,0.0340853210312817,0.6090503334999084,0.5521745085716248,4.388398170471191,0.027710604217594526,0.8720238095238095,19.32105255126953,0.9287736061967508,0.017517285667688398,0.033919578603275324,0.3118733763694763,0.40196746587753296,12.70348834991455,91.17350006103516,0.9185185185185185,0.839851024208566,0.596284806728363,0.4353453516960144,13.931929588317871,39.19710159301758,-0.0024985075489780684,25.265172004699707
412,0.018941331654787064,0.01855819391854807,0.8675595238095238,1.4084837436676025,0.929020558679502,0.03018972732669678,0.020095817556587403,0.7337972521781921,0.6127640008926392,0.06480053067207336,0.01331204861308144,0.8125,6.732665061950684,0.8808726573399618,0.055112643046486554,0.031111340858801406,0.24629247188568115,0.40563061833381653,459.814208984375,461.4613037109375,0.9703703703703703,0.8472998137802608,1.8064537048339844,0.47613054513931274,72.02479553222656,71.64570617675781,-0.005246145305466632,-0.37908935546875
413,0.007346665486693382,0.016820479762239993,0.8660714285714286,1.7834258079528809,0.8226113929248583,0.018711547044119925,0.015599772714957605,0.46490809321403503,0.3122289478778839,0.23304730653762817,0.017692534030403495,0.8616071428571429,11.73848819732666,0.9540325329253956,0.024064945186620057,0.006619441618629929,0.42918461561203003,0.13295109570026398,70.66532135009766,13.074674606323242,0.9851851851851852,0.8342644320297952,0.5113341808319092,0.35073623061180115,16.265857696533203,15.941001892089844,0.0008720542681635024,-0.3248558044433594
414,0.008614864200353622,0.015157639404272727,0.8333333333333334,1.5861232280731201,0.8806498109096407,0.037744120120629776,0.0212310903523395,0.6816930770874023,0.5646376609802246,0.040693677961826324,0.004360360472495994,0.8035714285714286,9.833490371704102,0.9558962979532799,0.06972957211824016,0.005386919524476341,0.5471116304397583,0.1455896496772766,259.59234619140625,195.8988037109375,0.8888888888888888,0.8156424581005587,0.5436164736747742,0.5197409391403198,32.95674133300781,29.380050659179688,-0.010797278931776733,-3.576690673828125
415,0.03136025741696358,0.03359552842731228,0.8511904761904762,1.4906221628189087,0.8625397603163726,0.04817971798832865,0.024894892004675206,0.7359239459037781,0.4799128472805023,1.1324690580368042,0.03660753765160474,0.8333333333333334,9.323125839233398,0.9635758302403142,0.03771336094890099,0.027465386734381814,0.42375075817108154,0.30299556255340576,4283.81005859375,3762.405517578125,0.9185185185185185,0.8361266294227188,1.7258161306381226,0.510810136795044,2069.189697265625,2088.684326171875,0.0030120092242924557,19.49462890625
416,0.008047645911574364,0.010356875979709135,0.9002976190476191,2.2553296089172363,0.9273564859466108,0.06644125187212013,0.01108544567342673,0.8451659083366394,0.42508089542388916,1.0812504291534424,0.0065129382706720085,0.8928571428571429,29.558406829833984,0.8811077187414119,0.05140500725182373,0.010423999758569558,0.5633683800697327,0.14277194440364838,44.41587448120117,623.0697021484375,0.8518518518518519,0.9217877094972067,0.6466252207756042,0.3928203582763672,23.015609741210938,444.20294189453125,-0.0038439377090371263,421.1873321533203
417,0.052357401698827744,0.050363062631842315,0.8110119047619048,1.4191240072250366,0.8440773061061867,0.031064745664330262,0.03985877468759058,0.5185900330543518,0.6231650114059448,3.620269536972046,0.05542797101983077,0.8080357142857143,12.37125015258789,0.8848740009200825,0.020277127918505222,0.03596561323428249,0.41457051038742065,0.4589221477508545,8.9979829788208,3.9780850410461426,0.9777777777777777,0.776536312849162,0.44304123520851135,0.4728943407535553,6.644412040710449,5.030414581298828,0.005064908387988454,-1.613997459411621
418,0.03207734227180481,0.03208735657668782,0.8690476190476191,1.7078664302825928,0.9346586441294119,0.02083842726823626,0.03791863863122846,0.4445076584815979,0.6292758584022522,0.36376920342445374,0.024376981173913626,0.8184523809523809,7.159255504608154,0.9255470076961471,0.009558815417777589,0.030528251793577654,0.16131849586963654,0.30967751145362854,213.83798217773438,221.79652404785156,0.9555555555555556,0.845437616387337,0.40939861536026,0.5525033473968506,49.85523223876953,49.84699249267578,-0.007710375402774194,-0.00823974609375
419,0.008702346123754978,0.018892369676516974,0.8630952380952381,2.329840898513794,0.9161754210458262,0.04938564538158863,0.025713149292218573,0.6236956119537354,0.591738224029541,0.03586524352431297,0.011312892600980451,0.8482142857142857,14.476451873779297,0.9492174060330633,0.034563754945640235,0.015684369980231927,0.5436097979545593,0.1379864364862442,41.61890411376953,19.733919143676758,0.8666666666666667,0.8696461824953445,0.5607441067695618,0.47080790996551514,15.535472869873047,20.16737937927246,-0.007579477075536523,4.631906509399414
420,0.009162110276520252,0.009023930658130674,0.8244047619047619,1.7457960844039917,0.9011621171865878,0.06380902892966911,0.010042280683868698,0.9252543449401855,0.3605906367301941,0.5649833679199219,0.00724271052113834,0.8110119047619048,10.952814102172852,0.8938227295371688,0.10807834547145845,0.009618537471793531,0.8758602142333984,0.3730582594871521,52.68153762817383,37.70986557006836,0.8296296296296296,0.8156424581005587,0.6888041496276855,0.4093104302883148,10.948039054870605,8.624953269958496,-0.0017812201369923342,-2.3230857849121094
421,0.026214081794023514,0.03144143976943248,0.8407738095238095,1.502131700515747,0.8883227909000957,0.05448416624752728,0.036402102133818226,0.8600192070007324,0.6665822267532349,0.3481561243534088,0.023703912631577784,0.8363095238095238,7.6438493728637695,0.9671550363723002,0.04530379677934615,0.035168506581364944,0.25347134470939636,0.30568727850914,192.45204162597656,150.4066619873047,0.8814814814814815,0.8268156424581006,0.7368558645248413,0.5209885239601135,28.830345153808594,28.36911392211914,-0.007737527137854694,-0.4612312316894531
422,0.005064721219241619,0.012287289241248556,0.8988095238095238,1.6044241189956665,0.863717947860072,0.03139302563484314,0.01791731687013609,0.8673832416534424,0.5051832795143127,0.043801043182611465,0.005680771533254858,0.8229166666666666,10.625434875488281,0.9637191098283725,0.028604051037032674,0.010687324181411717,0.5031067728996277,0.2909183204174042,14.518760681152344,11.71760368347168,0.8962962962962963,0.9013035381750466,0.5287348628044128,0.4286278486251831,13.067832946777344,11.925252914428711,-0.006606517707993698,-1.1425800323486328
423,0.012781396508216858,0.02505946986750318,0.8526785714285714,1.9649511575698853,0.7990895813069392,0.04046871777204675,0.036403234332171075,0.8043241500854492,0.7804905772209167,0.06493648141622543,0.01686428013516028,0.8407738095238095,6.538270473480225,0.9158727803773838,0.03738355706141716,0.021939520135363266,0.40839430689811707,0.20937880873680115,11.63578987121582,11.853570938110352,0.9407407407407408,0.8286778398510242,0.47750476002693176,0.4279378354549408,5.000416278839111,5.705303192138672,-0.0081951897323429,0.7048869132995605
424,0.03286128491163254,0.038484370749036545,0.8318452380952381,1.4534144401550293,0.9009207988803891,0.028589748977262075,0.04292026404196303,0.6980084776878357,0.5819457173347473,0.36511439085006714,0.050347984691899605,0.7931547619047619,5.5184807777404785,0.8800853000444893,0.028131918103100673,0.0701200926990797,0.4039040505886078,0.46556228399276733,25.3608455657959,25.811546325683594,0.9703703703703703,0.7970204841713222,0.43612492084503174,0.4733780026435852,5.491353511810303,5.411503791809082,0.01186361394286306,-0.0798497200012207
425,0.013495489954948425,0.02492326714903237,0.8690476190476191,1.2647902965545654,0.8474448154755516,0.046582375578590685,0.024752185099304658,0.7243657112121582,0.6013930439949036,0.04031870514154434,0.02103339619447342,0.7991071428571429,4.465038776397705,0.9617614227553868,0.11615777933394111,0.029367729094322392,0.832800567150116,0.3089320957660675,14.815313339233398,10.146485328674316,0.9407407407407408,0.8547486033519553,0.668624222278595,0.3905104696750641,5.097428321838379,4.813161849975586,-0.0038898709545589494,-0.28426647186279297
426,0.0018525916384533048,0.015895691538142853,0.875,0.47415879368782043,0.24854371626457325,0.05331637669894784,0.015402475645865388,0.9846233129501343,0.4602336585521698,0.06173257529735565,0.01661497292402092,0.8377976190476191,4.169174671173096,0.978847620432937,0.0683652238751643,0.012088766187716482,0.6045541763305664,0.32262125611305237,160.50437927246094,156.40985107421875,0.7777777777777778,0.9292364990689013,0.7566461563110352,0.30379050970077515,26.578031539916992,27.6445255279541,0.0007192813858780678,1.0664939880371094
427,0.01736758090555668,0.020039685789469353,0.8586309523809523,1.5634726285934448,0.8547656745712497,0.04862802000896638,0.022027809513517682,0.8734055161476135,0.6317709684371948,0.43257060647010803,0.01043909375672436,0.8169642857142857,9.584973335266113,0.9494349865640132,0.046395682389676396,0.010866670913573517,0.6537337899208069,0.24533817172050476,236.09695434570312,137.9431915283203,0.9111111111111111,0.8566108007448789,0.7538736462593079,0.4211178719997406,49.132911682128906,40.72480010986328,-0.009600592032744992,-8.408111572265625
428,0.005589213687926531,0.014997317902621599,0.8645833333333334,2.011927366256714,0.9500134129976358,0.02355985643320857,0.024701407674021403,0.5794690251350403,0.5310903191566467,0.07585544139146805,0.007057277431449571,0.7931547619047619,13.538954734802246,0.9529730556281826,0.021987449953700167,0.010268896548092377,0.24102209508419037,0.10888627171516418,52.33848190307617,15.384324073791504,0.9185185185185185,0.8566108007448789,0.5428972244262695,0.4992133378982544,17.11065101623535,16.068485260009766,-0.007940040471172027,-1.042165756225586
429,0.0246468223631382,0.02371598645333306,0.8511904761904762,1.4313243627548218,0.9152237734672165,0.024269622178849426,0.025796742220067337,0.47524353861808777,0.567219614982605,0.4524392783641815,0.01125890181402045,0.8139880952380952,8.90445613861084,0.9582565959936344,0.018356790484778673,0.01379176973425622,0.24618279933929443,0.16889531910419464,17.156166076660156,7.312770366668701,0.9851851851851852,0.8212290502793296,1.2605236768722534,0.4850880801677704,7.134570121765137,5.572103023529053,-0.01245708463931261,-1.562467098236084
430,0.013561703264713287,0.015000994036366566,0.8616071428571429,1.2753342390060425,0.8765242823287362,0.03951811277496997,0.01925139706110479,0.6610819697380066,0.4766283929347992,0.14443698525428772,0.006523097824489343,0.8467261904761905,7.599645137786865,0.9471291575677142,0.02565254745417389,0.011550505130248356,0.21860839426517487,0.1594906896352768,303.0213928222656,294.01129150390625,0.9629629629629629,0.8417132216014898,0.5402671694755554,0.3539970815181732,52.52139663696289,53.10940933227539,-0.008477896211877223,0.5880126953125
431,0.03375408425927162,0.019416770692178953,0.8586309523809523,1.7507332563400269,0.9106851297487577,0.027088321396573578,0.029593451176635477,0.5868489146232605,0.5729637145996094,1.5472655296325684,0.015101547444095087,0.8318452380952381,13.058443069458008,0.9326956772790896,0.012543994957441962,0.024534561060051807,0.27174052596092224,0.43580809235572815,47.92240524291992,20.383224487304688,0.9407407407407408,0.8435754189944135,0.4200837016105652,0.44741326570510864,26.59206199645996,21.209732055664062,-0.004315223248083866,-5.382329940795898
432,0.021090157330036163,0.02449602215477298,0.8497023809523809,2.1210215091705322,0.8972378260631477,0.02206705970483336,0.01843144851590539,0.5522579550743103,0.4595891833305359,1.44719660282135,0.02240780312748758,0.7931547619047619,14.438532829284668,0.8602443340516095,0.015727410000811348,0.01331804327401187,0.3768623173236847,0.1609439253807068,8.354166030883789,6.961153507232666,0.9925925925925926,0.8100558659217877,0.5264009237289429,0.5259780287742615,10.350677490234375,7.372661590576172,-0.0020882190272853984,-2.978015899658203
433,0.0018018062692135572,0.015792850457363783,0.8273809523809523,0.4802922010421753,0.27242551434680234,0.040122358353060994,0.016193472023580013,0.8804840445518494,0.4481845796108246,0.2773122191429138,0.03687567487482479,0.7752976190476191,4.798821926116943,0.9655011357378764,0.08503043496514173,0.03167787118687593,0.7112723588943481,0.42285260558128357,215.5396270751953,227.5513458251953,0.8740740740740741,0.8566108007448789,0.6438060998916626,0.41803959012031555,42.70943069458008,44.2474250793457,0.02108282441746101,1.537994384765625
434,0.06651686131954193,0.03789087032511662,0.8541666666666666,1.842834711074829,0.8888424201143537,0.02453718483300582,0.04214176415533544,0.5032153129577637,0.5499231219291687,2.0112686157226562,0.037562802624414804,0.8511904761904762,10.922584533691406,0.9236323901532588,0.03946087682499988,0.040883809129775406,0.6054319739341736,0.5076302289962769,11315.9892578125,10426.296875,0.9925925925925926,0.819366852886406,0.5135526657104492,0.49934160709381104,2670.922119140625,2653.466064453125,-0.00032806770070181734,-17.4560546875
435,0.0022415821440517902,0.01684271564656581,0.8407738095238095,0.5062642693519592,0.35719426715532104,0.04588501077603391,0.02106549090879639,0.6781044602394104,0.4831944704055786,0.6032621264457703,0.0032252969684462007,0.9032738095238095,25.565011978149414,0.9333828374585269,0.010361352165185078,0.004650327977142044,0.13443122804164886,0.1624806523323059,22.630563735961914,1865.306884765625,0.9037037037037037,0.845437616387337,0.6653990149497986,0.3396700620651245,16.591007232666016,528.0089111328125,-0.013617418678119608,511.4179039001465
436,0.0027773180045187473,0.008385317881717036,0.8839285714285714,1.393503189086914,0.9348573306643784,0.03315344127891118,0.01523990086171989,0.5967757105827332,0.561478316783905,0.4995311498641968,0.015378973647390937,0.8005952380952381,9.592047691345215,0.7313280402767519,0.012366461736850187,0.021009443495498048,0.19010354578495026,0.4312626123428345,112.5259017944336,101.95188903808594,0.9925925925925926,0.8547486033519553,0.7552953958511353,0.39561334252357483,19.357276916503906,19.16908836364746,0.006993655765673901,-0.1881885528564453
437,0.019872132688760757,0.01772247785201353,0.8258928571428571,1.5149115324020386,0.8494333007973688,0.021675558861293465,0.022803154507751278,0.5146564841270447,0.5473052859306335,0.7937047481536865,0.010947935003713383,0.8407738095238095,10.727062225341797,0.9436600665188114,0.035078272912977715,0.00993610070745532,0.33575186133384705,0.23458658158779144,760.6061401367188,601.1708374023438,0.9703703703703703,0.8044692737430168,0.377109557390213,0.509455144405365,157.79876708984375,143.42959594726562,-0.006774542848300147,-14.369171142578125
438,0.07285755127668381,0.05686029993212838,0.8095238095238095,1.797417402267456,0.9026681996460123,0.025769794984092598,0.057665651494703485,0.4935416281223297,0.5793628096580505,4.893095016479492,0.06851722237814328,0.8571428571428571,14.58430004119873,0.9396877534484455,0.011214408381602481,0.07079072571337341,0.4726710915565491,0.5116099715232849,194.11354064941406,48.51317596435547,0.9629629629629629,0.7690875232774674,0.38799169659614563,0.4450632929801941,64.18688201904297,49.54596710205078,0.011656922446014906,-14.640914916992188
439,0.010876057669520378,0.017564357960801025,0.8229166666666666,1.9097089767456055,0.9267459456627376,0.02428839574982611,0.016587681057443904,0.6343859434127808,0.6660551428794861,0.12926284968852997,0.006212455101424652,0.8095238095238095,15.974509239196777,0.8595112382894443,0.043752307590960826,0.00264937653499675,0.5053950548171997,0.5505861639976501,489.2475891113281,327.26666259765625,0.9703703703703703,0.7877094972067039,0.4890096187591553,0.45670998096466064,87.82979583740234,66.35365295410156,-0.011351902859376373,-21.47614288330078
440,0.026625169441103935,0.020591319469693836,0.8630952380952381,1.9185831546783447,0.8923314755211581,0.044680220664333525,0.02387492924988266,0.7543323040008545,0.452006459236145,1.1262516975402832,0.01032861434653043,0.8586309523809523,15.654555320739746,0.9368581268646404,0.024781213057344376,0.014016150087179824,0.47554343938827515,0.2271023839712143,371.10345458984375,154.45184326171875,0.8814814814814815,0.8472998137802608,0.4838661253452301,0.37929537892341614,70.93477630615234,71.35929107666016,-0.010262705123163407,0.4245147705078125
441,0.02354569546878338,0.023236769974503635,0.8660714285714286,1.9239952564239502,0.8949600217326278,0.03529163332817398,0.025244390106078263,0.7380384206771851,0.6188423037528992,0.6667931079864502,0.021144023308756532,0.8601190476190477,14.335418701171875,0.9405987276999095,0.01604252844010945,0.01970044564940443,0.19458714127540588,0.34431079030036926,26.41524887084961,17.284149169921875,0.9629629629629629,0.8472998137802608,0.6455625891685486,0.45747098326683044,11.977805137634277,13.638544082641602,-0.0020927466657471028,1.6607389450073242
442,0.007868886925280094,0.014269779978097974,0.8616071428571429,1.3732329607009888,0.860500855808188,0.05662052345105706,0.01695360837048132,0.9539821743965149,0.47453975677490234,0.13971780240535736,0.00857019468669995,0.8511904761904762,7.8687262535095215,0.9329510668449762,0.0434900971662584,0.012100293874132584,0.47988462448120117,0.27368417382240295,30.687837600708008,23.65029525756836,0.837037037037037,0.8640595903165735,1.4046911001205444,0.34265053272247314,8.226309776306152,7.609548091888428,-0.005699585291398024,-0.6167616844177246
443,0.015565811656415462,0.01703734000809165,0.8467261904761905,1.64064359664917,0.850642010287678,0.030460151600986585,0.022636716477821173,0.6948949098587036,0.4965249001979828,0.08837105333805084,0.004199366462780296,0.8452380952380952,9.205033302307129,0.9263057170939166,0.019723747216377818,0.0042895877293133156,0.32743898034095764,0.17829786241054535,26.2294979095459,18.41377830505371,0.9333333333333333,0.8305400372439479,0.470567911863327,0.43484988808631897,7.931774139404297,6.549692153930664,-0.012837973545311354,-1.3820819854736328
444,0.0210172850638628,0.015535332650449818,0.8526785714285714,1.8258453607559204,0.9015267481937259,0.0323078096874454,0.024726516257403297,0.7655789852142334,0.5590521693229675,0.3136711120605469,0.00902272680649674,0.8095238095238095,8.689316749572754,0.8698733354586056,0.06828414356697332,0.015262612027216349,0.5042635202407837,0.34029775857925415,41.392364501953125,33.45109176635742,0.8962962962962963,0.839851024208566,0.44946688413619995,0.46553078293800354,11.914440155029297,10.616013526916504,-0.006512605843953079,-1.298426628112793
445,0.011386856436729431,0.017467500520774726,0.8988095238095238,1.9441777467727661,0.891444646320532,0.031635750492358006,0.01977923436208162,0.6664952039718628,0.4583791494369507,0.2310773730278015,0.011372999857568011,0.8288690476190477,9.40030574798584,0.8918525596640196,0.031309490889767755,0.00901737445319506,0.4693479835987091,0.16362111270427704,332.6924133300781,295.4913024902344,0.8740740740740741,0.9013035381750466,0.5166950225830078,0.44208964705467224,58.289527893066406,54.33906555175781,-0.0060945006632067145,-3.9504623413085938
446,0.023180805146694183,0.028327470189832615,0.8616071428571429,1.718948483467102,0.8774475917266147,0.026799059768779054,0.032865234097366414,0.5309233069419861,0.5809144973754883,0.5222585797309875,0.016424602399037203,0.8541666666666666,11.47207260131836,0.9468882047495285,0.03484897789170516,0.01893002696926993,0.3578498065471649,0.288300096988678,81.19407653808594,18.554931640625,0.9555555555555556,0.8379888268156425,0.5962851047515869,0.39639973640441895,36.50463104248047,23.69589614868164,-0.011902867790795413,-12.808734893798828
447,0.06307733058929443,0.04359885025790611,0.8526785714285714,1.83651602268219,0.8767200293033229,0.025160576423392755,0.029080044108402814,0.5255597233772278,0.6470644474029541,3.40043568611145,0.04827466785689527,0.8318452380952381,12.142735481262207,0.889679724564935,0.020972544146574457,0.03191883904752246,0.2067374736070633,0.4402352571487427,17.35032081604004,7.57629919052124,0.9851851851851852,0.8230912476722533,0.44607794284820557,0.48236268758773804,9.834644317626953,6.756891250610352,0.004675817598989163,-3.0777530670166016
448,0.013149508275091648,0.023252115272563212,0.8422619047619048,1.6360224485397339,0.8837212043845769,0.04320449593803877,0.031139341151271815,0.8281166553497314,0.6394820809364319,0.07259330153465271,0.006444007255421158,0.8020833333333334,10.367534637451172,0.8976809678969466,0.03441566974494892,0.009206982030156685,0.33195072412490845,0.30339327454566956,498.9456481933594,488.37322998046875,0.8814814814814815,0.8491620111731844,0.5849473476409912,0.40912944078445435,88.7269287109375,88.1308822631836,-0.016808108017142054,-0.5960464477539062
449,0.0066386256366968155,0.00913436151190039,0.8928571428571429,1.9525632858276367,0.878069870128975,0.03552820864778683,0.011519056955935136,0.6421101689338684,0.42165976762771606,0.08200802654027939,0.0026217392035340348,0.8273809523809523,12.918376922607422,0.9651937761121755,0.03139901884954066,0.006773145856135976,0.35735058784484863,0.16097944974899292,171.74844360351562,30.607433319091797,0.9555555555555556,0.8659217877094972,0.5251010060310364,0.4627898931503296,48.12450408935547,19.81827735900879,-0.006512622308366356,-28.30622673034668
450,0.0028769439086318016,0.018158394849298265,0.8586309523809523,0.6012900471687317,0.16893143548691386,0.0527414937688947,0.017704584796418343,0.6829199194908142,0.4263887107372284,0.23710402846336365,0.005594892808222562,0.8348214285714286,15.184768676757812,0.942234901749381,0.041618524079992,0.008378365023577361,0.12909941375255585,0.18360626697540283,299.4183044433594,175.8929901123047,0.6814814814814815,0.9143389199255121,0.654333770275116,0.4324682354927063,57.405216217041016,33.61151885986328,-0.012563502041075703,-23.793697357177734
451,0.0070859333500266075,0.014573987009927625,0.8854166666666666,1.6407476663589478,0.893175593431031,0.0293187569519181,0.02311182563666614,0.6347727179527283,0.6118543744087219,0.03173086792230606,0.00571548220760576,0.8244047619047619,11.136944770812988,0.9644954298340165,0.04223422105487695,0.011980033600533346,0.5742899179458618,0.16232362389564514,101.85491180419922,28.951765060424805,0.9333333333333333,0.8845437616387337,0.5067328214645386,0.46290430426597595,20.888858795166016,19.280601501464844,-0.008858504802321865,-1.6082572937011719
452,0.005857342388480902,0.01066275976845188,0.8958333333333334,1.6354066133499146,0.9104973138463943,0.04467005910985877,0.01308036798104506,0.840179443359375,0.5009100437164307,0.026463409885764122,0.003293881903780549,0.8214285714285714,11.005739212036133,0.9326178544601063,0.027885455472777876,0.005102639487131411,0.34923702478408813,0.14487631618976593,298.247802734375,213.59078979492188,0.9407407407407408,0.888268156424581,0.5356590747833252,0.4189280569553375,99.18900299072266,88.40618133544922,-0.0073688778646713304,-10.782821655273438
453,0.04855751991271973,0.020803372099089668,0.8601190476190477,2.1461520195007324,0.9056688416571379,0.03098833330435602,0.024096794417210687,0.5549978017807007,0.5581154227256775,1.9935246706008911,0.01200494261294438,0.8928571428571429,15.720778465270996,0.8437249306328221,0.025179127006930813,0.016036834752429674,0.47316741943359375,0.3786160945892334,12.533677101135254,21.011621475219727,0.9851851851851852,0.8324022346368715,0.4588319659233093,0.41357508301734924,12.592631340026855,18.76165199279785,-0.008798429486145287,6.169020652770996
454,0.002243590308353305,0.016021860995509174,0.8601190476190477,0.5444180369377136,0.28210570953083364,0.032330365061616906,0.019599143035351707,0.7802203893661499,0.5352722406387329,0.0510285422205925,0.012766119625208683,0.7872023809523809,4.184120178222656,0.933620056005783,0.014622472949155307,0.016764904338843145,0.16029663383960724,0.3972744345664978,51.35102844238281,51.99040985107422,0.8740740740740741,0.8603351955307262,0.6135772466659546,0.38807213306427,14.302112579345703,14.733476638793945,-0.003255741370300491,0.4313640594482422
455,0.006594118662178516,0.009994159390982693,0.8616071428571429,2.1288750171661377,0.9245673464406977,0.057091298201599416,0.012149802056019787,0.8890635967254639,0.5107967853546143,0.07566815614700317,0.0075403339164518135,0.8407738095238095,10.511001586914062,0.8868100291302096,0.0753155127286369,0.010325789773769523,0.38899990916252136,0.10258899629116058,212.9789581298828,178.67149353027344,0.7555555555555555,0.8864059590316573,0.5942434668540955,0.36513084173202515,35.39438247680664,31.974496841430664,-0.0024538254745308796,-3.4198856353759766
456,0.012878787703812122,0.014791959250800013,0.8601190476190477,1.954443335533142,0.911154161499031,0.07030963277040947,0.016059459261678066,0.86199551820755,0.3364502191543579,0.27424758672714233,0.014105317541885709,0.8511904761904762,9.33684253692627,0.9408328387337642,0.08925534431488724,0.013700964559747453,0.953566312789917,0.2113511711359024,15.834495544433594,7.087896347045898,0.8592592592592593,0.8603351955307262,0.558641791343689,0.40646281838417053,11.623779296875,9.895655632019043,-0.000686641708914304,-1.728123664855957
457,0.0029391287826001644,0.016731864345836622,0.8154761904761905,0.6131585240364075,0.2870931066696726,0.1294916953462908,0.010443622209023062,1.4224910736083984,0.3311893939971924,0.20378628373146057,0.012580536471621495,0.8303571428571429,5.356710910797119,0.9575561862100925,0.19136344370415337,0.006869296621589527,1.0401419401168823,0.13536417484283447,145.88427734375,141.0537567138672,0.4148148148148148,0.9087523277467412,1.2427868843078613,0.3121321499347687,18.412424087524414,17.83428382873535,-0.004151327874215127,-0.5781402587890625
458,0.011777468025684357,0.015846934567988247,0.8705357142857143,1.8144534826278687,0.873945214833113,0.04538611937099768,0.018581970487174915,0.6767213940620422,0.6085355281829834,0.06921347230672836,0.00966325542292057,0.8169642857142857,6.6041107177734375,0.9628805470548863,0.0387358913722583,0.013545391631787473,0.6466302871704102,0.17185264825820923,46.82365036010742,18.35062599182129,0.9629629629629629,0.8379888268156425,0.5509973168373108,0.5417755842208862,16.266616821289062,14.268074989318848,-0.006183679145067678,-1.9985418319702148
459,0.0021766414865851402,0.01642581258705622,0.8467261904761905,0.5500903129577637,0.6068280680096082,0.029393098728932254,0.01905021000052154,0.6468806862831116,0.5537647604942322,0.04335571080446243,0.006821681571478888,0.8407738095238095,8.700730323791504,0.841248194509209,0.017144001861323033,0.0069831612883796135,0.25992077589035034,0.14529207348823547,99.93737030029297,74.13858032226562,0.9259259259259259,0.8305400372439479,0.593209981918335,0.528062641620636,20.394685745239258,14.298877716064453,-0.009604131015577333,-6.095808029174805
460,0.006965818349272013,0.015535703630189635,0.8601190476190477,1.5563448667526245,0.8806497633300946,0.032435227926716936,0.023310176223647616,0.6751090288162231,0.5802415609359741,0.0654190182685852,0.011797434929031625,0.8303571428571429,6.815636157989502,0.9523789711420494,0.01676315900665659,0.016701354779558586,0.39493659138679504,0.2945832908153534,21.258024215698242,7.576127052307129,0.8740740740740741,0.8621973929236499,0.4948718547821045,0.42911574244499207,10.811140060424805,7.860861778259277,-0.0037382687011580096,-2.9502782821655273
461,0.0025857239961624146,0.018079859444071977,0.8526785714285714,0.5304402112960815,0.32986552306270417,0.0693092003932807,0.01607800527997172,1.0924402475357056,0.4980628192424774,0.02789168618619442,0.006485805971152225,0.7946428571428571,6.446496486663818,0.8895040755242457,0.05602622997919793,0.0054415033852061034,0.5701603293418884,0.2277580201625824,109.93814849853516,102.75284576416016,0.6222222222222222,0.9143389199255121,0.8899145126342773,0.43167293071746826,39.68574142456055,39.35969161987305,-0.011594053472919752,-0.3260498046875
462,0.034032948315143585,0.028379134235405057,0.8869047619047619,1.8631839752197266,0.9384524804849159,0.029102193993803427,0.029013384674544396,0.7071588039398193,0.5624601244926453,1.0101655721664429,0.02942073031649972,0.7886904761904762,9.712028503417969,0.8931283590324147,0.02910475181305261,0.030960620525009808,0.39382314682006836,0.25515660643577576,51.38245391845703,23.943679809570312,0.9703703703703703,0.8640595903165735,0.5060434937477112,0.46421054005622864,16.687061309814453,11.086173057556152,0.0010415960810946645,-5.600888252258301
463,0.01467981282621622,0.019979317599943203,0.8973214285714286,1.8491637706756592,0.9206409295070954,0.03954289476224737,0.020918814841086486,0.6087366938591003,0.45471417903900146,0.16784994304180145,0.012695232017344793,0.8095238095238095,8.680241584777832,0.8972156234306511,0.08002200389793102,0.009685095895500706,0.7952465415000916,0.14745965600013733,52.0839729309082,32.94014358520508,0.9851851851851852,0.8733705772811918,0.6205035448074341,0.4097273051738739,8.983351707458496,6.420229434967041,-0.00728408558259841,-2.563122272491455
464,0.009372299537062645,0.014504335885501263,0.8660714285714286,1.5840092897415161,0.8880181421675183,0.055335080469114506,0.016431012748814755,0.8535222411155701,0.4465399980545044,0.21897834539413452,0.011169423742074525,0.8035714285714286,6.9860920906066895,0.9136001239823263,0.08260490329811732,0.011099658824785141,0.7726683020591736,0.29527345299720764,70.52491760253906,45.65834426879883,0.8,0.8808193668528864,0.8708685636520386,0.416172593832016,11.173930168151855,10.22905158996582,-0.003334912143426738,-0.9448785781860352
465,0.004627706483006477,0.012592382433125326,0.8630952380952381,1.782409429550171,0.8503114170595506,0.08235782955264137,0.02037085761848134,0.9393210411071777,0.6326082348823547,0.03384394571185112,0.008370080606940555,0.8526785714285714,7.234712600708008,0.9508020282902057,0.09185934064321133,0.028841448861245178,0.7258474230766296,0.2512279450893402,31.166702270507812,12.229294776916504,0.8592592592592593,0.8417132216014898,1.01728355884552,0.3869200348854065,6.9929680824279785,5.086485385894775,-0.004222301826184771,-1.9064826965332031
466,0.003494942095130682,0.02341512965310999,0.8645833333333334,0.4918733537197113,0.2682122557153382,0.05587246526583245,0.0225717137221233,0.851269006729126,0.5510014891624451,0.1839773952960968,0.012684698089508673,0.8244047619047619,5.886481285095215,0.9871506737670324,0.015138643554626574,0.010911898291756206,0.41462603211402893,0.3163970708847046,306.0301208496094,273.9818420410156,0.725925925925926,0.8957169459962756,0.6250560283660889,0.36194130778312683,32.1796875,32.911216735839844,-0.010730431563601317,0.7315292358398438
467,0.041252218186855316,0.030351735718147532,0.8586309523809523,1.6304211616516113,0.8648598474901849,0.022964197935606556,0.03935344609720692,0.5021929144859314,0.6641058921813965,1.1955593824386597,0.030135190156644343,0.8348214285714286,8.928138732910156,0.9545378129314664,0.05233184659295265,0.03300373634995335,0.2809026837348938,0.45693644881248474,17.804641723632812,14.325911521911621,0.9851851851851852,0.8230912476722533,1.8579380512237549,0.45133042335510254,10.825752258300781,7.703574180603027,-0.0002165455615031897,-3.122178077697754
468,0.00434985151514411,0.02493786130887632,0.8184523809523809,0.5934134721755981,0.3654296260199631,0.11833499343725729,0.016994964981871363,1.0464727878570557,0.4216131567955017,0.06097027659416199,0.010358896126120842,0.7708333333333334,6.503341197967529,0.9755827305620655,0.10375546658850399,0.009810813716873756,0.8558782935142517,0.16748768091201782,2235.41015625,2208.514404296875,0.5333333333333333,0.9031657355679702,0.7288322448730469,0.37408944964408875,323.3647155761719,321.28985595703125,-0.014578965182755477,-2.074859619140625
469,0.03672455996274948,0.02549318631348041,0.8601190476190477,1.6427526473999023,0.8721016066906105,0.025298161371932082,0.031775031366283124,0.560526967048645,0.5343484878540039,2.7058727741241455,0.016760075738443625,0.8303571428571429,16.461029052734375,0.9528212363425159,0.07245290951164596,0.024047730308766058,0.4249970018863678,0.5219463109970093,46.876953125,208.25631713867188,0.9925925925925926,0.8435754189944135,0.6396021246910095,0.4702191948890686,16.54878807067871,51.07478332519531,-0.008733110575036784,34.5259952545166
470,0.01501900888979435,0.02141441581562531,0.8511904761904762,1.4502668380737305,0.9000259537621276,0.02463033364672884,0.02795394840622467,0.6261230111122131,0.5447243452072144,0.6108162999153137,0.0070303428321930594,0.8511904761904762,13.946495056152344,0.9350599782628797,0.05500927161954161,0.008078633975482474,0.3497386872768402,0.17111431062221527,38.84885787963867,24.10550308227539,0.9481481481481482,0.8305400372439479,0.542120099067688,0.39618271589279175,10.279848098754883,7.631898403167725,-0.01438407298343225,-2.647949695587158
471,0.009717276319861412,0.013789020945443542,0.8526785714285714,1.4215327501296997,0.8252781487400371,0.050676967410280604,0.0137856374362324,0.9467557668685913,0.5784953236579895,0.7122427225112915,0.0102106145289933,0.8809523809523809,11.713299751281738,0.9357136816577101,0.02475022918957759,0.01286110002410723,0.30860671401023865,0.300581693649292,332.1431884765625,293.30078125,0.8444444444444444,0.8566108007448789,0.5270302295684814,0.39442339539527893,54.834747314453125,54.021873474121094,-0.0035784064164502416,-0.8128738403320312
472,0.002120362129062414,0.01619524605218492,0.8869047619047619,0.491694837808609,0.1387450599226492,0.030868354806959375,0.020748880730155905,0.685387909412384,0.5880658626556396,1.0342037677764893,0.014295071090779765,0.8377976190476191,15.803640365600586,0.9433751047423583,0.027593725386866552,0.0110249475323696,0.2686331868171692,0.24681736528873444,22.56136703491211,20.38522720336914,0.9555555555555556,0.8566108007448789,0.8610461354255676,0.37570619583129883,16.053768157958984,18.66059684753418,-0.0019001749614051544,2.6068286895751953
473,0.016163624823093414,0.016596128789098108,0.8645833333333334,1.7068355083465576,0.8938080706400789,0.03678683268469618,0.016684524580681592,0.6436769962310791,0.48306772112846375,1.2819626331329346,0.012039402272533417,0.8229166666666666,12.100223541259766,0.9261920233249299,0.020178929294993653,0.007432228388190576,0.27105262875556946,0.38396382331848145,4046.607421875,4001.9560546875,0.8444444444444444,0.8640595903165735,1.712522268295288,0.46923187375068665,974.842529296875,970.3189086914062,-0.004556726516564691,-4.52362060546875
474,0.02340513840317726,0.022307399127199812,0.8407738095238095,1.8792691230773926,0.8532233200868617,0.07075772811856629,0.023137729132774343,0.8121088743209839,0.4551859200000763,2.2422006130218506,0.005414422778467487,0.9136904761904762,26.494338989257812,0.9204895272235066,0.057370680717119815,0.009147602560560464,0.8654444217681885,0.26238900423049927,2460.6591796875,621.7482299804688,0.8962962962962963,0.845437616387337,0.6177389025688171,0.4040580689907074,681.9036254882812,327.3394775390625,-0.016892976348732325,-354.56414794921875
475,0.0540059357881546,0.027802670354061032,0.8735119047619048,2.0702946186065674,0.916966864846249,0.022432817815158046,0.03480262944308177,0.6167528033256531,0.6186050176620483,5.6316914558410645,0.01764144730399908,0.8958333333333334,26.19366455078125,0.9199851462699978,0.06430008123065445,0.026493008301578524,0.320563405752182,0.31426873803138733,2936.225341796875,1280.110107421875,0.9629629629629629,0.8528864059590316,0.40132105350494385,0.4083482623100281,1028.291015625,723.4229736328125,-0.010161223050061952,-304.8680419921875
476,0.0959380716085434,0.0643787978063125,0.8184523809523809,1.9749382734298706,0.9287835011380284,0.028622849176874743,0.04681216265928034,0.7610310912132263,0.6704107522964478,19.540447235107422,0.07490546518578034,0.8422619047619048,27.737979888916016,0.9010193983142332,0.021877026887229922,0.049639446481045346,0.2573116719722748,0.5652850866317749,37.36983108520508,346.47149658203125,0.9777777777777777,0.776536312849162,0.6613354682922363,0.47331857681274414,16.84657859802246,168.7110595703125,0.010526667379467836,151.86448097229004
477,0.013294756412506104,0.019804113248832245,0.8675595238095238,1.718077301979065,0.920009523129985,0.027736954525421575,0.03453971879999196,0.5853296518325806,0.5716891288757324,0.26985567808151245,0.009823904712253362,0.8809523809523809,15.861507415771484,0.9210394344344119,0.008803680581944362,0.02081494350436297,0.30342844128608704,0.23241974413394928,24.2841739654541,14.988078117370605,0.9629629629629629,0.8417132216014898,0.8066003322601318,0.45030760765075684,8.32282543182373,6.116709232330322,-0.009980208536578883,-2.206116199493408
478,0.0037489705719053745,0.022251598635872005,0.8318452380952381,0.5410779118537903,0.234357999740983,0.03349692887323874,0.025766739072349054,0.6810722351074219,0.5151304602622986,0.47329169511795044,0.015742074894276037,0.8110119047619048,9.338858604431152,0.9465012665169875,0.034704023616556,0.023479358864118338,0.2400188446044922,0.4606521725654602,20.367624282836914,15.243120193481445,0.9037037037037037,0.819366852886406,1.5442688465118408,0.4135092496871948,5.32319974899292,4.904213905334473,-0.006509523741595968,-0.41898584365844727
479,0.004832045640796423,0.0105594682947312,0.9002976190476191,1.3036384582519531,0.7791771088020496,0.05061520364917782,0.014935272316130455,1.0610580444335938,0.5920630097389221,0.06320781260728836,0.013863013671212232,0.7961309523809523,6.528204917907715,0.9849638251482589,0.05947917289822946,0.02497621293016994,0.5387177467346191,0.386671781539917,175.8214569091797,163.95494079589844,0.9703703703703703,0.8808193668528864,0.7085341215133667,0.47150564193725586,19.701961517333984,19.66800308227539,0.003303545376481032,-0.03395843505859375
480,0.02869504876434803,0.0228231940628586,0.8645833333333334,1.6651427745819092,0.9133489548309398,0.024231389130199843,0.02723724313449738,0.4650936424732208,0.6200566291809082,0.7414272427558899,0.019787254124915776,0.8303571428571429,9.601292610168457,0.9735123366002891,0.016702259269814945,0.020518546932775328,0.37989139556884766,0.2815385162830353,1218.564208984375,981.0140380859375,0.9407407407407408,0.8305400372439479,0.442326158285141,0.35211560130119324,396.1481628417969,395.68853759765625,-0.003035939937942822,-0.459625244140625
481,0.0023186644539237022,0.017258363618630868,0.8794642857142857,0.47300487756729126,0.17712722089804148,0.029299700581074117,0.015942291702782496,0.5107468962669373,0.5045783519744873,1.703800916671753,0.013294642256922784,0.8630952380952381,21.522863388061523,0.9325174559415796,0.024144948532168642,0.014899820928947038,0.2668156325817108,0.23018473386764526,341.5318908691406,130.8662567138672,0.9777777777777777,0.8566108007448789,0.3592106103897095,0.4443517029285431,46.83209228515625,122.8252182006836,-0.0039637213617080835,75.99312591552734
482,0.012772285379469395,0.013748574592505891,0.8616071428571429,1.62962806224823,0.8901671966707625,0.04155212636676919,0.019643973824434613,0.8491620421409607,0.527164876461029,0.4893910586833954,0.008663065711196793,0.8020833333333334,13.579899787902832,0.9654751779197354,0.06127519590431829,0.015378682855995307,0.3516445755958557,0.21114251017570496,1750.6519775390625,1284.3642578125,0.8222222222222222,0.8677839851024208,1.2206963300704956,0.45742297172546387,264.82952880859375,269.7162170410156,-0.005085508881309098,4.886688232421875
483,0.012633519247174263,0.020571437702082584,0.8764880952380952,1.6653814315795898,0.8527220629372061,0.026984862072507276,0.024809371555856496,0.7197862267494202,0.5051581263542175,0.9352564215660095,0.02468080202700107,0.8764880952380952,17.813749313354492,0.9632444892345592,0.03448904666201247,0.025610413921236974,0.210603728890419,0.13710317015647888,270.5408935546875,74.4943618774414,0.9555555555555556,0.8472998137802608,0.5163981318473816,0.4543266296386719,77.42646789550781,78.39249420166016,0.004109364324918485,0.9660263061523438
484,0.0070409635081887245,0.01402912882188212,0.8526785714285714,2.212184429168701,0.909801309577341,0.047556032260961945,0.02117862508382551,0.7136176824569702,0.4782618582248688,0.15420879423618317,0.009757066055025021,0.8526785714285714,18.91289710998535,0.9328452231758592,0.008652385860114742,0.016603546645079015,0.15576954185962677,0.142857164144516,44.39595031738281,6.351703643798828,0.8592592592592593,0.8584729981378026,0.4635836184024811,0.4579771161079407,14.52532958984375,9.275972366333008,-0.004272062766857099,-5.249357223510742
485,0.006540500558912754,0.015510883092670458,0.8779761904761905,2.058943271636963,0.9053741759519958,0.032393874983737136,0.022166299618384344,0.5835539698600769,0.494119256734848,0.05525626987218857,0.00938649392754587,0.8675595238095238,11.810142517089844,0.895139769081803,0.03694240435064067,0.012740338527806316,0.4895875155925751,0.09916187822818756,65.46702575683594,46.90546417236328,0.9259259259259259,0.8715083798882681,0.633792519569397,0.45416420698165894,19.395538330078125,16.98849105834961,-0.0061243891651245885,-2.4070472717285156
486,0.02206699550151825,0.022921688521052697,0.8422619047619048,1.748284935951233,0.875900212965129,0.02625759353010615,0.02358689628161237,0.6488834023475647,0.44869643449783325,0.4082881510257721,0.016571358108579903,0.8452380952380952,11.154869079589844,0.9297003322647899,0.05685762112643655,0.01815754245295853,0.5198964476585388,0.1643303781747818,78.69340515136719,51.5156135559082,0.9407407407407408,0.8156424581005587,0.4755978584289551,0.46342313289642334,19.591751098632812,15.094709396362305,-0.006350330412472793,-4.497041702270508
487,0.00967342872172594,0.013576848809491726,0.8705357142857143,1.7583550214767456,0.9175803466578439,0.0328426318875088,0.011784602489977813,0.5059972405433655,0.3179451823234558,0.2622188925743103,0.010498337325548612,0.8363095238095238,10.967340469360352,0.9060288024052955,0.04066433180604889,0.00919683445911812,0.5750667452812195,0.25453251600265503,12.011336326599121,4.568351745605469,0.9259259259259259,0.8677839851024208,0.5508851408958435,0.4077858328819275,8.875556945800781,5.7117180824279785,-0.003078511483943114,-3.1638388633728027
488,0.020765185356140137,0.02229821260254361,0.8735119047619048,1.7581114768981934,0.9257128166088143,0.025043655793764774,0.01753138751286909,0.6567785739898682,0.5406903028488159,0.6873323917388916,0.022355265086390297,0.7886904761904762,7.8367695808410645,0.9289980896275389,0.03710985943675671,0.013144129440106345,0.27972280979156494,0.4111889600753784,8.194805145263672,8.591442108154297,0.8,0.8901303538175046,1.411820888519287,0.4217205345630646,5.4647979736328125,4.704082489013672,5.705248384668682e-05,-0.7607154846191406
489,0.028078779578208923,0.028088821362825533,0.8467261904761905,1.4862468242645264,0.9220016438667151,0.0334480848348202,0.03179193769708699,0.6701445579528809,0.5728492140769958,0.12827260792255402,0.019083930154489503,0.8273809523809523,4.7301435470581055,0.9711975617854709,0.020502730292477844,0.02323433250755258,0.44808635115623474,0.2713516056537628,433.5870666503906,447.63067626953125,0.9259259259259259,0.8361266294227188,1.9612852334976196,0.4977271556854248,30.200721740722656,30.923540115356445,-0.00900489120833603,0.7228183746337891
490,0.021818481385707855,0.030708611714724277,0.8675595238095238,1.4862868785858154,0.8686233191171367,0.03025156075424429,0.03600843411015253,0.5425162315368652,0.5866196155548096,0.3634638488292694,0.03129188027506058,0.8422619047619048,7.872957229614258,0.9774851476129542,0.08425348944716682,0.036574002545970874,0.7627192735671997,0.25134313106536865,7.480683326721191,40.79602813720703,0.9629629629629629,0.8361266294227188,0.4612351953983307,0.5046573877334595,10.231727600097656,8.261933326721191,0.000583268560336303,-1.9697942733764648
491,0.0031419494189321995,0.016117047359375358,0.8779761904761905,0.6190982460975647,0.3689854449150166,0.054726838776073095,0.015975298119726977,0.8183093070983887,0.4233027994632721,0.3599809408187866,0.05380102337220005,0.7842261904761905,4.883547306060791,0.9643732036220174,0.05890192958248153,0.0521443098184895,0.6556069254875183,0.4501541256904602,32.13544464111328,37.445377349853516,0.7777777777777778,0.9124767225325885,0.6379364132881165,0.32438331842422485,6.461775779724121,7.014580249786377,0.037683976012824694,0.5528044700622559
492,0.008750667795538902,0.014372035727468702,0.8675595238095238,1.5116299390792847,0.8795209300701642,0.04256013510225054,0.02488885337970359,0.6596149802207947,0.5540139675140381,0.31290456652641296,0.01680868284017789,0.8110119047619048,7.376226425170898,0.9613580367630236,0.08169414701630662,0.0353508821090478,0.6227883696556091,0.5471458435058594,144.3115997314453,125.57261657714844,0.9407407407407408,0.8603351955307262,1.5596942901611328,0.5625659823417664,30.607572555541992,29.056190490722656,0.0024366471127091893,-1.551382064819336
493,0.014855828136205673,0.016433125706774243,0.84375,1.7589925527572632,0.801509439460252,0.03580004721705965,0.01286583003995534,0.5954275727272034,0.46147632598876953,0.19351887702941895,0.017222229606166484,0.84375,8.814796447753906,0.9492726460789989,0.027070675897606034,0.01056203315990989,0.3213842511177063,0.08732208609580994,76.60537719726562,32.36065673828125,0.9703703703703703,0.8156424581005587,0.4171213209629059,0.40880194306373596,26.679065704345703,19.74396324157715,0.0007891038993922406,-6.935102462768555
494,0.09742223471403122,0.05628010525367544,0.8229166666666666,1.7642018795013428,0.8817562092787262,0.01885987101280795,0.05076932620340868,0.513498842716217,0.6333306431770325,3.324833869934082,0.06255905267202977,0.8080357142857143,10.409940719604492,0.8951262945443001,0.010786168939197482,0.06844840429587573,0.3431381285190582,0.5365045666694641,222.5233917236328,165.43829345703125,1.0,0.7821229050279329,0.42485424876213074,0.5335252285003662,22.52583885192871,20.579362869262695,0.00627894741835433,-1.9464759826660156
495,0.008966051042079926,0.013783452024982767,0.8630952380952381,1.3953994512557983,0.7861186498889838,0.05410016947733487,0.015167488795105544,0.826546311378479,0.515318751335144,0.23484879732131958,0.012123727530909179,0.7901785714285714,8.463377952575684,0.9700418651100875,0.03183909800023954,0.022168051670212297,0.5181223154067993,0.33626267313957214,65.17400360107422,16.963272094726562,0.8518518518518519,0.8621973929236499,0.7465592622756958,0.4635465741157532,16.999807357788086,15.181983947753906,-0.001659724494073589,-1.8178234100341797
496,0.006091016810387373,0.01577177960514764,0.875,1.3274197578430176,0.8672767776860679,0.03860230272541387,0.020129227031951413,0.6433866024017334,0.527746319770813,0.06908778101205826,0.013470041259695087,0.8511904761904762,7.4998064041137695,0.9781111679402843,0.03680346843681126,0.016795687311027985,0.5232380032539368,0.2467181533575058,47.03444290161133,26.349353790283203,0.9703703703703703,0.8472998137802608,1.3501449823379517,0.4699876308441162,13.090608596801758,11.54737663269043,-0.002301738345452553,-1.5432319641113281
497,0.005834859795868397,0.009590712204586183,0.9032738095238095,1.7853456735610962,0.881522494879368,0.03767011712978041,0.013475634476076803,0.6642899513244629,0.38654041290283203,0.0343843474984169,0.005508606115236181,0.8630952380952381,8.81457805633545,0.924260753651892,0.033363498879812825,0.015533457723359678,0.39689430594444275,0.24904902279376984,39.560462951660156,25.751741409301758,0.9185185185185185,0.88268156424581,0.49513036012649536,0.427798330783844,8.95041275024414,6.832379341125488,-0.004082106089350002,-2.1180334091186523
498,0.03368662670254707,0.028656165764278207,0.8645833333333334,1.6845365762710571,0.8889904000426396,0.05588852067259731,0.02009978965784831,0.7201332449913025,0.4734760522842407,1.8150122165679932,0.04431772139616974,0.8705357142857143,10.054095268249512,0.9127577608797813,0.03547122960192195,0.03714086965362329,0.3709118068218231,0.414477676153183,173.17494201660156,145.21542358398438,0.762962962962963,0.9050279329608939,0.5188331604003906,0.37369853258132935,39.64038848876953,39.562225341796875,0.015661555631891533,-0.07816314697265625
499,0.06081310659646988,0.030228743548864068,0.8839285714285714,2.278320789337158,0.8525675953569779,0.043493627817877356,0.022140917474184563,0.6827663779258728,0.45315638184547424,3.350548505783081,0.04553194430112906,0.8407738095238095,13.554511070251465,0.9368837654783496,0.03248193815829836,0.027703996668582254,0.30537447333335876,0.4140154719352722,639.8966064453125,504.07366943359375,0.7111111111111111,0.9087523277467412,0.7566131949424744,0.377284973859787,162.30612182617188,175.7300262451172,0.01530320075226499,13.423904418945312
500,0.03522006422281265,0.024472484734066824,0.8229166666666666,1.9726213216781616,0.874344152897508,0.0362467003039062,0.030595854067212547,0.7628263235092163,0.45167240500450134,1.4243850708007812,0.016279516111341485,0.7678571428571429,14.342545509338379,0.9050908619481434,0.06600071583954581,0.02222770118430628,0.6069265604019165,0.33443453907966614,8.975508689880371,65.89762115478516,0.9407407407407408,0.8007448789571695,0.49807244539260864,0.43402552604675293,12.799022674560547,26.1893253326416,-0.008192968622725338,13.390302658081055
501,0.0030711174476891756,0.019849259225148908,0.8184523809523809,0.5236126184463501,0.3625294103607281,0.05205198776492448,0.019903740821513805,0.8705849051475525,0.5032387971878052,0.04131966456770897,0.015614950787766424,0.7916666666666666,3.9227242469787598,0.9670997671441957,0.05605438893410997,0.015267572610408342,0.407110333442688,0.41576945781707764,23.818918228149414,27.665023803710938,0.7703703703703704,0.8230912476722533,0.6903877258300781,0.4601621925830841,5.4821906089782715,6.985937118530273,-0.0042343084373824835,1.503746509552002
502,0.005188874900341034,0.011380994339777684,0.8675595238095238,1.5116924047470093,0.8415434930821404,0.03694733792304683,0.019121090322070322,0.7334914207458496,0.40072527527809143,0.038430213928222656,0.007055320519812502,0.8273809523809523,6.959123134613037,0.9034583073689827,0.029379040169858928,0.014255957943438813,0.14899884164333344,0.3394027054309845,18.186016082763672,13.784712791442871,0.8814814814814815,0.8677839851024208,0.6491840481758118,0.5117034912109375,6.832009315490723,5.326163291931152,-0.004325673819965181,-1.5058460235595703
503,0.0021952472161501646,0.016828522373427246,0.8779761904761905,0.5072399377822876,0.555212833862681,0.04064219454522511,0.020754382402072724,0.9711689352989197,0.5111075639724731,0.2827593684196472,0.033392875546558454,0.7961309523809523,4.981631278991699,0.861382985172323,0.03753496831272829,0.03509563951461381,0.22288475930690765,0.3716316521167755,118.12509155273438,109.55174255371094,0.9407407407407408,0.8566108007448789,0.5345227122306824,0.3901638090610504,16.068767547607422,15.11805534362793,0.016564353173131208,-0.9507122039794922
504,0.02300924062728882,0.013708339411501846,0.8482142857142857,1.9133886098861694,0.9335327990747897,0.023771696161199563,0.0195149491845118,0.4819868803024292,0.5666468143463135,0.563744068145752,0.009068398267957911,0.8184523809523809,10.05634593963623,0.9359464805382932,0.01147357206170374,0.013962853654638896,0.17606773972511292,0.3014073371887207,178.1620635986328,104.44511413574219,0.8666666666666667,0.839851024208566,0.49487149715423584,0.4075849950313568,21.133949279785156,17.063507080078125,-0.004639941143543935,-4.070442199707031
505,0.005655710585415363,0.00870945105448595,0.8675595238095238,1.723166823387146,0.8831603841178012,0.019855159527079946,0.013062160831739611,0.4319700002670288,0.4896030128002167,0.031845927238464355,0.005641069514824015,0.8273809523809523,7.935547828674316,0.9605729932499151,0.02316867353655616,0.010006576794447164,0.447397381067276,0.16130855679512024,25.639997482299805,5.02881383895874,0.9555555555555556,0.8603351955307262,0.4564968943595886,0.45318907499313354,11.688281059265137,8.557354927062988,-0.003068381539661935,-3.1309261322021484
506,0.03637384995818138,0.04397960474276219,0.8630952380952381,1.4239349365234375,0.8782410841809888,0.02311582752382324,0.055003681606945576,0.5065019726753235,0.6866346597671509,0.5382140874862671,0.03362542533052015,0.7991071428571429,6.606111526489258,0.9721594152077135,0.028690344908152365,0.04577157583946623,0.187455952167511,0.34302571415901184,331.26171875,313.4468078613281,0.9777777777777777,0.8324022346368715,0.37601813673973083,0.4061403274536133,163.93142700195312,163.9148712158203,-0.010354179412242037,-0.0165557861328125
507,0.041282497346401215,0.021139935961267176,0.875,2.2545738220214844,0.8931905671105898,0.028180802324402565,0.01877604798585053,0.8520705103874207,0.4494501054286957,2.8803913593292236,0.01735811810984922,0.875,19.750524520874023,0.8476028372219818,0.010609712410090677,0.0128025100843423,0.25629276037216187,0.2436981350183487,75.63676452636719,41.96841812133789,0.9851851851851852,0.8472998137802608,0.6220552921295166,0.4253729283809662,14.803062438964844,33.237205505371094,-0.003781817851417957,18.43414306640625
508,0.016850657761096954,0.020003600260189103,0.8705357142857143,1.48228919506073,0.8094740169498964,0.04227439465412963,0.02429138444050727,0.6540334224700928,0.5452836155891418,0.6967261433601379,0.01616062670939411,0.8630952380952381,10.276468276977539,0.9681144486421499,0.022895515211841633,0.02363278615507769,0.4426399767398834,0.413453072309494,353.9713134765625,280.53192138671875,0.8444444444444444,0.8603351955307262,0.6738861799240112,0.43160325288772583,91.63593292236328,89.4764633178711,-0.0038429735507949925,-2.1594696044921875
509,0.06400704383850098,0.04367124390936705,0.8482142857142857,2.062479019165039,0.8939131774966017,0.03119590825081686,0.02616238440114449,0.6059278249740601,0.4537888467311859,3.623623847961426,0.0438876662646569,0.8630952380952381,16.54429817199707,0.911266991416076,0.02772502516231279,0.021659629512627565,0.330128937959671,0.29216301441192627,45.334205627441406,19.200294494628906,1.0,0.8175046554934823,0.42399951815605164,0.46418678760528564,18.238643646240234,20.908294677734375,0.000216422355289847,2.6696510314941406
510,0.009299513883888721,0.016454033519977207,0.8705357142857143,1.7708868980407715,0.8593648412925403,0.044230003327545675,0.01785416793045247,0.6463968753814697,0.5025773644447327,0.7143729329109192,0.008451220553244099,0.7946428571428571,13.011548042297363,0.92022846951998,0.11718778862240198,0.005803070939856214,0.5119433403015137,0.29121628403663635,21.290376663208008,12.821402549743652,0.8296296296296296,0.8994413407821229,0.4510650634765625,0.403687059879303,10.191132545471191,7.164024829864502,-0.008002812966733108,-3.0271077156066895
511,0.003843342885375023,0.010762060008216223,0.8690476190476191,1.3439439535140991,0.8582084187187994,0.03646610514227944,0.01511674356949877,0.7673091888427734,0.5507732033729553,0.17185547947883606,0.014420025851558216,0.8452380952380952,8.647089004516602,0.9704491784540733,0.024537211205201914,0.024837349490161476,0.2334538996219635,0.3949245810508728,1356.2545166015625,1326.5257568359375,0.8962962962962963,0.8547486033519553,0.620659351348877,0.49094417691230774,311.01739501953125,309.00872802734375,0.0036579658433419926,-2.0086669921875
512,0.0025306486058980227,0.019980856168858585,0.8467261904761905,0.5189365744590759,0.15023354315151194,0.0408498349625368,0.022940936235475884,0.7506468296051025,0.5566588044166565,0.030486948788166046,0.0026590138510994565,0.9032738095238095,17.071218490600586,0.951518498730251,0.009768058100555699,0.003737815998501093,0.201697438955307,0.3097895085811615,221.31619262695312,130.24932861328125,0.9185185185185185,0.8417132216014898,0.832488477230072,0.532712459564209,61.21627426147461,146.2950439453125,-0.01732184231775913,85.07876968383789
513,0.012830179184675217,0.018034217515697004,0.8407738095238095,2.0337979793548584,0.8864716733890353,0.04204185374598235,0.019312114171641137,0.7963660955429077,0.5940181612968445,0.45371872186660767,0.014366658260204113,0.84375,18.87714385986328,0.9198934962765094,0.05074419191460311,0.01550644801649459,0.4426826238632202,0.11512327194213867,98.8520278930664,37.30744171142578,0.9481481481481482,0.8156424581005587,0.4255419075489044,0.41433292627334595,33.104156494140625,23.45522689819336,-0.0036675592554928915,-9.648929595947266
514,0.007815918885171413,0.01610701627109168,0.8616071428571429,1.841208577156067,0.922213111332167,0.048899398550843576,0.019120884358507007,0.7077353000640869,0.5183985829353333,0.20866136252880096,0.0044571196373821564,0.8348214285714286,18.28578758239746,0.9080769485436714,0.04049465530815788,0.005461570391168347,0.37100785970687866,0.08348442614078522,2531.00048828125,2292.71728515625,0.9851851851851852,0.8212290502793296,0.507590651512146,0.5157458782196045,1369.12255859375,1296.7864990234375,-0.011649896633709522,-72.3360595703125
515,0.03592547029256821,0.018472751276804145,0.8854166666666666,2.383277654647827,0.9238527938893103,0.03436990615031521,0.02835610539975708,0.806424617767334,0.4351061284542084,9.991317749023438,0.01633894557865645,0.8645833333333334,36.09421157836914,0.813498700354585,0.031886687515201184,0.02896489289077231,0.3938870131969452,0.329008549451828,170.9459228515625,271.4732971191406,0.9111111111111111,0.8789571694599627,0.5453917980194092,0.42587950825691223,30.63284683227539,291.9693603515625,-0.002133805698147695,261.3365135192871
516,0.005776084028184414,0.012465043478142479,0.8541666666666666,1.6263246536254883,0.8894357430852399,0.03300879976395377,0.016819443541049917,0.6580492854118347,0.5016594529151917,0.053243253380060196,0.0030248261037211233,0.8869047619047619,16.561471939086914,0.9600375463444412,0.013184107016940616,0.0050104503925867405,0.2729799151420593,0.11208940297365189,5099.50634765625,4560.654296875,0.8592592592592593,0.8528864059590316,0.7312750220298767,0.4385698735713959,858.586669921875,853.8746337890625,-0.009440217374421356,-4.7120361328125
517,0.04127459228038788,0.026470620423865165,0.8764880952380952,1.8868900537490845,0.8959116875779777,0.03687842602134683,0.035736922990806885,0.5597570538520813,0.4959545135498047,4.340459823608398,0.01916106424604358,0.8630952380952381,22.3328800201416,0.9526326448392524,0.02157592878374648,0.0340542124131642,0.4316692650318146,0.3820044696331024,63.7260627746582,586.4962768554688,0.9555555555555556,0.8696461824953445,1.3501449823379517,0.4596218764781952,19.878902435302734,136.1254119873047,-0.007309556177821586,116.24650955200195
518,0.013587933033704758,0.015581002130443444,0.8586309523809523,1.6390492916107178,0.8870977611310618,0.03937849133385907,0.012983440605308205,0.6740725040435791,0.49095961451530457,1.460158109664917,0.013560172941057269,0.8511904761904762,17.185182571411133,0.9249967906611615,0.02308336851177295,0.009879047582106781,0.32916882634162903,0.09585899114608765,100.37606811523438,70.61266326904297,0.9333333333333333,0.8305400372439479,0.7113566398620605,0.3912154734134674,30.372230529785156,27.53860855102539,-0.002020829189386175,-2.8336219787597656
519,0.01074399333447218,0.01741156969601032,0.8601190476190477,1.8231048583984375,0.9148928622265702,0.05113711450688041,0.018462666774665792,0.8388757109642029,0.4240776002407074,0.8582180142402649,0.01221538123460153,0.8497023809523809,18.590744018554688,0.8895817304264537,0.011249833831660894,0.01232888188575365,0.22965973615646362,0.20446588099002838,5.898627758026123,6.9851460456848145,0.8518518518518519,0.8566108007448789,0.9269264936447144,0.3719944357872009,11.250160217285156,9.191001892089844,-0.0051961884614087905,-2.0591583251953125
520,0.0026819133199751377,0.018223227770891137,0.8735119047619048,0.5510700345039368,0.22558452318616748,0.05707637746842331,0.014834411141057324,1.0116091966629028,0.3767040967941284,0.016250869259238243,0.019597427281147994,0.7961309523809523,2.8935859203338623,0.9444651829356113,0.06642232370047763,0.02012421733028813,0.4846550226211548,0.28113216161727905,37.24778366088867,45.74058151245117,0.6222222222222222,0.9273743016759777,0.7390553951263428,0.3627915382385254,5.490109443664551,6.854625701904297,0.0013741995102568572,1.364516258239746
521,0.0022152839228510857,0.017263627894266387,0.8735119047619048,0.5053086876869202,0.19539535927891502,0.03295540282699272,0.020790758677035726,0.8041386008262634,0.49219584465026855,0.2932639420032501,0.02404172509092617,0.7529761904761905,4.97519588470459,0.9501944566126975,0.048503812187017936,0.02093005733046538,0.6487625241279602,0.27683570981025696,46.33325958251953,31.4591121673584,0.9185185185185185,0.8621973929236499,0.8498086929321289,0.334298312664032,8.8323335647583,8.762173652648926,0.0067780971966597825,-0.070159912109375
522,0.03267677128314972,0.048949311020848096,0.7946428571428571,1.21076500415802,0.8481375359776367,0.02864314689522074,0.06067416269225545,0.676889181137085,0.7811505794525146,0.7167969346046448,0.04706653994658083,0.7604166666666666,5.991605281829834,0.8485039887802126,0.02245797504360625,0.05442731850564908,0.3588838279247284,0.5861486792564392,679.2266845703125,607.5989379882812,0.9629629629629629,0.7541899441340782,0.7337542176246643,0.44772830605506897,130.6085205078125,128.16770935058594,-0.0018827710742672643,-2.4408111572265625
523,0.04746711254119873,0.02036954741021857,0.8571428571428571,1.9714875221252441,0.8838249932894687,0.03867395065475332,0.026302075797834612,0.6733584403991699,0.5244208574295044,3.0974628925323486,0.013113132530473304,0.8392857142857143,18.19536590576172,0.90717113326812,0.03300980910844109,0.01977975724269776,0.4374440908432007,0.3376641571521759,16.569698333740234,55.572689056396484,0.8740740740740741,0.8361266294227188,0.5646226406097412,0.4399794936180115,11.900081634521484,22.15650749206543,-0.0072564148797452654,10.256425857543945
524,0.006764967460185289,0.01090055004766266,0.8839285714285714,1.7199256420135498,0.8157795108232306,0.028697002110275815,0.01585557312332886,0.7712175846099854,0.5151374936103821,0.04901944100856781,0.0021051927147908156,0.8586309523809523,10.585172653198242,0.9655401633684266,0.01145471197852066,0.0052650829777098895,0.29012417793273926,0.24124319851398468,976.1567993164062,964.7100830078125,0.9259259259259259,0.8752327746741154,0.6426844596862793,0.43947461247444153,173.46653747558594,172.4778289794922,-0.008795357332871845,-0.98870849609375
525,0.04937071353197098,0.04165546102282747,0.8363095238095238,1.6902960538864136,0.8293445172822645,0.02667376653756548,0.0369927634737951,0.5265764594078064,0.556697428226471,2.8544209003448486,0.041774719114208936,0.8526785714285714,13.249740600585938,0.9475497365511973,0.021123528757413412,0.030528594524799613,0.32470405101776123,0.3475401699542999,45.91130828857422,67.72502136230469,0.9851851851851852,0.8063314711359404,0.43300893902778625,0.36899906396865845,16.09884262084961,36.10551071166992,0.00011925809138146892,20.006668090820312
526,0.015425759367644787,0.018776607718909544,0.8348214285714286,1.559138298034668,0.8702179023117683,0.05490584352975891,0.02148283523127048,0.9765358567237854,0.5752860903739929,1.2007710933685303,0.014692497007832928,0.8735119047619048,12.511845588684082,0.914138603287192,0.040602808699250814,0.015346592644380097,0.5171200037002563,0.3226032257080078,91.3625717163086,67.65360260009766,0.8074074074074075,0.845437616387337,0.9678367972373962,0.459718257188797,13.697393417358398,11.665695190429688,-0.004084110711076616,-2.031698226928711
527,0.00794423371553421,0.014665437321580987,0.8497023809523809,1.9544470310211182,0.8980138678641596,0.026013919803893004,0.019235352287158114,0.5474483370780945,0.5419085025787354,0.05891462415456772,0.0030488215141245556,0.8303571428571429,12.644700050354004,0.9588431590908406,0.05006262752422186,0.015872059513526104,0.6664964556694031,0.2590789794921875,85.28175354003906,47.00938034057617,0.9481481481481482,0.819366852886406,0.4254094958305359,0.48637640476226807,23.34526252746582,19.01117706298828,-0.011616615807456432,-4.334085464477539
528,0.013895696960389614,0.012609921944429892,0.8988095238095238,2.0222067832946777,0.9360123988146531,0.028635044081701477,0.020497663244263276,0.6108705401420593,0.5163700580596924,1.1131672859191895,0.0058897142068898845,0.8125,15.530021667480469,0.9296857611851147,0.047357365213374636,0.010026180053050004,0.36380383372306824,0.35293591022491455,51.00509262084961,25.868667602539062,0.9851851851851852,0.8808193668528864,0.562187671661377,0.4360678791999817,16.997756958007812,11.401557922363281,-0.006720207737540007,-5.596199035644531
529,0.010683736763894558,0.020777141777580832,0.8541666666666666,1.855240821838379,0.7878466298128016,0.05139815923995794,0.022339675513769808,1.0540404319763184,0.4082987904548645,0.343896746635437,0.028880179342790302,0.8288690476190477,12.601953506469727,0.9135159531595286,0.13112600617879566,0.020908766861112205,1.0046879053115845,0.19547554850578308,48.56132888793945,29.909250259399414,0.9481481481481482,0.8361266294227188,0.6165022253990173,0.43660789728164673,10.002286911010742,7.278744697570801,0.00810303756520947,-2.7235422134399414
530,0.002753361128270626,0.01834482225791001,0.8348214285714286,0.5260552167892456,0.3957397902506706,0.0557092986645199,0.02069194309365152,0.8884516358375549,0.4746168255805969,0.6101199984550476,0.03119219776329296,0.7946428571428571,7.537616729736328,0.9974828227418637,0.12567051386151062,0.021325345361249748,0.537373960018158,0.3176979720592499,101.98213958740234,73.7831802368164,0.762962962962963,0.8752327746741154,0.7112042903900146,0.4198768734931946,19.026582717895508,19.00017738342285,0.012847375505382952,-0.02640533447265625
531,0.02590937167406082,0.01618780082134963,0.8601190476190477,1.767066240310669,0.7612005668497779,0.03266143963860735,0.027109929939340027,0.6228115558624268,0.5968420505523682,0.7008935213088989,0.010200284768104306,0.8288690476190477,10.20315933227539,0.9262307365750347,0.08726904998584195,0.02008599374895792,0.4116531312465668,0.39027151465415955,14.906883239746094,3.930967330932617,0.8518518518518519,0.8435754189944135,0.6430756449699402,0.4328266382217407,9.649667739868164,6.023972511291504,-0.005987516053245323,-3.62569522857666
532,0.011083178222179413,0.015944153742819878,0.8273809523809523,1.4228941202163696,0.8661871504600362,0.025490829515289026,0.024193547730189224,0.5911782383918762,0.694983959197998,0.20003977417945862,0.006476157693194429,0.8571428571428571,8.627095222473145,0.9935172428811448,0.05026443918506718,0.009221403105686199,0.2970764636993408,0.25984516739845276,27.110183715820312,26.122360229492188,0.9481481481481482,0.8026070763500931,0.5709701180458069,0.49277442693710327,6.155135154724121,6.5287652015686035,-0.009467996049625449,0.3736300468444824
533,0.009131153114140034,0.016015399497442462,0.8556547619047619,1.3762733936309814,0.8313880096673667,0.024616823740504334,0.023308096295618697,0.5600638389587402,0.54832923412323,0.03184082359075546,0.004420098459518407,0.8020833333333334,7.498586654663086,0.959723948457157,0.019238560589669107,0.010189410963630907,0.3214055299758911,0.341004878282547,8.741519927978516,5.4995574951171875,0.9777777777777777,0.8268156424581006,0.548703670501709,0.37614554166793823,5.550204277038574,5.31809139251709,-0.011595301037924055,-0.23211288452148438
534,0.0037185975816100836,0.017534021849824333,0.8511904761904762,0.7609872817993164,0.5486226375977514,0.043793198736585714,0.01771547583449118,0.6578860282897949,0.44299206137657166,0.06574280560016632,0.012098586813661938,0.8303571428571429,6.689120292663574,0.9381979656961954,0.023197470227711903,0.01038296658061455,0.2360612452030182,0.18670837581157684,146.25616455078125,151.6328582763672,0.8888888888888888,0.8603351955307262,1.4009180068969727,0.35880789160728455,31.013389587402344,30.583574295043945,-0.005435435036162395,-0.42981529235839844
535,0.023724108934402466,0.017265314271426857,0.8616071428571429,1.8259871006011963,0.9144450106616336,0.03679065404305493,0.01935774337068663,0.6687039732933044,0.48755744099617004,1.5875821113586426,0.015215891686083505,0.8229166666666666,13.312541961669922,0.9337267720275562,0.050726134300761117,0.015723419118332083,0.5883256196975708,0.3829825222492218,562.5250244140625,416.1620178222656,0.9481481481481482,0.8435754189944135,0.6986532211303711,0.3386642336845398,97.29962921142578,87.64655303955078,-0.0020494225853433523,-9.653076171875
536,0.007702621165663004,0.010880555696146321,0.8616071428571429,1.8279105424880981,0.8950219654606473,0.026067355826561722,0.015056897240728562,0.72371506690979,0.4003201127052307,0.359902024269104,0.009976709014056562,0.8035714285714286,14.204207420349121,0.9370002715086513,0.011245872030016923,0.01471148988980131,0.21707387268543243,0.19725440442562103,1310.8306884765625,749.8003540039062,0.9333333333333333,0.845437616387337,0.6888037323951721,0.4908199906349182,210.59713745117188,145.35330200195312,-0.0009038466820897595,-65.24383544921875
537,0.007908552885055542,0.014646698696190064,0.8705357142857143,1.8182847499847412,0.9180747828709627,0.04903248786821279,0.014855802684523689,0.7290669679641724,0.5332905650138855,0.13406158983707428,0.007956257346709572,0.8318452380952381,15.351006507873535,0.9502299998571051,0.03771863108067974,0.008382273553060648,0.40091046690940857,0.21849370002746582,24.450660705566406,134.0870361328125,0.9185185185185185,0.8715083798882681,0.7720023989677429,0.4684561789035797,16.625896453857422,47.80295944213867,-0.0066904413494804915,31.17706298828125
538,0.008264896459877491,0.011649636572548805,0.9181547619047619,1.482210636138916,0.8811140958070997,0.03394464808358377,0.0176819524569668,0.6651968955993652,0.4675694704055786,0.07102673500776291,0.0025804092357842867,0.8898809523809523,9.51927661895752,0.9159990489240454,0.012371000523719866,0.004704240367676693,0.1741277575492859,0.1911366730928421,433.5298156738281,413.8383483886719,0.9185185185185185,0.9124767225325885,0.5220020413398743,0.3855610191822052,93.7193603515625,92.36903381347656,-0.009069227336764518,-1.3503265380859375
539,0.029100313782691956,0.028984678750531456,0.8735119047619048,1.8428906202316284,0.9354078907369056,0.028933980730035946,0.02285614885674947,0.6244027018547058,0.43420884013175964,1.2373251914978027,0.03493316740550667,0.8050595238095238,12.497817039489746,0.9382721597212013,0.05662300003532539,0.02943959308544586,0.670423686504364,0.25983595848083496,21.782169342041016,20.523027420043945,1.0,0.851024208566108,0.4795617461204529,0.5094549059867859,12.732257843017578,12.462620735168457,0.005948488654975215,-0.2696371078491211
540,0.004332647193223238,0.008925018393529771,0.8735119047619048,2.0085151195526123,0.9334766890460837,0.04549337959329158,0.010648909954553032,0.6713082790374756,0.42086735367774963,0.02354743890464306,0.0070195151325863625,0.8452380952380952,10.41597843170166,0.9123365330334944,0.040294510285038054,0.007144540755496642,0.6401419639587402,0.19138172268867493,10.224024772644043,7.694189071655273,0.8814814814814815,0.8808193668528864,0.6825997829437256,0.4337383508682251,7.322132110595703,4.898567199707031,-0.0019055032609434086,-2.423564910888672
541,0.008199946954846382,0.018543434301090178,0.8720238095238095,1.7841662168502808,0.8022169693780342,0.03644636052451333,0.02081692809557567,0.6639114618301392,0.4606884717941284,0.1146552562713623,0.02564956036495869,0.8244047619047619,6.4075775146484375,0.9221667648115537,0.0892349815458856,0.030587743264691603,0.7659559845924377,0.20202948153018951,1403.5045166015625,1415.101806640625,0.9555555555555556,0.8528864059590316,0.5301401019096375,0.49404507875442505,419.1438903808594,417.4505310058594,0.007106126063868512,-1.693359375
542,0.003989486023783684,0.023449290585956795,0.8229166666666666,0.5454779267311096,0.4638741251035429,0.031844182289382794,0.028338136414698734,0.6500633358955383,0.6611354351043701,3.0229744911193848,0.01323645345836777,0.8110119047619048,20.12270164489746,0.9232460962139271,0.006686391068751685,0.016091028446480138,0.15004009008407593,0.3452819585800171,11.206685066223145,182.46937561035156,0.9333333333333333,0.7970204841713222,0.38862788677215576,0.46008747816085815,15.097938537597656,82.03216552734375,-0.010212837127589025,66.9342269897461
543,0.0015147356316447258,0.013140135461874647,0.8720238095238095,0.5118473172187805,0.26079875324753815,0.05048984281575697,0.012443236917150324,0.8035985827445984,0.35920077562332153,0.1141854003071785,0.01918393936101248,0.8467261904761905,6.322888374328613,0.9879179100395279,0.04101591529353421,0.02093328722016785,0.5356382727622986,0.3402169644832611,9.862428665161133,11.439559936523438,0.8222222222222222,0.9143389199255121,0.7438298463821411,0.4145946204662323,4.870526313781738,5.538023948669434,0.006043803899137834,0.6674976348876953
544,0.002276264363899827,0.017270661763795214,0.8303571428571429,0.4906620681285858,0.21066979705465433,0.028534956297145864,0.02172068923463677,0.5650806427001953,0.5551289319992065,0.25553157925605774,0.033238964838935625,0.7901785714285714,4.891505718231201,0.9106688949486224,0.05084033427413104,0.05048129599065232,0.2957596778869629,0.39038699865341187,116.86918640136719,121.11500549316406,0.8518518518518519,0.8063314711359404,0.6123722195625305,0.4284805953502655,21.139049530029297,21.21933364868164,0.01596830307514041,0.08028411865234375
545,0.008163530379533768,0.008758793405313381,0.8824404761904762,2.1162476539611816,0.9116533728110904,0.05012866173677133,0.010665639244500147,0.8637101650238037,0.4169986844062805,0.10170309245586395,0.010527098310301852,0.8422619047619048,8.103840827941895,0.9286398069834263,0.09290585712368093,0.009083054303480553,0.8630432486534119,0.2313414067029953,22.08010482788086,8.411785125732422,0.9037037037037037,0.8789571694599627,0.7234813570976257,0.3887624740600586,14.032633781433105,10.3062744140625,0.0017683049049884714,-3.7263593673706055
546,0.018605582416057587,0.027097611261397425,0.875,1.8815075159072876,0.9348543485928495,0.01864157355497742,0.03880587296505811,0.41900748014450073,0.6013112664222717,0.43979376554489136,0.02146214225890286,0.8273809523809523,9.042542457580566,0.8968628032898078,0.037043179030140205,0.02588970468802565,0.3991846442222595,0.36573556065559387,13.019411087036133,11.18000602722168,0.9703703703703703,0.8472998137802608,0.5625703930854797,0.39826932549476624,6.8421502113342285,4.7820000648498535,-0.005635469002494564,-2.060150146484375
547,0.022870641201734543,0.02270990929365102,0.8541666666666666,1.5864148139953613,0.841663477137805,0.03253840237787853,0.01605770674138496,0.5981135368347168,0.4148856997489929,0.7145946621894836,0.032627035110305624,0.8333333333333334,6.96877908706665,0.8298079121953323,0.03201218550431506,0.019862777150297717,0.17624351382255554,0.4843212962150574,63.34469223022461,64.11834716796875,0.8444444444444444,0.8770949720670391,0.706116259098053,0.35231709480285645,12.709217071533203,12.516036033630371,0.009917125816654604,-0.19318103790283203
548,0.006931197829544544,0.011730298775476045,0.8854166666666666,1.9239569902420044,0.8893966030758238,0.026484476200318574,0.018544883538721635,0.6494166254997253,0.47989824414253235,0.03372276574373245,0.009664744647612244,0.8020833333333334,9.446244239807129,0.952140227955133,0.025301725379364703,0.016823726037715203,0.5173584222793579,0.2257668673992157,90.90518951416016,61.259056091308594,0.9185185185185185,0.8901303538175046,0.5428969860076904,0.4014696180820465,16.40397071838379,14.611031532287598,-0.0020655541278638,-1.7929391860961914
549,0.007583083584904671,0.014552874894770973,0.8556547619047619,1.361802339553833,0.6978634783165644,0.027043175735318337,0.021076332107288542,0.5382035970687866,0.4560866355895996,0.02092760056257248,0.005297221362232651,0.8229166666666666,6.631472110748291,0.9505387686943093,0.030905839107757682,0.010012424368256001,0.4145272970199585,0.34613192081451416,29.597366333007812,11.296801567077637,0.9481481481481482,0.8361266294227188,0.44432276487350464,0.44323164224624634,10.940648078918457,9.363866806030273,-0.009255653532538322,-1.5767812728881836
550,0.022991467267274857,0.02090526504570156,0.8764880952380952,1.7131941318511963,0.9237862357796763,0.023032187777734858,0.021838671306565693,0.6171406507492065,0.6420029997825623,0.276351660490036,0.01055461955000847,0.8184523809523809,8.892365455627441,0.9261951498027396,0.010226113700972261,0.009588730019548297,0.29964175820350647,0.18610331416130066,8.855191230773926,5.67990779876709,0.9407407407407408,0.8640595903165735,0.4623953104019165,0.4711608588695526,6.851100444793701,5.072971343994141,-0.01035064549569309,-1.7781291007995605
551,0.0035955188795924187,0.020292115497573926,0.8318452380952381,0.6177999377250671,0.4938187492940251,0.061622617096661836,0.022461919687133736,0.7623611688613892,0.5300811529159546,0.043244972825050354,0.017472789447653403,0.7991071428571429,4.4039740562438965,0.9673579405577508,0.07248235453746754,0.013414853686756989,0.4221085011959076,0.33938440680503845,178.13214111328125,184.30335998535156,0.6814814814814815,0.8733705772811918,0.758951723575592,0.360615074634552,47.61381530761719,48.308013916015625,-0.002819326049920523,0.6941986083984375
552,0.012649649754166603,0.02099715690955084,0.8511904761904762,2.0027081966400146,0.9219121727756777,0.04046465527515586,0.025331440740132383,0.6740374565124512,0.5450295805931091,0.15186509490013123,0.018949170967014095,0.8229166666666666,13.75497817993164,0.9195005916556145,0.0275117975461584,0.018834062392015793,0.4662586748600006,0.29877981543540955,82.38494110107422,39.536354064941406,0.8518518518518519,0.8379888268156425,0.5805848240852356,0.4993433356285095,25.341270446777344,23.713483810424805,-0.0020479859425367453,-1.627786636352539
553,0.02550293318927288,0.020073903199582133,0.8452380952380952,1.763403296470642,0.8971604901839924,0.03086760282919765,0.023271352279158553,0.6061645746231079,0.5820387601852417,0.9506211876869202,0.011845413934934657,0.7916666666666666,11.546026229858398,0.9211322461658882,0.04367971543080973,0.01003743996619344,0.4247289299964905,0.2504100799560547,822.52001953125,692.5762939453125,0.9555555555555556,0.8156424581005587,0.7015098333358765,0.3949749171733856,225.8920135498047,204.1383514404297,-0.008228489264647476,-21.753662109375
554,0.039271049201488495,0.019610780013241236,0.8824404761904762,1.9950060844421387,0.9290564690806449,0.03291963714832202,0.02815249430384259,0.5999248623847961,0.49007153511047363,1.853710651397705,0.009496530606288967,0.8050595238095238,15.608139038085938,0.9273849411244072,0.038640558254942725,0.019765305163846447,0.6928917169570923,0.33446258306503296,9.261894226074219,103.27127838134766,0.8592592592592593,0.8770949720670391,0.6426847577095032,0.457173228263855,13.283555030822754,41.67528533935547,-0.01011424940695227,28.391730308532715
555,0.0028037684969604015,0.018347244942955032,0.8482142857142857,0.5305123329162598,0.23482309238380203,0.05909908175800482,0.01786065065307685,0.8513272404670715,0.539002537727356,0.0403171107172966,0.022625528143818352,0.7961309523809523,3.687195062637329,0.8823940074926846,0.05172457095859673,0.03034067178653732,0.33810174465179443,0.5121903419494629,86.67970275878906,92.93556213378906,0.6962962962962963,0.8957169459962756,0.9296272993087769,0.4046163558959961,8.677165031433105,9.711148262023926,0.00427828320086332,1.0339832305908203
556,0.002283349633216858,0.015543733568665008,0.8883928571428571,0.49530860781669617,0.3754979942902451,0.03828938821853467,0.01938885310704641,0.8169627785682678,0.5962889194488525,0.19151435792446136,0.013185622090211457,0.7752976190476191,6.351334571838379,0.967089613821043,0.019138634653395603,0.02151714298818852,0.46635186672210693,0.39489468932151794,23.42317771911621,12.195420265197754,0.8296296296296296,0.888268156424581,1.712522268295288,0.41092023253440857,11.178308486938477,10.52867603302002,-0.0023581114784535506,-0.649632453918457
557,0.011836481280624866,0.012622236392593189,0.8988095238095238,2.023909091949463,0.7939892034772252,0.04033065590189888,0.013436338376089707,0.7961825132369995,0.4174465537071228,0.35287734866142273,0.011814974257695732,0.8258928571428571,10.558143615722656,0.8888753920817668,0.029008129045640763,0.007851003926194644,0.41849592328071594,0.27693042159080505,9.912846565246582,9.507344245910645,0.837037037037037,0.9143389199255121,0.6344522833824158,0.44788599014282227,9.501798629760742,6.406972408294678,-0.0008072621348974574,-3.0948262214660645
558,0.013788731768727303,0.022229500405673952,0.8764880952380952,1.1916524171829224,0.860004432169706,0.019316113864306428,0.025125489354442698,0.4650430679321289,0.5899254083633423,0.06912562251091003,0.014430678523906448,0.8095238095238095,5.6758599281311035,0.9804802558569466,0.02703875948010559,0.021754278672686755,0.3957746922969818,0.34438008069992065,32.50302505493164,35.31242752075195,0.9629629629629629,0.8491620111731844,0.4026782810688019,0.42893028259277344,9.845698356628418,11.766016006469727,-0.007798821881767504,1.9203176498413086
559,0.08862665295600891,0.06119545915702307,0.8035714285714286,1.967237114906311,0.8582812839406425,0.026296801852013996,0.059084445934360796,0.4750935733318329,0.7820165157318115,2.5767805576324463,0.0679784915651771,0.8169642857142857,9.864762306213379,0.8620620593427368,0.02624476563493361,0.049197765096476664,0.3520231246948242,0.47182348370552063,46.61052322387695,36.08403015136719,0.9703703703703703,0.7635009310986964,0.37181606888771057,0.5298610329627991,12.210365295410156,9.546710968017578,0.006783032408154033,-2.663654327392578
560,0.006566573865711689,0.012605950873207039,0.8288690476190477,1.6732593774795532,0.9129064151574332,0.03043060572141343,0.019231609196259658,0.6957786679267883,0.5277180671691895,0.03681895136833191,0.006988721456428926,0.8288690476190477,9.649836540222168,0.9280894620979688,0.029222453262846226,0.0138453868426065,0.14146018028259277,0.2512982487678528,264.57940673828125,224.77157592773438,0.8888888888888888,0.8230912476722533,0.7470871806144714,0.4458354711532593,40.05796432495117,38.10152816772461,-0.005617229416778113,-1.9564361572265625
561,0.01126332301646471,0.011074335533278301,0.8735119047619048,1.881483554840088,0.8594866333283127,0.07084182261052718,0.01101194537089123,0.8723954558372498,0.41696617007255554,0.3337841331958771,0.004426403212995367,0.875,12.062506675720215,0.9239592232517916,0.04875114387540347,0.008444144952426624,0.792442262172699,0.2993738353252411,124.99056243896484,52.99930953979492,0.8592592592592593,0.8770949720670391,0.7061784267425537,0.3773464262485504,41.83692169189453,41.87197494506836,-0.006647932320282934,0.035053253173828125
562,0.020235756412148476,0.026182003818702948,0.8779761904761905,1.7107195854187012,0.9156939807119259,0.036354322447107124,0.02612566576330755,0.748440682888031,0.4660446047782898,0.7493385672569275,0.021668207522388738,0.8303571428571429,11.429059028625488,0.8850943770801163,0.02173646022611686,0.015025842542328527,0.4622991383075714,0.18169115483760834,92.4837646484375,48.97187042236328,0.9777777777777777,0.8584729981378026,0.6525207757949829,0.5161285400390625,27.028865814208984,20.966054916381836,-0.00451379629631421,-6.062810897827148
563,0.02089754119515419,0.026426852746512353,0.8392857142857143,1.5708500146865845,0.9104822513449633,0.01897179270615923,0.02882247312160169,0.49518856406211853,0.5375881195068359,0.7534882426261902,0.021476715352720332,0.8139880952380952,10.511784553527832,0.9077373700059981,0.012960426228475042,0.017118641519566435,0.3022780418395996,0.19982819259166718,106.29547119140625,65.76426696777344,0.9777777777777777,0.8119180633147114,0.5192909240722656,0.5014436841011047,22.586673736572266,19.54123878479004,-0.00495013739379202,-3.0454349517822266
564,0.014861924573779106,0.012938499283823401,0.84375,1.8876923322677612,0.9110878790303973,0.053064225781089824,0.014426043560449187,0.766359269618988,0.6141197681427002,0.4834091067314148,0.008791064840318441,0.8229166666666666,11.063392639160156,0.8978511864930234,0.09551906509863184,0.007887343680448966,0.8555876612663269,0.3863866329193115,408.3046875,303.42437744140625,0.8740740740740741,0.8305400372439479,0.4756683111190796,0.4562530219554901,56.863128662109375,48.93446731567383,-0.00414743444350496,-7.928661346435547
565,0.012152627110481262,0.014932120804439175,0.875,1.6927355527877808,0.8405150811402682,0.052422124174100304,0.02086382949797605,0.8996023535728455,0.4586622416973114,0.19290409982204437,0.006829543713676278,0.7886904761904762,10.54111099243164,0.9408136023299096,0.10513410672877377,0.00772070279400805,0.9347650408744812,0.14690212905406952,141.14358520507812,35.88521957397461,0.9333333333333333,0.8659217877094972,0.7394202351570129,0.4430062472820282,31.293413162231445,27.847667694091797,-0.008102577090762897,-3.4457454681396484
566,0.029489319771528244,0.03435082072947149,0.8125,1.6749258041381836,0.8480309169422685,0.03947237792109981,0.03871632252980217,0.671561598777771,0.5716079473495483,0.6431533098220825,0.028204829777680906,0.8020833333333334,9.729107856750488,0.9345121028732551,0.046192813910968744,0.030619002788031313,0.5482285022735596,0.2536885738372803,187.54803466796875,103.73346710205078,0.9629629629629629,0.7802607076350093,0.6757270097732544,0.4750691056251526,40.0563850402832,29.215017318725586,-0.006145990951790581,-10.841367721557617
567,0.04949698969721794,0.03546663774167924,0.8645833333333334,1.8574531078338623,0.902605842986851,0.027034091850446695,0.04056647656800483,0.45820286870002747,0.5477100014686584,1.6861027479171753,0.04101183726401625,0.8035714285714286,10.972245216369629,0.9325396516166793,0.053581523373095186,0.04358318583291765,0.6311992406845093,0.4280768036842346,56.043758392333984,17.977815628051758,0.8814814814814815,0.8547486033519553,0.5011027455329895,0.4125738739967346,15.535910606384277,12.703218460083008,0.005545199522337008,-2.8326921463012695
568,0.004701986908912659,0.009815073413323328,0.9136904761904762,2.0226333141326904,0.8719351861664758,0.04128605929271878,0.011426816317842814,0.8869099617004395,0.4070090055465698,0.057851266115903854,0.007980437209699098,0.8229166666666666,10.185157775878906,0.9431096425827215,0.16039455445691697,0.00860363259048047,1.1861110925674438,0.27054184675216675,25.2766056060791,13.461700439453125,0.9259259259259259,0.9106145251396648,0.685994565486908,0.4551399052143097,10.046175956726074,7.965416431427002,-0.0018346362036242292,-2.0807595252990723
569,0.005823547951877117,0.010051449345026553,0.8556547619047619,1.6759281158447266,0.9449883918656328,0.03127440607386922,0.014317040751677612,0.5706627368927002,0.5342316031455994,0.031440865248441696,0.00443501337339014,0.8050595238095238,9.866340637207031,0.9194472786796223,0.058291883050807125,0.005332601464743014,0.38328254222869873,0.18613792955875397,418.513671875,395.1996765136719,0.8592592592592593,0.8584729981378026,0.5590167045593262,0.3959033191204071,76.30839538574219,77.72537231445312,-0.005616435971636413,1.4169769287109375
570,0.008499962277710438,0.015387345353957471,0.8988095238095238,1.7697890996932983,0.9053441735589424,0.0232942674768003,0.01675550985574059,0.4868956208229065,0.42997848987579346,0.18201425671577454,0.010415946447461244,0.8214285714285714,15.27927303314209,0.9292573699728996,0.026315769813607948,0.010080382909367858,0.4980873167514801,0.2499205470085144,14.054770469665527,36.596954345703125,0.9851851851851852,0.8789571694599627,0.43077489733695984,0.34898072481155396,13.048572540283203,21.129051208496094,-0.004971398906496227,8.08047866821289
571,0.013020172715187073,0.015907765769676896,0.8690476190476191,1.82534921169281,0.8506013569868631,0.04271105416636978,0.013650403632441632,0.7801533341407776,0.5156617164611816,0.7147864103317261,0.02692727804625239,0.8035714285714286,8.24190902709961,0.9384307557737079,0.08901930996286933,0.011973657356104561,0.4853142201900482,0.3858705759048462,13.064976692199707,13.746990203857422,0.725925925925926,0.9143389199255121,0.6942223310470581,0.3522515892982483,6.625566005706787,5.563488006591797,0.011019512276575494,-1.0620779991149902
572,0.03710877522826195,0.026425680813472296,0.8482142857142857,1.8696659803390503,0.8817929659851134,0.028017004035901905,0.021533510403295764,0.6310233473777771,0.48757514357566833,0.5261781811714172,0.029940050054934386,0.8125,7.607297420501709,0.9442429315515846,0.02080045553592258,0.047049175167326984,0.3659467101097107,0.2414555847644806,18.760936737060547,18.68109130859375,0.9851851851851852,0.8119180633147114,0.6159904599189758,0.43840476870536804,5.211856842041016,4.8086161613464355,0.0035143692414620897,-0.4032406806945801
573,0.01194034330546856,0.01275439368431941,0.8482142857142857,1.7638978958129883,0.9084543132043322,0.04884016200948915,0.01474766917099124,0.6848084926605225,0.4122248589992523,0.10661843419075012,0.011870861578079372,0.8184523809523809,6.664541244506836,0.9601753174502836,0.075144712015212,0.010845951503785534,0.8893751502037048,0.33453109860420227,15.812944412231445,12.966715812683105,0.762962962962963,0.8733705772811918,0.5683838725090027,0.4420391023159027,5.164010047912598,4.813507080078125,-0.000883532106240037,-0.35050296783447266
574,0.0025620409287512302,0.017794487509566026,0.8586309523809523,0.5097491145133972,0.29150756446830184,0.06467389108750454,0.012695387944178127,1.0104694366455078,0.43650779128074646,0.03326689824461937,0.015117724876880345,0.7678571428571429,4.367051601409912,0.9914074182759597,0.07495843921364942,0.013985367174335184,0.6863772869110107,0.3044501543045044,433.6194152832031,424.051513671875,0.6666666666666666,0.9404096834264432,1.1948645114898682,0.36229407787323,157.49606323242188,157.50027465820312,-0.002676762632685681,0.00421142578125
575,0.00616075936704874,0.011501729840549313,0.8854166666666666,2.457468032836914,0.9392717348598982,0.04676323376363756,0.013006323508614748,0.7274864315986633,0.509445071220398,0.03080832026898861,0.0028555414960601544,0.8556547619047619,20.17914390563965,0.8931363363487936,0.033994838176048536,0.0019097663889480199,0.7065009474754333,0.10697987675666809,2682.71875,2033.4609375,0.9333333333333333,0.8715083798882681,0.8638638257980347,0.5148148536682129,668.8072509765625,554.546142578125,-0.008646188344489159,-114.2611083984375
576,0.0017537213861942291,0.015152097026295497,0.8511904761904762,0.4919889569282532,0.13160332377579337,0.02578546858106523,0.01952287157391852,0.47104188799858093,0.559334397315979,1.8396726846694946,0.013584008851348806,0.8854166666666666,18.88384246826172,0.9245942295465771,0.024810865572917895,0.022737829538564847,0.34963569045066833,0.35209137201309204,8.740403175354004,414.21392822265625,0.9481481481481482,0.8491620111731844,0.3429974913597107,0.3940281569957733,15.006284713745117,133.5215606689453,-0.0015680881749466913,118.5152759552002
577,0.004531404934823513,0.02514045230401274,0.8601190476190477,0.595879077911377,0.30759500948161617,0.05908446466984507,0.02551258797491096,1.0704307556152344,0.47742030024528503,0.08787444233894348,0.013714901964406279,0.8139880952380952,5.457443714141846,0.9921575471867381,0.07307517589943369,0.019221656210265614,0.37592974305152893,0.43944358825683594,749.8497924804688,771.5648803710938,0.7185185185185186,0.8919925512104283,0.8495045304298401,0.3654792308807373,107.9414291381836,108.33650970458984,-0.01142555033960646,0.39508056640625
578,0.008494693785905838,0.014157962627671439,0.8854166666666666,1.929078459739685,0.8731137894940986,0.032013797064293414,0.018484555166431993,0.5713684558868408,0.5669068098068237,0.14609555900096893,0.006240404858453452,0.8630952380952381,10.70704460144043,0.9477103808566416,0.04964022224614173,0.009677745971527596,0.44926539063453674,0.2904949188232422,51.71547317504883,26.151899337768555,0.9037037037037037,0.8789571694599627,0.6432680487632751,0.3835720717906952,15.240497589111328,18.625247955322266,-0.007917557769217987,3.3847503662109375
579,0.008675497025251389,0.015339906349699728,0.8764880952380952,1.777826189994812,0.881178665861592,0.04206914606718204,0.019645276850202564,0.9276026487350464,0.45355620980262756,0.2544083595275879,0.007341265813047615,0.8377976190476191,11.005578994750977,0.9277311087829111,0.06552764180296144,0.01037721981883255,0.6950874328613281,0.29240790009498596,17.7111873626709,8.856315612792969,0.8592592592592593,0.8696461824953445,0.8953033685684204,0.3700580298900604,9.877386093139648,7.028000831604004,-0.007998640536652113,-2.8493852615356445
580,0.013994848355650902,0.019202008169459495,0.8511904761904762,1.629438877105713,0.8942277966625528,0.016511100013853586,0.023661887108996194,0.40901029109954834,0.4982689619064331,0.18493054807186127,0.01247736144497813,0.8541666666666666,9.306278228759766,0.9216469776415334,0.018653705741796145,0.009490804866343572,0.3878684639930725,0.19098582863807678,157.1239471435547,152.39205932617188,0.9703703703703703,0.8230912476722533,0.34519705176353455,0.4769122302532196,33.988189697265625,33.66335678100586,-0.006724646724481365,-0.3248329162597656
581,0.04467914253473282,0.040739367937220106,0.8541666666666666,1.7862744331359863,0.8810321345640545,0.03345845121997704,0.02737112841674505,0.7674626111984253,0.5090257525444031,1.6197484731674194,0.04177224134656521,0.84375,11.365215301513672,0.9223705820460694,0.034295073661839925,0.019812590554634912,0.6177611351013184,0.2774125337600708,52.52926254272461,21.8851318359375,0.9851851851851852,0.8249534450651769,0.5847187638282776,0.5411657094955444,14.950109481811523,14.49646282196045,0.001032873409345103,-0.4536466598510742
582,0.012578378431499004,0.013921919149508688,0.8764880952380952,1.6382094621658325,0.87179235286609,0.037659509248011536,0.014616499344455525,0.949774444103241,0.5110127925872803,0.4938381612300873,0.014861066054419059,0.8318452380952381,9.864250183105469,0.9129323043640772,0.02307989155797674,0.014574450160371288,0.38781577348709106,0.37877315282821655,220.42498779296875,182.41958618164062,0.8444444444444444,0.888268156424581,0.964995801448822,0.3980279266834259,65.2150650024414,62.5845832824707,0.0009391469049103707,-2.630481719970703
583,0.01625516265630722,0.0176167430275308,0.8824404761904762,2.0367848873138428,0.8436634074314114,0.02806884119730857,0.022006735402880118,0.6044514179229736,0.4610791802406311,1.0182665586471558,0.018045136700149955,0.8497023809523809,12.887419700622559,0.9036690197113395,0.01643875186913113,0.025257761867100714,0.3193618357181549,0.26265668869018555,37.32709503173828,11.421485900878906,0.9703703703703703,0.8547486033519553,0.5167085528373718,0.4997168183326721,14.189223289489746,11.976545333862305,0.00042839367261915395,-2.2126779556274414
584,0.0046200500801205635,0.011927918983723806,0.8943452380952381,1.7105358839035034,0.784561396839782,0.019199746911436777,0.017433102925720867,0.6087607741355896,0.42234939336776733,0.040493108332157135,0.0046051888283688,0.8214285714285714,9.667966842651367,0.9468006689949101,0.05495374161155264,0.005820196020146939,0.520612895488739,0.13618117570877075,174.66171264648438,147.4225311279297,0.9185185185185185,0.8919925512104283,0.5258789658546448,0.39848971366882324,28.338966369628906,26.013389587402344,-0.007322730155355006,-2.3255767822265625
585,0.04433252662420273,0.026467293236773992,0.8869047619047619,1.7942065000534058,0.8843214315154428,0.021553841380834604,0.027034903489648765,0.46148815751075745,0.5363488793373108,1.2755602598190308,0.023508809624867233,0.8348214285714286,11.961535453796387,0.9332135178391179,0.007718693497686169,0.023757917953174723,0.30401259660720825,0.2989211082458496,20.67051887512207,4.5003581047058105,0.9185185185185185,0.8770949720670391,0.44929075241088867,0.5296045541763306,10.527902603149414,6.118910789489746,-0.0029584836119067592,-4.408991813659668
586,0.03360683470964432,0.02881066957680989,0.8526785714285714,1.431596040725708,0.8421768221386442,0.02437076587565934,0.03138537730785873,0.535285472869873,0.682108461856842,0.843233048915863,0.023139455937734033,0.8184523809523809,8.825350761413574,0.9253677881177683,0.020535589670419796,0.030699043556911332,0.6011156439781189,0.3415357768535614,132.6094512939453,122.12340545654297,0.9851851851851852,0.8268156424581006,1.678682804107666,0.49580180644989014,17.809236526489258,16.656930923461914,-0.005671213639075856,-1.1523056030273438
587,0.023578111082315445,0.028586520845717,0.8273809523809523,1.479843258857727,0.8277524452832772,0.027487971265429234,0.04624442164189724,0.6107767820358276,0.6035247445106506,1.0703372955322266,0.04818970969340863,0.7931547619047619,9.294047355651855,0.9563268189343991,0.06525792078605996,0.085523126977885,0.29963991045951843,0.443973571062088,22.288667678833008,4.045396327972412,0.9407407407407408,0.7970204841713222,0.39792436361312866,0.47041526436805725,8.967439651489258,5.2328619956970215,0.019603188847691633,-3.7345776557922363
588,0.011569445952773094,0.022261739619489074,0.8392857142857143,1.2935891151428223,0.8708821762625726,0.026961543667743504,0.031311787431381743,0.5553017854690552,0.6132989525794983,0.07154282927513123,0.01508709974364475,0.8452380952380952,7.750370502471924,0.9853043220832307,0.02448102605031699,0.0204594301049853,0.3963504731655121,0.23740343749523163,8653.0419921875,8563.638671875,0.9629629629629629,0.8175046554934823,0.4483793377876282,0.4348037540912628,2991.61083984375,2994.96875,-0.007174639875844324,3.35791015625
589,0.016003455966711044,0.013189674068007307,0.8839285714285714,1.928552508354187,0.9142452936690941,0.043546837834693486,0.01643950628599944,0.8236280679702759,0.48628953099250793,3.03126859664917,0.005731851903266638,0.8660714285714286,30.741222381591797,0.9050712187001544,0.06179848702749002,0.009132272027538857,0.6786532998085022,0.257796972990036,167.93780517578125,1054.2066650390625,0.8740740740740741,0.88268156424581,0.7111587524414062,0.4123390316963196,37.03969192504883,643.6766967773438,-0.007457822164740668,606.6370048522949
590,0.0038072997704148293,0.007473770299428639,0.8943452380952381,1.8456242084503174,0.8883953684874735,0.05836849956442769,0.008171095086160984,0.7983408570289612,0.28786566853523254,0.09652736037969589,0.004583361635146166,0.875,18.707305908203125,0.934379849043437,0.04261263945782234,0.008155678922100451,0.5306188464164734,0.1075393557548523,120.45387268066406,51.54884719848633,0.8814814814814815,0.8864059590316573,0.6467812657356262,0.39949244260787964,18.709842681884766,14.293251991271973,-0.0028904086642824733,-4.416590690612793
591,0.029573364183306694,0.019942241591842436,0.8333333333333334,1.9720646142959595,0.8767135399432299,0.07306627282906719,0.019445800564476423,0.8127903938293457,0.48306000232696533,3.056044578552246,0.014713765572233695,0.8273809523809523,19.046613693237305,0.9307534002657366,0.042316856916469914,0.014982847875780192,0.6258978247642517,0.35955873131752014,183.7921142578125,118.06087493896484,0.7851851851851852,0.8491620111731844,0.6992055773735046,0.4599146842956543,50.17464065551758,49.29279327392578,-0.005228476019608741,-0.8818473815917969
592,0.007067912258207798,0.012548244213140602,0.8720238095238095,2.0449342727661133,0.832676482076767,0.04118768468502543,0.01767648600644045,0.6868280172348022,0.6480785012245178,0.025434959679841995,0.0029376855975346006,0.8348214285714286,15.323715209960938,0.937086208395814,0.01345819194741038,0.0051740692007571365,0.29657578468322754,0.13621972501277924,22.02315902709961,9.878962516784668,0.8814814814814815,0.8808193668528864,0.43490666151046753,0.4349779188632965,14.060741424560547,12.818382263183594,-0.009610558615606002,-1.2423591613769531
593,0.0021362383849918842,0.016213803140464056,0.8571428571428571,0.5162698030471802,0.37047566829149897,0.04843566977527247,0.018221045730267726,0.6950268149375916,0.45623430609703064,0.29356709122657776,0.027273434510796335,0.78125,10.097153663635254,0.9746166597272617,0.05412245910689373,0.04277011487551052,0.279115229845047,0.40854811668395996,12.083606719970703,9.213552474975586,0.8074074074074075,0.8938547486033519,0.5024217367172241,0.40422436594963074,4.722822189331055,4.309243202209473,0.011059631370332279,-0.41357898712158203
594,0.010476543568074703,0.012757501597297605,0.8407738095238095,2.0077946186065674,0.9752459904424132,0.02948778292745735,0.01897855710971441,0.5839172601699829,0.4358673095703125,0.02854529581964016,0.004519134639985878,0.8229166666666666,7.021578311920166,0.9526132987801369,0.011662770502854802,0.00644196140472908,0.3635769784450531,0.24551492929458618,721.9600219726562,723.1166381835938,0.8592592592592593,0.845437616387337,0.766964852809906,0.3807337284088135,137.14479064941406,139.048583984375,-0.008238366957311727,1.9037933349609375
595,0.00639716163277626,0.012335081647884771,0.875,1.8385847806930542,0.8784748700981252,0.03988566946386818,0.0091114755705054,0.6509295105934143,0.33124470710754395,0.05777086690068245,0.005285131580817559,0.9002976190476191,17.751760482788086,0.9269604337538656,0.052014925265874146,0.0028071853146544035,0.6637200713157654,0.17337726056575775,141.55130004882812,46.09723663330078,0.9259259259259259,0.8659217877094972,0.5449458956718445,0.3810268044471741,33.05378341674805,51.405662536621094,-0.007049950067067212,18.351879119873047
596,0.020979901775717735,0.01601020144713028,0.8452380952380952,1.8269312381744385,0.9045532927634973,0.03856368051297954,0.023484042378166037,1.0042150020599365,0.5148177742958069,0.8940644860267639,0.005548528075776216,0.8020833333333334,15.379440307617188,0.9439392495941393,0.009684596587756333,0.00946715801032938,0.186759352684021,0.24504944682121277,57.84125518798828,29.698312759399414,0.8814814814814815,0.8305400372439479,0.6108109354972839,0.42904120683670044,21.214258193969727,21.629228591918945,-0.010461673371354063,0.41497039794921875
597,0.0056472476571798325,0.01178309745005024,0.8511904761904762,1.9835082292556763,0.9018919269102257,0.03666534570825286,0.013910533219560817,0.7324597239494324,0.3791782855987549,0.09704706817865372,0.005951367411299202,0.8035714285714286,11.21116828918457,0.9256106897188202,0.06853992907900452,0.008632957332643909,0.4747963845729828,0.22926677763462067,33.56835174560547,22.0772647857666,0.8814814814814815,0.8361266294227188,0.6772854328155518,0.45246320962905884,12.392024040222168,10.390983581542969,-0.005831730038751037,-2.001040458679199
598,0.015325607731938362,0.01863947477813388,0.8616071428571429,1.7150558233261108,0.904488811137656,0.047479767550465124,0.023514042723849493,0.7072397470474243,0.6180901527404785,0.0717732310295105,0.010188032791165536,0.8392857142857143,9.935574531555176,0.9224167815490171,0.10501071407113882,0.009423183287562975,0.46671465039253235,0.21767562627792358,28.15620994567871,19.844131469726562,0.8592592592592593,0.8640595903165735,0.7915204763412476,0.5148810744285583,8.58073902130127,7.363154888153076,-0.008451441986968344,-1.2175841331481934
599,0.016098441556096077,0.023026466159273062,0.8794642857142857,1.4567782878875732,0.826522187879442,0.03574791530796895,0.028961514975809788,0.55938720703125,0.5325844883918762,0.12064001709222794,0.005674321027663298,0.8154761904761905,9.354273796081543,0.9339580712424234,0.04605029833048013,0.008373113332724946,0.18645942211151123,0.19687582552433014,17.40297508239746,12.19441032409668,0.9259259259259259,0.8640595903165735,0.5081344842910767,0.4614957273006439,6.405193328857422,4.919890403747559,-0.017352145131609764,-1.4853029251098633
600,0.01293375063687563,0.01203825672507619,0.8571428571428571,1.5543625354766846,0.8859819001521041,0.051039261005199066,0.012020105684158566,0.8100423812866211,0.4757491946220398,0.3329678475856781,0.00758183335346807,0.8809523809523809,8.631433486938477,0.9956145636474479,0.034561135620194916,0.007779482803218163,0.658087432384491,0.31622105836868286,1049.442138671875,1029.795166015625,0.7703703703703704,0.8938547486033519,0.6598259210586548,0.35517147183418274,174.4193572998047,177.2841339111328,-0.00445642337160812,2.864776611328125
601,0.013631395064294338,0.017742248510676628,0.8497023809523809,1.6407970190048218,0.8178842795400454,0.05155813564870049,0.015280953775847705,0.8597846627235413,0.539139449596405,0.6121761798858643,0.015246438533791484,0.8616071428571429,15.49609661102295,0.9582017991661963,0.025462025531325705,0.010307586646281619,0.5286182761192322,0.13746634125709534,228.22634887695312,29.337966918945312,0.9407407407407408,0.8249534450651769,0.596510112285614,0.3931804597377777,36.12344741821289,31.586641311645508,-0.002495809976885144,-4.536806106567383
602,0.009492815472185612,0.01838490292320971,0.8645833333333334,1.5604796409606934,0.9134050628103569,0.027749645877271467,0.024192457965452885,0.6173348426818848,0.522333562374115,0.2339048683643341,0.012753448955207358,0.8675595238095238,14.667765617370605,0.9468059342593638,0.04353849537849497,0.017337120973101916,0.6386231780052185,0.21180680394172668,327.9041748046875,173.68844604492188,0.9851851851851852,0.8361266294227188,0.4724557399749756,0.39281997084617615,26.418411254882812,22.3927059173584,-0.005631453968002353,-4.025705337524414
603,0.0020193192176520824,0.01418787304314073,0.8645833333333334,0.5084452033042908,0.31973261731800307,0.04442576033248091,0.016421196459719622,0.7853028774261475,0.5479273200035095,0.07846572995185852,0.008510762995921461,0.8288690476190477,9.553851127624512,0.9636075768729043,0.01946647432854698,0.011536320548295786,0.4714764654636383,0.24383395910263062,20.987600326538086,12.253564834594727,0.9185185185185185,0.8584729981378026,0.8543681502342224,0.40146100521087646,11.683552742004395,9.501687049865723,-0.005677110047219269,-2.181865692138672
604,0.0022035124711692333,0.01543796968258504,0.8839285714285714,0.5825299024581909,0.5396292824586747,0.05409505948186111,0.014816971894687225,0.9611299633979797,0.3665575385093689,0.09777885675430298,0.008477991926766681,0.8660714285714286,7.792585849761963,0.9898691711726755,0.029599511730766914,0.006234135340540736,0.40214061737060547,0.26841264963150024,182.6458282470703,171.3804473876953,0.6962962962962963,0.9143389199255121,0.8061038255691528,0.4050320088863373,12.604799270629883,13.105846405029297,-0.006959977755818358,0.5010471343994141
605,0.012753582559525967,0.01963164499364578,0.8482142857142857,1.4148379564285278,0.8002788698373904,0.04899902216333518,0.026614711392808243,0.802239179611206,0.5073792338371277,0.02245178632438183,0.0036968736143448977,0.8422619047619048,10.607869148254395,0.9760738177119492,0.07633117505900788,0.004652928891719199,0.8062331676483154,0.11904578655958176,13.817802429199219,8.554542541503906,0.8740740740740741,0.8547486033519553,0.7242000102996826,0.34987202286720276,10.31959056854248,8.095402717590332,-0.015934771379300883,-2.2241878509521484
606,0.00382423447445035,0.009407488174746348,0.8586309523809523,1.3964896202087402,0.8516278486209888,0.05787225148909425,0.011332011788592333,0.8844297528266907,0.43581342697143555,0.08294153213500977,0.008971325795010032,0.8080357142857143,8.809036254882812,0.934922758594012,0.05565569610792709,0.011313344238497391,0.45809322595596313,0.3813256323337555,20.18500328063965,20.852794647216797,0.837037037037037,0.8770949720670391,0.5950941443443298,0.4340421259403229,7.815249443054199,7.742081642150879,-0.00043616237973631566,-0.07316780090332031
607,0.010331658646464348,0.01765923775186351,0.8348214285714286,2.200319290161133,0.9179151122166187,0.04494950645188189,0.02875727797992933,0.8538179993629456,0.4707428514957428,0.21177412569522858,0.01745358164995392,0.8080357142857143,10.158607482910156,0.9295632582099285,0.03442116687207175,0.03166411399477653,0.45832565426826477,0.26187863945961,8.599311828613281,7.1647257804870605,0.837037037037037,0.8417132216014898,0.7143428921699524,0.4118005335330963,5.917871475219727,4.473097801208496,-0.00020565610190959038,-1.4447736740112305
608,0.002901185769587755,0.017740109214517297,0.8839285714285714,0.5858051180839539,0.25896245525877504,0.058270214949917576,0.01563929678699616,0.9598925709724426,0.4372302293777466,0.3780578076839447,0.015755934686147888,0.8288690476190477,7.533562660217285,0.960520860207405,0.011537852467833676,0.010536449689615979,0.3438838720321655,0.391012966632843,290.3297424316406,301.7667236328125,0.6888888888888889,0.9087523277467412,1.4128726720809937,0.43398743867874146,65.5719223022461,67.16064453125,-0.001984174528369409,1.5887222290039062
609,0.10573727637529373,0.0646766422469387,0.8318452380952381,1.8517013788223267,0.9203831694855574,0.026372498332257632,0.07380665456340063,0.5248998403549194,0.7564895153045654,5.366508483886719,0.07074237764980784,0.8169642857142857,13.179863929748535,0.9542307964256765,0.016523252857445936,0.07729792298540528,0.3054237365722656,0.6191245913505554,32.49297332763672,9.494672775268555,0.9703703703703703,0.7914338919925512,0.39248067140579224,0.49014541506767273,14.392799377441406,10.8394193649292,0.0060657354028691435,-3.553380012512207
610,0.015155969187617302,0.015630778278158175,0.8541666666666666,1.4409332275390625,0.7779100784161926,0.02114176676076407,0.02150653173774586,0.6342776417732239,0.4899546504020691,0.6262215971946716,0.015666465822134157,0.8511904761904762,9.850074768066406,0.9243933883144082,0.016665560782615718,0.0225159572948731,0.4268432855606079,0.3158535361289978,51.861793518066406,39.76441192626953,1.0,0.8249534450651769,0.5112171173095703,0.46723416447639465,6.372995853424072,4.864534854888916,3.568754397598184e-05,-1.5084609985351562
611,0.005571184679865837,0.014335439363407754,0.8616071428571429,1.0859466791152954,0.872222174912578,0.03598150330548511,0.02158608218900049,0.7034893035888672,0.5457868576049805,0.4060295820236206,0.03852089857091623,0.7857142857142857,7.551065444946289,0.9768404896324749,0.01625490412251751,0.06178569804085787,0.3676317036151886,0.6004945039749146,28.1351318359375,13.75672435760498,0.9259259259259259,0.839851024208566,1.6113566160202026,0.4457492232322693,5.7680535316467285,6.413805961608887,0.024185459207508475,0.6457524299621582
612,0.011112314648926258,0.0208259445076191,0.8869047619047619,1.2271653413772583,0.8196714122393647,0.024522489752823673,0.030256752691695588,0.7437814474105835,0.6348702311515808,0.03319184482097626,0.005952212513196886,0.8258928571428571,7.306710243225098,0.9302970635598118,0.03646404769649436,0.011084360063419396,0.4969058334827423,0.3145343065261841,148.23007202148438,129.48655700683594,0.9703703703703703,0.8621973929236499,0.4697194993495941,0.462811678647995,35.72774887084961,35.14271545410156,-0.014873731994422212,-0.5850334167480469
613,0.051524482667446136,0.03506079190028266,0.8110119047619048,1.9820400476455688,0.9104316603154009,0.037582473807067585,0.0415116673272975,0.7097363471984863,0.6102791428565979,1.8679105043411255,0.029465697765720278,0.7827380952380952,13.543578147888184,0.9354391130646097,0.054462160983437036,0.034278300163667286,0.7535537481307983,0.38108107447624207,306.6712341308594,209.51101684570312,0.8888888888888888,0.7951582867783985,0.530443012714386,0.53023362159729,70.53115844726562,67.87711334228516,-0.005595094134562384,-2.6540451049804688
614,0.01136983186006546,0.015720503145955744,0.8526785714285714,1.8481640815734863,0.9089309172530773,0.06073929183521898,0.017706714980682436,0.7731078267097473,0.46782946586608887,0.20594938099384308,0.004445533794037226,0.8214285714285714,14.465156555175781,0.9250153960499401,0.06816735707368227,0.0070986514480901874,0.4736965298652649,0.11764466762542725,22.6898250579834,15.307766914367676,0.7777777777777778,0.8808193668528864,0.62217116355896,0.3879897892475128,13.042896270751953,14.744486808776855,-0.011274969351918518,1.7015905380249023
615,0.0022264602594077587,0.016190232587370068,0.875,0.500145673751831,0.30073930961516315,0.05046861418929138,0.01709211994671156,1.012689232826233,0.47748884558677673,0.07436304539442062,0.0073819974419645495,0.8273809523809523,7.398071765899658,0.9936110750885568,0.026419067856610412,0.005826706807296578,0.36007606983184814,0.2714153826236725,23.2135066986084,18.521011352539062,0.7703703703703704,0.9068901303538175,0.7919285893440247,0.39403781294822693,6.774827003479004,7.173013687133789,-0.008808235145405519,0.39818668365478516
616,0.035212524235248566,0.03716976106549308,0.8214285714285714,1.4037575721740723,0.8301093580737879,0.03295581601299402,0.033430700540180935,0.5842947363853455,0.5940918326377869,1.1020609140396118,0.04019940730018756,0.8020833333333334,8.860657691955566,0.8614366962498671,0.033766259017570466,0.04602316216517943,0.5969337224960327,0.35062190890312195,168.10238647460938,154.42501831054688,0.9925925925925926,0.7858472998137802,0.5835545659065247,0.4421583116054535,25.412824630737305,23.58016014099121,0.003029646234694483,-1.8326644897460938
617,0.0233524851500988,0.016800156908156616,0.90625,1.943487524986267,0.8850566639886128,0.046646310204669694,0.018144939554334938,0.7302783131599426,0.4551960229873657,0.23958276212215424,0.00730490499636427,0.8705357142857143,10.92125415802002,0.9480636296688932,0.035809589303961054,0.010902453322333638,0.3711887300014496,0.24496668577194214,18.98482894897461,4.527348518371582,0.8962962962962963,0.8938547486033519,0.6200010180473328,0.4044518768787384,10.898374557495117,7.698938846588135,-0.009495251911792346,-3.1994357109069824
618,0.002795590553432703,0.015824800650663606,0.8988095238095238,0.5775223970413208,0.30706844369049513,0.03498061613152603,0.01759748698639274,0.6489084959030151,0.4901832938194275,0.546807587146759,0.036421323363390434,0.8050595238095238,6.755871772766113,0.992038476943985,0.009892604059553278,0.05050329008969823,0.22385211288928986,0.4064115285873413,1500.302490234375,1475.962646484375,0.9111111111111111,0.8901303538175046,0.6221710443496704,0.3994552493095398,609.3636474609375,609.83203125,0.020596522712726828,0.4683837890625
619,0.028539683669805527,0.02641226501345484,0.8586309523809523,2.2006845474243164,0.923307185893575,0.0506857868999574,0.026110589514919624,0.8461380004882812,0.6053236722946167,4.729597568511963,0.02533831344747761,0.8601190476190477,27.775299072265625,0.8759469218440954,0.020286644680493682,0.02251399062145598,0.49779877066612244,0.23604823648929596,46.04195785522461,158.65673828125,0.9555555555555556,0.8342644320297952,0.7196977138519287,0.4497205317020416,19.23600959777832,135.44949340820312,-0.001073951565977227,116.2134838104248
620,0.00581599585711956,0.011138240813268308,0.8616071428571429,1.5876246690750122,0.8206890511500837,0.041969450323766866,0.012495199824511749,0.7894248366355896,0.427016019821167,0.18855293095111847,0.00705032624778501,0.8616071428571429,12.019326210021973,0.9339995741456171,0.051860931039912406,0.009699556195459813,0.6975283026695251,0.14308609068393707,13.3486909866333,6.406883716583252,0.9185185185185185,0.8547486033519553,0.649338960647583,0.45124343037605286,6.431985855102539,4.872101306915283,-0.004087914565483297,-1.5598845481872559
621,0.004293243400752544,0.011725310202485906,0.8928571428571429,1.2491549253463745,0.8369443556803091,0.04203914813304466,0.014321689493473011,0.7172534465789795,0.4287124276161194,0.09154394268989563,0.005050907048550379,0.8050595238095238,7.312282085418701,0.9308132054757178,0.03478165689804935,0.012915533152185743,0.7073081731796265,0.3443406820297241,608.0138549804688,605.94384765625,0.9111111111111111,0.9050279329608939,0.5739849209785461,0.43020787835121155,115.19868469238281,115.26690673828125,-0.006674403153935526,0.0682220458984375
622,0.0079194325953722,0.011245287208353716,0.8794642857142857,1.9088733196258545,0.9336183992723801,0.029264333762410222,0.014318638534579708,0.5750038623809814,0.43853914737701416,0.3740140199661255,0.005430025276202621,0.8541666666666666,16.7530460357666,0.9479724416835059,0.04324239749110537,0.006869526406688697,0.5409377217292786,0.18021808564662933,19.502038955688477,47.40935134887695,0.837037037037037,0.8919925512104283,0.4977802336215973,0.4506901204586029,14.736506462097168,29.367420196533203,-0.0058152619321510945,14.630913734436035
623,0.0019863464403897524,0.01360968636223181,0.8928571428571429,0.5086230635643005,0.3666331333207158,0.0728897733720626,0.010422524253036358,0.9161385893821716,0.38544511795043945,0.013312931172549725,0.002510262359513904,0.8125,9.22390079498291,0.9967263973216994,0.06730987571437397,0.01335947114584568,0.7906351089477539,0.201862171292305,745.8057861328125,728.7293701171875,0.6148148148148148,0.9478584729981379,0.828489363193512,0.4303071200847626,159.6073760986328,159.9898223876953,-0.011099424002717906,0.3824462890625
624,0.0058884648606181145,0.008813461660734712,0.8556547619047619,1.9624210596084595,0.8967152829122522,0.025844695703365117,0.0116824858166662,0.5869818925857544,0.5066997408866882,0.02669881284236908,0.002892872916989253,0.8586309523809523,14.577431678771973,0.9482389628143546,0.07011755792557572,0.004262548732632987,0.35086750984191895,0.15813128650188446,57.658111572265625,57.330379486083984,0.9333333333333333,0.8268156424581006,0.5619515776634216,0.46640753746032715,22.713716506958008,49.96265411376953,-0.0059205887437454585,27.248937606811523
625,0.010971147567033768,0.01617555263385373,0.8705357142857143,1.9788713455200195,0.8631690524786838,0.034715557083911164,0.016914274232275206,0.7350635528564453,0.48481643199920654,0.37026646733283997,0.01091475547566001,0.8645833333333334,13.26315689086914,0.9357120476903453,0.07293015564343264,0.004799195672698597,0.3680252432823181,0.14418284595012665,193.8782501220703,155.71875,0.7703703703703704,0.9068901303538175,0.5754808783531189,0.40205907821655273,27.822078704833984,24.67764663696289,-0.00526079715819372,-3.1444320678710938
626,0.022349204868078232,0.021396955862812428,0.8720238095238095,1.3393148183822632,0.7895562641822348,0.029568887382556697,0.027841270052129108,0.6772657632827759,0.6287198066711426,0.49519139528274536,0.010733826350820874,0.8020833333333334,8.075342178344727,0.959425271393437,0.12305020909327824,0.014676319782743974,0.43401336669921875,0.3418892025947571,645.6407470703125,443.86419677734375,0.9555555555555556,0.8659217877094972,0.8378174901008606,0.4434954524040222,127.70240783691406,121.4889907836914,-0.010663129511991554,-6.213417053222656
627,0.008817106485366821,0.012639378142323743,0.8630952380952381,1.855948805809021,0.9184580115781874,0.028945947055869503,0.013838426350688104,0.5441878437995911,0.4976242482662201,0.22925439476966858,0.00370801575468116,0.8586309523809523,15.936145782470703,0.9473802879809946,0.017365242396067848,0.003774017800037277,0.4182899296283722,0.09391830861568451,124.03684997558594,26.750383377075195,0.9777777777777777,0.8435754189944135,0.5308645963668823,0.4061560034751892,51.62351608276367,31.291643142700195,-0.008931362387642583,-20.331872940063477
628,0.006164953112602234,0.013638103495232756,0.8601190476190477,1.8371731042861938,0.8866689517641225,0.029565558012454862,0.01554454216880563,0.5028941631317139,0.49354293942451477,0.539916455745697,0.009023824203428621,0.8482142857142857,17.81842041015625,0.8711592579870514,0.01839152323855986,0.009193598551070603,0.44305938482284546,0.17825333774089813,35.62342071533203,19.817535400390625,0.9555555555555556,0.8268156424581006,0.5568973422050476,0.4404107332229614,13.273879051208496,13.752100944519043,-0.004614279291804135,0.4782218933105469
629,0.004770630970597267,0.009871839657647263,0.8675595238095238,1.4226157665252686,0.8942967521638094,0.029439127481934113,0.012472786555697946,0.5401977300643921,0.4951140582561493,0.01768902689218521,0.002302739681954713,0.8541666666666666,11.228365898132324,0.938366396625623,0.015242741350269484,0.00272964071369175,0.27016952633857727,0.09144099801778793,27.938703536987305,19.362245559692383,0.8740740740740741,0.8715083798882681,0.5182576179504395,0.41874632239341736,10.009361267089844,8.918449401855469,-0.00756909997569255,-1.090911865234375
630,0.00794382207095623,0.01977899853444598,0.8764880952380952,1.895660161972046,0.9330352677235445,0.03547538207987244,0.024959542589670924,0.7334275245666504,0.45172634720802307,0.060803938657045364,0.008219514300841113,0.8824404761904762,12.64334487915039,0.9253050503910587,0.062222133938121704,0.007878700311869768,0.5229233503341675,0.1131317988038063,390.07470703125,369.3108825683594,0.9407407407407408,0.8640595903165735,0.5142432451248169,0.4950003921985626,75.32621002197266,71.487060546875,-0.011559484233604866,-3.8391494750976562
631,0.03827250748872757,0.034685609035217224,0.8333333333333334,1.5436124801635742,0.8377885846419697,0.01980182482273396,0.036494346149156254,0.47557884454727173,0.5384681224822998,2.879936695098877,0.03181101649445128,0.8348214285714286,13.253859519958496,0.9395124781156896,0.020487589408714646,0.029263856501824392,0.21561622619628906,0.389117032289505,90.104736328125,31.420026779174805,0.9925925925925926,0.8044692737430168,0.5530357956886292,0.5068216323852539,30.561622619628906,32.298194885253906,-0.002874592540765941,1.736572265625
632,0.01245873887091875,0.023504967573662716,0.8288690476190477,2.1241843700408936,0.8711420061110872,0.03776467268092776,0.03344519627918441,0.7044805884361267,0.4435383379459381,0.4900355637073517,0.0182510504779968,0.8065476190476191,13.966225624084473,0.9295502215627978,0.022538086519773737,0.03031269072502507,0.2907252907752991,0.22313560545444489,23.206445693969727,13.613496780395508,0.8740740740740741,0.8305400372439479,0.5345223546028137,0.4310872554779053,12.232203483581543,10.583398818969727,-0.0052539170956659165,-1.6488046646118164
633,0.0021007154136896133,0.00773542912418157,0.8794642857142857,2.125009298324585,0.9305262144029209,0.030087121227285074,0.01913989467066246,0.6657333970069885,0.4744262099266052,0.05147914960980415,0.0066142459566597145,0.8229166666666666,11.162997245788574,0.9566838701145783,0.009094919097245246,0.018294922998867702,0.30061212182044983,0.32001325488090515,1012.2380981445312,984.8493041992188,0.9259259259259259,0.8733705772811918,1.412617564201355,0.4542163610458374,172.01101684570312,169.73582458496094,-0.0011211831675218553,-2.2751922607421875
634,0.014074228703975677,0.019796366581728342,0.8601190476190477,1.7041293382644653,0.8517578838301779,0.05498978441350011,0.019122669286285254,0.9189208745956421,0.35688984394073486,1.153581976890564,0.018988303293539288,0.8526785714285714,17.171825408935547,0.9226361146139728,0.04751979919257099,0.020403127025445777,0.5353942513465881,0.47259652614593506,338.9771423339844,71.96600341796875,0.8888888888888888,0.8472998137802608,0.591073215007782,0.4741179347038269,62.9675178527832,51.24650192260742,-0.0008080632881890537,-11.721015930175781
635,0.006949579808861017,0.01021913736865343,0.8794642857142857,1.889749526977539,0.9216910946132383,0.04825642363379934,0.010841364490834726,0.7513809204101562,0.45009979605674744,0.16892322897911072,0.002364376789948164,0.8913690476190477,17.6792049407959,0.9133957416287105,0.030682036475436547,0.003918744233920912,0.37095317244529724,0.1653541922569275,161.6763153076172,50.85234069824219,0.7777777777777778,0.9087523277467412,0.580380916595459,0.37787821888923645,32.996585845947266,25.491287231445312,-0.007854760578705267,-7.505298614501953
636,0.006786464247852564,0.009219350029803453,0.8988095238095238,2.0151047706604004,0.9257482333289548,0.04257387793329226,0.013030211131644154,0.6673345565795898,0.4600914418697357,0.2500513792037964,0.002498308724575904,0.8869047619047619,16.617176055908203,0.937608820107534,0.0691635084075719,0.005109126327165092,0.35728418827056885,0.18470503389835358,496.94720458984375,348.8996887207031,0.9481481481481482,0.9087523277467412,0.7037705183029175,0.3267953395843506,92.78651428222656,86.58583068847656,-0.006721041305227549,-6.20068359375
637,0.0023840717040002346,0.01671279601898157,0.8333333333333334,0.5198020339012146,0.3039865596149693,0.028267439270583394,0.017968286201141104,0.5761853456497192,0.4489622712135315,4.206851482391357,0.03715077008617096,0.8363095238095238,15.646256446838379,0.9515737670058737,0.01142742923088158,0.03440584985253348,0.2227572649717331,0.4742110073566437,73.24200439453125,18.329452514648438,0.9481481481481482,0.7988826815642458,0.5482962131500244,0.47382935881614685,22.710920333862305,27.607282638549805,0.02043797406718939,4.8963623046875
638,0.011821888387203217,0.02117329164569115,0.8720238095238095,1.6106435060501099,0.6947214274192341,0.04730396756267219,0.02520327437985359,0.6945347785949707,0.5199941992759705,0.08906355500221252,0.010620882836103962,0.84375,8.721898078918457,0.9600646407695141,0.03469937721131411,0.01267074626348852,0.4709224998950958,0.10425242781639099,147.03941345214844,99.91757202148438,0.9703703703703703,0.8547486033519553,0.5128949880599976,0.46697962284088135,27.403154373168945,24.211345672607422,-0.010552408809587188,-3.1918087005615234
639,0.04879645258188248,0.03751142943226693,0.8377976190476191,1.714597225189209,0.850520208804096,0.03171989486239679,0.04441076288994916,0.7220501899719238,0.6215060353279114,2.0343739986419678,0.055885673423904825,0.8125,10.404558181762695,0.9287576372873056,0.06706084452566341,0.06721173474850117,0.6762145757675171,0.5418155789375305,28.93704605102539,7.040582656860352,0.9777777777777777,0.8007448789571695,0.6053906679153442,0.530235230922699,11.426629066467285,7.802432060241699,0.018374243991637895,-3.624197006225586
640,0.010589789599180222,0.013129905552541232,0.8571428571428571,1.4149419069290161,0.8788239182690956,0.02646952054146956,0.014690926393312709,0.6619212627410889,0.44688817858695984,0.11802828311920166,0.004926624564004056,0.8363095238095238,8.866806983947754,0.891888565618089,0.028790919111540747,0.005941963223997315,0.37679675221443176,0.15258914232254028,20.193490982055664,13.997384071350098,0.9777777777777777,0.8361266294227188,0.5546994209289551,0.39879393577575684,8.105116844177246,6.9738287925720215,-0.008203280988537176,-1.1312880516052246
641,0.06056595966219902,0.034936065410353656,0.8541666666666666,1.9916821718215942,0.9043048822221286,0.02576441507264582,0.03201305961543344,0.6346395611763,0.5972521305084229,1.4330179691314697,0.02990966962135566,0.8526785714285714,10.629764556884766,0.8388624538888263,0.011842066063862622,0.02700654008318104,0.2258531153202057,0.28835541009902954,8.060552597045898,6.386739730834961,0.9629629629629629,0.8268156424581006,1.7624077796936035,0.3851190507411957,5.870718955993652,4.259984970092773,-0.005026395788997995,-1.610733985900879
642,0.011480174958705902,0.013716162176614088,0.8764880952380952,1.4781912565231323,0.9408611080171051,0.03284500503289467,0.017114280860068387,0.5599908828735352,0.6479806900024414,0.027656149119138718,0.009305323879710725,0.8735119047619048,6.000616550445557,0.983962624391509,0.022767266242147755,0.012808927003225001,0.09566860646009445,0.34511852264404297,877.0173950195312,894.5001831054688,0.9185185185185185,0.8584729981378026,0.5941317677497864,0.3600635826587677,187.18605041503906,189.68942260742188,-0.004410838296903363,2.5033721923828125
643,0.027071598917245865,0.014024043333873637,0.8779761904761905,1.8718500137329102,0.9002021602203512,0.03437242314900546,0.020215275519568365,0.6100397706031799,0.48295706510543823,1.959808588027954,0.00875450021672941,0.8214285714285714,16.23674964904785,0.9518998561520836,0.04956554749959219,0.014737373283002175,0.44548672437667847,0.3524266481399536,145.92312622070312,57.8750114440918,0.9407407407407408,0.8733705772811918,0.580380916595459,0.43662866950035095,39.420074462890625,64.67729187011719,-0.005269543117144226,25.257217407226562
644,0.012051279656589031,0.011915146062760562,0.8779761904761905,2.0006256103515625,0.8717200169009109,0.03949636257868072,0.015860547320685536,0.7360442876815796,0.37017297744750977,0.9512853622436523,0.010373719335220022,0.8556547619047619,17.85978126525879,0.9063631899843901,0.02417900275211704,0.01679357568077955,0.46393436193466187,0.2399090975522995,230.78915405273438,141.20423889160156,0.8888888888888888,0.8752327746741154,0.5735625624656677,0.4211256504058838,39.4409294128418,32.11964797973633,-0.0015414267275405402,-7.321281433105469
645,0.005836257711052895,0.013014062448627128,0.8973214285714286,2.0384361743927,0.7939552907617472,0.04150451282233458,0.01479183722937405,0.6950601935386658,0.4595445990562439,0.15815408527851105,0.01580709562087801,0.8526785714285714,14.101858139038086,0.9582385889181128,0.18661916463476913,0.008835605491032017,1.160211205482483,0.09968812763690948,220.9554901123047,123.08220672607422,0.8074074074074075,0.9180633147113594,0.5487693548202515,0.5712968111038208,71.31262969970703,71.94890594482422,0.0027930331722508805,0.6362762451171875
646,0.028089450672268867,0.036437490659108285,0.8452380952380952,1.9570322036743164,0.9086772576865515,0.03645685601584647,0.024214259027344087,0.5916745066642761,0.4672914147377014,1.8861370086669922,0.0396237590932611,0.7901785714285714,16.397464752197266,0.9250159792257665,0.017190195947765163,0.01604979858474964,0.3976387679576874,0.16203780472278595,792.0640869140625,574.9096069335938,0.9481481481481482,0.8249534450651769,0.5853676795959473,0.4702446162700653,213.8433380126953,193.3679656982422,0.003186268434152817,-20.475372314453125
647,0.005673117935657501,0.00925128993239388,0.8675595238095238,2.175969123840332,0.937273096324676,0.03734989082177487,0.010897674059018647,0.6629231572151184,0.5018019676208496,0.07580317556858063,0.002538816685306977,0.8511904761904762,19.084983825683594,0.9304292123569671,0.032896234749856035,0.002952188731447314,0.5267492532730103,0.06718630343675613,3973.783447265625,3052.708251953125,0.9555555555555556,0.8491620111731844,0.5940885543823242,0.4821103811264038,1122.564453125,1208.111572265625,-0.006712473247086903,85.547119140625
648,0.002296664984896779,0.017913687217042784,0.8571428571428571,0.5195832252502441,0.3826755089323916,0.07688344971800765,0.018308031044315443,1.0370190143585205,0.4637455940246582,0.05468861386179924,0.0015026593469840144,0.8616071428571429,21.894319534301758,0.9325045459519771,0.02039991082924464,0.00392030175693503,0.34783563017845154,0.1576509028673172,77.40365600585938,396.9368591308594,0.7333333333333333,0.8752327746741154,1.1005759239196777,0.3643636405467987,26.747642517089844,186.2311248779297,-0.01641102787005877,159.48348236083984
649,0.01142515055835247,0.020491805346006475,0.84375,2.1981775760650635,0.8615202409259975,0.04030375955272869,0.026876059868798707,0.7544072270393372,0.6889030933380127,0.5583423376083374,0.016804166641594898,0.8541666666666666,15.158037185668945,0.9667455223978003,0.04690016940234809,0.020756443472215835,0.5977404713630676,0.2047269642353058,1313.464599609375,1171.268798828125,0.8888888888888888,0.8324022346368715,0.5477356910705566,0.48196178674697876,255.9065704345703,253.2211151123047,-0.0036876387044115777,-2.685455322265625
650,0.007494536228477955,0.0070771089077255045,0.8779761904761905,1.739649772644043,0.8750078570474509,0.038837645053305114,0.009213049787520355,0.7164192199707031,0.41197067499160767,0.46616625785827637,0.003359903701735112,0.8556547619047619,17.310789108276367,0.9403365153044274,0.06856847525358867,0.003623795298960064,0.45584267377853394,0.14567920565605164,427.53216552734375,167.71987915039062,0.8,0.9013035381750466,0.7776389718055725,0.35590556263923645,135.6276092529297,168.52720642089844,-0.0037172052059903926,32.89959716796875
651,0.04139447212219238,0.03715766236391249,0.8154761904761905,2.031160831451416,0.9237079301310395,0.028895470638162668,0.031860245294468736,0.6025844812393188,0.5224137306213379,2.6322429180145264,0.04724634447495468,0.7559523809523809,15.518231391906738,0.9184208016170496,0.02269605471293723,0.04078011212059818,0.3652765452861786,0.28555065393447876,2398.14111328125,1808.6636962890625,0.9481481481481482,0.7877094972067039,0.6133756041526794,0.505077064037323,819.7711181640625,724.00244140625,0.010088682111042191,-95.7686767578125
652,0.04758051782846451,0.028127274435236882,0.8452380952380952,2.0862605571746826,0.8967664324836098,0.04335235211813182,0.031084699963365936,0.688697338104248,0.5664249062538147,6.154112339019775,0.024262896832748515,0.8363095238095238,22.48637580871582,0.8680726716534505,0.03791915811705304,0.028579314531315236,0.38180238008499146,0.37396010756492615,66.00083923339844,238.27001953125,0.8666666666666667,0.8156424581005587,0.6250020265579224,0.45640984177589417,18.72014808654785,157.5144805908203,-0.003864377602488367,138.79433250427246
653,0.022783499211072922,0.021598457897805345,0.8199404761904762,1.330862045288086,0.7274004342344854,0.016756058028192355,0.02245322699814789,0.43732738494873047,0.4824889898300171,0.8793911933898926,0.01712804696152903,0.8065476190476191,9.173121452331543,0.9870727892786377,0.010364620936688995,0.01025684587738629,0.14285731315612793,0.18750843405723572,124.90425109863281,83.66808319091797,1.0,0.7672253258845437,0.41931378841400146,0.40333589911460876,13.627827644348145,11.986233711242676,-0.0044704109362763145,-1.6415939331054688
654,0.009061524644494057,0.020530093207146827,0.84375,1.4721547365188599,0.8140071057479729,0.04798909284653885,0.024707190651418687,0.6842982769012451,0.5597092509269714,0.1020163744688034,0.012582121587043638,0.8333333333333334,10.312873840332031,0.960741685480805,0.044818006993329496,0.009548840413332593,0.6389901638031006,0.11659456789493561,12.04719352722168,4.397748947143555,0.7407407407407407,0.8752327746741154,0.6137819290161133,0.42273423075675964,9.352105140686035,6.488163471221924,-0.00794797162010319,-2.8639416694641113
655,0.003249404951930046,0.02216551026081004,0.8199404761904762,0.5129553079605103,0.3404928837295642,0.04885313121774182,0.02364484683383672,0.8016567826271057,0.5364217162132263,0.09293201565742493,0.014221289482979294,0.8110119047619048,5.197933673858643,0.9787827589629227,0.04330650786062629,0.020437467598352965,0.38182976841926575,0.41883358359336853,857.0626220703125,857.9524536132812,0.8222222222222222,0.8491620111731844,0.671039342880249,0.40736523270606995,94.46661376953125,93.50364685058594,-0.007944220777830746,-0.9629669189453125
656,0.01662878319621086,0.021858394828385697,0.8645833333333334,1.492192268371582,0.8664452059037014,0.024540290488876293,0.025168499730376714,0.6209514141082764,0.5448246598243713,0.7115574479103088,0.021822247061297095,0.8154761904761905,11.087321281433105,0.966705293947405,0.013527125940499096,0.026467857825403396,0.3410903811454773,0.26102668046951294,1256.0074462890625,663.9791870117188,0.9333333333333333,0.845437616387337,0.5373166799545288,0.42816027998924255,255.0501708984375,262.6167297363281,-3.6147767088601235e-05,7.566558837890625
657,0.006811085157096386,0.010291398487315306,0.8898809523809523,1.8646095991134644,0.8356512566948712,0.041345224912179734,0.012625984450437167,0.876945436000824,0.45568549633026123,0.04300304874777794,0.0027385053210982058,0.8571428571428571,16.051570892333984,0.9457128273055989,0.03539304030007828,0.002972929990339379,0.30877387523651123,0.1608799397945404,514.9737548828125,152.85586547851562,0.8962962962962963,0.8845437616387337,0.583016037940979,0.46139031648635864,58.86709976196289,97.78726959228516,-0.007552893166217101,38.920169830322266
658,0.013264145702123642,0.017107498381171315,0.8467261904761905,1.609392762184143,0.846674450880883,0.08214784361309113,0.017815321009735485,0.8283897638320923,0.529693067073822,0.6435355544090271,0.005693511606621682,0.8244047619047619,12.588942527770996,0.9582079255880089,0.05987634534458486,0.0071069479874137365,0.49636465311050415,0.266057550907135,88.31983947753906,38.9593505859375,0.762962962962963,0.8808193668528864,0.802178680896759,0.3997513949871063,30.46688461303711,37.63873291015625,-0.011413986774549634,7.171848297119141
659,0.025533068925142288,0.017317980836447422,0.8586309523809523,1.9316140413284302,0.8956765792819018,0.05006594140824505,0.015744300107801035,0.8980966806411743,0.5152915716171265,2.235050916671753,0.014249559980466953,0.8645833333333334,16.95572853088379,0.8983134883764406,0.077331725247762,0.008048101821085951,0.6352857351303101,0.2806399464607239,123.71621704101562,82.56378173828125,0.7481481481481481,0.8938547486033519,0.7745685577392578,0.352665513753891,33.675052642822266,26.947277069091797,-0.0030684208559804693,-6.727775573730469
660,0.0025635636411607265,0.01687953611703663,0.8526785714285714,0.5736922025680542,0.22685448995088794,0.03546169355036277,0.01894442055682688,0.6364524960517883,0.5630777478218079,0.06805475056171417,0.006092088666530104,0.8482142857142857,12.367143630981445,0.9420195367651472,0.02568501220249142,0.003698035806688149,0.1803799718618393,0.1517547369003296,139.5770263671875,74.04966735839844,0.7703703703703704,0.8789571694599627,0.7669246196746826,0.3620698153972626,43.8386344909668,25.71102523803711,-0.010787447450506527,-18.127609252929688
661,0.07978715747594833,0.038303104872841165,0.8571428571428571,2.2092878818511963,0.8959595113146136,0.04564387978923756,0.033785771800210584,0.8012359142303467,0.5989736914634705,5.772484302520752,0.04800117169614915,0.8214285714285714,16.380849838256836,0.9306548633855173,0.053362709644579676,0.037845042718786526,0.6919116973876953,0.472655713558197,27.596242904663086,22.670263290405273,0.7851851851851852,0.8845437616387337,0.7247759699821472,0.3921669125556946,22.358198165893555,26.16952133178711,0.009698066823307983,3.8113231658935547
662,0.0915890783071518,0.0443761567000196,0.8392857142857143,2.367779016494751,0.8784830109401109,0.025385770499788074,0.047635354163057086,0.5535909533500671,0.5606245398521423,1.0046831369400024,0.03348791783894467,0.7633928571428571,8.989333152770996,0.800523381214411,0.007765304041825627,0.02962367865608928,0.11656036227941513,0.2663283050060272,61.4789924621582,54.304443359375,0.9703703703703703,0.8044692737430168,0.8110759258270264,0.4746702015399933,24.45486831665039,18.294179916381836,-0.010888238861074928,-6.160688400268555
663,0.03701907768845558,0.02600740478653818,0.8839285714285714,2.017573833465576,0.9463873314922304,0.04030663911258159,0.018883326999785677,0.7390058040618896,0.510039210319519,1.1257174015045166,0.02313224719760898,0.8482142857142857,11.35000991821289,0.7955308746183418,0.018283934901514032,0.015103751205618798,0.33596736192703247,0.19725702702999115,22.877267837524414,11.949219703674316,0.9259259259259259,0.8715083798882681,0.5055805444717407,0.47958528995513916,11.313990592956543,6.642592430114746,-0.0028751575889292003,-4.671398162841797
664,0.005880598444491625,0.01287188634359726,0.8690476190476191,2.112074375152588,0.9055706117681291,0.02783855617323172,0.017260863309339847,0.7445852756500244,0.41350212693214417,0.05978986248373985,0.007683449715457424,0.8318452380952381,9.753725051879883,0.9242989008152362,0.03821730731642259,0.007799049016048443,0.5498960018157959,0.11722909659147263,283.1268310546875,267.5299377441406,0.8740740740740741,0.8677839851024208,0.48615762591362,0.49146032333374023,33.16133499145508,29.47159194946289,-0.005188436628139836,-3.6897430419921875
665,0.007136844098567963,0.01520277735889286,0.8764880952380952,1.6609386205673218,0.855797778908112,0.047919840595991636,0.01572220184146178,0.7157571315765381,0.3388559818267822,0.034139227122068405,0.009144405558691449,0.8199404761904762,7.42983341217041,0.9565183824236005,0.04333052581081609,0.01022386587660018,0.71002197265625,0.14342500269412994,780.01220703125,496.91314697265625,0.9481481481481482,0.8789571694599627,0.8514695167541504,0.4136178493499756,231.99481201171875,197.12646484375,-0.006058371800201412,-34.86834716796875
666,0.013674691319465637,0.013310818755105647,0.9136904761904762,1.9247105121612549,0.9441642951914889,0.03280709962429251,0.015171367953961679,0.6789854168891907,0.3928495943546295,0.6041808724403381,0.008023193122976058,0.8422619047619048,15.306425094604492,0.8955952324266677,0.0390806951319318,0.01102725254009218,0.5017858743667603,0.17181719839572906,127.81631469726562,42.38317108154297,0.9185185185185185,0.9143389199255121,0.6275039911270142,0.43901246786117554,26.469738006591797,49.69917297363281,-0.005287625632129589,23.229434967041016
667,0.027239974588155746,0.032026139940013576,0.8199404761904762,1.3125771284103394,0.8187434405635755,0.03410388649983953,0.04023140807000347,0.7723676562309265,0.6174315810203552,1.3137288093566895,0.03668141326404273,0.7931547619047619,9.430143356323242,0.9535812632242626,0.04089334545759604,0.044239525665732415,0.4642273783683777,0.41614392399787903,8.490715026855469,4.063903331756592,0.9407407407407408,0.8044692737430168,0.4763453006744385,0.4263877272605896,8.236722946166992,5.073765277862549,0.004655273324029152,-3.1629576683044434
668,0.003296535462141037,0.020537431749386714,0.8214285714285714,0.557989239692688,0.3723488067195409,0.0463006423870318,0.021602587263612416,0.7951979637145996,0.5730958580970764,0.11027084290981293,0.028930898374017078,0.75,3.9075429439544678,0.9911647029729975,0.04939755445383387,0.02718999388559762,0.28050509095191956,0.23953785002231598,99.01451110839844,105.70556640625,0.7925925925925926,0.8230912476722533,0.6386483907699585,0.41039422154426575,4.496351718902588,5.381203651428223,0.008393466624630364,0.8848519325256348
669,0.02521217055618763,0.03231437173598384,0.8110119047619048,1.1449054479599,0.8025815651755777,0.10085398427459635,0.018310224664155883,1.0674326419830322,0.4927518367767334,0.8702492713928223,0.04741569867377082,0.7872023809523809,5.836815357208252,0.9745220211891578,0.11713158092623355,0.0340167730149562,0.32768142223358154,0.4916403591632843,11.563386917114258,3.0308330059051514,0.5111111111111111,0.8845437616387337,0.6893817186355591,0.3160288631916046,7.362471580505371,6.299519062042236,0.015101326937786985,-1.0629525184631348
670,0.0026064016856253147,0.019293738793188298,0.8616071428571429,0.5103957056999207,0.2591413670546039,0.04894446360409077,0.015341874799270627,0.7383576035499573,0.4988464117050171,0.028722625225782394,0.013895566041766338,0.8303571428571429,5.120804786682129,0.9955360195283783,0.016895671758912822,0.01409463277213241,0.2477331906557083,0.2137371301651001,80.66506958007812,83.68667602539062,0.7037037037037037,0.9273743016759777,0.6738084554672241,0.43214917182922363,17.4293212890625,18.22466468811035,-0.005398172751421959,0.7953433990478516
671,0.008629053831100464,0.012427813366629792,0.8809523809523809,1.8680633306503296,0.9100549162230885,0.03700192953288273,0.016592218629175814,0.5028929710388184,0.555045485496521,0.3128996789455414,0.014473300133821199,0.8601190476190477,10.484804153442383,0.9173278994197838,0.01993285828839164,0.013329615001013706,0.19786356389522552,0.2479853332042694,13.26109504699707,6.2444939613342285,0.8666666666666667,0.888268156424581,0.606016218662262,0.4188078045845032,10.510538101196289,8.631026268005371,0.0020454867671914068,-1.879511833190918
672,0.005804879125207663,0.009474654206197197,0.8675595238095238,1.5683382749557495,0.906829437848924,0.030888410735369964,0.013990213500208015,0.8304377794265747,0.44836390018463135,0.024224037304520607,0.0042976785968432685,0.8199404761904762,7.656609535217285,0.9985449587437774,0.02671438044803698,0.009430331861870811,0.33773449063301086,0.22394084930419922,2995.952392578125,3001.427490234375,0.9333333333333333,0.8491620111731844,0.5649330615997314,0.4033486843109131,1111.7900390625,1113.8221435546875,-0.005176975609353929,2.0321044921875
673,0.0017755043227225542,0.01513734024164548,0.8288690476190477,0.49912065267562866,0.22901950767874624,0.02754788212481807,0.019921577058032547,0.6149242520332336,0.5930736064910889,3.147691488265991,0.029281686976245114,0.8422619047619048,23.799152374267578,0.9187097541260515,0.0678440993807845,0.020895653497903677,0.44638171792030334,0.28154560923576355,44.05595397949219,399.9389953613281,0.9777777777777777,0.7746741154562383,0.3588484823703766,0.4073409140110016,18.58544158935547,230.15936279296875,0.014144346734599633,211.57392120361328
674,0.005871081259101629,0.0173956870945009,0.8541666666666666,1.2353482246398926,0.8030293176091828,0.04264276704897407,0.023308504459010004,0.780116081237793,0.6203017830848694,0.04396679624915123,0.01177366998530227,0.7991071428571429,11.359759330749512,0.9268482671676777,0.05440217100214262,0.023353898218625657,0.504155695438385,0.10275162011384964,87.48756408691406,66.11964416503906,0.9333333333333333,0.8435754189944135,0.47623923420906067,0.4654296338558197,13.818339347839355,12.702977180480957,-0.005622017109198629,-1.1153621673583984
675,0.010423514060676098,0.015827502069296173,0.8705357142857143,1.7865393161773682,0.8832023683698735,0.031833364615486914,0.02021079331760467,0.5549459457397461,0.5018599033355713,0.5853471159934998,0.00598134012841367,0.8675595238095238,13.39487075805664,0.8964776854391455,0.08496009289677864,0.003861233000115205,0.33281955122947693,0.22853443026542664,712.9065551757812,604.4920043945312,0.8444444444444444,0.8733705772811918,0.7679251432418823,0.36510831117630005,251.6616973876953,250.72970581054688,-0.009846161940882503,-0.9319915771484375
676,0.002550719305872917,0.018448234713204115,0.8794642857142857,0.49083560705184937,0.30270433948629577,0.034674670844972666,0.01919978333903216,0.7336289882659912,0.40973156690597534,3.6231112480163574,0.030848072694563133,0.8869047619047619,18.451871871948242,0.9216910070311471,0.07836100107227828,0.015628426996198375,0.5972110033035278,0.26702743768692017,193.2622833251953,104.79573822021484,0.8148148148148148,0.9087523277467412,0.5779224634170532,0.3966193199157715,37.497955322265625,100.87474060058594,0.012399837981359019,63.37678527832031
677,0.01937161013484001,0.024954884112729392,0.8392857142857143,1.4899636507034302,0.8804449009621887,0.027437638535871778,0.02714354406654229,0.573399543762207,0.6094899773597717,1.0353201627731323,0.01489724912200685,0.8422619047619048,12.611734390258789,0.9565444985862537,0.02548357425243364,0.012425485615618848,0.47057220339775085,0.2402869164943695,340.04547119140625,194.6075897216797,0.9111111111111111,0.819366852886406,0.5230426788330078,0.47594165802001953,29.821792602539062,22.657480239868164,-0.010057634990722542,-7.164312362670898
678,0.03499612957239151,0.027455645225806014,0.8065476190476191,1.6039671897888184,0.8298022396913466,0.0375177881780131,0.031600058889667326,0.6766025424003601,0.5487785935401917,0.5519412159919739,0.01989456137204415,0.8080357142857143,7.958391189575195,0.9701725810549869,0.014509835711932983,0.025451062517451772,0.15131457149982452,0.32586491107940674,1581.355224609375,1117.0260009765625,0.8962962962962963,0.7877094972067039,0.7005772590637207,0.4035210907459259,355.9014587402344,329.7501220703125,-0.007561083853761863,-26.151336669921875
679,0.06307829171419144,0.026135320359506387,0.8288690476190477,1.9744422435760498,0.8800816463195008,0.05855072109188486,0.03585090722112927,0.9530885815620422,0.5671647787094116,3.6493709087371826,0.01909686157502899,0.8318452380952381,17.112689971923828,0.9151489389983171,0.025924069819218687,0.03282225737636224,0.4733286201953888,0.4041658639907837,14.8806791305542,197.1357421875,0.8814814814814815,0.8156424581005587,0.7662136554718018,0.4183764159679413,13.619300842285156,68.97982025146484,-0.007038458784477397,55.36051940917969
680,0.003482747357338667,0.012351574510101937,0.8586309523809523,1.1443641185760498,0.9095176919092365,0.03524613548678879,0.017081530045405136,0.783389151096344,0.4538993239402771,0.029280850663781166,0.011739905732918832,0.8095238095238095,4.677890777587891,0.9938330993594079,0.04991751402902189,0.012829937785025392,0.6036006808280945,0.16145090758800507,66.99939727783203,66.92149353027344,0.8148148148148148,0.8715083798882681,0.82376629114151,0.3827432096004486,5.099412441253662,6.016608715057373,-0.0006116687771831053,0.9171962738037109
681,0.002668968867510557,0.01951136346430571,0.8452380952380952,0.5119907855987549,0.2877487000793669,0.10130112100651179,0.013538849105394268,1.2858320474624634,0.4032721519470215,0.13856084644794464,0.010590180320608655,0.8318452380952381,5.321170330047607,0.9912588840039004,0.10620797083051248,0.007656053707797983,0.19717155396938324,0.2900008261203766,151.59765625,107.5468521118164,0.4444444444444444,0.9385474860335196,0.807887852191925,0.2846529483795166,44.64999008178711,41.469669342041016,-0.008921183143697053,-3.1803207397460938
682,0.011986400932073593,0.015982337223890752,0.8541666666666666,2.0941264629364014,0.8938287996703929,0.054151781952740397,0.017247983809062117,0.8070727586746216,0.4648168683052063,0.15804733335971832,0.005022170432686712,0.8511904761904762,13.131155014038086,0.8809771782278383,0.027449047476976074,0.004276012591743372,0.37089359760284424,0.10639131814241409,14.254106521606445,9.318830490112305,0.9037037037037037,0.8491620111731844,0.6069630980491638,0.41054001450538635,11.803369522094727,11.65086841583252,-0.01096016679120404,-0.15250110626220703
683,0.0049731675535440445,0.025806685292382836,0.8452380952380952,0.5501255393028259,0.48081874266352487,0.05081960744399394,0.01886204429972549,0.7738744616508484,0.5778624415397644,0.4608461856842041,0.015629466429172956,0.8258928571428571,8.701644897460938,0.954444861401953,0.04205507124034369,0.007474133524076443,0.47796475887298584,0.22221392393112183,4157.763671875,4154.86328125,0.6148148148148148,0.8845437616387337,1.5675926208496094,0.41630664467811584,964.18212890625,964.272705078125,-0.01017721886320988,0.090576171875
684,0.002201701747253537,0.015067768591724762,0.875,0.569979190826416,0.3096259474899563,0.056289425464116194,0.015290920286603171,0.765661895275116,0.4301384687423706,0.055319108068943024,0.0022222474863504704,0.8392857142857143,19.049514770507812,0.9095369218495734,0.005985243581185462,0.002265717165144454,0.36659443378448486,0.07694993913173676,3144.96875,1441.5966796875,0.7555555555555555,0.9031657355679702,0.8200355172157288,0.39087405800819397,1005.0745849609375,1082.357666015625,-0.012845521105374291,77.2830810546875
685,0.042398154735565186,0.028112428731072336,0.8705357142857143,1.9607160091400146,0.9252930189714792,0.027345075093880622,0.02244929170942167,0.5090861916542053,0.5290032625198364,5.564558029174805,0.025508321439034365,0.8794642857142857,22.95673370361328,0.8913538993563339,0.03023193193992657,0.018265389402656762,0.2502222955226898,0.3061192035675049,37.59230422973633,367.697021484375,0.9925925925925926,0.851024208566108,0.4412018656730652,0.5157468318939209,19.020259857177734,183.8977813720703,-0.0026041072920379715,164.87752151489258
686,0.024253465235233307,0.02483557151611826,0.8675595238095238,1.3921107053756714,0.8095324140934194,0.06685451858640867,0.020596726115032604,0.7983905076980591,0.5132045149803162,0.7945382595062256,0.011559449827338919,0.8273809523809523,9.519107818603516,0.9189624609888265,0.020533203180343462,0.010658714826278115,0.23018191754817963,0.19921472668647766,120.61746978759766,99.82525634765625,0.8740740740740741,0.845437616387337,0.7276807427406311,0.4794142544269562,16.067575454711914,14.912850379943848,-0.013276121688779341,-1.1547250747680664
687,0.02137002907693386,0.01902135000608507,0.8690476190476191,1.5963419675827026,0.9046083346486037,0.03389908832251309,0.02316854879629926,0.8759369254112244,0.4875340759754181,0.7908660769462585,0.010872767283099827,0.7976190476190477,12.276738166809082,0.9626381690942509,0.0237183212339509,0.01197382461514962,0.5118464827537537,0.27349892258644104,10.689284324645996,3.3777284622192383,0.9555555555555556,0.8640595903165735,0.605808675289154,0.428027868270874,8.93316650390625,6.2520670890808105,-0.008148582722985243,-2.6810994148254395
688,0.04447535425424576,0.04433065021969418,0.8348214285714286,1.3836174011230469,0.9235364841326972,0.020724124372037522,0.05755406977570077,0.6068996787071228,0.6862192749977112,0.039261288940906525,0.020219892176672638,0.7857142857142857,4.967067718505859,0.9920004942302628,0.08762648419978658,0.022997086626769025,0.4517909288406372,0.18775957822799683,109.0165786743164,111.72309875488281,0.9925925925925926,0.7932960893854749,0.4020148813724518,0.42228034138679504,21.855863571166992,22.697845458984375,-0.02411075804302154,0.8419818878173828
689,0.008359947241842747,0.011300948727837712,0.8630952380952381,1.8701406717300415,0.9220415384016011,0.0282860586871434,0.01526314001495066,0.5345172882080078,0.47516143321990967,0.2603968381881714,0.004019694285063435,0.8422619047619048,12.200507164001465,0.9043653575989873,0.03171148187580919,0.007676610612806001,0.3724302053451538,0.2611308991909027,57.936092376708984,24.332229614257812,0.9777777777777777,0.845437616387337,0.6310431957244873,0.45267999172210693,21.378263473510742,12.593831062316895,-0.0072812544427742765,-8.784432411193848
690,0.005737027153372765,0.012324103985527746,0.8526785714285714,2.156320571899414,0.9282407252757381,0.03853797092090816,0.01722464492748621,0.6576747894287109,0.397950679063797,0.054406505078077316,0.007559463713373238,0.8422619047619048,13.322478294372559,0.8863727854519352,0.043579266689979135,0.009106366136352517,0.5640500783920288,0.1206158995628357,21.771732330322266,12.367146492004395,0.9333333333333333,0.8417132216014898,0.7343798875808716,0.3821619749069214,11.900346755981445,8.47236156463623,-0.004764640272154508,-3.427985191345215
691,0.015256025828421116,0.02199789858883172,0.8630952380952381,1.3968020677566528,0.8570674525947178,0.05265290103491427,0.024355478311310352,0.7987868785858154,0.6122313141822815,0.12683989107608795,0.016225819482215575,0.8497023809523809,7.460819721221924,0.9841414504005788,0.061248035085769814,0.01741553241184146,0.7686263918876648,0.1989065706729889,14.437101364135742,11.417658805847168,0.8444444444444444,0.8733705772811918,0.7027509808540344,0.47199979424476624,5.222723484039307,4.654589653015137,-0.005772079106616146,-0.5681338310241699
692,0.004324129782617092,0.022482982624438486,0.8080357142857143,0.626932680606842,0.3491660114896561,0.051398091839400695,0.01879691396953842,0.8006410598754883,0.441241055727005,0.059296511113643646,0.011393465713122719,0.8065476190476191,6.700297832489014,0.9860700573019667,0.02369196366429205,0.015648051733733293,0.4296306371688843,0.11128870397806168,23.850839614868164,22.36690902709961,0.5777777777777777,0.8789571694599627,0.5808476805686951,0.34500640630722046,5.745731353759766,6.073479652404785,-0.011089516911315767,0.32774829864501953
693,0.010228428989648819,0.014505009728837948,0.8452380952380952,2.0715630054473877,0.9121488496813943,0.06363977144505883,0.01710936419910547,0.8371938467025757,0.5761721134185791,0.1337558627128601,0.009914185415828225,0.8005952380952381,7.636160850524902,0.9071491327681775,0.06869819522386078,0.009882678298686831,0.6851158142089844,0.22119346261024475,229.1197509765625,214.62193298339844,0.8518518518518519,0.8342644320297952,0.5880241394042969,0.42952340841293335,28.42279052734375,25.580989837646484,-0.004590824313009723,-2.8418006896972656
694,0.006807752884924412,0.011235456433423385,0.8690476190476191,1.591462254524231,0.8492553554180409,0.0435845327216321,0.01517827307200137,0.590886116027832,0.5176960229873657,0.05026049166917801,0.0075269226990626326,0.8139880952380952,8.859214782714844,0.9722174204294541,0.0274660252281671,0.009561805980160099,0.5226448774337769,0.12703299522399902,128.2338104248047,44.27949905395508,0.8296296296296296,0.8640595903165735,0.5863300561904907,0.4098493158817291,16.403844833374023,14.158458709716797,-0.0037085337343607527,-2.2453861236572266
695,0.006284496281296015,0.01272234846924536,0.8616071428571429,1.2943992614746094,0.8172121095903027,0.02293313110459627,0.023300936942209027,0.46151047945022583,0.6387365460395813,0.030573226511478424,0.0051516942364243645,0.8154761904761905,7.9412665367126465,0.9564283439268293,0.026095988351628185,0.01313997002423295,0.19373002648353577,0.2883846163749695,310.77093505859375,215.4679412841797,0.9555555555555556,0.8435754189944135,0.6146359443664551,0.41587531566619873,90.64324951171875,89.6057357788086,-0.007570654232820995,-1.0375137329101562
696,0.011092465370893478,0.01472421670128976,0.8660714285714286,2.1295509338378906,0.9118575144405963,0.05042693584425462,0.013230157350267224,0.7230690121650696,0.4480746388435364,0.45159706473350525,0.009908426303874895,0.8779761904761905,17.26359748840332,0.939303094483762,0.02326038526300611,0.0031859295314972114,0.3892897367477417,0.11342010647058487,198.1322021484375,86.33229064941406,0.8148148148148148,0.8845437616387337,0.4992506802082062,0.3854915499687195,60.02018356323242,48.43778610229492,-0.004815790397414865,-11.5823974609375
697,0.02361511066555977,0.01826781973259728,0.8497023809523809,2.1050772666931152,0.9010778608240602,0.04339581271436799,0.023738615767469717,0.6190038919448853,0.5288106799125671,1.3753267526626587,0.015996187742404522,0.8139880952380952,15.942337036132812,0.8887681362120204,0.07613494256089859,0.01950236344291001,0.7085431218147278,0.33747613430023193,12.021284103393555,13.983287811279297,0.9259259259259259,0.8379888268156425,0.6955872774124146,0.39920899271965027,13.527632713317871,18.349720001220703,-0.0022716319901927573,4.822087287902832
698,0.010105623863637447,0.026021500869605085,0.8229166666666666,0.8835697174072266,0.7225299970571668,0.07018417743760363,0.015575470553015336,0.8501846194267273,0.47021958231925964,0.2208087146282196,0.020987519879408056,0.8005952380952381,5.420445919036865,0.9927037943217853,0.06090380240578808,0.012819757856632474,0.426400750875473,0.274747759103775,28.331960678100586,29.200515747070312,0.5407407407407407,0.8733705772811918,1.5675926208496094,0.4464593827724457,5.901072978973389,7.281294822692871,-0.005033980990197029,1.3802218437194824
699,0.012605865485966206,0.013855069749217575,0.8988095238095238,1.5632737874984741,0.8844698760811969,0.04799315717982178,0.013620667986806057,0.7959153056144714,0.43672698736190796,0.1298753172159195,0.009297666686759798,0.8497023809523809,5.962785720825195,0.8792631924305955,0.02254091090512811,0.013427871022628324,0.4242149889469147,0.18224766850471497,29.94574546813965,22.24090576171875,0.8518518518518519,0.9031657355679702,0.614830493927002,0.434368371963501,7.1801228523254395,5.975457668304443,-0.004557403062457777,-1.204665184020996
700,0.006090964190661907,0.012099094438497882,0.8333333333333334,1.5627316236495972,0.9048030528968819,0.05255097223116889,0.017161735048078053,1.0514512062072754,0.49481913447380066,0.033715080469846725,0.00817160204649392,0.8377976190476191,6.5908732414245605,0.9263672298371554,0.039122064927505584,0.01002133667441496,0.5341600775718689,0.14513477683067322,200.44650268554688,179.0963592529297,0.8444444444444444,0.8230912476722533,0.7304685711860657,0.42071279883384705,35.68447494506836,35.08912658691406,-0.003927492392003962,-0.5953483581542969
701,0.005189275369048119,0.012017398457523587,0.8363095238095238,1.857537865638733,0.9216838504260837,0.023942341661703836,0.013379182303135617,0.596479058265686,0.5474109649658203,0.02926814928650856,0.008198854083212082,0.8333333333333334,13.06485366821289,0.8922562789944373,0.01454541567191514,0.006566490824676308,0.3142684996128082,0.22704081237316132,15.886502265930176,6.569950580596924,0.9777777777777777,0.7877094972067039,0.5492156147956848,0.5161569714546204,13.087358474731445,10.437455177307129,-0.0038185443743115055,-2.6499032974243164
702,0.04039075970649719,0.03964711402227472,0.8035714285714286,1.5366324186325073,0.8938180946356293,0.03212371151519566,0.03633369276633225,0.564680278301239,0.6469410061836243,0.5119456052780151,0.02018552311900723,0.8571428571428571,7.669186115264893,0.9224690059289231,0.01696709836393595,0.017619548831895204,0.3628092110157013,0.21900200843811035,673.4593505859375,664.8858032226562,0.9555555555555556,0.770949720670391,0.438372939825058,0.43138569593429565,187.8013458251953,187.7616424560547,-0.01946159090326749,-0.039703369140625
703,0.09861543774604797,0.03509516313397798,0.8229166666666666,2.098404884338379,0.8907678596801496,0.026658672885157997,0.04629975314076218,0.5566507577896118,0.733651340007782,7.520145893096924,0.03466084035905603,0.7901785714285714,18.55234146118164,0.8997555288642739,0.046303491151816534,0.04513379079580382,0.34066152572631836,0.5222026705741882,17.479883193969727,57.437255859375,0.9333333333333333,0.776536312849162,0.32215800881385803,0.4958147704601288,12.886746406555176,30.92098617553711,-0.00043432277492194693,18.034239768981934
704,0.013809090480208397,0.028833714813568223,0.8586309523809523,1.3275076150894165,0.861504695423544,0.06009422931992192,0.030498695794324515,0.782029926776886,0.6590080857276917,0.20179548859596252,0.028667255490161136,0.7931547619047619,7.609009742736816,0.9216261232490259,0.06124801027919313,0.03256006056007643,0.6173948645591736,0.28665217757225037,8.786152839660645,7.678863525390625,0.8962962962962963,0.851024208566108,0.5934461355209351,0.4774676263332367,4.90460729598999,5.1410813331604,-0.00016645932340708658,0.23647403717041016
705,0.003805907443165779,0.021825957659547424,0.8660714285714286,0.591837465763092,0.2649415832151238,0.07882421350883417,0.01839872389125785,1.0655370950698853,0.41111433506011963,0.11370430141687393,0.016201883388209937,0.8139880952380952,5.093234539031982,0.9867344620014357,0.03194087826286007,0.010588476766559829,0.3870961666107178,0.12673626840114594,201.65829467773438,209.0523223876953,0.6148148148148148,0.9366852886405959,0.7071067094802856,0.33217278122901917,38.07012176513672,38.82598114013672,-0.005624074271337487,0.755859375
706,0.03237317502498627,0.018543935321632343,0.8735119047619048,1.7900992631912231,0.8931046616998507,0.038534473739406216,0.026345464032395793,0.6860260963439941,0.5843387246131897,1.2049177885055542,0.016788738869013442,0.8586309523809523,10.808682441711426,0.9307351036554975,0.041371252973032124,0.02447056434181094,0.3398864269256592,0.3590081036090851,24.447227478027344,11.423340797424316,0.9037037037037037,0.8584729981378026,0.7592530250549316,0.4289306402206421,12.605238914489746,11.094114303588867,-0.0017551964526189012,-1.511124610900879
707,0.012312391772866249,0.014395033558031178,0.8556547619047619,2.048642873764038,0.9483711028080042,0.03693992308128469,0.018737830383420473,0.8096375465393066,0.6353791952133179,0.3756272792816162,0.010000327679545395,0.8675595238095238,10.43795108795166,0.9702830373894086,0.03199419215190635,0.014527473910314503,0.33754763007164,0.29310116171836853,52.23359680175781,46.25109100341797,0.8518518518518519,0.8621973929236499,0.6558259725570679,0.4145422875881195,11.553079605102539,9.892308235168457,-0.004394705878485783,-1.660771369934082
708,0.007369464263319969,0.013073311741626514,0.875,1.8537538051605225,0.8654970941226114,0.03720563030689761,0.017844151083320714,1.0762338638305664,0.4054466485977173,0.017005765810608864,0.004738937939967158,0.8303571428571429,8.381341934204102,0.9445251859585686,0.07453148643134144,0.004991792113456905,0.5715245008468628,0.09320579469203949,2588.810546875,2459.91259765625,0.8148148148148148,0.8938547486033519,1.545539379119873,0.42554253339767456,858.192138671875,858.6231689453125,-0.008334373801659356,0.4310302734375
709,0.019505692645907402,0.01830563824448872,0.875,1.9819566011428833,0.9225746140261328,0.04059605050564752,0.01970890153037852,0.6694244146347046,0.502253532409668,3.070570707321167,0.011805756685203339,0.8675595238095238,28.145442962646484,0.84509349654605,0.016413002737738713,0.014050702019473116,0.2787223160266876,0.20420143008232117,216.54776000976562,228.39488220214844,0.9111111111111111,0.8584729981378026,0.6062180399894714,0.42163681983947754,71.78560638427734,211.98265075683594,-0.006499881559285381,140.1970443725586
710,0.0025078700855374336,0.015665163757974776,0.8883928571428571,0.5710078477859497,0.17757726803533208,0.04776788214779848,0.018021647998326062,0.6826889514923096,0.49377208948135376,0.4734252095222473,0.00492793119156365,0.8497023809523809,16.257902145385742,0.9359331748554174,0.017134418630701087,0.003990516789312171,0.3165392279624939,0.14359158277511597,253.99246215820312,134.47824096679688,0.9111111111111111,0.88268156424581,0.6120341420173645,0.5025280714035034,43.4585075378418,27.127803802490234,-0.010737232566411126,-16.330703735351562
711,0.005609974265098572,0.011798117968203736,0.8541666666666666,1.7259639501571655,0.8551548546749389,0.02299796307387969,0.016343754879707184,0.5138243436813354,0.517278254032135,0.027503423392772675,0.004582819123436166,0.8244047619047619,13.06689167022705,0.956099379302404,0.03076269498313844,0.010507762168227797,0.340337336063385,0.15356816351413727,35.66438674926758,9.240721702575684,0.9481481481481482,0.845437616387337,0.41309618949890137,0.4903910160064697,15.276511192321777,12.662339210510254,-0.00721529884476757,-2.6141719818115234
712,0.023389501497149467,0.029890547569419557,0.8526785714285714,1.543544054031372,0.9032512075945277,0.026845475525169693,0.015636852340032537,0.4972342848777771,0.5045316219329834,0.35906004905700684,0.024317918405901695,0.8482142857142857,9.857115745544434,0.9259407116142038,0.015691943948143106,0.007296267075108442,0.47612226009368896,0.15462826192378998,1571.2325439453125,1496.7711181640625,0.9925925925925926,0.8119180633147114,0.5137726664543152,0.37091508507728577,571.5390625,567.9182739257812,-0.0055726291635178615,-3.62078857421875
713,0.028043391183018684,0.01779968913042318,0.8809523809523809,2.4048221111297607,0.9122433183819213,0.036078114791403326,0.018585277667231725,0.6533690690994263,0.4935365915298462,2.8143115043640137,0.00874103399527959,0.875,30.380374908447266,0.8178880451210825,0.013733836208636774,0.008915042354225244,0.32616087794303894,0.1854282021522522,17.780200958251953,190.8875732421875,0.9629629629629629,0.8584729981378026,0.6703603863716125,0.4055735468864441,15.458124160766602,115.14625549316406,-0.00905865513514359,99.68813133239746
714,0.0036413464695215225,0.02285718733924824,0.8244047619047619,0.5363446474075317,0.17101613441975047,0.054354306776073225,0.023163289715393054,0.9162004590034485,0.5225136280059814,0.04555925354361534,0.010709973321856636,0.7857142857142857,8.953073501586914,0.9990903197485542,0.03228852767896795,0.018295596102020473,0.4773232340812683,0.08551802486181259,9.421499252319336,8.381877899169922,0.6370370370370371,0.88268156424581,0.7145898342132568,0.36493435502052307,4.1093926429748535,4.343329429626465,-0.012147214017391605,0.23393678665161133
715,0.0042486595921218395,0.011482249476727602,0.8690476190476191,1.2872737646102905,0.9286434657244957,0.03537815680188172,0.015022174369711427,0.933294415473938,0.495013564825058,0.38609856367111206,0.027226437836798567,0.8065476190476191,6.654666423797607,0.9643562548295558,0.02722147957162635,0.03840073389997134,0.3159836530685425,0.49594923853874207,441.1346740722656,448.8356018066406,0.8962962962962963,0.8621973929236499,0.7404744625091553,0.44384732842445374,104.58191680908203,107.62260437011719,0.015744188360070965,3.0406875610351562
716,0.02783239632844925,0.031465011622739625,0.8616071428571429,1.908041000366211,0.9352248535838275,0.027948463285315417,0.022149752857508975,0.6018975973129272,0.41921737790107727,2.152111768722534,0.03073430847588632,0.8497023809523809,15.901978492736816,0.9190417469034418,0.06044601307625819,0.01742375947981012,0.3838753402233124,0.2586004436016083,13.119654655456543,38.00102996826172,0.9851851851851852,0.8305400372439479,0.4216371774673462,0.46898072957992554,12.39448356628418,21.58026695251465,-0.0007307031468533065,9.185783386230469
717,0.002796358661726117,0.019584439124161857,0.8407738095238095,0.4742725193500519,0.3029414550874885,0.08914842099715903,0.01285959994114838,1.242273211479187,0.4963049292564392,1.5941097736358643,0.03365567899997424,0.875,9.240779876708984,0.9977183248301088,0.1676619764293863,0.014788569543635055,0.8554115891456604,0.34254688024520874,130.68447875976562,132.20668029785156,0.5777777777777777,0.9162011173184358,1.0063098669052124,0.3202870190143585,28.410011291503906,28.620431900024414,0.01407123987581238,0.2104206085205078
718,0.018302226439118385,0.022663673797874928,0.84375,1.718110203742981,0.8851517410182559,0.049340078066434145,0.019564501520142108,0.7418028712272644,0.412008672952652,0.29177436232566833,0.011865686215512317,0.8511904761904762,12.054824829101562,0.9183863393726415,0.045593828195436226,0.003647926323591344,0.5856884717941284,0.06057438999414444,11.432421684265137,6.779905796051025,0.9629629629629629,0.813780260707635,0.5032225251197815,0.4094059467315674,10.974270820617676,7.95662784576416,-0.010797987582362611,-3.0176429748535156
719,0.0031003421172499657,0.01966493699821692,0.8482142857142857,0.555349588394165,0.3488513179731589,0.06407466791117189,0.014161553132335025,0.8406103253364563,0.36310791969299316,0.12024019658565521,0.011802548838587112,0.8273809523809523,6.089373588562012,0.9832205456364821,0.12976485011938355,0.008088973644845066,0.7395496368408203,0.1472361832857132,1083.346923828125,1094.5511474609375,0.5851851851851851,0.9143389199255121,0.8164963126182556,0.32577794790267944,164.68670654296875,165.76292419433594,-0.007862388159629807,1.0762176513671875
720,0.00931568443775177,0.014294761574438097,0.8452380952380952,1.7719447612762451,0.9405747739387067,0.04354785931997962,0.01644743198273213,0.6894627809524536,0.42619866132736206,0.06449805945158005,0.004942151490541891,0.8779761904761905,15.913161277770996,0.9582779302080519,0.01332842963448122,0.010122601513719465,0.3171086013317108,0.13626328110694885,11.436980247497559,128.46340942382812,0.8814814814814815,0.8603351955307262,0.7418534755706787,0.4217420816421509,13.781947135925293,34.33522415161133,-0.009352610083896207,20.553277015686035
721,0.0064407167956233025,0.01199973102733587,0.8452380952380952,1.5147616863250732,0.9200423806395316,0.0488264434575032,0.01592324387795574,0.7139189839363098,0.4376249611377716,0.10299724340438843,0.010535535550302955,0.8080357142857143,7.811254501342773,0.9977782793718973,0.03669851804821034,0.02083948158228055,0.34543073177337646,0.20604491233825684,70.41670989990234,73.13475036621094,0.8518518518518519,0.839851024208566,0.6655516028404236,0.41689637303352356,8.400775909423828,8.81972599029541,-0.0014641954770329146,0.41895008087158203
722,0.015067667700350285,0.0229230268848587,0.8571428571428571,1.3937832117080688,0.8394629899999905,0.039280753678150204,0.030387478299602644,0.906317949295044,0.7428451776504517,0.18967367708683014,0.01833735234396472,0.8601190476190477,7.370676517486572,0.9293608051453631,0.01566423595382538,0.029550328114116287,0.3078540861606598,0.2566937506198883,12.386821746826172,3.740546703338623,0.9333333333333333,0.839851024208566,0.6516802906990051,0.3922119736671448,6.861485004425049,5.691192626953125,-0.00458567454089398,-1.1702923774719238
723,0.004585783928632736,0.02623693647840486,0.8065476190476191,0.5760169625282288,0.3494853850074805,0.08387402860062454,0.022062402516599078,1.0303388833999634,0.5737499594688416,0.0363951250910759,0.011208995352202877,0.7693452380952381,4.557173252105713,0.990852656640766,0.0670530764003543,0.00853630320849208,0.6691014170646667,0.1630394160747528,1234.8623046875,1232.2801513671875,0.45925925925925926,0.888268156424581,0.9017677903175354,0.40183329582214355,484.9903259277344,484.5545959472656,-0.015027941126201982,-0.43572998046875
724,0.04474371671676636,0.037399473570602915,0.8318452380952381,2.2183117866516113,0.9118559804005607,0.03785930141146043,0.02716447032604352,0.7859916687011719,0.4392513334751129,7.667952060699463,0.03872843591683872,0.8497023809523809,27.780338287353516,0.8748657476171989,0.004109987419947281,0.02512396147262075,0.12259241193532944,0.26147690415382385,616.6387939453125,209.80117797851562,0.9333333333333333,0.8026070763500931,0.47374364733695984,0.384491503238678,226.72288513183594,140.7490692138672,0.0013289623462358069,-85.97381591796875
725,0.011407079175114632,0.027664726749529245,0.8214285714285714,1.7598145008087158,0.9133737023026597,0.040140280404881046,0.026534928788646495,0.5782436728477478,0.5600165128707886,1.060127854347229,0.026225074492615574,0.8258928571428571,23.028573989868164,0.8590958632075792,0.08377307817157931,0.022670552403880384,0.6270416975021362,0.21653516590595245,435.5303649902344,198.73619079589844,0.9185185185185185,0.8026070763500931,0.5430595874786377,0.4042707085609436,142.2282257080078,110.22398376464844,-0.0014396522569136705,-32.004241943359375
726,0.007789777126163244,0.009992492507413853,0.9017857142857143,2.194638967514038,0.8591850671166679,0.04970865095666599,0.009702578169075493,0.8549116253852844,0.3713034689426422,0.05699772387742996,0.0035562850745940455,0.8556547619047619,21.525800704956055,0.9097028339027377,0.03329622096278928,0.00334077754431783,0.20307309925556183,0.13231952488422394,46.03220748901367,29.038822174072266,0.8888888888888888,0.9013035381750466,0.6819943785667419,0.45164182782173157,19.085914611816406,33.45204544067383,-0.006436207432819807,14.366130828857422
727,0.03343978524208069,0.029603947208338144,0.8764880952380952,2.0906288623809814,0.9030247801599519,0.06256126188296218,0.0226999015565168,0.8905251622200012,0.48024070262908936,3.761495590209961,0.03071852826332877,0.8720238095238095,17.942489624023438,0.9390123828487468,0.014345430141823434,0.017912028562293014,0.27561789751052856,0.30645880103111267,10.36298942565918,5.623331069946289,0.7185185185185186,0.9162011173184358,0.7404559850692749,0.33731988072395325,10.02592945098877,8.011150360107422,0.0011145810549906265,-2.0147790908813477
728,0.008041427470743656,0.013034955145301619,0.8690476190476191,1.3626378774642944,0.9317512204876173,0.048461112391972705,0.011176141486443969,0.6349350810050964,0.40195131301879883,0.14481019973754883,0.007414907789016101,0.8318452380952381,7.997320175170898,0.9968949417356453,0.06099904916664145,0.010022114776693236,0.3486950099468231,0.14165715873241425,70.67704010009766,73.26319885253906,0.8,0.8919925512104283,0.7282432913780212,0.3756674826145172,11.939470291137695,12.727553367614746,-0.005620047356285518,0.7880830764770508
729,0.03271868824958801,0.02543267932657889,0.8377976190476191,1.368360996246338,0.7993393413379218,0.02833820192147718,0.02120979537038359,0.6270318627357483,0.5149761438369751,1.8404910564422607,0.033188632191357925,0.8348214285714286,9.708630561828613,0.9597995106170718,0.012210689499808303,0.037554024390495155,0.17067688703536987,0.31431612372398376,53.325828552246094,26.84847640991211,0.9925925925925926,0.8007448789571695,0.5611754059791565,0.5250519514083862,14.321073532104492,9.760704040527344,0.0077559528647790366,-4.560369491577148
730,0.07880715280771255,0.05482879029363352,0.8482142857142857,1.7797491550445557,0.8802392952425987,0.02099563019660089,0.06953111469006723,0.5006773471832275,0.6699045896530151,2.660221815109253,0.06942473009787598,0.8273809523809523,10.111690521240234,0.9392623881887936,0.0046204845697191965,0.09706981265993386,0.1454421728849411,0.6351226568222046,122.66993713378906,90.0196304321289,0.9925925925925926,0.8156424581005587,0.5231555700302124,0.5450389981269836,25.000656127929688,19.766469955444336,0.014595939804242453,-5.234186172485352
731,0.019306689500808716,0.012153048090996044,0.875,2.101912021636963,0.9330528704714838,0.03771024246029375,0.014491570559075684,0.6047993302345276,0.4138524830341339,0.6818925142288208,0.007752585318888117,0.875,12.008269309997559,0.9402877302855798,0.029491106354602614,0.009379893087564706,0.14535360038280487,0.2318110466003418,215.5445098876953,137.25582885742188,0.9407407407407408,0.8621973929236499,0.44100961089134216,0.4487663805484772,24.570846557617188,22.85199546813965,-0.004400462772107927,-1.718851089477539
732,0.013658791780471802,0.018629359709892546,0.8854166666666666,1.7117671966552734,0.9048805550275759,0.05641024323685573,0.014628945545536176,0.8651750683784485,0.4914003014564514,0.6418590545654297,0.02985553983203848,0.8244047619047619,10.265303611755371,0.9640969162826268,0.07058700686593566,0.021670073444656324,0.3033023774623871,0.253858745098114,12.657991409301758,9.995328903198242,0.7925925925925926,0.9273743016759777,0.5628780126571655,0.41364479064941406,10.271720886230469,8.467989921569824,0.011226180122145935,-1.8037309646606445
733,0.018246015533804893,0.02116394951607148,0.8497023809523809,1.2414857149124146,0.7904341812866135,0.05670962696379489,0.014799006989330454,0.9923381805419922,0.46881207823753357,0.6941548585891724,0.02339317477642122,0.8720238095238095,7.355912685394287,0.9373193553888923,0.032811292997329655,0.014839987090918605,0.37135064601898193,0.3433586657047272,8.0772705078125,8.519147872924805,0.6370370370370371,0.9087523277467412,0.8210700154304504,0.42984622716903687,4.69751501083374,4.862171173095703,0.002229225260349743,0.1646561622619629
734,0.0033613869454711676,0.021955708450031808,0.8288690476190477,0.5702100396156311,0.288624345713869,0.08055950596165606,0.02145885622000876,0.9099881649017334,0.5463372468948364,0.0641515851020813,0.016114902002200004,0.7708333333333334,3.682553291320801,0.9804379258328012,0.15623341822437475,0.007874115706258844,0.6761717796325684,0.28283149003982544,421.9874572753906,434.9281921386719,0.6222222222222222,0.8789571694599627,1.0350323915481567,0.3724152445793152,37.571746826171875,38.53856658935547,-0.005840806447831803,0.9668197631835938
735,0.01134431455284357,0.02186112506979465,0.8303571428571429,1.5273234844207764,0.8260981462911507,0.04419221386693051,0.02816709790112948,0.54053795337677,0.5478838086128235,0.024350840598344803,0.010524654647830145,0.8452380952380952,9.199631690979004,0.9596220419995518,0.0179534902792442,0.016974278033327295,0.2560961842536926,0.18377909064292908,97.73087310791016,18.080692291259766,0.8296296296296296,0.8268156424581006,1.929372787475586,0.3925747573375702,30.794023513793945,22.78398323059082,-0.011336470421964506,-8.010040283203125
736,0.02117529883980751,0.01792328254894271,0.8675595238095238,1.654080867767334,0.8405566133119093,0.030838835992625158,0.014669588181548399,0.6771740913391113,0.3943215310573578,0.7662197947502136,0.011501484286822183,0.8511904761904762,12.029960632324219,0.8907237599430681,0.03879156809293238,0.005783930144242944,0.4627329409122467,0.19818638265132904,112.81212615966797,64.73492431640625,0.9777777777777777,0.8379888268156425,0.5595456957817078,0.44472017884254456,35.58457565307617,24.854875564575195,-0.006421798262120526,-10.729700088500977
737,0.08473941683769226,0.052924297369011386,0.8690476190476191,1.9520814418792725,0.9179972046720314,0.022645069435164533,0.045565529702699004,0.5014652013778687,0.588931679725647,4.556573390960693,0.06292889788764777,0.7782738095238095,13.52806568145752,0.9041297234105959,0.009979290420238374,0.05387424279305508,0.3255828320980072,0.4943680763244629,562.1739501953125,427.6850891113281,0.9629629629629629,0.8435754189944135,0.5318174958229065,0.4877258241176605,108.3512954711914,86.2894515991211,0.010004600518636386,-22.061843872070312
738,0.065543532371521,0.03878240858326476,0.8452380952380952,1.9202957153320312,0.9003473360381681,0.03333029668954146,0.02955881244697489,0.6820460557937622,0.540306031703949,3.5918285846710205,0.035312482587539495,0.7857142857142857,13.91549301147461,0.941412851437209,0.01647980123177628,0.029204609216186728,0.14697793126106262,0.3907228708267212,50.16972351074219,34.87678909301758,0.9925925925925926,0.8063314711359404,0.4739087224006653,0.47969841957092285,16.797277450561523,30.255123138427734,-0.003469925995725265,13.457845687866211
739,0.005490172654390335,0.011868622610075374,0.8824404761904762,1.7876251935958862,0.7388649739480269,0.0795498427384872,0.011169885462599338,1.066129446029663,0.41762498021125793,0.04869192838668823,0.004571270236698122,0.8422619047619048,11.773204803466797,0.9324840004975048,0.03113711254675633,0.005022713593367034,0.37370139360427856,0.10912560671567917,17.452747344970703,8.918272018432617,0.7111111111111111,0.9162011173184358,1.0671775341033936,0.4528307616710663,7.715441703796387,5.642871379852295,-0.007297352373377253,-2.072570323944092
740,0.002656008116900921,0.01725214970886113,0.8824404761904762,0.5834300518035889,0.37282942239253786,0.03854053445468575,0.019572966814594528,0.7345285415649414,0.6712960600852966,0.024632763117551804,0.03051282254723542,0.8065476190476191,7.940332889556885,0.9892691375816325,0.10581996208487465,0.029328137890197947,0.261461079120636,0.09672901779413223,100.75130462646484,94.76134490966797,0.8740740740740741,0.9031657355679702,1.6482123136520386,0.4440656304359436,18.929397583007812,18.600135803222656,0.013260672838374288,-0.32926177978515625
741,0.024224044755101204,0.02438361676705736,0.8616071428571429,1.6894537210464478,0.8701159526036348,0.05860120502345545,0.03034898218077342,0.78187096118927,0.6120481491088867,0.13118642568588257,0.011327296842812307,0.8318452380952381,10.441630363464355,0.9383074065784492,0.09709481304032275,0.015607301699381293,0.8713671565055847,0.18584541976451874,17.524873733520508,4.623936176300049,0.8740740740740741,0.845437616387337,0.5619518160820007,0.4469887614250183,10.889142990112305,6.968186378479004,-0.013056319924245052,-3.920956611633301
742,0.04426829516887665,0.054011328212200005,0.84375,1.45209538936615,0.8915779050863639,0.03370447175057234,0.05248293258021808,0.6247045993804932,0.700263500213623,1.0720633268356323,0.07646521188856636,0.8229166666666666,8.378290176391602,0.9781151082122399,0.08449203311507036,0.08036981166113732,0.6128020286560059,0.47577187418937683,4153.43505859375,4117.8916015625,0.9703703703703703,0.8119180633147114,0.425945907831192,0.47149816155433655,1761.5252685546875,1764.486572265625,0.02245388367636636,2.9613037109375
743,0.07491756975650787,0.0544226462573324,0.8363095238095238,1.958192229270935,0.9106121027682491,0.023726436763281566,0.05754991786174912,0.6540349125862122,0.5765727758407593,23.37795639038086,0.054209915100406625,0.8407738095238095,31.808637619018555,0.8845958828609677,0.02423177894430284,0.053328191419192206,0.22680801153182983,0.4832540452480316,24.69350242614746,599.3712768554688,1.0,0.7988826815642458,0.39864400029182434,0.4653984308242798,16.703102111816406,301.58404541015625,-0.00021273115692577171,284.88094329833984
744,0.05401621013879776,0.035205536054482955,0.8288690476190477,1.5083411931991577,0.9056448038341884,0.027696926528131494,0.032243912307234224,0.5579544305801392,0.666582465171814,5.215527534484863,0.03327140941393503,0.8541666666666666,14.916232109069824,0.9999485101059992,0.008707207751025958,0.031349421545845524,0.2957572042942047,0.4013831615447998,19.58069610595703,14.877349853515625,0.9851851851851852,0.7858472998137802,0.5106177926063538,0.47682636976242065,6.266501426696777,5.27340030670166,-0.0019341266405479285,-0.9931011199951172
745,0.008597454987466335,0.015301423296835148,0.8988095238095238,1.2104532718658447,0.823418646032969,0.05202476582178239,0.01710264857378474,0.753190815448761,0.4732283353805542,0.07318638265132904,0.007374620879086691,0.8601190476190477,7.896870136260986,0.9721317474744254,0.032898202532315235,0.008920388351639108,0.3751814067363739,0.1422966867685318,13.295802116394043,10.762569427490234,0.9407407407407408,0.8919925512104283,0.6394961476325989,0.49342939257621765,5.155542850494385,5.122549533843994,-0.007926802417748458,-0.032993316650390625
746,0.01602458581328392,0.02016186735689318,0.84375,1.4789780378341675,0.9174063364698,0.03831871684879751,0.027959748482232483,0.6461068391799927,0.5587812066078186,0.10670989006757736,0.011979609344957565,0.8363095238095238,7.7815704345703125,0.9072994697221443,0.014861094314405077,0.01802308830586874,0.2721655070781708,0.1887953132390976,14.345059394836426,14.121474266052246,0.8814814814814815,0.8286778398510242,0.7112619280815125,0.39542943239212036,5.312492847442627,5.768299102783203,-0.008182258011935617,0.45580625534057617
747,0.0017093571368604898,0.013667559427065878,0.8913690476190477,0.507412850856781,0.27872918420265547,0.023180257646718827,0.017729345838084054,0.8151988983154297,0.5369699597358704,0.10305696725845337,0.02410059064332648,0.7946428571428571,5.870002746582031,0.9286370555810834,0.012912919733332862,0.030136538679277458,0.26225122809410095,0.28015631437301636,217.6096954345703,213.2716064453125,0.9185185185185185,0.8938547486033519,0.517727255821228,0.4848652184009552,18.48219871520996,18.377277374267578,0.010433031216260602,-0.10492134094238281
748,0.002902671229094267,0.018065896250106905,0.8601190476190477,0.6042867302894592,0.26597499631764376,0.028783727988224372,0.02379974209771063,0.6887500286102295,0.5352305173873901,0.099372997879982,0.006336719212012509,0.8303571428571429,8.890148162841797,0.969076999716412,0.0650593249574557,0.011002908736172157,0.38005954027175903,0.3030761778354645,153.05784606933594,63.21596145629883,0.9111111111111111,0.8230912476722533,0.6104323863983154,0.3693627715110779,38.144615173339844,32.85310745239258,-0.011729177038094396,-5.291507720947266
749,0.039105311036109924,0.026352320771461546,0.8363095238095238,1.908546805381775,0.876362140258377,0.05621706143291305,0.025077750335532945,0.9168650507926941,0.48464521765708923,0.8944181799888611,0.01904289650939761,0.8080357142857143,12.637347221374512,0.9466078389252384,0.04571467753505498,0.022358723882128007,0.30387264490127563,0.25397783517837524,10.086573600769043,6.857234477996826,0.9111111111111111,0.8212290502793296,0.5227006077766418,0.46484434604644775,10.119508743286133,7.773723602294922,-0.007309424262063935,-2.345785140991211
750,0.005513595882803202,0.016073691048849148,0.8526785714285714,1.0543278455734253,0.8331942820136227,0.029944247887590314,0.02060206560405331,0.650210976600647,0.5828651785850525,0.04308462142944336,0.01599022314414289,0.8020833333333334,6.4289937019348145,0.9982331506765783,0.0323297677425487,0.02182733578406093,0.3562193810939789,0.18396945297718048,139.0957794189453,145.06259155273438,0.9407407407407408,0.851024208566108,0.5111349821090698,0.47036948800086975,27.518775939941406,28.58974838256836,-8.346790470625809e-05,1.0709724426269531
751,0.019185367971658707,0.018897983576813493,0.8794642857142857,2.0516302585601807,0.8855199780655434,0.058054371950066797,0.012497514502456286,0.8692759275436401,0.30129188299179077,0.741851806640625,0.013665895590471377,0.8854166666666666,11.828240394592285,0.9526465043724271,0.03999428607180222,0.011591275967720582,0.36256733536720276,0.1393338143825531,7.378291606903076,8.207898139953613,0.9259259259259259,0.8677839851024208,0.7026668190956116,0.3795119822025299,10.70520305633545,8.079728126525879,-0.0052320879863421155,-2.6254749298095703
752,0.018468860536813736,0.019818393822305658,0.8645833333333334,1.3929240703582764,0.904992158090231,0.021406514380031494,0.020671983071560596,0.5553566813468933,0.4725501537322998,0.15408293902873993,0.009080590153827228,0.8541666666666666,6.607542037963867,0.9986669971233021,0.027289945639839663,0.009731310205074006,0.16927069425582886,0.1452343761920929,417.33514404296875,436.06097412109375,0.9703703703703703,0.8435754189944135,1.381436824798584,0.41581836342811584,136.9761962890625,138.4915771484375,-0.01073780366847843,1.515380859375
753,0.012356143444776535,0.01983100812530414,0.8526785714285714,2.0444016456604004,0.8652549210236621,0.05048939337777558,0.023637461757975875,0.7152908444404602,0.5246592164039612,0.19343577325344086,0.012059507411838477,0.8601190476190477,17.4587345123291,0.9292870442562939,0.061419925097121464,0.016345673995884824,0.6191274523735046,0.13470707833766937,17.62125587463379,41.316131591796875,0.9481481481481482,0.8491620111731844,0.5149065256118774,0.40569496154785156,15.343505859375,34.90791320800781,-0.007771500713465662,19.564407348632812
754,0.0044226497411727905,0.00769681472494943,0.9032738095238095,1.729933500289917,0.8829811575460962,0.02807892178076854,0.012396317339689267,0.5793069005012512,0.4304935336112976,0.017138265073299408,0.0029341354934043773,0.8392857142857143,11.033968925476074,0.9665659614889154,0.014016445964962654,0.006145960009987794,0.11247434467077255,0.10348839312791824,48.08613204956055,46.4267578125,0.8814814814814815,0.9143389199255121,0.522656261920929,0.4105171263217926,10.328001022338867,10.654019355773926,-0.004762679231545053,0.3260183334350586
755,0.008465999737381935,0.014344740958359026,0.8422619047619048,1.3984172344207764,0.8840122067425208,0.0553036439876009,0.014811923924377135,0.7224646210670471,0.36849650740623474,0.05552486702799797,0.005341437742440447,0.8318452380952381,9.5901517868042,0.9376091244974066,0.035317968348027584,0.008721204291816664,0.26044562458992004,0.13811904191970825,16.315475463867188,7.642121315002441,0.8962962962962963,0.8286778398510242,0.8184477686882019,0.4206334054470062,7.942759990692139,5.4786858558654785,-0.009003303215918579,-2.46407413482666
756,0.0037220355588942766,0.020055702032957923,0.8303571428571429,0.5999675989151001,0.36535662007029385,0.08733787309885954,0.014521619290461918,0.9717899560928345,0.4379279315471649,0.1299588829278946,0.012152441460926977,0.8244047619047619,5.370474815368652,0.9965633039782655,0.09753774087784572,0.010765343648853842,0.4217785596847534,0.1977316290140152,102.70454406738281,98.0508041381836,0.5777777777777777,0.9106145251396648,0.8119980692863464,0.4332643747329712,30.162946701049805,30.95608901977539,-0.007903260572030946,0.7931423187255859
757,0.07771889120340347,0.05052003344983047,0.8660714285714286,1.90628182888031,0.8933595018235736,0.01684676613040359,0.03327679741293843,0.44133514165878296,0.5619348287582397,3.104318857192993,0.06037366881843442,0.7976190476190477,12.14359188079834,0.9173929342798112,0.01393436532330894,0.03575897403809991,0.22764842212200165,0.3417421281337738,178.48367309570312,117.29847717285156,1.0,0.8361266294227188,0.3820917308330536,0.5668394565582275,51.156471252441406,38.08168411254883,0.009853635368603952,-13.074787139892578
758,0.033504582941532135,0.020188810369996313,0.8883928571428571,1.991314172744751,0.9196420873111738,0.02537200508678783,0.023234825926098934,0.6179640293121338,0.526972770690918,1.20703125,0.02047083827691354,0.8110119047619048,11.55042839050293,0.9335254004248869,0.03305517548116177,0.024774735028515127,0.41557613015174866,0.34069594740867615,701.9599609375,522.1801147460938,0.8962962962962963,0.8938547486033519,0.6128313541412354,0.43607085943222046,131.4829559326172,121.1457748413086,0.000282027906917226,-10.337181091308594
759,0.022442882880568504,0.019956006732536946,0.8541666666666666,1.6308921575546265,0.8226771612149665,0.03582071422069777,0.023468620008617935,0.57707679271698,0.5081171989440918,1.07708740234375,0.015555611017091242,0.8244047619047619,12.911264419555664,0.9505572813114309,0.041187307302935516,0.02212496506099726,0.38982918858528137,0.28907111287117004,186.42079162597656,56.63549041748047,0.9111111111111111,0.845437616387337,0.4638689160346985,0.43643516302108765,60.7962646484375,62.08094024658203,-0.004400395715445704,1.2846755981445312
760,0.03972337022423744,0.03175576635062993,0.8526785714285714,1.9462648630142212,0.8835807415079836,0.028523942390249912,0.023877737189747394,0.7233406901359558,0.3776375651359558,2.474320650100708,0.02690808134623357,0.9032738095238095,16.57036018371582,0.9015686213627093,0.01952009367342944,0.018238188925763787,0.32981494069099426,0.26074767112731934,389.57464599609375,278.2414245605469,0.9851851851851852,0.8212290502793296,0.4156572222709656,0.38316458463668823,95.8511734008789,108.96675109863281,-0.004847685004396363,13.115577697753906
761,0.08458787202835083,0.04454616423312763,0.8184523809523809,2.1099584102630615,0.8984488821576121,0.07094340724294212,0.041392363408309096,0.9262198805809021,0.6154448986053467,7.2328901290893555,0.04745722981778111,0.8511904761904762,17.308996200561523,0.9454933679605015,0.02820202848552389,0.043038558100352065,0.34390443563461304,0.5047458410263062,177.9376678466797,94.41678619384766,0.7111111111111111,0.8361266294227188,0.9000027775764465,0.37659984827041626,67.574462890625,87.8615951538086,0.0029110655846534828,20.287132263183594
762,0.11494855582714081,0.04645161756927141,0.8630952380952381,2.040146827697754,0.886969091561748,0.018083479369792488,0.036597588602466646,0.5257899165153503,0.6080864071846008,7.373437881469727,0.05047443521741335,0.8169642857142857,16.611011505126953,0.8921841966747077,0.020360903920962126,0.03939493476290279,0.2323211282491684,0.5001203417778015,56.66580581665039,15.077122688293457,0.9925925925925926,0.8286778398510242,0.4522671103477478,0.4481941759586334,17.870580673217773,8.247069358825684,0.004022817648141941,-9.62351131439209
763,0.057535089552402496,0.03031568385187222,0.8616071428571429,1.7152577638626099,0.8889554171179574,0.02432610953480896,0.036235058478388815,0.5316303968429565,0.6937395930290222,2.708904266357422,0.03762611123740489,0.7797619047619048,12.027586936950684,0.93735481183331,0.01175841524417287,0.049675950450151274,0.2382701337337494,0.42638716101646423,886.4782104492188,783.9273681640625,0.9777777777777777,0.8305400372439479,0.4799882173538208,0.4980974495410919,138.8299560546875,128.076416015625,0.00731042738553267,-10.7535400390625
764,0.026872646063566208,0.018548048040997966,0.8422619047619048,1.687199592590332,0.8878746558900217,0.028912356178979248,0.023710017837785258,0.6685596704483032,0.7565457224845886,1.7278157472610474,0.009017068505105752,0.8303571428571429,16.070152282714844,0.9489942180879825,0.030708680166304902,0.013372296583288534,0.2828426957130432,0.2904169261455536,105.30242156982422,25.548046112060547,0.9777777777777777,0.8417132216014898,0.5428967475891113,0.4833446741104126,37.148223876953125,28.931917190551758,-0.009530979535892214,-8.216306686401367
765,0.04822852090001106,0.031587002209418236,0.8482142857142857,1.6614933013916016,0.8918183268860754,0.04060596122859883,0.028197290824857113,0.6609413623809814,0.5238837599754333,2.8826708793640137,0.023856101890157744,0.8363095238095238,13.163152694702148,0.9122624002929901,0.014068274588776242,0.019448917425187173,0.22727887332439423,0.38291576504707336,758.8631591796875,614.6844482421875,0.9407407407407408,0.8286778398510242,0.7071060538291931,0.32596901059150696,179.61666870117188,158.24867248535156,-0.007730900319260492,-21.367996215820312
766,0.018208347260951996,0.01560704675226976,0.9122023809523809,2.016258955001831,0.9100997092843451,0.04050584910186039,0.017005058472272627,0.6061150431632996,0.3888140320777893,1.1327887773513794,0.010300425293321425,0.8630952380952381,17.53164291381836,0.93585405901807,0.02751928385130331,0.013060389388610538,0.34398338198661804,0.2087804675102234,215.4121551513672,60.21637725830078,0.9111111111111111,0.9013035381750466,0.5948803424835205,0.4788567125797272,42.77608108520508,51.826904296875,-0.005306621458948335,9.050823211669922
767,0.007407291792333126,0.012797953168239506,0.8616071428571429,1.9418271780014038,0.8574005313252857,0.031165808938717343,0.01671192748793915,0.761335015296936,0.6082286238670349,0.09365971386432648,0.006335218652057106,0.8526785714285714,13.106366157531738,0.9634339501276058,0.04261513440568343,0.013312022960026204,0.5211976170539856,0.1338825225830078,73.5054702758789,23.519514083862305,0.9111111111111111,0.8472998137802608,0.5400802493095398,0.497727632522583,18.625953674316406,17.19338607788086,-0.0064627345161824,-1.4325675964355469
768,0.011498544365167618,0.013615440465661655,0.8824404761904762,1.3659861087799072,0.7686386093270743,0.03007635910501305,0.019259219033634034,0.48063769936561584,0.5526744723320007,0.2450743317604065,0.01376928143197309,0.8258928571428571,8.229551315307617,0.9448973559836703,0.08568727770415885,0.02438099950991679,0.5509544014930725,0.16285014152526855,55.3125,29.777225494384766,0.9777777777777777,0.8659217877094972,0.5026246905326843,0.3758857846260071,12.459921836853027,10.250568389892578,0.00015384096631143596,-2.209353446960449
769,0.00671431515365839,0.013061161091038609,0.9002976190476191,1.7571015357971191,0.9398066788697831,0.05266008566919711,0.016535190028685753,0.8771645426750183,0.45105111598968506,0.052016742527484894,0.007360541529001008,0.8675595238095238,11.427398681640625,0.9098218368970449,0.05791511013960915,0.00828909571883718,0.7638900876045227,0.14142124354839325,1806.2581787109375,1692.2911376953125,0.9407407407407408,0.88268156424581,0.5467879176139832,0.45126643776893616,904.6049194335938,895.82568359375,-0.005700619562037601,-8.77923583984375
770,0.008441034704446793,0.01488318029466884,0.8720238095238095,2.4951553344726562,0.9213738535029375,0.04365461486373767,0.01646366144192224,0.8227946758270264,0.5300554037094116,0.3032064437866211,0.011600917683836975,0.8586309523809523,23.67521095275879,0.8999889967614183,0.04255000854287905,0.01390079223519991,0.3417225182056427,0.10594578087329865,55.4784049987793,160.6043701171875,0.9259259259259259,0.8770949720670391,0.5474295020103455,0.37624305486679077,19.60940170288086,139.62205505371094,-0.0032822626108318653,120.01265335083008
771,0.011296967044472694,0.014405316488287245,0.8943452380952381,1.723646879196167,0.8755134484736072,0.037174364317795305,0.015508809979760785,0.6482275128364563,0.43777790665626526,0.09783026576042175,0.002874590262888499,0.8854166666666666,15.98494815826416,0.9604870416396012,0.01459284253603843,0.0062235158497653265,0.335963636636734,0.05920255184173584,50969.96484375,50229.08984375,0.9333333333333333,0.8864059590316573,0.537107527256012,0.3842436969280243,11614.2158203125,11595.2978515625,-0.011530726225398746,-18.91796875
772,0.01130438968539238,0.022278883458979215,0.8511904761904762,1.6204603910446167,0.8860278262948218,0.04589703689935276,0.026855957234007133,0.7975497841835022,0.5331013798713684,0.4382040500640869,0.012976113031646808,0.8690476190476191,23.478147506713867,0.9453819865541896,0.02155126845715527,0.019058988974110735,0.29397428035736084,0.4505986273288727,29.927873611450195,9570.2529296875,0.7925925925925926,0.8417132216014898,0.5842312574386597,0.43013161420822144,15.598600387573242,2327.0234375,-0.009302770427332407,2311.4248371124268
773,0.013305816799402237,0.01379971533954627,0.875,1.4751709699630737,0.8923043445895867,0.050068453485827225,0.009612035965472776,0.7831367254257202,0.4308127164840698,0.8891735076904297,0.009712449554793556,0.8616071428571429,10.687249183654785,0.784405045759285,0.08956756719964021,0.009220509666117871,0.5285329818725586,0.20134730637073517,674.4490966796875,631.4282836914062,0.7481481481481481,0.9050279329608939,0.7844645380973816,0.36115574836730957,72.30497741699219,71.69612884521484,-0.004087265784752714,-0.6088485717773438
774,0.006734023801982403,0.012525631873738119,0.8854166666666666,1.4780280590057373,0.841536272891797,0.05191838797456394,0.011786572065133005,0.6053287982940674,0.4106867015361786,0.14394564926624298,0.007400701144381183,0.8988095238095238,13.314753532409668,0.9504984556970199,0.033565028114889706,0.007086938316937075,0.4643438160419464,0.17040660977363586,8.56557559967041,74.92405700683594,0.8592592592592593,0.9068901303538175,0.5685352087020874,0.4457111358642578,13.584830284118652,19.212491989135742,-0.005124930729356936,5.62766170501709
775,0.006871580146253109,0.017188107439365274,0.8943452380952381,1.2281646728515625,0.908483975128214,0.03418890887427284,0.013900992912980858,0.7635593414306641,0.5296445488929749,0.2150445431470871,0.016907053349197176,0.8184523809523809,6.102054595947266,0.9967598685115839,0.1464651977927791,0.014198806409185138,0.13074404001235962,0.2906675934791565,772.283935546875,796.5388793945312,0.8444444444444444,0.9068901303538175,0.5839244723320007,0.4176637828350067,187.99290466308594,190.42471313476562,-0.000281054090168098,2.4318084716796875
776,0.00554314348846674,0.009190485536889503,0.8735119047619048,1.9854841232299805,0.9297232229840068,0.05477677865415309,0.01066122665026581,0.7855237126350403,0.4181942939758301,0.08950553089380264,0.003395246061533852,0.9047619047619048,18.069955825805664,0.91643189813231,0.04774306517518001,0.004163801661269173,0.29415008425712585,0.07532421499490738,127.56463623046875,47.34180450439453,0.8592592592592593,0.8715083798882681,0.5763922333717346,0.3907388746738434,30.254955291748047,55.20789337158203,-0.005795239475355651,24.952938079833984
777,0.007730269804596901,0.010722640917301574,0.8898809523809523,1.8100366592407227,0.8834517541035499,0.037102415603142314,0.011219060709008244,0.684464156627655,0.4639296531677246,0.034002456814050674,0.007583594659537618,0.8511904761904762,13.546950340270996,0.9193051560322051,0.06984961975056736,0.008286821056907256,0.3301640450954437,0.11637953668832779,18.729280471801758,5.676840305328369,0.9185185185185185,0.8919925512104283,0.5761717557907104,0.38595303893089294,10.664063453674316,7.580838680267334,-0.0031390462577639555,-3.0832247734069824
778,0.004984099417924881,0.012242109294262615,0.8556547619047619,1.4212995767593384,0.842185068624458,0.041858675572453596,0.01661205912058228,0.7391179203987122,0.5429353713989258,0.021269334480166435,0.009213214297495886,0.8511904761904762,6.42392110824585,0.9005380929984161,0.05041031155901543,0.013609502249533167,0.3031019866466522,0.1941678673028946,81.63662719726562,75.73272705078125,0.8962962962962963,0.8640595903165735,0.5059435367584229,0.458560973405838,14.21495246887207,14.777765274047852,-0.003028894996766729,0.5628128051757812
779,0.028325248509645462,0.02123191719726958,0.8854166666666666,1.8428575992584229,0.8546353707098768,0.031983421946516044,0.015037150776438857,0.5955260992050171,0.3783179521560669,0.6733502745628357,0.013532704842985188,0.8556547619047619,10.290921211242676,0.9341090095422753,0.028297156157106373,0.00478141879520122,0.2913062572479248,0.09685449302196503,31.099802017211914,12.195850372314453,0.9777777777777777,0.8547486033519553,0.4190117418766022,0.5219553112983704,9.545820236206055,6.560764789581299,-0.0076992123542843904,-2.985055446624756
780,0.010843120515346527,0.015838394372161058,0.8839285714285714,1.5472279787063599,0.8359806446154322,0.022910886472823022,0.01887289036198314,0.7286550402641296,0.5707945227622986,0.11759550124406815,0.006755519260444043,0.8377976190476191,7.083756923675537,0.9673446211417709,0.030450079570389477,0.007217029528448937,0.12759125232696533,0.2044358104467392,139.25582885742188,119.11588287353516,0.9481481481481482,0.8640595903165735,0.6454973220825195,0.4421643614768982,15.818747520446777,14.569334030151367,-0.009082875111717015,-1.2494134902954102
781,0.007397626992315054,0.015423188040729396,0.8779761904761905,1.2766350507736206,0.81783038163007,0.03765124194482672,0.019912202251165412,0.5921100378036499,0.4130653440952301,0.25804054737091064,0.011993275677789295,0.8229166666666666,7.337365627288818,0.9537174318900518,0.032724941733082824,0.010990500792383617,0.41001003980636597,0.29044899344444275,25.801246643066406,6.8670973777771,0.8296296296296296,0.88268156424581,0.7797252535820007,0.4621284604072571,12.223468780517578,8.431990623474121,-0.003429912362940102,-3.791478157043457
782,0.005522624123841524,0.013893426122479902,0.8779761904761905,1.8160403966903687,0.8994610277979203,0.03705079983135828,0.019461202929128785,0.6509373784065247,0.40438374876976013,0.08281229436397552,0.010030123039139194,0.8154761904761905,10.83559799194336,0.8730102380360854,0.03909497704368359,0.009797794885840316,0.26880350708961487,0.15850545465946198,208.13253784179688,191.68460083007812,0.9111111111111111,0.8621973929236499,0.6127386689186096,0.4278096854686737,40.094703674316406,36.57662582397461,-0.003863303083340708,-3.518077850341797
783,0.004805664531886578,0.009254326060245455,0.8898809523809523,1.6883796453475952,0.8741497668691477,0.037110346035901576,0.012448006700074177,0.6419592499732971,0.45187297463417053,0.039848536252975464,0.0029740666430750906,0.8139880952380952,11.08984661102295,0.943839428815279,0.02039016039806063,0.0024747785737730954,0.3702964782714844,0.08369328826665878,8.898076057434082,13.543306350708008,0.9851851851851852,0.8696461824953445,0.5516772866249084,0.4234357476234436,12.409294128417969,11.740433692932129,-0.006280259417170364,-0.6688604354858398
784,0.004955536685883999,0.024070734386514636,0.8511904761904762,0.6036726236343384,0.35233957453494674,0.06187609386926318,0.017575015787229753,0.9588255882263184,0.5267787575721741,0.23560985922813416,0.02825100242666867,0.8244047619047619,5.070754051208496,0.9935820454602908,0.08786118485182992,0.02312214575652438,0.29929545521736145,0.3690979480743408,42.6053352355957,47.39817428588867,0.6,0.931098696461825,1.4122425317764282,0.3939882218837738,6.044576168060303,6.71370792388916,0.004180268040154034,0.6691317558288574
785,0.005663852673023939,0.012631050293652968,0.8630952380952381,1.2678358554840088,0.8101737485357328,0.050466812649228365,0.014289521140172012,1.010352373123169,0.4036117494106293,0.024560313671827316,0.00549318438951929,0.8199404761904762,6.097365856170654,0.9410479268621699,0.05220723786239356,0.007731464182409886,0.684450089931488,0.2106746882200241,269.97845458984375,231.47576904296875,0.8518518518518519,0.8528864059590316,0.6261003613471985,0.31840190291404724,52.599952697753906,50.48762512207031,-0.007137865904133678,-2.1123275756835938
786,0.013713746331632137,0.01455268288413225,0.8616071428571429,2.2510414123535156,0.8399996105813659,0.028580917823365692,0.018987030011843764,0.5794970989227295,0.3988845944404602,0.24535958468914032,0.00800661371348177,0.8407738095238095,10.975540161132812,0.9633908318017624,0.033410440124498564,0.012227641839223535,0.2472231686115265,0.15370403230190277,20.58904266357422,17.59158706665039,0.8740740740740741,0.8566108007448789,0.4999997019767761,0.40392550826072693,12.657771110534668,14.211814880371094,-0.0065460691706504814,1.5540437698364258
787,0.03193944692611694,0.02505746822878796,0.8497023809523809,1.6547682285308838,0.8641381040528563,0.07004546798197442,0.019221585670359365,0.9370323419570923,0.5040823221206665,1.0691226720809937,0.037266959109756526,0.8184523809523809,7.970713138580322,0.8918101315549631,0.10189282243955122,0.0366328917731793,0.328591525554657,0.42124319076538086,1838.7310791015625,1814.128662109375,0.674074074074074,0.8975791433891993,0.6735042929649353,0.4852670431137085,355.7114562988281,358.47247314453125,0.012209490880968565,2.761016845703125
788,0.03357641398906708,0.016992156070818942,0.8511904761904762,1.8532371520996094,0.8884405106334535,0.04979707067787886,0.02338737914015321,0.6991257667541504,0.6262054443359375,3.966613531112671,0.011769047519507247,0.8497023809523809,18.845502853393555,0.9308661745038255,0.044262136762235116,0.0215045492592828,0.2965996563434601,0.4069683849811554,108.10480499267578,124.36595153808594,0.837037037037037,0.8547486033519553,1.8488749265670776,0.47640103101730347,23.123157501220703,100.33074951171875,-0.005223108551311695,77.20759201049805
789,0.01277010515332222,0.02076107692099427,0.8377976190476191,1.2501425743103027,0.8662865864527589,0.033200890235855596,0.03169646478110677,0.5526829957962036,0.6135715246200562,0.3866770267486572,0.012626147798696308,0.8110119047619048,9.664029121398926,0.962714910248885,0.02891008910204418,0.01615633774587444,0.28284257650375366,0.29257309436798096,101.47893524169922,51.906036376953125,0.8814814814814815,0.8212290502793296,1.8017245531082153,0.43814706802368164,15.035391807556152,13.775792121887207,-0.008134929122297963,-1.2595996856689453
790,0.012561919167637825,0.013117166092599941,0.8705357142857143,1.640395164489746,0.8565994051126727,0.04924414413000022,0.01595167146197629,0.9055555462837219,0.4835219979286194,0.7252563238143921,0.0054812866774515134,0.8526785714285714,14.613715171813965,0.9147480566320674,0.056942696441552365,0.004523050322277067,0.34463122487068176,0.2540132701396942,22.319196701049805,10.473041534423828,0.8074074074074075,0.8808193668528864,0.5099020600318909,0.44098961353302,14.307108879089355,12.113863945007324,-0.007635879415148428,-2.1932449340820312
791,0.016038259491324425,0.017190064869796462,0.8467261904761905,1.9692331552505493,0.8332496254073584,0.023625791934005713,0.023060379510763562,0.514726996421814,0.6059382557868958,0.14721257984638214,0.013130357105004986,0.8050595238095238,9.628546714782715,0.8539281254891349,0.06058653800780556,0.015635359957864137,0.591764509677887,0.18287251889705658,19.66387939453125,17.346750259399414,0.9333333333333333,0.8361266294227188,0.5294210910797119,0.4458298683166504,7.772908687591553,4.971916675567627,-0.004059707764791476,-2.800992012023926
792,0.0024893416557461023,0.01885521916333277,0.8735119047619048,0.4972333610057831,0.3917931997961493,0.041762861010002705,0.022908018398886343,0.6214874386787415,0.5873146653175354,0.035848867148160934,0.008489008329442549,0.8779761904761905,6.02195405960083,0.9401763804165385,0.032777170796771116,0.0077158824954871585,0.3138052523136139,0.09578216075897217,25.781570434570312,21.320266723632812,0.8740740740740741,0.8752327746741154,0.5832586884498596,0.37373414635658264,7.135338306427002,7.291524410247803,-0.010366210833890221,0.15618610382080078
793,0.019601061940193176,0.019671084197456112,0.8839285714285714,1.5769753456115723,0.9046359570117531,0.03192359416941293,0.020532890483064947,0.7019224762916565,0.5771558284759521,0.16164694726467133,0.01184705786025253,0.8601190476190477,7.346610069274902,0.9264917033506919,0.01870077855443264,0.011776172495688408,0.5305936932563782,0.16116876900196075,162.44491577148438,146.55477905273438,0.9407407407407408,0.8640595903165735,0.6888696551322937,0.4513476490974426,42.782470703125,40.02229690551758,-0.007824026337203582,-2.760173797607422
794,0.002360730431973934,0.01747741721578977,0.8660714285714286,0.4761207401752472,0.3090270295675412,0.055321515652334785,0.014628655618735942,1.0493354797363281,0.4414970278739929,0.21283219754695892,0.004534776503864579,0.8482142857142857,12.55007553100586,0.8868333182500724,0.09224115289602597,0.004243299932795375,0.40210655331611633,0.1486310213804245,1154.6846923828125,913.852783203125,0.6444444444444445,0.9124767225325885,0.6998546123504639,0.3380723297595978,332.72271728515625,286.73358154296875,-0.01294264071192519,-45.9891357421875
795,0.04873871058225632,0.023267564378706806,0.8913690476190477,2.048391342163086,0.8626657560022516,0.02770243723630217,0.030736387856739045,0.5927338600158691,0.5566189885139465,3.138106346130371,0.01857345096985119,0.8764880952380952,17.81635284423828,0.9063234973124441,0.041366847143044616,0.025428402182450904,0.21937313675880432,0.35295355319976807,95.56169891357422,53.32373046875,0.9629629629629629,0.8864059590316573,0.6112498044967651,0.4386735260486603,34.49580764770508,45.67043685913086,-0.004694113408855616,11.174629211425781
796,0.01793733984231949,0.019723450773097784,0.8645833333333334,1.8542836904525757,0.8855930565436982,0.03100155671877103,0.023310695376279278,0.5892794728279114,0.4445576071739197,0.45612379908561707,0.012278927200363388,0.8199404761904762,14.027037620544434,0.8829315658626629,0.02187191170035352,0.009789065040783584,0.3513413071632385,0.12639322876930237,115.67980194091797,73.35391998291016,0.9629629629629629,0.8491620111731844,0.5563205480575562,0.48532232642173767,17.584794998168945,16.531240463256836,-0.007444523572734396,-1.0535545349121094
797,0.039457231760025024,0.027020669411442988,0.8735119047619048,1.8059577941894531,0.8799281944996192,0.050592312410685625,0.02578682496547502,0.6765438914299011,0.5180315971374512,2.4959769248962402,0.024031555238681168,0.8095238095238095,12.2484769821167,0.9729415974369422,0.07770354225526288,0.016029126444003228,0.5863957405090332,0.4238305687904358,136.1229705810547,75.98099517822266,0.8518518518518519,0.8808193668528864,0.6259021759033203,0.40187329053878784,23.52735137939453,20.965171813964844,-0.00298911417276182,-2.5621795654296875
798,0.009486943483352661,0.012077154132346779,0.8928571428571429,1.4769349098205566,0.886102211187771,0.01802599664593907,0.0132610477663615,0.49132901430130005,0.4664147198200226,0.22232700884342194,0.005689603675574917,0.8333333333333334,9.412763595581055,0.9522252441148648,0.024383270721296646,0.009713159382811476,0.27695176005363464,0.11158772557973862,35.0074462890625,8.29365062713623,0.9925925925925926,0.8677839851024208,0.39381930232048035,0.39989447593688965,8.643265724182129,6.199836254119873,-0.006387550456771862,-2.443429470062256
799,0.009991067461669445,0.02268470110986276,0.8601190476190477,1.38380765914917,0.825631430277424,0.04883153296138398,0.02715478939225635,0.6574932336807251,0.5299468040466309,0.27659863233566284,0.020036697075791476,0.8035714285714286,7.04782247543335,0.9695299598092356,0.022665541362680286,0.024615136639586366,0.35998207330703735,0.3181300461292267,49.10582733154297,35.36455535888672,0.7925925925925926,0.8547486033519553,0.5218372941017151,0.4135213792324066,9.798436164855957,9.446931838989258,-0.002648004034071283,-0.3515043258666992
800,0.006586792878806591,0.01299684020033709,0.8333333333333334,1.452551245689392,0.843152585505791,0.03428464148657473,0.017538583775521643,0.6134040355682373,0.5919663310050964,0.020943397656083107,0.01448253132383781,0.8333333333333334,8.049806594848633,0.9535140710311905,0.025079694954304843,0.025043697736694237,0.24219387769699097,0.1648581176996231,86.24242401123047,61.94791793823242,0.8740740740740741,0.8286778398510242,0.54903644323349,0.40020179748535156,21.434871673583984,18.796886444091797,0.0014856911235007209,-2.6379852294921875
801,0.030088350176811218,0.01671683115926026,0.8913690476190477,2.064460515975952,0.9218271901158401,0.026585341600913637,0.028561977373074532,0.6474806666374207,0.5951146483421326,0.7052185535430908,0.01152295197148867,0.7901785714285714,12.374456405639648,0.8773777051479577,0.01710096689320373,0.020815309215614697,0.31892621517181396,0.32360199093818665,101.65201568603516,58.74846649169922,0.9481481481481482,0.8845437616387337,0.5321371555328369,0.48976844549179077,16.94552230834961,10.241053581237793,-0.005193879187771588,-6.704468727111816
802,0.011116127483546734,0.016416857745824798,0.8690476190476191,1.5387846231460571,0.8139200522720657,0.04336285686538599,0.02372904385413166,0.7123437523841858,0.5232197642326355,0.1760435849428177,0.006941798089338813,0.8497023809523809,8.444479942321777,0.979338613639753,0.02702054950253363,0.012577637096464311,0.35788199305534363,0.3457759916782379,8.315232276916504,3.8066799640655518,0.8814814814814815,0.8715083798882681,0.6477841138839722,0.504122793674469,8.662263870239258,6.054523944854736,-0.009475059656485985,-2.6077399253845215
803,0.0037174634635448456,0.019703277541115227,0.8497023809523809,0.6012545824050903,0.32467865609752156,0.03774512708030442,0.021790232457619796,0.5350040197372437,0.4743281602859497,0.023269226774573326,0.016397438239259765,0.8125,3.253364086151123,0.9779736940055724,0.03046485633976992,0.014565637741708826,0.27553167939186096,0.3213360607624054,17.580326080322266,20.350751876831055,0.725925925925926,0.9031657355679702,0.6250553727149963,0.38167595863342285,5.905303001403809,6.6496758460998535,-0.003305839301855462,0.7443728446960449
804,0.007048299536108971,0.013547028330132438,0.8467261904761905,1.5937585830688477,0.8839856051306288,0.03592613139801004,0.021346156266513483,0.6375609040260315,0.5106918215751648,0.025682145729660988,0.007909552320123803,0.8318452380952381,6.516376972198486,0.8979345929836624,0.04928014773764511,0.018575904851046543,0.4103705585002899,0.22920586168766022,517.905517578125,510.15179443359375,0.9259259259259259,0.8324022346368715,0.5111632347106934,0.4927670657634735,31.897611618041992,31.14328384399414,-0.005637476010008635,-0.7543277740478516
805,0.010443427599966526,0.01735111745875062,0.8482142857142857,1.482652187347412,0.7860086909417463,0.06861560200024108,0.016434639461662015,0.9313145875930786,0.46793171763420105,0.20477727055549622,0.02669838211456388,0.8377976190476191,6.725540637969971,0.9760270881122934,0.1294488697183439,0.02057796652374133,1.075202465057373,0.2722102999687195,1488.0499267578125,944.9659423828125,0.7407407407407407,0.8715083798882681,0.8178303837776184,0.40728941559791565,331.90740966796875,317.47161865234375,0.009347264655813259,-14.435791015625
806,0.024522431194782257,0.019073775455258013,0.8660714285714286,1.7733203172683716,0.8867210957681418,0.035280516572926635,0.028629996780832778,0.6187580823898315,0.566347599029541,1.0989130735397339,0.012806316588263367,0.8556547619047619,15.603116989135742,0.9411520186547953,0.052423935761588325,0.024579539985247978,0.6185212135314941,0.30725041031837463,14.722566604614258,182.6241455078125,0.9259259259259259,0.8417132216014898,0.6678181290626526,0.4645266830921173,14.6746244430542,61.10544967651367,-0.006267458866994646,46.43082523345947
807,0.011951804161071777,0.0175366726674252,0.8779761904761905,1.2104802131652832,0.9085460504020879,0.02745113573187974,0.02260147668542989,0.7037101984024048,0.567023515701294,0.028720928356051445,0.022681191614019047,0.7723214285714286,7.768953323364258,0.9977911144837138,0.013561035006456446,0.04103964074123889,0.3591316044330597,0.15396106243133545,17.35970687866211,16.688528060913086,0.9629629629629629,0.8361266294227188,0.40201979875564575,0.41773363947868347,3.7442619800567627,4.037755489349365,0.005144518946593846,0.29349350929260254
808,0.0026995260268449783,0.01830589807328753,0.8363095238095238,0.5460075736045837,0.37183509432016015,0.0548612589412345,0.01931172357366362,0.8619347810745239,0.5150861740112305,0.4968603551387787,0.025841000341745746,0.7991071428571429,6.466936111450195,0.9705614898846107,0.04160424917711392,0.029151274731175736,0.5858660340309143,0.3684849143028259,6.181346893310547,4.90935754776001,0.7851851851851852,0.8584729981378026,0.8669636249542236,0.3736591041088104,4.192121982574463,4.699400901794434,0.007535102268458216,0.5072789192199707
809,0.004648531787097454,0.02297369242374947,0.8258928571428571,0.6440713405609131,0.5664141705052458,0.04730854219395997,0.024453356271709525,0.9110546112060547,0.562845766544342,0.01888658106327057,0.00842100045806582,0.84375,4.141829013824463,0.9772701594485057,0.05840965029391354,0.0069298746671749845,0.32574909925460815,0.18783053755760193,31.468456268310547,36.902488708496094,0.6,0.8677839851024208,0.7477569580078125,0.3933517634868622,6.112034320831299,7.108449935913086,-0.01455269196568365,0.9964156150817871
810,0.013568277470767498,0.021123879630184472,0.8705357142857143,1.346036672592163,0.8916990313080295,0.023059249639584833,0.028545555207954876,0.5598642826080322,0.577243447303772,0.18544626235961914,0.020385510804494134,0.8065476190476191,6.496675968170166,0.9378043872732393,0.01294524804162911,0.03447630953138925,0.24111343920230865,0.31623074412345886,71.28788757324219,56.7822265625,0.9555555555555556,0.8528864059590316,0.40201494097709656,0.41895753145217896,14.134361267089844,12.589641571044922,-0.0007383688256903387,-1.5447196960449219
811,0.008790340274572372,0.016045350355564092,0.8511904761904762,1.513802170753479,0.855398063857817,0.022446340017403532,0.023273001772365243,0.6208423376083374,0.6029783487319946,0.05295320600271225,0.003620274237438381,0.8273809523809523,9.2537260055542,0.9393194826734086,0.006259766262707411,0.009263929123670578,0.17891137301921844,0.1316472440958023,305.07257080078125,245.01451110839844,0.9481481481481482,0.8249534450651769,0.40039756894111633,0.43422436714172363,87.6496353149414,84.81958770751953,-0.01242507611812571,-2.830047607421875
812,0.015039429068565369,0.02107395373619414,0.8571428571428571,1.9565898180007935,0.9162477371818657,0.02274994655384821,0.02187859233516487,0.46078866720199585,0.5682901740074158,1.044893503189087,0.01691279335685847,0.8288690476190477,12.857852935791016,0.9314170556623033,0.022915539551506603,0.011757345370270289,0.18444044888019562,0.18317930400371552,1361.849365234375,1054.2584228515625,0.9703703703703703,0.8119180633147114,0.5113388299942017,0.4258717894554138,448.1282653808594,447.46820068359375,-0.004161160379335671,-0.660064697265625
813,0.0044747828505933285,0.007619642939315052,0.9211309523809523,2.0241777896881104,0.9392507181539154,0.03938743640092013,0.008830400982007047,0.5749284625053406,0.4390200078487396,0.24306908249855042,0.002789965413764972,0.8675595238095238,18.974388122558594,0.9138552314218044,0.030310263601082466,0.0044068627601066,0.2640499472618103,0.12875132262706757,2122.580810546875,1188.4261474609375,0.8592592592592593,0.9459962756052142,0.863209068775177,0.3635405898094177,689.0650024414062,613.9721069335938,-0.00482967752555008,-75.0928955078125
814,0.05697391927242279,0.03533818800184041,0.8675595238095238,2.1060595512390137,0.8872086607712564,0.029611102879003814,0.03688332965708829,0.5871002674102783,0.6066071391105652,4.227806091308594,0.042191914001233344,0.8333333333333334,18.48008155822754,0.9132523415690745,0.04653481112798308,0.044418853672738234,0.4207846224308014,0.33861517906188965,6.2256693840026855,354.9231872558594,0.9777777777777777,0.8491620111731844,0.49279630184173584,0.41171422600746155,14.182477951049805,135.3353729248047,0.0068537259993929345,121.15289497375488
815,0.0026946570724248886,0.018114812308029138,0.8690476190476191,0.5179718732833862,0.3128924594146192,0.058378143677520256,0.019213121654780396,0.8751091957092285,0.5041906237602234,0.05908038094639778,0.02412109451026767,0.7991071428571429,4.146422386169434,0.9915304955415996,0.04144624089713633,0.023665546225121514,0.3526304066181183,0.22925426065921783,65.08290100097656,76.14356994628906,0.8518518518518519,0.8994413407821229,0.9554249048233032,0.3866744935512543,11.652345657348633,12.774649620056152,0.006006282202238533,1.1223039627075195
816,0.019129039719700813,0.021305985124350335,0.8348214285714286,1.571468710899353,0.8354180340715669,0.017749337310563384,0.029992879623474966,0.48613712191581726,0.4792475700378418,0.45486006140708923,0.014300842913882006,0.8125,8.827408790588379,0.9235777834730956,0.006845127200400425,0.018565043967716743,0.17886076867580414,0.2473512440919876,26.406171798706055,11.666836738586426,0.9333333333333333,0.8081936685288641,0.4588314890861511,0.5034053921699524,11.49084758758545,7.7028489112854,-0.007005142210468329,-3.787998676300049
817,0.029631126672029495,0.028509565034221418,0.8645833333333334,1.4725041389465332,0.8641736037302172,0.04407349972006114,0.026960613707846748,0.6434276700019836,0.4728831946849823,0.8904027342796326,0.02713744507766258,0.7916666666666666,7.3373637199401855,0.8351875393447733,0.01226881346035047,0.03133257911494669,0.24448546767234802,0.36091142892837524,825.4696655273438,789.3779907226562,0.9407407407407408,0.8472998137802608,0.7258365750312805,0.44568464159965515,220.9573974609375,218.26939392089844,-0.0013721199565588371,-2.6880035400390625
818,0.013995079323649406,0.020401345450498543,0.8675595238095238,1.7991909980773926,0.8805667532438674,0.027629355267204003,0.024328696719041032,0.5166333317756653,0.6326950788497925,0.7889628410339355,0.015651751496697397,0.8110119047619048,14.761656761169434,0.9448420396932994,0.04128109013947867,0.0201969962459565,0.59944087266922,0.22603672742843628,297.2757873535156,89.1279067993164,0.9407407407407408,0.845437616387337,0.4543657600879669,0.45453381538391113,116.6347885131836,77.06465148925781,-0.004749593953801146,-39.57013702392578
819,0.002123389858752489,0.015948439418449922,0.8973214285714286,0.5125287175178528,0.32795117185369105,0.04584888349233762,0.01771528200708683,0.7457218766212463,0.5598518252372742,0.10037115216255188,0.006540327514568012,0.8571428571428571,16.868419647216797,0.8806228681009807,0.010282407903321245,0.010094528348439158,0.2938288152217865,0.14097271859645844,3691.203857421875,3022.54052734375,0.8148148148148148,0.9068901303538175,0.6775224208831787,0.48982149362564087,1379.5462646484375,1150.469482421875,-0.00940811190388191,-229.0767822265625
820,0.002175639383494854,0.01533249105795198,0.8556547619047619,0.584752082824707,0.21360068485921888,0.036909509048970834,0.01856042256796575,0.6141877770423889,0.4979642927646637,0.2897617220878601,0.013868591595836421,0.8556547619047619,21.64991569519043,0.9218633833653529,0.027876399094794446,0.022474483584070892,0.36342936754226685,0.1409960240125656,42.0518798828125,461.9886169433594,0.9703703703703703,0.8379888268156425,0.5212098956108093,0.45867326855659485,21.6611270904541,233.52627563476562,-0.0014638994621155588,211.86514854431152
821,0.0070054791867733,0.009261345690975586,0.8883928571428571,2.192352056503296,0.8804897592863106,0.028523134457321908,0.013224748021631982,0.5855061411857605,0.41509345173835754,0.07174427807331085,0.005529746012441716,0.8348214285714286,15.214621543884277,0.9328737126064114,0.033551135301371104,0.008577429823020344,0.3965275287628174,0.17233210802078247,385.38006591796875,349.4381408691406,0.9333333333333333,0.88268156424581,0.6434575319290161,0.5351407527923584,67.67694091796875,60.75003433227539,-0.00373159967853387,-6.926906585693359
822,0.039414748549461365,0.044777126960656055,0.8288690476190477,1.698168396949768,0.9193462966449177,0.028321311877106514,0.026942718680984856,0.6229736804962158,0.5013938546180725,3.1702470779418945,0.05802653376124489,0.8035714285714286,14.741820335388184,0.9523385724845559,0.02915695981916422,0.03323486905537443,0.2952997088432312,0.2703604996204376,37.21257781982422,18.4265079498291,0.9777777777777777,0.8007448789571695,0.5266353487968445,0.4579905867576599,18.10329818725586,14.108772277832031,0.013249406800588837,-3.994525909423828
823,0.005887750070542097,0.012291803459875905,0.8958333333333334,2.174349784851074,0.9118500796197744,0.03910965120144616,0.018816880095345656,0.7017818093299866,0.48447462916374207,0.05152278393507004,0.012304052936943699,0.8258928571428571,13.88378620147705,0.8184461132957229,0.01932377749231684,0.017926924497322916,0.2995868921279907,0.12341801822185516,22.774837493896484,17.470794677734375,0.8888888888888888,0.9013035381750466,0.6299156546592712,0.4211522340774536,10.739822387695312,7.846608638763428,1.224947706779389e-05,-2.8932137489318848
824,0.019727393984794617,0.027232781141316664,0.8541666666666666,1.1700228452682495,0.8597148714670846,0.0343577209297663,0.03831076499401975,0.6573347449302673,0.6824101209640503,0.18589863181114197,0.01489497202932688,0.84375,7.752904891967773,0.9909527553694449,0.07041599200861393,0.022838087736961055,0.29686760902404785,0.2363193780183792,104.88124084472656,95.76349639892578,0.9333333333333333,0.8361266294227188,0.8045220375061035,0.48307937383651733,31.607555389404297,31.491655349731445,-0.012337809111989784,-0.11590003967285156
825,0.005238577723503113,0.009303218633036847,0.8720238095238095,2.0569911003112793,0.897702595299071,0.03728306028763284,0.013029160694569941,0.7855204939842224,0.4832545220851898,0.03542577475309372,0.0039379435775441785,0.8422619047619048,13.617145538330078,0.9096487286973634,0.04595244084966543,0.007637487578076363,0.41702014207839966,0.0684976577758789,1510.50390625,1325.3909912109375,0.8888888888888888,0.8659217877094972,0.5606871843338013,0.4315340220928192,458.5464172363281,433.2608947753906,-0.005365275055492669,-25.2855224609375
826,0.02125588245689869,0.015206753052100508,0.8869047619047619,2.023735284805298,0.9239822854533258,0.037204740333702024,0.014047930849237167,0.5972270965576172,0.47772717475891113,1.7061851024627686,0.009086279817904996,0.8690476190476191,21.273916244506836,0.882390442563268,0.04249905204758153,0.008012734659367915,0.24909518659114838,0.18332351744174957,1024.8095703125,369.8479309082031,0.9777777777777777,0.8733705772811918,0.4811549186706543,0.41431716084480286,171.10391235351562,150.97096252441406,-0.0061204732341955115,-20.132949829101562
827,0.030467534437775612,0.02980571957465694,0.8482142857142857,1.7894724607467651,0.8982840262028365,0.0549481295093156,0.023394848711241645,0.6662082672119141,0.5286673903465271,2.125298261642456,0.029163651244457744,0.8467261904761905,16.507381439208984,0.9298742570019105,0.019906307049014638,0.022072563093820996,0.20476874709129333,0.2599853575229645,45.73967742919922,79.76014709472656,0.9185185185185185,0.8324022346368715,0.4885401129722595,0.5282214879989624,17.318485260009766,40.45447540283203,-0.000642068330199197,23.135990142822266
828,0.017348850145936012,0.016381564048723707,0.9002976190476191,1.6688863039016724,0.8945534000387381,0.03965237664784982,0.013744073364212128,0.6698168516159058,0.48263201117515564,0.8397340774536133,0.013181865518272606,0.8690476190476191,12.585131645202637,0.9402423655502212,0.07015190577669761,0.005312470081941911,0.3085881173610687,0.2570182979106903,100.59742736816406,78.36927032470703,0.9185185185185185,0.9031657355679702,0.7325863242149353,0.44547638297080994,27.7062931060791,24.533199310302734,-0.0031996985304511005,-3.173093795776367
829,0.05256398767232895,0.04520423508721694,0.8839285714285714,1.801815390586853,0.9194300586002659,0.02053245259988301,0.048122343355394115,0.4921967089176178,0.6780685782432556,2.776287078857422,0.060744991529450676,0.8839285714285714,12.064849853515625,0.9221896356251441,0.01851070191336579,0.0661513779997317,0.2814371883869171,0.4318549931049347,40.57662582397461,17.841705322265625,1.0,0.8547486033519553,0.5466722249984741,0.5186628103256226,12.28685474395752,9.541486740112305,0.015540756442233739,-2.745368003845215
830,0.009472543373703957,0.01240434610653196,0.8943452380952381,1.5594786405563354,0.893420578432356,0.0274946316998691,0.01594604115065046,0.5693935751914978,0.43227720260620117,0.0458228662610054,0.004305530453330597,0.8407738095238095,10.075286865234375,0.9122041334348673,0.03878797797531164,0.005488587826595226,0.5094940066337585,0.2016340047121048,2024.1953125,1917.1953125,0.9555555555555556,0.8733705772811918,0.47380343079566956,0.4143175482749939,154.99501037597656,152.3189697265625,-0.008098815653201363,-2.6760406494140625
831,0.006869329605251551,0.014620572799725284,0.8333333333333334,1.3852638006210327,0.8798139094166372,0.0647809779056201,0.012928508175988007,0.8651594519615173,0.45325908064842224,0.06735055148601532,0.005372472278188156,0.8095238095238095,10.809000015258789,0.9729802956162595,0.077874857755586,0.004498862173556217,0.5700138807296753,0.11959876120090485,22.36269760131836,256.8824768066406,0.7851851851851852,0.8584729981378026,0.7694008350372314,0.42711496353149414,18.507129669189453,41.653812408447266,-0.009248100521537128,23.146682739257812
832,0.013872217386960983,0.023366044389660057,0.8854166666666666,1.6821603775024414,0.8536129177396193,0.04046797829626547,0.029499660004942974,0.6192546486854553,0.5723714232444763,0.3976622223854065,0.03132988579843288,0.84375,7.750572681427002,0.7699913504037282,0.08979119753279163,0.0405300801233609,0.5608624815940857,0.3560676574707031,213.47500610351562,204.60537719726562,0.9333333333333333,0.8808193668528864,0.5057298541069031,0.4461755156517029,44.76633834838867,43.814388275146484,0.00796384140877282,-0.9519500732421875
833,0.033182501792907715,0.0210435079742064,0.8571428571428571,2.1914141178131104,0.8830507433010939,0.0173632079519509,0.026391069621237273,0.5161870121955872,0.442356675863266,0.8959925174713135,0.02504127680155499,0.8601190476190477,11.031868934631348,0.9246369014163208,0.037713616570068886,0.029265138126084445,0.3269933760166168,0.28718966245651245,170.8231964111328,73.56614685058594,0.9629629629629629,0.8324022346368715,0.5696794390678406,0.3938315808773041,28.812877655029297,20.074813842773438,0.003997768827348591,-8.73806381225586
834,0.01364905945956707,0.0162921039783408,0.8720238095238095,1.7346349954605103,0.7701643340480311,0.027054565160004262,0.027119158137620003,0.5820194482803345,0.48025190830230713,0.26491063833236694,0.011247768121169233,0.8125,9.067683219909668,0.9482764576343389,0.015834512984793547,0.0177387178554822,0.3001275956630707,0.21580395102500916,23.745059967041016,9.126192092895508,0.9259259259259259,0.845437616387337,0.35892853140830994,0.5123017430305481,11.883065223693848,10.094460487365723,-0.005044335857171567,-1.788604736328125
835,0.008175618946552277,0.01386303456046667,0.9002976190476191,1.8152962923049927,0.8394272555109574,0.030204523225950686,0.023092479289473,0.5484816431999207,0.5448548793792725,0.1250958889722824,0.006676941659911617,0.8571428571428571,10.117271423339844,0.8333458377790777,0.060785695012002816,0.004988714898180535,0.2713155746459961,0.2556034326553345,33.85804748535156,29.256946563720703,0.8740740740740741,0.8975791433891993,0.5124707818031311,0.414584755897522,9.065706253051758,7.171547889709473,-0.007186092900555052,-1.8941583633422852
836,0.010170167312026024,0.018446975928299136,0.8556547619047619,1.3423337936401367,0.9005868938979678,0.042961267485891574,0.018281155643805946,0.7108297348022461,0.589215099811554,0.11817122995853424,0.013240853832202526,0.8244047619047619,7.063869953155518,0.9185341652000466,0.08856349205691261,0.010289524930467309,0.7208874821662903,0.1162729486823082,826.057861328125,767.0662231445312,0.9481481481481482,0.8305400372439479,0.5220659375190735,0.3863850235939026,158.3367919921875,157.14183044433594,-0.00520612209609661,-1.1949615478515625
837,0.026019111275672913,0.03240838438042193,0.8883928571428571,1.7267944812774658,0.8816393446069768,0.03638899048503841,0.026871568102852628,0.7212188243865967,0.39401715993881226,0.9415161609649658,0.023180689838139368,0.8675595238095238,12.240612983703613,0.9443970584531538,0.03405698330851348,0.01714467440214351,0.33779340982437134,0.2124922275543213,377.6478271484375,105.69013977050781,0.9925925925925926,0.8715083798882681,0.738548755645752,0.38039785623550415,54.689422607421875,55.97960662841797,-0.00922769454228256,1.2901840209960938
838,0.010963734239339828,0.01733798014254251,0.8839285714285714,1.6056755781173706,0.9122770193070664,0.02516934921922842,0.016590671392934686,0.6366938352584839,0.4376183748245239,0.3994126319885254,0.01672322047728081,0.8526785714285714,11.72239875793457,0.9474484920312337,0.038332603096370654,0.012817699421814321,0.42984747886657715,0.10507003962993622,284.5872497558594,116.57586669921875,0.9777777777777777,0.8640595903165735,0.5862440466880798,0.4481034576892853,68.04838562011719,60.2607536315918,-0.0006147596652616993,-7.787631988525391
839,0.01709963008761406,0.016682689223799896,0.8690476190476191,2.098128318786621,0.8974988162821634,0.037495032929538485,0.019028354145797288,0.7329435348510742,0.4424062967300415,0.26219862699508667,0.009401262700269974,0.8452380952380952,13.346583366394043,0.9146027881919082,0.021712651862197063,0.013358181023907512,0.2532113194465637,0.16547612845897675,226.7490692138672,98.93216705322266,0.9777777777777777,0.8603351955307262,0.4755500853061676,0.40928202867507935,36.842918395996094,29.01908302307129,-0.007281426523529921,-7.823835372924805
840,0.009272981435060501,0.013706605150417328,0.8883928571428571,1.8996750116348267,0.8859204973394195,0.06870483363296487,0.012401952312737219,0.8815541863441467,0.4836416244506836,0.028576157987117767,0.0023565638392269994,0.8645833333333334,16.431896209716797,0.9113574175338416,0.016342255665102612,0.003117005931384309,0.3701394200325012,0.1156022772192955,1463.19873046875,1101.3956298828125,0.8666666666666667,0.8938547486033519,0.7234809994697571,0.3979790508747101,262.20111083984375,226.69456481933594,-0.011350041311190329,-35.50654602050781
841,0.024505767971277237,0.023509811579027096,0.8556547619047619,1.8270992040634155,0.8165541923759548,0.07281879494655896,0.021752480040797995,0.8742965459823608,0.5206833481788635,0.25150802731513977,0.00246360604014928,0.8854166666666666,16.915267944335938,0.9457052799961527,0.03329832717235004,0.00441138716490963,0.5295065641403198,0.1437152922153473,10.023984909057617,200.73776245117188,0.9111111111111111,0.8677839851024208,0.632455587387085,0.493366539478302,14.385900497436523,58.11531066894531,-0.021046205538877816,43.72941017150879
842,0.0030297283083200455,0.01962004511681681,0.8422619047619048,0.5879542231559753,0.3119462431726049,0.08750359554554699,0.013585894721302894,1.0463324785232544,0.46892309188842773,0.0157755259424448,0.007171884234084325,0.8139880952380952,5.097973346710205,0.9817810274773643,0.07312609364056089,0.006440790508530303,0.3393087089061737,0.10090053081512451,151.51931762695312,158.0425567626953,0.4148148148148148,0.9217877094972067,0.6618228554725647,0.4144428074359894,49.71354293823242,50.54621124267578,-0.012448160882732484,0.8326683044433594
843,0.00924360379576683,0.01832316182791016,0.8690476190476191,1.9502218961715698,0.8296467560946528,0.03884910968911193,0.02093712198873876,0.8147941827774048,0.4539470076560974,0.34597110748291016,0.009965919691773517,0.8586309523809523,12.356045722961426,0.8982076751172715,0.04755113311936354,0.010725395396369741,0.6994355916976929,0.20936238765716553,49.40558624267578,23.904067993164062,0.9777777777777777,0.8435754189944135,0.4760824143886566,0.38081860542297363,12.84614372253418,13.599922180175781,-0.008357242136136644,0.7537784576416016
844,0.005913157016038895,0.012022228263759649,0.84375,1.1274585723876953,0.7808166770846333,0.03529397154672764,0.018012992579084175,0.7268070578575134,0.478260338306427,0.025138238444924355,0.00918288598972583,0.8348214285714286,7.789051532745361,0.9903709053142981,0.057711152003826816,0.02381978361311854,0.23572655022144318,0.37827205657958984,46.15340042114258,29.11482810974121,0.9481481481481482,0.8175046554934823,0.6882112622261047,0.51274573802948,12.537775039672852,13.362956047058105,-0.002839342274033818,0.8251810073852539
845,0.05418248847126961,0.04591403970234109,0.8065476190476191,1.6775860786437988,0.8975457050771071,0.016609697065658735,0.05266389978058417,0.4311072528362274,0.5581320524215698,1.8866400718688965,0.057035374549936235,0.7857142857142857,8.460997581481934,0.9036334215021636,0.018554951280603915,0.07488535619306491,0.31347012519836426,0.5280918478965759,6.61950159072876,3.181119680404663,0.9925925925925926,0.7579143389199255,0.46682608127593994,0.4436192214488983,6.867558002471924,4.290558815002441,0.011121334847595143,-2.5769991874694824
846,0.01468338631093502,0.0276185525750815,0.8184523809523809,0.9641611576080322,0.788284303238891,0.07207729276065633,0.014037520328352926,1.0082515478134155,0.43149620294570923,0.1515052318572998,0.029829533019585686,0.8065476190476191,4.078525066375732,0.9840029210043337,0.059522485477439546,0.029377319105749367,0.6216280460357666,0.2534382939338684,61.057769775390625,68.97429656982422,0.4666666666666667,0.8957169459962756,1.16619074344635,0.3355049192905426,17.047334671020508,18.088647842407227,0.0022109804445041847,1.0413131713867188
847,0.046394966542720795,0.03937728162575416,0.8556547619047619,1.9428601264953613,0.8858045403871823,0.023658010532948914,0.031197509926231604,0.6763479709625244,0.5197385549545288,0.7307907342910767,0.04750355310172061,0.8377976190476191,7.820770263671875,0.9037909474961975,0.022375392440863062,0.033500680366640445,0.3893285095691681,0.27903634309768677,398.5588684082031,337.1194763183594,0.9851851851851852,0.8175046554934823,0.5683447122573853,0.47176599502563477,83.26881408691406,74.56632232666016,0.008126271475966451,-8.702491760253906
848,0.03404782712459564,0.025152624974677185,0.8482142857142857,1.8234776258468628,0.8859869783066632,0.03227629075761318,0.029278547923163534,0.5753941535949707,0.6371373534202576,0.7735570669174194,0.01624134131867716,0.8407738095238095,10.077488899230957,0.9374196427025099,0.074069774984172,0.016856804412737736,0.3977382183074951,0.37483641505241394,13.743660926818848,26.5712947845459,0.9555555555555556,0.819366852886406,0.4352857768535614,0.4950236976146698,12.346261024475098,15.28900146484375,-0.008911283656000024,2.9427404403686523
849,0.006511546205729246,0.026773443478195325,0.8467261904761905,0.6661317944526672,0.4812559247913866,0.025189297465116778,0.03546435208533871,0.545060396194458,0.6157827377319336,0.05646952614188194,0.008407817134771789,0.8184523809523809,5.664091110229492,0.9951101480740029,0.024682793229500843,0.012735790114349665,0.2858644425868988,0.19585983455181122,152.2053985595703,151.45773315429688,0.9777777777777777,0.8156424581005587,0.37416645884513855,0.5167827606201172,20.036331176757812,20.616525650024414,-0.018365626343423536,0.5801944732666016
850,0.008370235562324524,0.011348060565433582,0.90625,1.5754575729370117,0.8563780639298768,0.03427127349921699,0.01925304326631605,0.5821011066436768,0.47949346899986267,0.2075011432170868,0.006669143423643553,0.8303571428571429,7.961122035980225,0.9623111375953214,0.02886386495430271,0.014014499940785519,0.3334416151046753,0.35383445024490356,51.95665740966797,18.7462215423584,0.9185185185185185,0.9013035381750466,0.5445270538330078,0.4484483599662781,16.9664363861084,14.964823722839355,-0.004678917141790029,-2.001612663269043
851,0.0039220163598656654,0.010687963423006597,0.875,1.770634412765503,0.8296243885175512,0.04490929371884245,0.01256954330944171,0.8564531207084656,0.49774473905563354,0.02283056452870369,0.004809780911811501,0.8497023809523809,8.828039169311523,0.8993739894185059,0.03912331652504353,0.006179700253601816,0.5616496801376343,0.15347689390182495,645.29052734375,574.350341796875,0.9407407407407408,0.8659217877094972,0.547747015953064,0.5070676803588867,148.40919494628906,138.97781372070312,-0.005878182511195096,-9.431381225585938
852,0.16867753863334656,0.08838316185255879,0.8199404761904762,1.9775038957595825,0.8681797564552796,0.019040577625690558,0.0871873741338659,0.48571470379829407,0.8135496973991394,6.3721923828125,0.11224501422239264,0.8273809523809523,11.286026954650879,0.9556722461634188,0.0126402026495398,0.11642327265464547,0.47595828771591187,0.7800768613815308,27.651596069335938,43.00773620605469,0.9925925925925926,0.776536312849162,1.870897650718689,0.569297194480896,10.97862720489502,23.572887420654297,0.023861852369833847,12.594260215759277
853,0.021288227289915085,0.020449518651252552,0.8586309523809523,1.4005696773529053,0.8983052644086085,0.04326234162171394,0.013338838578852319,0.698024570941925,0.4579016864299774,1.2237311601638794,0.023790244536373018,0.8095238095238095,10.49880313873291,0.9942036987024901,0.048223407131157914,0.010721843867820602,0.42523106932640076,0.2525102198123932,9.515520095825195,6.390325546264648,0.7111111111111111,0.8957169459962756,0.5619237422943115,0.4007236957550049,5.761748313903809,6.250521183013916,0.0033407258851204658,0.4887728691101074
854,0.010895265266299248,0.01695795321407545,0.8497023809523809,1.3390549421310425,0.8931275456473272,0.03282398462310365,0.01976608277925751,0.5709919929504395,0.44613945484161377,0.22682181000709534,0.01939028693796696,0.8541666666666666,5.170214653015137,0.9505405569239338,0.026508952461173574,0.016730594932286236,0.21395720541477203,0.41272133588790894,292.06292724609375,300.47698974609375,0.9259259259259259,0.8324022346368715,0.540493369102478,0.3928137421607971,24.10379981994629,25.368553161621094,0.002432333723891511,1.2647533416748047
855,0.013103829696774483,0.016428149264027248,0.8645833333333334,1.5162922143936157,0.8285367304737141,0.02811685038855627,0.018641046189647792,0.5887011289596558,0.5056983232498169,0.10992377251386642,0.007770420137394596,0.8467261904761905,6.959832668304443,0.9697895679581251,0.042109721287185486,0.008832894456458518,0.4664515256881714,0.2544710636138916,939.5001831054688,626.539794921875,0.9185185185185185,0.8584729981378026,0.4707859754562378,0.49923133850097656,170.358154296875,163.00299072265625,-0.008657729126632652,-7.35516357421875
856,0.010156924836337566,0.01251127383818107,0.8720238095238095,1.7354683876037598,0.8937901794279018,0.0650155251979746,0.012764499369359195,0.7029802799224854,0.4959961473941803,0.1454705148935318,0.0035108206764103977,0.8497023809523809,14.538412094116211,0.9365778943776484,0.042820395420661295,0.004270893281465571,0.4640747308731079,0.15710657835006714,235.55081176757812,51.418914794921875,0.8740740740740741,0.8770949720670391,0.6059907078742981,0.4503227770328522,44.10283279418945,50.383358001708984,-0.009000453161770672,6.280525207519531
857,0.015764523297548294,0.017294591156372774,0.8333333333333334,1.6999294757843018,0.8649282089444201,0.03690563983785733,0.018479108394841348,0.7020043134689331,0.5434525609016418,0.28694236278533936,0.0056565143072496715,0.8199404761904762,11.461211204528809,0.939838451019304,0.033601832696201206,0.005825834447559131,0.4509683847427368,0.20367251336574554,6.8893256187438965,18.62906837463379,0.8962962962962963,0.8286778398510242,0.6571283936500549,0.4653055667877197,11.330268859863281,10.738974571228027,-0.011638076849123102,-0.5912942886352539
858,0.01615937054157257,0.02801218767983249,0.8660714285714286,1.2972396612167358,0.9287445959283442,0.02449777633214789,0.03778437791566491,0.6236439347267151,0.5864893198013306,0.1666036695241928,0.03991914301548727,0.7872023809523809,4.668699741363525,0.9870029179972839,0.0626227557150455,0.046273641148257494,0.4339134395122528,0.46191075444221497,91.82266998291016,103.04964447021484,0.9925925925925926,0.8361266294227188,0.5399144887924194,0.4835737645626068,19.276578903198242,21.440006256103516,0.011906955335654779,2.1634273529052734
859,0.02868179976940155,0.0282897744666879,0.8898809523809523,2.0957791805267334,0.859089473640095,0.05954663669409599,0.030556973961302525,0.749990701675415,0.6370408535003662,0.4276527762413025,0.022891133009084186,0.8601190476190477,7.81199836730957,0.9410799759723664,0.04976069591316934,0.029137345126767356,0.5987796187400818,0.3429935574531555,81.68299865722656,45.880916595458984,0.9185185185185185,0.8864059590316573,0.6567180156707764,0.4139691889286041,14.911462783813477,13.073391914367676,-0.0053986414576037145,-1.8380708694458008
860,0.015184405259788036,0.013063175760589463,0.8764880952380952,1.6085506677627563,0.8577024609537547,0.052381998205876856,0.014180270743376577,0.9236440658569336,0.40547141432762146,0.46905791759490967,0.014137902761093057,0.8050595238095238,7.991146087646484,0.9219245800117101,0.22272290661793726,0.011014253749967784,1.224699854850769,0.3329801559448242,45.36466979980469,21.91485595703125,0.8740740740740741,0.8919925512104283,0.7489413022994995,0.3766267001628876,14.015588760375977,11.113065719604492,0.0010747270005035947,-2.9025230407714844
861,0.033968448638916016,0.02956178762973527,0.8333333333333334,1.9065332412719727,0.920279896987672,0.0308446303640042,0.025306564214142013,0.6939373016357422,0.538991391658783,0.33080679178237915,0.025357834327160655,0.8318452380952381,7.093109607696533,0.9388585733527537,0.05800456882866567,0.015066484713193162,0.7064164280891418,0.3404648005962372,45.35933303833008,30.752763748168945,0.9703703703703703,0.8026070763500931,0.46391040086746216,0.4211973547935486,12.207743644714355,10.562255859375,-0.0042039533025746145,-1.6454877853393555
862,0.005122269503772259,0.01272167648309419,0.9002976190476191,1.8548582792282104,0.9073867459241054,0.0404690079749751,0.013328184073868155,0.7681736946105957,0.46434274315834045,0.06309474259614944,0.012120900261867407,0.8601190476190477,7.808115005493164,0.9583780453288823,0.0530050163836826,0.01039995095669266,0.6515156030654907,0.20660221576690674,13.085906982421875,6.786438941955566,0.9407407407407408,0.9068901303538175,0.696145236492157,0.422747939825058,7.683146953582764,5.723398685455322,-0.0006007762212267842,-1.9597482681274414
863,0.0023347234819084406,0.01726182778620511,0.8571428571428571,0.5112715363502502,0.4941875016802926,0.03067930737998903,0.02203799504356274,0.5705047845840454,0.5550732612609863,0.04268816113471985,0.012476499257343177,0.8110119047619048,6.115182399749756,0.8267231746833397,0.08498931639084184,0.008638409063029706,0.3091796934604645,0.12143563479185104,28.318693161010742,28.105619430541992,0.8666666666666667,0.8659217877094972,0.45542266964912415,0.4523875117301941,6.509024620056152,5.894490718841553,-0.004785328528861932,-0.6145339012145996
864,0.03845745325088501,0.030352084697038872,0.8482142857142857,1.6315157413482666,0.8670801083492148,0.07509795856141,0.01577937517137229,1.0896170139312744,0.4413515031337738,1.275712490081787,0.04931201925076312,0.8363095238095238,6.811972618103027,0.9074460545297915,0.08607828404157647,0.023378050365057357,0.39348363876342773,0.453693151473999,48.030548095703125,39.3231315612793,0.6444444444444445,0.9106145251396648,0.6567893624305725,0.361707866191864,10.27471923828125,7.943796634674072,0.018959934553724245,-2.3309226036071777
865,0.0030677036847919226,0.018476878921106388,0.8497023809523809,0.5719537138938904,0.28451201704998275,0.07101177142626247,0.01650682382082591,0.9652929902076721,0.4413357973098755,0.058681998401880264,0.016179182559994842,0.8333333333333334,5.505800724029541,0.9398467080315644,0.018347401170065614,0.0159427542369166,0.26205679774284363,0.27304762601852417,404.5711364746094,345.6227722167969,0.6814814814814815,0.9106145251396648,0.689128577709198,0.38784265518188477,58.249664306640625,54.52329635620117,-0.0022976963611115453,-3.726367950439453
866,0.014344237744808197,0.017557012906380454,0.8839285714285714,1.8578996658325195,0.8924241603417077,0.04400792658100505,0.020552297203240144,0.8353650569915771,0.6830556392669678,0.022674325853586197,0.002825633523726445,0.8035714285714286,9.883428573608398,0.9397208222429481,0.05955300902680061,0.003481167170158006,0.42838916182518005,0.10113220661878586,28.643909454345703,20.437801361083984,0.8518518518518519,0.8975791433891993,0.4040142893791199,0.4235489070415497,16.393827438354492,18.07101821899414,-0.014731379382654008,1.6771907806396484
867,0.0036469600163400173,0.023110206440470127,0.8422619047619048,0.5770953893661499,0.6180132207538714,0.05247818717926134,0.024763357230421335,0.7916019558906555,0.5500142574310303,0.3980366289615631,0.01303412448241481,0.8467261904761905,8.63644027709961,0.9072927801203727,0.03884014028390337,0.01290142355834345,0.5686805248260498,0.15248028934001923,275.98382568359375,247.8789825439453,0.8222222222222222,0.839851024208566,0.5978491902351379,0.5058296322822571,57.8967170715332,51.23679733276367,-0.010076081958055316,-6.659919738769531
868,0.002216325607150793,0.013056549442003185,0.8630952380952381,0.5777894258499146,0.28291487476609595,0.023416514079488526,0.018994646110456426,0.5566905736923218,0.7160113453865051,1.0435678958892822,0.011391056759246121,0.8377976190476191,12.378365516662598,0.9198230901091072,0.01271912787257734,0.017851017867563712,0.2482830286026001,0.3534505367279053,1552.31787109375,1143.22265625,0.9333333333333333,0.8566108007448789,0.4898982048034668,0.4410211145877838,445.0049743652344,368.0003662109375,-0.0016654926827570637,-77.00460815429688
869,0.02393173798918724,0.01806622574504313,0.8392857142857143,1.8163591623306274,0.90176947805411,0.022362965219521524,0.016365942943063594,0.48481857776641846,0.4079199731349945,1.4083991050720215,0.013927649783511908,0.8452380952380952,15.497958183288574,0.9027973849266384,0.026364355145987006,0.012486565605997146,0.29230359196662903,0.2300647795200348,42.034423828125,126.82393646240234,0.9629629629629629,0.8081936685288641,0.5163977146148682,0.44631215929985046,16.385183334350586,66.78340911865234,-0.004138575961531221,50.39822578430176
870,0.019147463142871857,0.029031596439210827,0.8035714285714286,1.3140698671340942,0.8393137823808724,0.031073532969571493,0.04187962394897027,0.5168150663375854,0.6993985176086426,0.4023556411266327,0.02916431947431264,0.8169642857142857,7.984243869781494,0.9675529866380207,0.07182296230533991,0.03337482243826706,0.5375279784202576,0.4286690056324005,366.7101745605469,321.112060546875,0.8962962962962963,0.7728119180633147,0.5477071404457092,0.4878063201904297,66.63196563720703,65.3811264038086,0.0001327230351018116,-1.2508392333984375
871,0.0033169889356940985,0.020572828447241176,0.8050595238095238,0.536306619644165,0.485114769216331,0.051761333881124805,0.021304049547837378,0.7848599553108215,0.5520187020301819,0.3235940933227539,0.003947120836103157,0.8244047619047619,12.468884468078613,0.9195121043178125,0.03622794148430997,0.0030555685281354883,0.27164363861083984,0.15860988199710846,754.6165161132812,437.990234375,0.6518518518518519,0.8584729981378026,1.0124229192733765,0.3835636079311371,164.52920532226562,127.7114486694336,-0.01662570761113802,-36.81775665283203
872,0.0032315747812390327,0.02014836148747534,0.8616071428571429,0.5692302584648132,0.23204560958548962,0.05133562697855898,0.018707898424330294,0.6975165605545044,0.4666409194469452,0.44411739706993103,0.011119942071421529,0.84375,12.785669326782227,0.9459656720804026,0.016084464007802612,0.009788813475100855,0.24396340548992157,0.20686988532543182,10.122357368469238,83.50235748291016,0.6296296296296297,0.9162011173184358,0.6448578834533691,0.36550939083099365,15.663987159729004,37.1428337097168,-0.009028419416053812,21.478846549987793
873,0.004641524516046047,0.01848191463405069,0.8482142857142857,0.9561960697174072,0.8958040135283031,0.03295382849805939,0.02711349954319886,0.648781418800354,0.5688525438308716,0.04835338145494461,0.02904711601415222,0.7797619047619048,4.225129127502441,0.9893841874572706,0.08835250496109204,0.032941649785540705,0.437619149684906,0.3031262159347534,33.944847106933594,37.21955490112305,0.9407407407407408,0.8156424581005587,0.6023163795471191,0.44920191168785095,5.409256935119629,5.8758225440979,0.01056520138010153,0.4665656089782715
874,0.006888594478368759,0.016025999605759234,0.8630952380952381,1.3527899980545044,0.8901691645881912,0.02336381653490993,0.025320367412750566,0.5357845425605774,0.5529571771621704,0.06288523972034454,0.013763772946453035,0.8110119047619048,5.031147480010986,0.8759226867988095,0.01593554111124229,0.023826436442774268,0.24459975957870483,0.26886841654777527,89.25670623779297,72.08512115478516,0.9481481481481482,0.8491620111731844,0.7229990363121033,0.5247609615325928,21.018686294555664,19.871658325195312,-0.002262226659306199,-1.1470279693603516
875,0.018004022538661957,0.013271554870295077,0.8869047619047619,1.9394617080688477,0.9173144586024955,0.03460392404540669,0.015211247429523178,0.7839512228965759,0.42999503016471863,0.4161674380302429,0.009715257244659492,0.8720238095238095,9.42089557647705,0.8616140970830195,0.03544239707057362,0.011141136879512015,0.45055508613586426,0.2289479672908783,301.6650085449219,225.0919647216797,0.9777777777777777,0.8677839851024208,0.7055768370628357,0.37962961196899414,27.7432861328125,24.318443298339844,-0.003556297625635585,-3.4248428344726562
876,0.013402041047811508,0.03014554855972884,0.8125,1.6266924142837524,0.8782875098160542,0.04161909360583815,0.03263803875253857,0.6644009351730347,0.46947741508483887,0.024808362126350403,0.015262525912232427,0.8214285714285714,6.926025867462158,0.9613671412108044,0.06121794561362537,0.013689489766958274,0.7586338520050049,0.31136763095855713,36.86144256591797,9.712495803833008,0.9185185185185185,0.7783985102420856,0.6017619371414185,0.35729119181632996,15.324753761291504,13.775571823120117,-0.014883022647496413,-1.5491819381713867
877,0.007011039182543755,0.012439911895846256,0.8735119047619048,1.79561448097229,0.8064527596207064,0.05091881181346902,0.017021163931498995,0.739621102809906,0.4242234528064728,0.07611913979053497,0.008854751731968036,0.8303571428571429,6.401136875152588,0.938054604621821,0.025177284469674932,0.01864166650674115,0.292564332485199,0.21885275840759277,65.38306427001953,50.49722671508789,0.8962962962962963,0.8770949720670391,0.7129717469215393,0.46438929438591003,10.84687328338623,9.776910781860352,-0.0035851601638782205,-1.069962501525879
878,0.007771966978907585,0.011786519927362682,0.8601190476190477,1.479506254196167,0.839368822336412,0.04511353272579699,0.01449888288233947,0.8085787892341614,0.46914640069007874,0.02467801421880722,0.01715911278988569,0.8377976190476191,7.364277362823486,0.9443586523598163,0.03425140255981185,0.024204431621774658,0.3691648840904236,0.3896406590938568,5.671555519104004,2.8083181381225586,0.9333333333333333,0.8342644320297952,0.6271074414253235,0.4426763355731964,6.827719688415527,5.393538475036621,0.005372592862523007,-1.4341812133789062
879,0.003183036809787154,0.021367222624007476,0.8244047619047619,0.5332103967666626,0.282681536558564,0.07252662588525716,0.01690047275634632,0.8795413970947266,0.4698253273963928,0.023307472467422485,0.030426761841814365,0.7827380952380952,3.1034741401672363,0.8189068658951165,0.11105467138310143,0.023174042350456392,0.7095504403114319,0.2277233898639679,354.2384948730469,376.0561828613281,0.4148148148148148,0.9013035381750466,0.816497266292572,0.31720972061157227,101.12188720703125,102.21249389648438,0.009059539217806889,1.090606689453125
880,0.04629237949848175,0.027736356876708945,0.8526785714285714,1.9713630676269531,0.8958227268941882,0.023698454272013003,0.02644178488774973,0.5631784200668335,0.5332037210464478,1.5580623149871826,0.02777994441281284,0.8377976190476191,13.136909484863281,0.8687057372497864,0.036418825843404834,0.01981371577270241,0.47530248761177063,0.30787399411201477,124.22869873046875,34.48914337158203,0.9851851851851852,0.8212290502793296,0.48507124185562134,0.4122452437877655,20.818256378173828,18.471628189086914,4.35875361038951e-05,-2.346628189086914
881,0.02978065423667431,0.0337406990572815,0.8556547619047619,1.3356198072433472,0.8397423303455667,0.043860738497742635,0.03222634847590078,0.7044247388839722,0.5705520510673523,1.185657262802124,0.04076581819896141,0.8229166666666666,9.426440238952637,0.956593493442486,0.11693220381571778,0.040014176248767575,0.7286619544029236,0.3967425525188446,8.724318504333496,4.815469741821289,0.9333333333333333,0.8342644320297952,0.48503175377845764,0.4577317535877228,7.684820175170898,4.937087059020996,0.007025119141679914,-2.7477331161499023
882,0.005450023338198662,0.015654234726006466,0.8586309523809523,1.1890357732772827,0.8504250432439825,0.06688753560612326,0.01731860017992759,0.9024147391319275,0.5578809976577759,0.028221361339092255,0.022027782129945384,0.8125,4.799635887145996,0.9283483621664791,0.0384849500951453,0.029470538104730104,0.6102785468101501,0.33346378803253174,10.787675857543945,13.168701171875,0.7777777777777778,0.8808193668528864,0.7822247743606567,0.4085642099380493,4.840452194213867,5.662576198577881,0.006373547403938917,0.8221240043640137
883,0.02668508142232895,0.021180036235906696,0.8541666666666666,1.5888763666152954,0.9115504223707684,0.03538107099475385,0.033453805636370015,0.5414134860038757,0.6785874366760254,0.25268280506134033,0.014913486775139373,0.8139880952380952,5.547628879547119,0.8645951587688325,0.037120106697838495,0.025659691919199923,0.46726205945014954,0.3538937568664551,798.6436157226562,805.09423828125,0.9481481481481482,0.8342644320297952,0.43907952308654785,0.4529997408390045,191.67031860351562,195.66336059570312,-0.006266549460767323,3.9930419921875
884,0.03134090453386307,0.02021171990631121,0.8824404761904762,1.9378732442855835,0.9301424624812645,0.02003843812915551,0.019122681817046572,0.4959682524204254,0.4639037847518921,2.575399398803711,0.018606321498037537,0.8541666666666666,16.867351531982422,0.9182852135015667,0.07511205678380473,0.016016036875830975,0.20664967596530914,0.2930314242839813,29.967041015625,59.99634552001953,0.9777777777777777,0.8603351955307262,0.3838861584663391,0.40918171405792236,16.132896423339844,36.8936653137207,-0.0016053984082736728,20.76076889038086
885,0.003937971778213978,0.024138211326794612,0.8303571428571429,0.5443958640098572,0.42564845199389506,0.04551894359830866,0.02936109634195838,0.7677568197250366,0.5667258501052856,0.35545313358306885,0.010954143506511027,0.8288690476190477,7.8527374267578125,0.9079563448981383,0.00993669312129375,0.016351854183501713,0.1885693073272705,0.29713183641433716,40.4410514831543,31.965927124023438,0.7555555555555555,0.8491620111731844,0.6920378804206848,0.42635342478752136,7.707155704498291,7.1780877113342285,-0.013184067820283585,-0.5290679931640625
886,0.017688941210508347,0.020559370365364704,0.8467261904761905,1.7762912511825562,0.9021502054439378,0.0946193071845226,0.013741275464048353,1.1214163303375244,0.4411374628543854,1.0113799571990967,0.029879740031861446,0.8110119047619048,10.011070251464844,0.9171625186871579,0.04890781747467965,0.017549488517435763,0.5071923136711121,0.19514504075050354,1628.347412109375,1542.619384765625,0.6296296296296297,0.88268156424581,1.1531726121902466,0.37881892919540405,578.5928344726562,574.0659790039062,0.009320369666496742,-4.52685546875
887,0.02641976624727249,0.0242371446417875,0.8258928571428571,2.187701463699341,0.9207691575188135,0.04419631307077987,0.023586127320154304,0.7333144545555115,0.47933337092399597,2.908618927001953,0.02789487867346052,0.8571428571428571,22.005237579345703,0.9150602084869942,0.06116927149584961,0.026749759396891948,0.7562764286994934,0.29186075925827026,77.46998596191406,116.93231201171875,0.9185185185185185,0.8026070763500931,0.7156014442443848,0.4591127336025238,26.88332748413086,91.02149200439453,0.003657734031673021,64.13816452026367
888,0.012910192832350731,0.01720025664034952,0.8422619047619048,1.9304025173187256,0.8838058514082296,0.04863115187140754,0.022086890914481017,0.7822612524032593,0.5955225229263306,0.10424887388944626,0.0041096407124556755,0.8794642857142857,13.55386734008789,0.9469224253814528,0.07695753869472421,0.00434527181718436,0.7015784978866577,0.0681443139910698,67.93838500976562,42.07609176635742,0.9407407407407408,0.8175046554934823,0.731589674949646,0.4294925034046173,20.204458236694336,17.195167541503906,-0.013090615927893845,-3.0092906951904297
889,0.036407679319381714,0.03220458465030207,0.8184523809523809,1.6641343832015991,0.7942108862529886,0.02401337896790401,0.04238202452420725,0.6541465520858765,0.6743488311767578,0.4954312741756439,0.015748248044100355,0.8616071428571429,11.25370979309082,0.9300942431709858,0.012988150728529102,0.025639223240695674,0.34710267186164856,0.2388352006673813,200.2181854248047,152.5203857421875,0.9629629629629629,0.7821229050279329,0.5403782725334167,0.49577927589416504,40.245208740234375,37.78832244873047,-0.016456336606201716,-2.4568862915039062
890,0.010611005127429962,0.01690416146323248,0.8779761904761905,1.8143913745880127,0.8978373299286935,0.026509154045989747,0.01819381310697088,0.5172856450080872,0.5303663611412048,0.07221337407827377,0.006122037730053154,0.8586309523809523,13.019248962402344,0.9457165168002278,0.05403132923917564,0.004075900734072269,0.600898027420044,0.09291641414165497,174.0047149658203,77.92030334472656,0.9703703703703703,0.8584729981378026,0.46277111768722534,0.4009239375591278,25.53744125366211,16.848318099975586,-0.010782123733179327,-8.689123153686523
891,0.006664847955107689,0.014022975135253746,0.8660714285714286,1.4588583707809448,0.8913682739633163,0.02462119276045338,0.02145367100748663,0.5749852061271667,0.5022646188735962,0.20936140418052673,0.006085967244984447,0.8690476190476191,11.113612174987793,0.9521459498698742,0.046441338855173875,0.011153669422728663,0.6214617490768433,0.23233428597450256,10.133501052856445,7.987307071685791,0.9629629629629629,0.8472998137802608,0.5897672176361084,0.48007506132125854,11.035807609558105,9.294347763061523,-0.007937007890269299,-1.741459846496582
892,0.0018242172664031386,0.01414563640568145,0.8497023809523809,0.5502243638038635,0.4304838289139701,0.057509492271426876,0.012558631502642581,0.8430683612823486,0.4071226716041565,0.7541929483413696,0.025914962870472902,0.8288690476190477,7.8434014320373535,0.9515162352302631,0.15632819639299766,0.01950365601402715,0.7095046043395996,0.33380836248397827,270.795654296875,271.6507263183594,0.6962962962962963,0.8919925512104283,0.7844647169113159,0.3538721203804016,95.86901092529297,92.3261489868164,0.011769326464791452,-3.5428619384765625
893,0.0024734169710427523,0.016923059181722433,0.8229166666666666,0.5251082181930542,0.19230512552946366,0.040822563658091116,0.018863210436002587,0.6677578091621399,0.4353967010974884,6.311532020568848,0.04667045778624013,0.8571428571428571,17.468564987182617,0.9052377180715733,0.07181924072220136,0.04985295081478602,0.5987271666526794,0.45349448919296265,307.6204528808594,190.27162170410156,0.8444444444444444,0.8156424581005587,0.7548816204071045,0.45562559366226196,73.7805404663086,77.04804992675781,0.029747398604517694,3.2675094604492188
894,0.013767298310995102,0.013972582347755558,0.8764880952380952,1.9835970401763916,0.9043262736596902,0.049887679930685325,0.02254375171870804,0.8450208902359009,0.5366998314857483,0.2031637579202652,0.005412749874670109,0.8660714285714286,15.106565475463867,0.9090603206685164,0.05563930485535107,0.014820895406386647,0.5669922828674316,0.22159457206726074,74.78070068359375,12.442545890808105,0.8592592592592593,0.8715083798882681,0.6953535676002502,0.4735848307609558,18.02968406677246,11.422880172729492,-0.00855983247308545,-6.606803894042969
895,0.00685065146535635,0.009262628752335522,0.9196428571428571,1.6219068765640259,0.844960141912531,0.04102019517127853,0.012100050813918295,0.6435927152633667,0.4806246757507324,0.07390067726373672,0.0036863477977507886,0.8794642857142857,13.361005783081055,0.9450633832106995,0.030233772252968194,0.006116272171515447,0.2705591917037964,0.1867125779390335,131.39083862304688,91.71915435791016,0.8814814814814815,0.9087523277467412,0.5516774654388428,0.40007394552230835,40.029972076416016,36.63045120239258,-0.005576280954584734,-3.3995208740234375
896,0.014943540096282959,0.0169523275177188,0.8660714285714286,1.9237830638885498,0.8829844003297308,0.02614627813933368,0.020820181575119667,0.5384767055511475,0.43121376633644104,1.0055911540985107,0.012451140870467392,0.8556547619047619,15.170178413391113,0.8776296151611557,0.023340117773007374,0.01591472407405481,0.33208367228507996,0.1687808334827423,86.19269561767578,41.48575973510742,0.9407407407407408,0.8547486033519553,0.4588317573070526,0.4143167734146118,18.936487197875977,13.616365432739258,-0.0045011866472514095,-5.320121765136719
897,0.005815746728330851,0.010347176013180026,0.875,1.8646901845932007,0.9124909940051628,0.04660472638652202,0.015110537774527755,0.6428113579750061,0.43253424763679504,0.25728505849838257,0.007761097077135903,0.8377976190476191,12.429261207580566,0.923280985117487,0.029383683190949195,0.01531728129648846,0.2153187245130539,0.2581450045108795,53.19280242919922,26.479698181152344,0.9037037037037037,0.88268156424581,0.6034051179885864,0.4019205570220947,14.14984130859375,11.103510856628418,-0.0025860789360441228,-3.046330451965332
898,0.03568700700998306,0.021010875234232285,0.8497023809523809,1.866491436958313,0.8458085872147268,0.06888078985312596,0.013098932510634542,1.0952497720718384,0.34010595083236694,1.7511636018753052,0.024682197033570552,0.8035714285714286,11.559693336486816,0.8860822743712793,0.12463020767081512,0.012619305939332137,0.9561249613761902,0.33738601207733154,293.13275146484375,245.83682250976562,0.7185185185185186,0.8975791433891993,1.0994842052459717,0.414215624332428,45.561344146728516,42.18062973022461,0.0036713217993382674,-3.3807144165039062
899,0.03252650424838066,0.0238531702692234,0.8422619047619048,1.746459722518921,0.8883685030787047,0.029802812177279425,0.023775749885015962,0.6143580079078674,0.6984328031539917,0.9638419151306152,0.01819963078916187,0.8154761904761905,10.764663696289062,0.9547554512424415,0.025296934402304183,0.011537257042460669,0.3824499249458313,0.24956020712852478,23.64017105102539,13.632898330688477,0.9629629629629629,0.8249534450651769,0.3851466774940491,0.5018883347511292,12.8564453125,10.538497924804688,-0.005653539480061531,-2.3179473876953125
900,0.005976259708404541,0.01119545610000483,0.9047619047619048,1.8932151794433594,0.9166893166673558,0.03905525985216973,0.014523542785736088,0.599026083946228,0.46934065222740173,0.051064543426036835,0.0071126569778616755,0.8452380952380952,10.376386642456055,0.9546712241547572,0.0481783857705137,0.007376749090924006,0.5014513731002808,0.12337962538003922,38.40673828125,34.02451705932617,0.9407407407407408,0.9050279329608939,0.5062723159790039,0.49460291862487793,8.114750862121582,6.01275634765625,-0.004082799122143155,-2.101994514465332
901,0.007235929369926453,0.01609606710768874,0.8660714285714286,1.2489699125289917,0.821323711696637,0.022580780018440105,0.02339108992033523,0.4181113839149475,0.5136940479278564,0.029705462977290154,0.008641406390293427,0.84375,6.821465015411377,0.9793473536450552,0.04204668816347923,0.011505616517789918,0.39806389808654785,0.2547041177749634,920.7771606445312,847.4998168945312,0.9629629629629629,0.839851024208566,0.5434636473655701,0.506690263748169,111.52290344238281,110.77565002441406,-0.007454660717395312,-0.74725341796875
902,0.012745295651257038,0.01303943557924847,0.8660714285714286,1.7190537452697754,0.908028836750537,0.054960374991187555,0.014430562074793207,0.7803459763526917,0.454772412776947,0.153813436627388,0.007533176674078601,0.8273809523809523,11.43649959564209,0.9570879458701991,0.0822643986551963,0.007227926522882178,0.5192525386810303,0.2419465184211731,37.724853515625,60.06133270263672,0.837037037037037,0.8845437616387337,0.5049997568130493,0.44836342334747314,14.736827850341797,25.565458297729492,-0.00550625890516987,10.828630447387695
903,0.003446050686761737,0.022039911984951033,0.8809523809523809,0.5246090292930603,0.2600402903531185,0.054772201415884236,0.022297639027220373,0.8828563094139099,0.5594922304153442,0.023348191753029823,0.01419632207182564,0.8184523809523809,6.630356311798096,0.9563928752300092,0.03949587181175773,0.012229471051600438,0.28085288405418396,0.19744127988815308,15.729666709899902,9.646889686584473,0.7703703703703704,0.9106145251396648,0.8057600259780884,0.38652902841567993,4.875214576721191,4.504170894622803,-0.007843589913125393,-0.37104368209838867
904,0.03846246749162674,0.026049229173430666,0.8348214285714286,1.7076627016067505,0.8700997806789197,0.0921820215448983,0.01595080869981913,0.895736813545227,0.47472864389419556,1.2275880575180054,0.03988297733134538,0.7738095238095238,8.371665954589844,0.9567694318043096,0.150494475937889,0.03262152077824343,0.4246821999549866,0.3959129750728607,142.88330078125,139.46395874023438,0.6074074074074074,0.8919925512104283,0.9264867901802063,0.36550629138946533,35.93080520629883,35.656829833984375,0.013833748157914716,-0.2739753723144531
905,0.006200428120791912,0.01723296350226422,0.8526785714285714,1.780786156654358,0.916329632081589,0.04111843377330093,0.019805838007772136,0.7470197677612305,0.41736993193626404,0.06989218294620514,0.009161894113641433,0.8571428571428571,10.78251838684082,0.919959259392646,0.024486644551860004,0.011827293619840362,0.4331395924091339,0.20434482395648956,24.953636169433594,6.753193378448486,0.9259259259259259,0.8528864059590316,0.6350557804107666,0.35449501872062683,10.466726303100586,6.561707973480225,-0.008071069388622787,-3.9050183296203613
906,0.045468125492334366,0.031016929636891732,0.8526785714285714,1.876699686050415,0.9056572719045521,0.04966230764026003,0.021332444996889466,0.9995576739311218,0.5151425004005432,2.2136881351470947,0.04258532277684779,0.8154761904761905,10.536792755126953,0.9144568933589116,0.017236743661350973,0.028633675374395318,0.40140223503112793,0.42637524008750916,77.90933990478516,68.26277923583984,0.8074074074074075,0.8696461824953445,1.006230115890503,0.3931787610054016,19.13064956665039,15.911527633666992,0.011568393139956057,-3.2191219329833984
907,0.010459096170961857,0.014311582062718431,0.8824404761904762,1.6923809051513672,0.8645854093033692,0.04772791441592139,0.020453600365923363,0.7990581393241882,0.551710307598114,0.06456459313631058,0.004829580130483846,0.8363095238095238,9.187227249145508,0.9377890448322251,0.03277750754659681,0.00693989280760432,0.39970678091049194,0.08797138184309006,13.362695693969727,4.511478424072266,0.9111111111111111,0.8770949720670391,0.4487244486808777,0.4002620279788971,8.997175216674805,5.854422569274902,-0.009482001932234585,-3.1427526473999023
908,0.005286744795739651,0.018381064283768844,0.8303571428571429,0.937724232673645,0.7712468756245037,0.06567415447244529,0.020363702702223874,0.8254530429840088,0.5646248459815979,0.06795790791511536,0.01662456773823573,0.8050595238095238,4.161593914031982,0.9683229113408104,0.12441576845407076,0.01105909327757948,0.95961594581604,0.21973305940628052,1004.4321899414062,1001.7888793945312,0.674074074074074,0.8621973929236499,0.6043164134025574,0.3833712041378021,170.87046813964844,173.21963500976562,-0.001756496545533115,2.3491668701171875
909,0.015115940943360329,0.015666127388081375,0.8630952380952381,1.7454246282577515,0.8900516661974404,0.03185077546746984,0.017333173481284048,0.629997730255127,0.5584078431129456,1.1243224143981934,0.008186834375934593,0.8467261904761905,14.430983543395996,0.9460867221281463,0.03459819993788482,0.009155391764871013,0.4757730960845947,0.26156091690063477,37.95751190185547,72.4134750366211,0.9333333333333333,0.8435754189944135,0.5601885318756104,0.5200510025024414,15.400553703308105,36.04215621948242,-0.0074792930121467815,20.641602516174316
910,0.03238346427679062,0.043541302090688405,0.8541666666666666,1.2700549364089966,0.9203220290862656,0.018286672585722252,0.04538678979499444,0.504772424697876,0.6514362096786499,0.2581326961517334,0.050179474241395905,0.8214285714285714,6.107746601104736,0.9827458031059901,0.059884834426431444,0.0486361694345373,0.4447827935218811,0.26166269183158875,51.62482452392578,37.03297805786133,0.9851851851851852,0.813780260707635,1.3878700733184814,0.44384995102882385,7.2386794090271,7.6285080909729,0.0066381721507075,0.3898286819458008
911,0.0035663084127008915,0.021116949246610672,0.8333333333333334,0.5383096933364868,0.22488451255277275,0.048553364091421636,0.01941534934247846,0.8726683855056763,0.5123569965362549,0.43796011805534363,0.010802067041888685,0.8363095238095238,7.350207805633545,0.9204803700836377,0.029862969854461463,0.006850831939049007,0.4129752218723297,0.28037142753601074,45.32033157348633,30.117176055908203,0.6888888888888889,0.8770949720670391,0.5986068248748779,0.41263601183891296,16.955793380737305,15.274807929992676,-0.010314882204721987,-1.680985450744629
912,0.052775390446186066,0.03705044427250581,0.8407738095238095,1.707774043083191,0.9049768351716063,0.027414747917652305,0.03680237851058166,0.6125481724739075,0.5529342889785767,1.2608429193496704,0.041905218162871294,0.8035714285714286,8.256815910339355,0.8904250520497308,0.018345731561464018,0.049850766278459746,0.26311275362968445,0.42619559168815613,124.49576568603516,98.57437896728516,0.9629629629629629,0.8100558659217877,0.5429046750068665,0.6301124095916748,25.682205200195312,22.685575485229492,0.0048547738903654825,-2.9966297149658203
913,0.020969152450561523,0.01976720890802597,0.8854166666666666,1.7238993644714355,0.8257348430021451,0.048699708953365506,0.013524811597687147,0.707512617111206,0.6037560105323792,0.2965388298034668,0.009940503209626361,0.8913690476190477,8.769377708435059,0.9108858425569623,0.026809783605930337,0.010252311127679992,0.2644649147987366,0.1262892633676529,82.68643188476562,36.127845764160156,0.9555555555555556,0.8566108007448789,0.47404536604881287,0.39882010221481323,18.785951614379883,12.887462615966797,-0.009826705698399607,-5.898488998413086
914,0.011678531765937805,0.014618434273083958,0.8854166666666666,1.485975980758667,0.889180508799535,0.03959151764979141,0.01356816628666735,0.6391760110855103,0.49638843536376953,0.2355894297361374,0.009997984374523705,0.8839285714285714,9.856091499328613,0.9324099084331208,0.029863553215897176,0.009791770026846724,0.1856570690870285,0.16168507933616638,112.31587219238281,69.37252044677734,0.9111111111111111,0.888268156424581,0.5939119458198547,0.4490540325641632,23.85714340209961,19.464204788208008,-0.004620449898560253,-4.392938613891602
915,0.007813630625605583,0.014356143994136317,0.8735119047619048,1.8997341394424438,0.9020612327599131,0.04470736483972404,0.018138925765125324,0.7589153051376343,0.4696761965751648,0.036978237330913544,0.002745265856478496,0.8497023809523809,11.419907569885254,0.9387434778355245,0.03174680292609244,0.0030306515869789052,0.5567603707313538,0.10734736174345016,116.54788970947266,63.98807907104492,0.8814814814814815,0.8677839851024208,0.463891863822937,0.4087124168872833,24.477916717529297,18.647062301635742,-0.01161087813765782,-5.830854415893555
916,0.03415496647357941,0.024139392154983175,0.8556547619047619,1.680374026298523,0.8860308581736849,0.034083704155928984,0.0251464702275197,0.7105406522750854,0.5756194591522217,0.9047195911407471,0.01836324164587433,0.8363095238095238,9.6672945022583,0.9347612507665134,0.018422486270662675,0.019518954302396696,0.2981506288051605,0.3114217519760132,59.25647735595703,25.798566818237305,0.9333333333333333,0.8305400372439479,0.5075951218605042,0.53998863697052,20.635629653930664,15.446111679077148,-0.005776150509108846,-5.189517974853516
917,0.03642623499035835,0.03279508084091454,0.8497023809523809,1.6676387786865234,0.8996884907414718,0.03856455566467698,0.036702843521298045,0.8020787835121155,0.48576289415359497,1.3024351596832275,0.049463657819184714,0.8244047619047619,8.719050407409668,0.8854702310751976,0.026990314325281095,0.06334669357211808,0.35196933150291443,0.40384209156036377,119.17466735839844,87.93624114990234,0.9037037037037037,0.8361266294227188,0.7314038872718811,0.5013267397880554,19.19681739807129,17.357051849365234,0.016668576978270178,-1.8397655487060547
918,0.024804964661598206,0.020800988288653177,0.8645833333333334,1.6871551275253296,0.8713032209661983,0.04494898254297308,0.020442150652906332,0.8955366015434265,0.5736313462257385,0.7689584493637085,0.020119567808111527,0.7544642857142857,9.191583633422852,0.9368496104491253,0.08461647927950045,0.020121764656991892,0.7230283617973328,0.3851988911628723,721.421142578125,566.7424926757812,0.8444444444444444,0.8770949720670391,0.8393797874450684,0.3934321701526642,139.06927490234375,130.77940368652344,-0.0006814204805416502,-8.289871215820312
919,0.005741498898714781,0.010064376198702596,0.8913690476190477,1.96144437789917,0.9304476772622832,0.03249578519358065,0.012938008609564955,0.4976996183395386,0.5666305422782898,0.06211526319384575,0.0033885653696021922,0.84375,13.226884841918945,0.9532874552573488,0.04468849134196895,0.00454677958661498,0.6099880337715149,0.17798912525177002,270.58551025390625,79.08332061767578,0.9851851851851852,0.8621973929236499,0.48377925157546997,0.49136337637901306,36.16579818725586,50.081199645996094,-0.006675810829100404,13.915401458740234
920,0.02463984116911888,0.024898968288312062,0.8333333333333334,1.5620583295822144,0.8720946732368535,0.07933345037981798,0.020899162204989663,1.0074641704559326,0.6169610023498535,1.133644461631775,0.026260304822598335,0.8005952380952381,10.032368659973145,0.9717404288470697,0.17089717710390262,0.021815288862640503,0.859684407711029,0.3366880714893341,40.275596618652344,8.214338302612305,0.6148148148148148,0.8770949720670391,0.7880988121032715,0.45166686177253723,13.493632316589355,12.622761726379395,0.0013613365342862727,-0.8708705902099609
921,0.007109717931598425,0.015524182129326491,0.8541666666666666,1.2765260934829712,0.8423201954230257,0.04038961932036933,0.019569913068899325,0.7195213437080383,0.5066865682601929,0.05938228219747543,0.012487191048549784,0.8199404761904762,7.981276988983154,0.9837807089806121,0.05644274129421911,0.022923314294569397,0.4872531294822693,0.3432193100452423,14.820789337158203,7.918051719665527,0.9333333333333333,0.8472998137802608,0.5477469563484192,0.387320876121521,7.054959774017334,5.979048252105713,-0.0030369910807767075,-1.075911521911621
922,0.01022513210773468,0.0122266113024313,0.8764880952380952,1.516028881072998,0.9219919000934619,0.019442214233069133,0.017844853199429966,0.4433606266975403,0.4748424291610718,0.22654953598976135,0.007938793420711798,0.7976190476190477,8.780107498168945,0.958918056392442,0.008816914714717461,0.013373412644708371,0.2742660343647003,0.4041536748409271,201.5077667236328,200.84400939941406,0.9703703703703703,0.8584729981378026,0.5142375230789185,0.42067480087280273,30.973037719726562,30.459333419799805,-0.004287817881719502,-0.5137042999267578
923,0.026228249073028564,0.021124961287051547,0.8675595238095238,1.9036729335784912,0.7863645452073003,0.07691539258578473,0.017543468705269794,0.7130932211875916,0.39898160099983215,0.8492920398712158,0.02635380085975425,0.8735119047619048,10.57345962524414,0.9421527554824464,0.034047264849893955,0.021895906648740415,0.4709678888320923,0.3351130783557892,931.6324462890625,678.0298461914062,0.7111111111111111,0.9050279329608939,0.5881102681159973,0.42095184326171875,271.9178161621094,235.50860595703125,0.005228839572702704,-36.409210205078125
924,0.018834766000509262,0.01604545944272051,0.8645833333333334,2.0171542167663574,0.9142400867732416,0.04927076256603036,0.017750099921820528,0.7323576807975769,0.5009912848472595,0.6436046957969666,0.012106896885894058,0.8601190476190477,17.147180557250977,0.9184564906824491,0.027813970190686876,0.013049077195262049,0.5096651315689087,0.2542961537837982,3852.81884765625,2743.57373046875,0.7481481481481481,0.888268156424581,0.6722987294197083,0.3786454498767853,529.5411987304688,527.4805908203125,-0.003938562556826453,-2.06060791015625
925,0.0020632073283195496,0.01584241404353226,0.8571428571428571,0.5137395262718201,0.26158964210204066,0.04429246369661399,0.016716581468088965,0.6914653182029724,0.4839644432067871,0.04397302120923996,0.00958791613634613,0.8214285714285714,14.503487586975098,0.9622003787059787,0.03645337870707466,0.010286718025241837,0.3609512746334076,0.1889277845621109,96.3240966796875,360.2809753417969,0.9037037037037037,0.8603351955307262,0.6376305222511292,0.39747825264930725,31.967599868774414,95.8725357055664,-0.0062544979071861295,63.90493583679199
926,0.005118394270539284,0.010997626004802585,0.8660714285714286,1.825437068939209,0.8683466590140906,0.04045812427861084,0.014321215802231224,0.743617594242096,0.41646212339401245,0.024987610056996346,0.004649593477544678,0.8705357142857143,14.131062507629395,0.9556237938632134,0.026179746486592936,0.007895541420012475,0.27499836683273315,0.11541424691677094,133.2006378173828,83.18958282470703,0.9111111111111111,0.8733705772811918,0.6414995193481445,0.43497905135154724,34.779083251953125,26.45589256286621,-0.0063480325272579075,-8.323190689086914
927,0.002971298061311245,0.019944848755774847,0.8244047619047619,0.5592576265335083,0.5462993817987806,0.05356857123003722,0.022648869387590476,0.8127838373184204,0.5358479022979736,0.014289981685578823,0.006977889625450873,0.8779761904761905,16.4549503326416,0.9199514227652533,0.029085475053862164,0.007733285356369746,0.40775299072265625,0.08256921917200089,237.1440887451172,149.05535888671875,0.7851851851851852,0.8491620111731844,0.6629935503005981,0.4480314254760742,63.711246490478516,48.87859344482422,-0.012966959130323974,-14.832653045654297
928,0.028880344703793526,0.018602963422369778,0.8660714285714286,2.1130943298339844,0.9235071689529373,0.08434213839669646,0.014665354281913512,1.0768369436264038,0.3841893672943115,1.970950722694397,0.012143447429459275,0.8779761904761905,17.05992889404297,0.9448290121155927,0.023257661303733634,0.009591877990999031,0.26068636775016785,0.2634759843349457,42.37991714477539,23.935243606567383,0.7555555555555555,0.9162011173184358,0.6622127890586853,0.46178942918777466,19.812692642211914,29.18429183959961,-0.006459515992910503,9.371599197387695
929,0.010348210111260414,0.01348739933059917,0.8586309523809523,1.7663273811340332,0.933559267724855,0.03865653620416176,0.019869011439472617,0.8188060522079468,0.532061755657196,0.17224490642547607,0.008506835042964456,0.8645833333333334,9.005228996276855,0.9562523894623369,0.030043561643454675,0.014540503004144556,0.1976735144853592,0.20134511590003967,18.5872745513916,11.646308898925781,0.8518518518518519,0.8715083798882681,0.5402268767356873,0.45768454670906067,9.845736503601074,7.791790962219238,-0.0049805642876347145,-2.053945541381836
930,0.04350098967552185,0.033925202158785805,0.9032738095238095,2.0589518547058105,0.9349687840845786,0.028109199889335135,0.044245326292434495,0.6483187079429626,0.6364445090293884,0.6376243829727173,0.03026503809488812,0.8273809523809523,8.570068359375,0.9374633954286977,0.013059065410227277,0.03981209834294719,0.16942615807056427,0.42324137687683105,4386.80224609375,4361.9365234375,0.9777777777777777,0.8864059590316573,0.5955414175987244,0.4588310420513153,1012.6090698242188,1009.9713745117188,-0.0036601640638976862,-2.6376953125
931,0.010918324813246727,0.01341726878124827,0.8809523809523809,1.8277530670166016,0.9155197054979388,0.04393833045750262,0.012598177705365088,0.6940411329269409,0.4710139334201813,0.28879958391189575,0.0025636650621407853,0.8988095238095238,21.780656814575195,0.9309334026361255,0.019938141873919513,0.0018956021678276924,0.4564002454280853,0.3545605540275574,100.12834930419922,430.5705871582031,0.9407407407407408,0.8566108007448789,0.5965360999107361,0.37798872590065,30.970046997070312,177.40969848632812,-0.010853603719107485,146.4396514892578
932,0.0415162518620491,0.04172291581971721,0.8184523809523809,1.7694305181503296,0.8383696184365877,0.02130044912244,0.051948645066140164,0.4838176369667053,0.5576311945915222,3.0834593772888184,0.06146323725593161,0.7961309523809523,15.278205871582031,0.9601838273446847,0.06977779882618818,0.07880986272563195,0.6620811223983765,0.3957260549068451,1165.1761474609375,987.4425048828125,0.9777777777777777,0.7783985102420856,0.3922572135925293,0.41839972138404846,166.2936248779297,150.8230743408203,0.019740321436214403,-15.470550537109375
933,0.01141718216240406,0.01228130349431844,0.8586309523809523,1.8052164316177368,0.8985386113010652,0.04967812319997267,0.013340536249532131,0.7770776152610779,0.488993763923645,0.13528938591480255,0.0020471666008894385,0.8705357142857143,16.081619262695312,0.9526049135260557,0.09319336900740749,0.001580281713709053,0.6331559419631958,0.09570363909006119,296.4028625488281,102.69151306152344,0.8592592592592593,0.8621973929236499,0.7689217329025269,0.4579771161079407,103.06840515136719,116.26043701171875,-0.010234136893429002,13.192031860351562
934,0.0025070474948734045,0.021514544747964548,0.8348214285714286,0.4494243860244751,0.18811174202204328,0.03801376752727115,0.025416719513866814,0.5911082625389099,0.5323061943054199,0.09402500092983246,0.001887188415151675,0.8288690476190477,18.986400604248047,0.9168230873268699,0.02400452170265066,0.0029850102924826594,0.28930094838142395,0.1075524315237999,37.70911407470703,17.481407165527344,0.8518518518518519,0.845437616387337,0.7102342844009399,0.45874568819999695,16.02251625061035,20.97079086303711,-0.019627356332812873,4.948274612426758
935,0.00925364438444376,0.014575800707772313,0.8645833333333334,1.5038225650787354,0.905130117594108,0.03305631859905822,0.02082062007963348,0.6806285977363586,0.6036710143089294,0.2728539705276489,0.011905306578007369,0.8110119047619048,10.556117057800293,0.9819670329386456,0.012048846723003215,0.01948834687452361,0.14735449850559235,0.3710750639438629,1993.34912109375,1899.243896484375,0.9111111111111111,0.8417132216014898,0.6432105898857117,0.4321269094944,388.1170349121094,385.83441162109375,-0.0026704941297649443,-2.282623291015625
936,0.07677903026342392,0.04971816902700821,0.8095238095238095,1.7542030811309814,0.8803816154756591,0.03926870804330296,0.05756894753009256,0.6856098771095276,0.7512673735618591,5.531932830810547,0.060071417055537424,0.8392857142857143,14.70914363861084,0.9540677160062818,0.036345316196966126,0.06707558131858093,0.3253095746040344,0.548210620880127,141.7154998779297,82.09834289550781,0.9703703703703703,0.7690875232774674,0.4740457236766815,0.43808743357658386,26.265602111816406,53.906959533691406,0.010353248028529216,27.641357421875
937,0.012471160851418972,0.01644094991786471,0.8720238095238095,1.4715079069137573,0.8679970858086752,0.04000608427638008,0.028059702783683527,0.7522305250167847,0.5701020956039429,0.6338581442832947,0.020104128811798794,0.8392857142857143,13.046895027160645,0.9772155957108224,0.06810856267121101,0.03456271922483456,0.2687949240207672,0.2959217429161072,101.48645782470703,42.440643310546875,0.8814814814814815,0.8659217877094972,0.695353090763092,0.43563416600227356,13.782575607299805,9.723769187927246,0.0036631788939340826,-4.058806419372559
938,0.016407519578933716,0.02257966021950286,0.8422619047619048,1.194930076599121,0.8198175714631885,0.03177072407042747,0.02468176445993331,0.5914012789726257,0.5209752321243286,0.3309357464313507,0.014061210313576322,0.7872023809523809,7.927959442138672,0.9626153329785823,0.01879073211938287,0.022338076325390088,0.3325302302837372,0.2635515332221985,231.76260375976562,153.87918090820312,0.9333333333333333,0.8249534450651769,0.5424249172210693,0.4979158341884613,29.147216796875,27.13650894165039,-0.00851844990592654,-2.0107078552246094
939,0.006073198281228542,0.010242375313914365,0.8541666666666666,1.6587669849395752,0.8557824302943877,0.033711738988873474,0.012153674214574584,0.82303786277771,0.4179801642894745,0.13549090921878815,0.0032973304865789865,0.8065476190476191,11.872966766357422,0.9519633935706077,0.03064865195994837,0.004951657440974366,0.45400291681289673,0.16402962803840637,197.2490997314453,92.93836212158203,0.8814814814814815,0.8621973929236499,0.6440947651863098,0.380388468503952,39.94059753417969,38.83754348754883,-0.006945044827335378,-1.1030540466308594
940,0.0201471708714962,0.016352443524341398,0.8392857142857143,1.6859726905822754,0.889285862863247,0.02467260688032402,0.007442437000522717,0.5213170051574707,0.33593806624412537,1.22433340549469,0.017939995688242782,0.8586309523809523,13.99987506866455,0.941962046160981,0.02348007302958821,0.002939266493852344,0.444671630859375,0.08481036871671677,18.41230583190918,8.320018768310547,0.9777777777777777,0.8044692737430168,0.46960797905921936,0.4455869793891907,11.055270195007324,7.992209434509277,0.0015875521639013845,-3.063060760498047
941,0.005732760764658451,0.012492419780197106,0.8809523809523809,1.4760786294937134,0.8882937314013739,0.03920774972576635,0.01366959585322347,0.7404240369796753,0.4591550827026367,0.09588606655597687,0.005494892262609796,0.8288690476190477,9.33714485168457,0.9397974267968193,0.04119782973591202,0.004258805079516592,0.285036563873291,0.24803324043750763,31.782033920288086,29.689170837402344,0.837037037037037,0.88268156424581,0.6291524767875671,0.36323100328445435,10.803962707519531,9.226344108581543,-0.00699752751758731,-1.5776185989379883
942,0.05087671056389809,0.024746721939125083,0.8511904761904762,1.7208510637283325,0.8400960588366229,0.04247881487119176,0.028978683489621515,0.6661017537117004,0.5449379086494446,1.3203723430633545,0.02146953554473452,0.8511904761904762,9.226677894592285,0.9136228107398517,0.01742711676965214,0.024160472295368995,0.2827962636947632,0.3278404176235199,24.776193618774414,17.904207229614258,0.9777777777777777,0.8212290502793296,0.5414774417877197,0.4853704273700714,9.166353225708008,7.831236362457275,-0.0032771863943905633,-1.3351168632507324
943,0.007633336819708347,0.012460407145614139,0.8883928571428571,2.0970799922943115,0.8959241989594925,0.05090434152369405,0.01650963858791832,0.7239757776260376,0.5663231611251831,0.028342049568891525,0.005390528667148953,0.8154761904761905,9.276400566101074,0.9198858996518835,0.05858695620872667,0.007272080228426292,0.4731525182723999,0.1269708275794983,7.3322014808654785,5.72195291519165,0.8888888888888888,0.9031657355679702,0.5874726176261902,0.4141600728034973,8.189697265625,5.705150604248047,-0.007069878478465186,-2.484546661376953
944,0.001842426834627986,0.013771794281982497,0.9032738095238095,0.5360506772994995,0.28268182241406503,0.06082623689848521,0.015508928633115038,0.8665067553520203,0.5477051734924316,0.03989800810813904,0.012390615673033234,0.8377976190476191,4.2160749435424805,0.965350279451033,0.03987944867239168,0.013253642825313605,0.673710823059082,0.32407915592193604,53.75083541870117,61.05155944824219,0.7333333333333333,0.9292364990689013,0.8215665221214294,0.42701154947280884,10.21348762512207,11.239606857299805,-0.0013811786089492628,1.0261192321777344
945,0.036591414362192154,0.023897444680827662,0.8586309523809523,1.652004599571228,0.8971235350051141,0.026113530571626686,0.021094372355443314,0.7071384191513062,0.522458553314209,0.8670265078544617,0.02378186221408951,0.8318452380952381,8.092307090759277,0.894289515488627,0.02031659328522839,0.02124494682744016,0.297463059425354,0.33451399207115173,18.841279983520508,8.770735740661621,0.9851851851851852,0.8324022346368715,0.3484877943992615,0.5161369442939758,7.655396938323975,5.460680961608887,-0.00011558246673815109,-2.194715976715088
946,0.007556447759270668,0.01129679251563398,0.8958333333333334,1.6816929578781128,0.8493808171414496,0.06026574547926533,0.01293498461903042,0.8157624006271362,0.3702639639377594,0.059193652123212814,0.0067344410833896085,0.8050595238095238,7.241720199584961,0.9018575702227216,0.15267058681224555,0.006551465279800883,0.476696252822876,0.20495882630348206,89.17158508300781,83.16825103759766,0.8444444444444444,0.9199255121042831,0.4952457845211029,0.38857370615005493,15.427396774291992,14.329476356506348,-0.0045623514322443715,-1.0979204177856445
947,0.025863397866487503,0.019876086564553308,0.8794642857142857,1.691346287727356,0.8985316913419151,0.029098147432874755,0.02275252866537958,0.8290112614631653,0.5194945931434631,0.29734712839126587,0.014815947164468213,0.8184523809523809,6.660279750823975,0.9553422997187498,0.03553361559605117,0.013845782094041748,0.35565289855003357,0.29458075761795044,175.21751403808594,121.5405044555664,0.9629629629629629,0.8584729981378026,0.5931659936904907,0.4476940929889679,49.795562744140625,46.695499420166016,-0.005060139400085095,-3.1000633239746094
948,0.013446873053908348,0.01465227387583612,0.8616071428571429,1.9531933069229126,0.8682309642086032,0.024634078738623222,0.010620318951621188,0.5636295676231384,0.558549165725708,0.3307409882545471,0.008831515249323463,0.8273809523809523,11.580880165100098,0.9087854827764682,0.03936873149398157,0.005969699637502046,0.42787179350852966,0.10619160532951355,1636.7095947265625,1377.2847900390625,0.9777777777777777,0.8361266294227188,0.5016921758651733,0.46499040722846985,393.9234619140625,391.7203369140625,-0.0058207586265126565,-2.203125
949,0.03155985474586487,0.021470564610043485,0.8467261904761905,1.9009060859680176,0.8965907479124035,0.04338490631524616,0.019231294654812547,0.7132511138916016,0.45975348353385925,2.0088844299316406,0.01620430635356862,0.8407738095238095,17.316150665283203,0.8908629975782955,0.026121742675214055,0.013029203633904585,0.21643249690532684,0.26950007677078247,56.518943786621094,138.64234924316406,0.9185185185185185,0.8175046554934823,0.5979809761047363,0.3816830813884735,21.51091766357422,74.1728744506836,-0.005266258256474865,52.661956787109375
950,0.02188129723072052,0.026141300617437246,0.8392857142857143,1.8508833646774292,0.9266755900484763,0.02378857278723845,0.0385373864555113,0.48217105865478516,0.6083143353462219,0.7791397571563721,0.018639503212145803,0.8616071428571429,13.023958206176758,0.9364095909825181,0.020514224741152498,0.022301165429518433,0.4261538088321686,0.158009335398674,21.925819396972656,10.32544231414795,0.9629629629629629,0.7970204841713222,0.6324555277824402,0.46252644062042236,9.412819862365723,5.6185622215271,-0.007501797405291444,-3.794257640838623
951,0.0032833516597747803,0.009979691932071155,0.8839285714285714,1.543377161026001,0.905925510572401,0.037244015514709905,0.013821267702264106,0.5381631851196289,0.47281041741371155,0.01804322563111782,0.008147905015194135,0.8348214285714286,7.408223628997803,0.9398740868378889,0.02643540783927978,0.011531655552227238,0.33042699098587036,0.17398741841316223,120.58221435546875,110.82244873046875,0.9111111111111111,0.8640595903165735,0.46417075395584106,0.4689957797527313,19.79207992553711,18.97838592529297,-0.0018317869168770207,-0.8136940002441406
952,0.025016751140356064,0.022218697500024254,0.8348214285714286,1.5648324489593506,0.8676969838511648,0.01584622602472363,0.025321796410142983,0.46945664286613464,0.6304022669792175,0.2634834349155426,0.014750189818866444,0.8065476190476191,7.013852596282959,0.9679004236058049,0.015387311084086641,0.010451852399547046,0.3306542634963989,0.20661842823028564,37.37202835083008,11.113480567932129,0.9851851851851852,0.7988826815642458,1.8579380512237549,0.5149820446968079,13.216869354248047,8.670013427734375,-0.00746850768115781,-4.546855926513672
953,0.017468417063355446,0.022223747831235707,0.8199404761904762,1.6846657991409302,0.8581446228657391,0.02836869948990728,0.02396600097922985,0.6783121824264526,0.5371477007865906,0.11067226529121399,0.01152620583332542,0.8660714285714286,8.536932945251465,0.9063305185634597,0.014388040839906191,0.007473596769568713,0.3690803647041321,0.2472221851348877,29.930240631103516,21.223745346069336,0.9777777777777777,0.770949720670391,0.474941223859787,0.4886859059333801,9.832293510437012,7.648909091949463,-0.010697541997910287,-2.183384418487549
954,0.007301441393792629,0.01228761885922558,0.9047619047619048,1.6233766078948975,0.8536768878516017,0.022712169046759545,0.015311442716655632,0.619041919708252,0.43457257747650146,0.13581040501594543,0.00945715594499219,0.8705357142857143,7.670393943786621,0.9252927027561435,0.016915221619153153,0.008100981581604216,0.18823052942752838,0.19229106605052948,82.46746063232422,70.18133544921875,0.9111111111111111,0.9068901303538175,0.7260040044784546,0.3927883803844452,23.12740707397461,21.523948669433594,-0.0028304629142333892,-1.6034584045410156
955,0.010323520749807358,0.020233574102940022,0.8333333333333334,1.8861773014068604,0.9097089348943136,0.025519393349184405,0.030239986377000205,0.4566882252693176,0.4831579625606537,0.10453210771083832,0.020151800749441562,0.8482142857142857,8.840289115905762,0.9175807132503047,0.02091495136183008,0.026797870752459096,0.326681911945343,0.2172825038433075,91.71478271484375,58.05147933959961,0.8814814814814815,0.8230912476722533,0.42092302441596985,0.4665476381778717,24.86513328552246,19.842727661132812,-8.177335349845993e-05,-5.022405624389648
956,0.038927704095840454,0.02399055823446128,0.8511904761904762,2.058021068572998,0.8836200315137197,0.05091964206661448,0.029887886681485565,0.6528772115707397,0.597715437412262,0.47407227754592896,0.016990720618778266,0.8169642857142857,8.602499961853027,0.9106788135555279,0.079411792809434,0.021819923436117383,0.5290743112564087,0.38013342022895813,713.1075439453125,611.408447265625,0.837037037037037,0.8547486033519553,1.8488749265670776,0.5246454477310181,249.3120880126953,250.25030517578125,-0.006999837615683013,0.9382171630859375
957,0.006791523192077875,0.015455917178782808,0.8735119047619048,2.1717448234558105,0.9007211208815551,0.034126103602533764,0.022038262637466444,0.6155447959899902,0.4410858452320099,0.16613154113292694,0.013493110624423155,0.8586309523809523,14.393070220947266,0.945812942881438,0.020103147690734402,0.023315287582493127,0.3539101779460907,0.23375464975833893,177.49310302734375,87.372314453125,0.7703703703703704,0.9050279329608939,0.5345221161842346,0.42659786343574524,60.52262878417969,85.34444427490234,-0.001962806554359653,24.821815490722656
958,0.0066150701604783535,0.011524017218887295,0.8839285714285714,2.045565128326416,0.908021198221502,0.03292156716615968,0.01327757824509923,0.7299112677574158,0.42816588282585144,0.15822185575962067,0.008083285476909952,0.8883928571428571,14.871140480041504,0.8920429669794211,0.0317744810728241,0.008540511964308828,0.4203129708766937,0.11304958164691925,408.0735168457031,278.41680908203125,0.9333333333333333,0.8733705772811918,0.5369447469711304,0.48812055587768555,143.9581298828125,122.4477767944336,-0.003440731741977343,-21.510353088378906
959,0.030180014669895172,0.017279763471382936,0.8705357142857143,2.0917747020721436,0.92918763664417,0.026875086754736266,0.021168730138712677,0.6028172373771667,0.5894903540611267,2.034400701522827,0.012800623460245686,0.8318452380952381,18.250272750854492,0.8318521403919295,0.02284734118648235,0.01641477694919391,0.2854387164115906,0.2622664272785187,478.4750671386719,234.13351440429688,0.9481481481481482,0.8566108007448789,0.5402673482894897,0.45765629410743713,127.55744171142578,70.82747650146484,-0.00447914001113725,-56.72996520996094
960,0.007675303146243095,0.006561686993323157,0.8928571428571429,2.1836156845092773,0.9332554051968177,0.0450082614672509,0.008087079137124253,0.7211263179779053,0.33603647351264954,0.2998136281967163,0.004086150915764142,0.8586309523809523,15.976863861083984,0.8791548942002905,0.07816351392336784,0.005489343977141514,0.30014175176620483,0.17533265054225922,223.0897216796875,92.48883819580078,0.8592592592592593,0.9068901303538175,0.55901700258255,0.4335387647151947,37.159942626953125,58.1423454284668,-0.002475536077559015,20.982402801513672
961,0.007594432681798935,0.018373529864008864,0.8422619047619048,2.093200922012329,0.9035310871007096,0.03822168147950422,0.02483144170015672,0.8298838138580322,0.5143113136291504,0.03611275926232338,0.008230391980583507,0.8199404761904762,10.930118560791016,0.9661006322457699,0.03309956739522324,0.013447168118544961,0.40923213958740234,0.17135630548000336,5056.48876953125,4477.87646484375,0.8962962962962963,0.8212290502793296,0.6972802877426147,0.5949804186820984,1772.546875,1768.5487060546875,-0.010143137883425357,-3.9981689453125
962,0.09370376914739609,0.048959323329881066,0.8214285714285714,2.0248653888702393,0.8733848447735023,0.02284407695189361,0.05573094131483558,0.5867098569869995,0.6557269096374512,7.1850433349609375,0.04526181350486269,0.8497023809523809,19.341896057128906,0.9038664792598801,0.038375924831756,0.05017409321257238,0.2833729088306427,0.49154767394065857,210.1179962158203,389.8414001464844,0.9925925925925926,0.7877094972067039,0.4157678484916687,0.46330949664115906,51.60944366455078,249.2924041748047,-0.0036975098250183747,197.6829605102539
963,0.012374579906463623,0.01783220020710563,0.875,1.771013617515564,0.8838235399655112,0.05073216967100236,0.011394852863580773,0.7496848106384277,0.35356536507606506,0.23585917055606842,0.006556482386357421,0.8318452380952381,14.18935775756836,0.9263607582126064,0.019011224225331413,0.004627563768903942,0.2765732705593109,0.10316242277622223,14.482821464538574,10.507832527160645,0.9259259259259259,0.8770949720670391,0.4738479256629944,0.4430587589740753,11.370683670043945,11.063485145568848,-0.01127571782074821,-0.30719852447509766
964,0.0021905084140598774,0.016658289133158588,0.8586309523809523,0.5035956501960754,0.19144787685355275,0.07147514804216948,0.017354440861383935,1.0349948406219482,0.4506080746650696,0.019470935687422752,0.013723512954964323,0.8125,3.9388680458068848,0.9614057905810102,0.06441136279039539,0.010399788100233232,0.4389371871948242,0.19768403470516205,209.4419708251953,207.5996551513672,0.6296296296296297,0.8919925512104283,1.317763328552246,0.3732348084449768,20.45553970336914,21.21077537536621,-0.002934776178194265,0.7552356719970703
965,0.004419274628162384,0.011606593652819353,0.8660714285714286,1.5353052616119385,0.8642502719642202,0.05635715204737768,0.00949433491683982,0.6389739513397217,0.35896655917167664,0.02975156344473362,0.003834369037624241,0.8125,7.174544334411621,0.9499387333297984,0.06541947990941055,0.005752754628153389,0.7144566774368286,0.207205131649971,191.5353240966797,90.83177947998047,0.8962962962962963,0.8584729981378026,0.7546666860580444,0.3407837748527527,35.29522705078125,32.91638946533203,-0.007772224615195111,-2.3788375854492188
966,0.0016865618526935577,0.014546610553444972,0.8809523809523809,0.48799067735671997,0.27042129295702977,0.04055778501547502,0.014704956866053331,0.7201142311096191,0.4283933937549591,0.02253289893269539,0.003208008087924874,0.8601190476190477,8.684712409973145,0.9363154093597263,0.03826913365263973,0.0032622997637851148,0.33918485045433044,0.14017216861248016,656.4098510742188,462.20916748046875,0.7777777777777778,0.9273743016759777,0.8122571110725403,0.40937376022338867,138.31637573242188,127.85932922363281,-0.011338602465520098,-10.457046508789062
967,0.004025857429951429,0.006299217126076839,0.8898809523809523,1.9219799041748047,0.8999073869971376,0.06696137585552353,0.006516019777075166,1.1719281673431396,0.39042919874191284,0.09816130250692368,0.004154063036890365,0.8645833333333334,14.616584777832031,0.9118028199575561,0.06946022002601215,0.0012317400777052123,0.6307204961776733,0.15187706053256989,70.22969055175781,51.120059967041016,0.6962962962962963,0.9273743016759777,1.0810375213623047,0.3536680340766907,36.41636276245117,57.5874137878418,-0.002145154089186474,21.171051025390625
968,0.08401913940906525,0.03818807801546331,0.8452380952380952,1.9567521810531616,0.9016619393840029,0.03322131648327975,0.038182957525933925,0.5492352247238159,0.6486992239952087,3.9149622917175293,0.04311367030394875,0.8184523809523809,12.627009391784668,0.9121980501425118,0.03734915088501489,0.049977060071110246,0.39115986227989197,0.47928765416145325,24.645153045654297,11.959349632263184,0.9925925925925926,0.813780260707635,0.5185226798057556,0.49590182304382324,10.69687557220459,6.36447811126709,0.004925592288485436,-4.3323974609375
969,0.011502202600240707,0.015750250493693163,0.8809523809523809,1.6671102046966553,0.854246481797265,0.025282231079966966,0.02328337360997812,0.4980136752128601,0.5656589865684509,0.2851111590862274,0.00886127305891804,0.8392857142857143,9.080146789550781,0.9276217177277519,0.01778438297334517,0.012121133717831745,0.15093682706356049,0.20402786135673523,111.86070251464844,101.8720474243164,0.9111111111111111,0.8770949720670391,0.51343834400177,0.4214520752429962,19.518436431884766,17.521347045898438,-0.006888977434775123,-1.9970893859863281
970,0.019724475219845772,0.018013322767322593,0.8556547619047619,1.5543527603149414,0.8158023888580486,0.0549825146777152,0.0205496448521435,0.9912015199661255,0.42865118384361267,0.5385376214981079,0.015998694245560996,0.8363095238095238,8.115606307983398,0.9363539221634182,0.038845188762464566,0.015345034723678319,0.47354578971862793,0.24904553592205048,15.36442756652832,3.465219497680664,0.9629629629629629,0.8435754189944135,1.8579380512237549,0.5144006609916687,8.460878372192383,5.826238632202148,-0.0020146285217615967,-2.6346397399902344
971,0.005042258650064468,0.012657056365231067,0.8779761904761905,1.284522294998169,0.8929490263708573,0.05571040038081554,0.014538495539380913,1.0028685331344604,0.41895049810409546,0.023241601884365082,0.005322494250080689,0.8497023809523809,6.213313102722168,0.9716831522024459,0.04266699103448357,0.007302415722975741,0.6822898387908936,0.2838233709335327,1399.89453125,1388.7325439453125,0.9333333333333333,0.8566108007448789,0.584176242351532,0.4122641086578369,385.09271240234375,386.2967834472656,-0.007334562115150378,1.204071044921875
972,0.0021244750823825598,0.016708066831503388,0.8735119047619048,0.5119685530662537,0.28126861694940314,0.035376757929760916,0.0213047300956567,0.6000797748565674,0.5345879793167114,0.4900781810283661,0.020652938563430756,0.8616071428571429,17.594762802124023,0.9010878193668646,0.0347541305997755,0.02124838497602588,0.4862222969532013,0.23693400621414185,10.620267868041992,182.39035034179688,0.9111111111111111,0.851024208566108,0.5256541967391968,0.41991573572158813,15.440829277038574,79.40460968017578,0.0039448717319273685,63.96378040313721
973,0.00877454038709402,0.013413289094885927,0.8735119047619048,1.6286296844482422,0.9408948097634567,0.03304500918333142,0.014946376147109475,0.716404914855957,0.46049296855926514,0.3105665445327759,0.013662836165940107,0.8035714285714286,7.691743850708008,0.9779958881335944,0.05359862375744895,0.018109552770562143,0.4617459177970886,0.20536811649799347,493.11627197265625,504.7422790527344,0.8814814814814815,0.8696461824953445,1.4128168821334839,0.4679573178291321,89.7469253540039,90.23887634277344,0.00024954707105417917,0.49195098876953125
974,0.04191625118255615,0.024151396942428294,0.8705357142857143,1.9203308820724487,0.9239225103800733,0.031084087024208507,0.021446431771765084,0.6121121644973755,0.48075106739997864,1.7132866382598877,0.020928485418718057,0.8005952380952381,12.577933311462402,0.9281630706538396,0.04034879868203489,0.018631764136991302,0.22066691517829895,0.33852332830429077,686.1297607421875,349.9379577636719,0.9851851851851852,0.8528864059590316,0.5531560778617859,0.45042142271995544,80.74996185302734,73.72544860839844,-0.003222911523710237,-7.024513244628906
975,0.009241225197911263,0.009502206294459636,0.8973214285714286,1.7583178281784058,0.8710061555094707,0.027324839819877766,0.012082785382233618,0.6971896290779114,0.4699384272098541,0.2218410223722458,0.005921371858279456,0.8869047619047619,11.366450309753418,0.9518188691543568,0.0459536851661988,0.008622151366772468,0.35176777839660645,0.20530590415000916,176.8307342529297,30.313020706176758,0.9259259259259259,0.9068901303538175,0.5428964495658875,0.40148547291755676,33.183616638183594,32.76081085205078,-0.0035808344361801803,-0.4228057861328125
976,0.013247174210846424,0.02069713856557942,0.8392857142857143,1.7225323915481567,0.8493056006030542,0.04947199738934116,0.019179109328380628,0.6754873991012573,0.5517487525939941,0.3866139352321625,0.01880577765652769,0.8199404761904762,10.209172248840332,0.9466097963315123,0.06381342069166163,0.00811108577853914,0.529687762260437,0.16716612875461578,42.475799560546875,10.876415252685547,0.9481481481481482,0.8044692737430168,0.741155743598938,0.5051078200340271,13.263045310974121,10.374995231628418,-0.0018913609090517314,-2.888050079345703
977,0.00738889817148447,0.01538784675359095,0.875,1.2099517583847046,0.7661430529677155,0.02262962944937419,0.0220132207669681,0.517099142074585,0.537370502948761,0.05902089923620224,0.020900751797071404,0.7976190476190477,7.02134895324707,0.9690817704304555,0.025664842041411062,0.03633113518140507,0.3843028247356415,0.14449989795684814,249.544921875,209.7158660888672,0.9851851851851852,0.8528864059590316,0.628013014793396,0.4161279499530792,23.499731063842773,23.022907257080078,0.005512905043480454,-0.4768238067626953
978,0.013517942279577255,0.02389025414127388,0.8020833333333334,1.5493279695510864,0.8322194475109345,0.04389938957012862,0.03502545811742874,0.8844316005706787,0.5631700158119202,0.0909246951341629,0.008646198201710309,0.7827380952380952,8.228825569152832,0.976149893308575,0.03002972957655803,0.01361192792996857,0.28266748785972595,0.13296182453632355,7.014194965362549,19.131301879882812,0.8888888888888888,0.7728119180633147,0.614494264125824,0.5706002712249756,10.954264640808105,8.34379768371582,-0.015244055939563572,-2.610466957092285
979,0.0028916485607624054,0.019394506564009872,0.8690476190476191,0.5152477025985718,0.20607490010951465,0.055621933581109784,0.017783215516029904,1.2604905366897583,0.500774621963501,0.03621015325188637,0.02845534222336632,0.8050595238095238,2.8626601696014404,0.6860062899304382,0.08241440847627901,0.022046804751833182,0.7906340956687927,0.384281724691391,72.29113006591797,81.83415985107422,0.7925925925925926,0.9087523277467412,0.7074139714241028,0.42605331540107727,7.536357879638672,8.658184051513672,0.009060835659356448,1.121826171875
980,0.010771367698907852,0.013946689463496642,0.8869047619047619,1.4047154188156128,0.7987446992828124,0.04399489631261755,0.010980560051407906,0.7375784516334534,0.38051357865333557,0.0639614388346672,0.01724638973874082,0.8035714285714286,4.259932994842529,0.9512287580343232,0.07659103495918018,0.02407615440759281,0.9532756805419922,0.35244041681289673,103.58280181884766,66.11643981933594,0.9925925925925926,0.8621973929236499,0.6368680000305176,0.43611225485801697,24.931612014770508,22.766803741455078,0.0032997002752441773,-2.1648082733154297
981,0.012091143056750298,0.015169218215512315,0.8571428571428571,1.693030595779419,0.8922680411663063,0.022787864296682447,0.01852651751485279,0.5062021017074585,0.547679603099823,0.28259673714637756,0.008911206807404648,0.8303571428571429,8.924975395202637,0.9210801239054812,0.013702054082903814,0.0071770178099611615,0.24999982118606567,0.14924125373363495,317.3846130371094,228.27418518066406,0.9777777777777777,0.8212290502793296,0.4467804431915283,0.5161846280097961,59.104061126708984,49.08995819091797,-0.0062580114081076665,-10.014102935791016
982,0.009597310796380043,0.014448674227491742,0.8898809523809523,1.9796650409698486,0.9007289114279402,0.05212508815816941,0.016251661037339105,0.848364531993866,0.46884071826934814,0.03409559279680252,0.0028942089358984235,0.8258928571428571,10.112996101379395,0.9425152011373814,0.048950227119321954,0.003319578419571312,0.5625048875808716,0.18256600201129913,53.413352966308594,16.584321975708008,0.8740740740740741,0.888268156424581,0.641380250453949,0.46009260416030884,20.7811279296875,22.50596046447754,-0.011554465291593319,1.724832534790039
983,0.027083370834589005,0.020221840530857516,0.8526785714285714,1.5208749771118164,0.7937386278845723,0.0316727837356644,0.017699137571499768,0.5879716873168945,0.4490119218826294,0.9733648300170898,0.025094537426383234,0.8139880952380952,8.627702713012695,0.9164975974983959,0.02956087164780752,0.02590003582081124,0.20271019637584686,0.27514463663101196,33.237918853759766,21.375150680541992,0.9333333333333333,0.839851024208566,0.628380298614502,0.4440804719924927,14.02111530303955,11.785122871398926,0.004872696895525719,-2.235992431640625
984,0.006210523657500744,0.014688178896585025,0.8407738095238095,1.870165228843689,0.8524709867957161,0.044239798288785215,0.023484024700724526,0.6054198741912842,0.42489391565322876,0.046813249588012695,0.01473438142483785,0.8139880952380952,8.224305152893066,0.9078378430020921,0.07638287806262778,0.031960395737802294,0.4175235331058502,0.15353092551231384,241.8213348388672,220.5243682861328,0.8962962962962963,0.819366852886406,0.5518265962600708,0.5259948372840881,30.1904354095459,26.147878646850586,4.620252825282556e-05,-4.0425567626953125
985,0.0066447267308831215,0.011223985039377271,0.9032738095238095,1.7576631307601929,0.7539343142357383,0.028198472141724773,0.016045833660572106,0.7613506317138672,0.39682891964912415,0.039729610085487366,0.0041159137798125744,0.8363095238095238,7.484644412994385,0.966085465785742,0.05848012711699657,0.005791324018895483,0.5688758492469788,0.1920882910490036,264.2532653808594,140.13401794433594,0.9555555555555556,0.888268156424581,0.6620845794677734,0.3426266312599182,60.90416717529297,61.5764045715332,-0.007108071259564697,0.6722373962402344
986,0.008924541994929314,0.013652552900638604,0.8869047619047619,1.8299578428268433,0.8912842811289955,0.0362480286054323,0.014730674988473691,0.7384047508239746,0.4736555516719818,0.2571035623550415,0.010336812799087047,0.8571428571428571,10.132957458496094,0.9353576267600033,0.04262711510720363,0.012146599887200238,0.5145113468170166,0.17423532903194427,16.215106964111328,7.876884937286377,0.9185185185185185,0.8808193668528864,0.5247843861579895,0.42684704065322876,12.33497142791748,7.85202169418335,-0.0033157401015515564,-4.482949733734131
987,0.022252842783927917,0.017287539718628397,0.8720238095238095,1.8997907638549805,0.8739655056772194,0.042882332265810175,0.02480379865318616,0.8194498419761658,0.487056702375412,0.3120634853839874,0.014873647894068642,0.8556547619047619,7.432386875152588,0.875859493001199,0.03642304690691167,0.023204324723524072,0.22824843227863312,0.24725063145160675,1482.56494140625,1471.035888671875,0.8962962962962963,0.8677839851024208,0.552574872970581,0.4913873076438904,399.2026062011719,398.0352478027344,-0.002413891824559755,-1.1673583984375
988,0.005857137497514486,0.009258442336260053,0.8526785714285714,2.064453125,0.9028952445939913,0.028300146813071247,0.005305630853704391,0.6261819005012512,0.2972188889980316,0.1509435623884201,0.009196770131413845,0.8348214285714286,15.702818870544434,0.8994969029339664,0.04248856725432315,0.003164310888215116,0.4430621862411499,0.13822194933891296,35.52366256713867,136.8784942626953,0.9259259259259259,0.8361266294227188,0.6641668677330017,0.5319972038269043,20.160268783569336,74.54063415527344,-6.167220484620817e-05,54.3803653717041
989,0.03911340981721878,0.027149191295134933,0.8764880952380952,1.964495301246643,0.8517423867725967,0.029233443429106054,0.021925381758860385,0.5134931206703186,0.5446617603302002,0.3437085449695587,0.013589430422985216,0.8377976190476191,8.297670364379883,0.8603139782830312,0.01572802719706734,0.00651802271714963,0.3587039113044739,0.1133323684334755,374.7828369140625,337.5348815917969,0.9851851851851852,0.8566108007448789,0.34476613998413086,0.38045284152030945,108.47742462158203,102.43252563476562,-0.013559760872149718,-6.044898986816406
990,0.046054255217313766,0.0386574050883155,0.8630952380952381,1.80024254322052,0.9087712691329015,0.02944619942504545,0.03235286957711392,0.5744728446006775,0.4870275557041168,1.901533842086792,0.038060455381443425,0.8467261904761905,11.324259757995605,0.8962786154406253,0.01093942999764963,0.030086617989710462,0.21096275746822357,0.3549724221229553,57.802589416503906,17.586393356323242,0.9555555555555556,0.8342644320297952,0.486112505197525,0.451081246137619,21.133712768554688,19.17022132873535,-0.0005969497068720742,-1.963491439819336
991,0.008629798889160156,0.008870891601714503,0.8482142857142857,2.0096609592437744,0.8980557996953796,0.03090836528452323,0.012962903622692479,0.5613855719566345,0.4246300458908081,0.039103299379348755,0.0031275003538115964,0.8541666666666666,10.325878143310547,0.8936284292852864,0.011974426344603217,0.007023020562078153,0.23001837730407715,0.13285572826862335,241.52471923828125,202.99098205566406,0.9407407407407408,0.8324022346368715,0.56157386302948,0.5269449353218079,67.71610260009766,67.5912857055664,-0.005743391247902907,-0.12481689453125
992,0.012548276223242283,0.011583504857578197,0.8883928571428571,1.936262607574463,0.8781305119726183,0.04645914874697954,0.014877223209572632,0.9155435562133789,0.4139631688594818,0.2810027599334717,0.011798120674911816,0.8482142857142857,11.1507568359375,0.9308580173131625,0.06545195457922404,0.016185402530631166,0.46735021471977234,0.2917420268058777,74.59200286865234,18.987457275390625,0.8666666666666667,0.9031657355679702,0.7196967601776123,0.3256054222583771,28.3289794921875,14.953688621520996,0.00021461581733361879,-13.375290870666504
993,0.00728044006973505,0.010533522045697685,0.8779761904761905,1.9085431098937988,0.9076884824320883,0.03637998392398656,0.013166063487490609,0.6058288216590881,0.45496678352355957,0.09573796391487122,0.0016562314841542802,0.8482142857142857,11.555617332458496,0.8798359737197421,0.07347632071788812,0.0025062166089109272,0.34903931617736816,0.13862784206867218,159.82603454589844,119.33220672607422,0.837037037037037,0.8808193668528864,0.6358110904693604,0.3898381292819977,28.3164005279541,23.871318817138672,-0.008877290561543405,-4.44508171081543
994,0.017201945185661316,0.011859315670149861,0.8898809523809523,1.8307498693466187,0.9165371488020971,0.050894855529971195,0.011582419317448966,0.915334939956665,0.4923469126224518,0.4997616410255432,0.009183433206876424,0.8273809523809523,9.762065887451172,0.934267439785175,0.07302272542152388,0.009488203600584333,0.569236695766449,0.297127366065979,364.0153503417969,237.2845916748047,0.8444444444444444,0.9013035381750466,0.6084514260292053,0.407437801361084,27.775178909301758,26.761709213256836,-0.002675882463273438,-1.0134696960449219
995,0.007164045702666044,0.013680684857208969,0.8601190476190477,1.6479759216308594,0.8109438443016416,0.054082553342178596,0.013670666571058754,0.9030326008796692,0.4808008670806885,0.05821491777896881,0.003763758937639028,0.8318452380952381,7.945070266723633,0.9628843107937234,0.035623128848207286,0.005238153727874284,0.35311082005500793,0.174369215965271,25.36052894592285,13.243782043457031,0.8962962962962963,0.8472998137802608,1.9108631610870361,0.38235223293304443,12.157085418701172,10.299607276916504,-0.009916925919569941,-1.857478141784668
996,0.002210617996752262,0.015571980378506933,0.8779761904761905,0.534739077091217,0.3605071795938915,0.040532446940160116,0.02141975765485704,0.7321665287017822,0.5151467323303223,0.04669385775923729,0.0163826989857202,0.8571428571428571,6.125650405883789,0.9436962050599298,0.031945088854364534,0.021572273635141026,0.4413679838180542,0.12135888636112213,1441.882568359375,1395.3431396484375,0.7703703703703704,0.88268156424581,0.6083270907402039,0.36790695786476135,359.55706787109375,354.1904296875,0.0008107186072132677,-5.36663818359375
997,0.007686350028961897,0.012120191141244296,0.8690476190476191,1.7443147897720337,0.8657893328162611,0.031156591187695093,0.014880940114005758,0.50356525182724,0.4612133800983429,0.026962686330080032,0.0015872437768457148,0.8452380952380952,16.067838668823242,0.9329626657299254,0.045562580699704425,0.005024092812626835,0.30097103118896484,0.08642784506082535,36.67536163330078,141.6319122314453,0.9407407407407408,0.8435754189944135,0.6469967365264893,0.5048062205314636,18.46183967590332,82.58274841308594,-0.010532947364398582,64.12090873718262
998,0.019618213176727295,0.030181669856101045,0.8705357142857143,1.2057065963745117,0.8121448948173258,0.054010489233784154,0.019460873618018737,0.8094088435173035,0.5088982582092285,0.689937949180603,0.03309012142929313,0.8303571428571429,8.275768280029297,0.9834325984778031,0.06449698983146257,0.010121582793222172,0.61198490858078,0.2669317424297333,22.88232421875,14.17677116394043,0.9851851851851852,0.8230912476722533,0.656945526599884,0.5833040475845337,5.719210624694824,4.990665912628174,0.0029084515731920835,-0.7285447120666504
999,0.005123724229633808,0.02684552033519938,0.8407738095238095,0.5763586163520813,0.3960055494243526,0.07285051675333154,0.018910616482194387,0.8748853802680969,0.4271087348461151,0.02119010128080845,0.025942172748688708,0.8184523809523809,5.3236470222473145,0.9898774590508507,0.055545012476060585,0.01900127252823447,0.2443103939294815,0.2086741328239441,271.09478759765625,252.24862670898438,0.6074074074074074,0.9366852886405959,0.8574926257133484,0.363223135471344,44.5247802734375,44.45186233520508,-0.0009033475865106722,-0.07291793823242188
