trial_id,replica,eps_ate,pehe
trial_0,1,0.046650,0.720224
trial_0,2,0.090780,0.906083
trial_0,3,0.187698,0.763633
trial_0,4,0.195599,1.282109
trial_0,5,0.381642,1.401228
trial_0,6,0.209267,0.846960
trial_0,7,0.231144,1.089491
trial_0,8,0.061726,1.164078
trial_0,9,1.246878,5.174309
trial_0,10,0.089787,1.898774
trial_0,11,0.130781,1.052654
trial_0,12,0.048639,1.394369
trial_0,13,0.761214,6.340727
trial_0,14,0.181755,1.318123
trial_0,15,0.210671,1.311883
trial_0,16,0.011468,1.138033
trial_0,17,0.013245,1.463691
trial_0,18,0.429704,1.473366
trial_0,19,0.238102,1.201076
trial_0,20,0.003454,1.288575
trial_0,21,0.332626,1.891977
trial_0,22,0.237923,1.014767
trial_0,23,0.045419,1.559774
trial_0,24,0.099859,1.484734
trial_0,25,0.032887,1.027416
trial_0,26,0.306734,2.364987
trial_0,27,0.134840,1.113812
trial_0,28,2.504252,8.779364
trial_0,29,0.263759,1.385387
trial_0,30,0.091567,1.218263
trial_0,31,0.003209,1.198306
trial_0,32,0.017699,1.185666
trial_0,33,0.065352,1.378232
trial_0,34,1.303168,8.833849
trial_0,35,0.287786,1.755050
trial_0,36,0.019089,1.727954
trial_0,37,0.364408,2.343730
trial_0,38,0.048001,1.356533
trial_0,39,0.246668,2.128616
trial_0,40,0.437272,1.065055
trial_0,41,0.021107,0.781469
trial_0,42,0.013921,0.796548
trial_0,43,0.129948,1.006827
trial_0,44,0.175217,1.307960
trial_0,45,0.068745,1.570165
trial_0,46,0.223627,1.208794
trial_0,47,0.271182,1.466798
trial_0,48,0.184792,1.182399
trial_0,49,0.000907,2.074361
trial_0,50,0.476423,1.085330
trial_0,51,0.328703,1.016746
trial_0,52,0.063912,1.465743
trial_0,53,0.014636,2.481139
trial_0,54,0.184088,1.782878
trial_0,55,0.141148,0.955972
trial_0,56,0.258258,0.859673
trial_0,57,0.253990,0.888308
trial_0,58,0.274877,1.574296
trial_0,59,0.272082,0.740762
trial_0,60,0.154013,3.552561
trial_0,61,0.123685,0.844044
trial_0,62,0.040970,0.758676
trial_0,63,0.075634,0.823614
trial_0,64,0.316482,1.275919
trial_0,65,0.255836,1.638637
trial_0,66,0.038187,0.749329
trial_0,67,0.119178,0.747689
trial_0,68,2.163935,5.775083
trial_0,69,0.215812,0.833769
trial_0,70,0.159718,0.696658
trial_0,71,0.046603,1.739498
trial_0,72,0.032124,0.724508
trial_0,73,0.016179,0.734257
trial_0,74,0.044928,0.645695
trial_0,75,0.282072,0.664021
trial_0,76,0.316071,1.463914
trial_0,77,0.178040,0.825007
trial_0,78,0.005413,0.635187
trial_0,79,0.073513,0.537605
trial_0,80,0.132505,0.666843
trial_0,81,0.201762,2.604472
trial_0,82,0.416262,1.818955
trial_0,83,0.171814,1.240543
trial_0,84,0.343712,3.780335
trial_0,85,0.291113,3.132009
trial_0,86,0.612699,2.568188
trial_0,87,0.295050,0.747526
trial_0,88,0.096107,0.581006
trial_0,89,0.099836,0.785727
trial_0,90,0.048827,0.998532
trial_0,91,0.046760,0.745264
trial_0,92,0.004288,1.084357
trial_0,93,0.273637,2.193557
trial_0,94,0.002673,0.782557
trial_0,95,0.071723,0.862825
trial_0,96,0.126559,0.729706
trial_0,97,0.021581,1.124407
trial_0,98,0.198482,1.634758
trial_0,99,0.200975,0.805795
trial_0,100,0.089752,0.799018
trial_0,101,0.109302,0.918093
trial_0,102,0.204944,0.725072
trial_0,103,0.101225,0.701967
trial_0,104,0.062230,1.020929
trial_0,105,0.064606,1.079304
trial_0,106,0.120516,0.660076
trial_0,107,0.009288,0.645011
trial_0,108,0.090498,4.940685
trial_0,109,0.198644,1.336871
trial_0,110,0.142273,1.381015
trial_0,111,0.330895,1.048563
trial_0,112,0.219081,1.263473
trial_0,113,0.346226,1.329729
trial_0,114,0.262489,0.785407
trial_0,115,0.344138,1.698132
trial_0,116,0.418737,0.851789
trial_0,117,0.191699,1.004308
trial_0,118,0.021815,0.811678
trial_0,119,0.018915,2.224827
trial_0,120,0.508994,1.934902
trial_0,121,0.348559,0.926519
trial_0,122,0.061818,0.770682
trial_0,123,0.249079,0.935182
trial_0,124,0.145223,1.443105
trial_0,125,0.043702,0.536976
trial_0,126,0.273610,1.569458
trial_0,127,0.129906,0.973471
trial_0,128,0.379197,0.748783
trial_0,129,0.189139,1.381776
trial_0,130,0.195469,3.958510
trial_0,131,0.335665,0.808372
trial_0,132,0.166750,1.694044
trial_0,133,0.991784,3.264357
trial_0,134,0.408073,1.047229
trial_0,135,0.018670,0.804649
trial_0,136,0.078232,1.062048
trial_0,137,0.044935,1.546326
trial_0,138,0.304536,0.559511
trial_0,139,0.107751,0.573051
trial_0,140,0.098661,0.636929
trial_0,141,0.140636,1.215099
trial_0,142,0.180219,1.430781
trial_0,143,0.377601,2.824971
trial_0,144,0.129756,0.957492
trial_0,145,0.044372,0.897360
trial_0,146,0.206691,1.253906
trial_0,147,0.045783,1.683580
trial_0,148,0.255946,0.818080
trial_0,149,0.099857,2.407555
trial_0,150,0.035455,0.654824
trial_0,151,0.059464,1.163546
trial_0,152,0.144373,0.986208
trial_0,153,0.269379,0.878741
trial_0,154,0.000992,1.060663
trial_0,155,0.346105,1.006016
trial_0,156,0.231892,0.744262
trial_0,157,0.180182,1.603637
trial_0,158,0.145522,1.178511
trial_0,159,0.102575,0.516381
trial_0,160,0.606637,1.323256
trial_0,161,0.122559,0.847061
trial_0,162,0.297137,0.510378
trial_0,163,0.118699,0.917229
trial_0,164,0.123004,0.355444
trial_0,165,0.232056,0.864562
trial_0,166,0.247075,1.213387
trial_0,167,0.143770,0.710892
trial_0,168,0.041922,0.670262
trial_0,169,0.059626,0.400980
trial_0,170,0.037929,0.932519
trial_0,171,0.031728,1.069802
trial_0,172,0.150035,0.638523
trial_0,173,0.174289,0.836964
trial_0,174,0.093295,0.749995
trial_0,175,0.189755,0.557773
trial_0,176,0.029938,0.878291
trial_0,177,0.227280,1.209468
trial_0,178,0.273079,0.652265
trial_0,179,0.291364,0.730803
trial_0,180,0.531733,1.929489
trial_0,181,0.144146,2.130305
trial_0,182,0.436928,0.751985
trial_0,183,0.382015,0.866624
trial_0,184,0.281229,1.698132
trial_0,185,0.090409,0.456930
trial_0,186,0.039476,0.315556
trial_0,187,0.224131,1.166867
trial_0,188,0.312697,0.722668
trial_0,189,0.049297,0.849797
trial_0,190,0.058030,0.621135
trial_0,191,0.145068,0.493742
trial_0,192,0.112620,0.836446
trial_0,193,0.153548,0.581390
trial_0,194,0.108611,0.447352
trial_0,195,0.097029,0.765142
trial_0,196,0.209668,0.861333
trial_0,197,0.120166,0.732527
trial_0,198,0.180292,0.742490
trial_0,199,0.022624,1.026644
trial_0,200,0.335114,0.616351
trial_0,201,0.102362,0.976385
trial_0,202,0.062598,0.458211
trial_0,203,0.016386,0.531441
trial_0,204,0.154226,0.829280
trial_0,205,0.058429,1.060449
trial_0,206,0.383377,0.840223
trial_0,207,0.100959,0.702549
trial_0,208,0.237883,0.637087
trial_0,209,0.420311,2.452874
trial_0,210,0.579898,3.040820
trial_0,211,0.191759,1.044032
trial_0,212,0.011750,0.827140
trial_0,213,0.184855,0.585649
trial_0,214,0.152233,0.409708
trial_0,215,0.053545,0.398759
trial_0,216,0.042907,0.376178
trial_0,217,0.151353,0.616022
trial_0,218,0.027406,2.069218
trial_0,219,1.344185,5.785970
trial_0,220,0.104951,1.121399
trial_0,221,0.291728,0.392674
trial_0,222,0.084941,0.542459
trial_0,223,0.076739,0.477447
trial_0,224,0.111986,0.413431
trial_0,225,0.294774,1.083087
trial_0,226,0.078592,0.999891
trial_0,227,0.287216,0.531708
trial_0,228,0.367639,0.849482
trial_0,229,0.343743,1.062649
trial_0,230,0.037059,0.721341
trial_0,231,0.298758,0.770155
trial_0,232,0.038097,0.492901
trial_0,233,0.029379,0.837787
trial_0,234,0.008037,0.503500
trial_0,235,0.100353,1.134959
trial_0,236,0.231054,0.655341
trial_0,237,0.212112,0.700992
trial_0,238,0.203097,0.469547
trial_0,239,0.139624,0.779704
trial_0,240,0.145044,1.002059
trial_0,241,0.268175,0.543254
trial_0,242,0.035877,0.310768
trial_0,243,0.281152,0.848700
trial_0,244,0.048845,1.070414
trial_0,245,0.065622,2.793042
trial_0,246,0.052450,0.756995
trial_0,247,0.143355,0.457652
trial_0,248,0.104235,0.598538
trial_0,249,0.361913,1.017486
trial_0,250,0.259055,0.633243
trial_0,251,0.040135,0.507806
trial_0,252,0.078368,0.516865
trial_0,253,0.102759,0.443327
trial_0,254,0.129287,1.998475
trial_0,255,0.565934,3.985643
trial_0,256,0.031051,0.503450
trial_0,257,0.213892,1.641633
trial_0,258,0.236990,0.679757
trial_0,259,0.068622,0.450172
trial_0,260,0.135704,0.449295
trial_0,261,0.122564,0.588746
trial_0,262,0.024637,0.706615
trial_0,263,0.155593,0.635632
trial_0,264,0.037307,0.558227
trial_0,265,0.089316,0.700269
trial_0,266,0.027345,0.555788
trial_0,267,0.154747,1.645572
trial_0,268,0.199059,0.507503
trial_0,269,0.078040,0.706861
trial_0,270,0.155189,0.392592
trial_0,271,0.191234,0.626813
trial_0,272,0.180225,0.395750
trial_0,273,0.101914,0.509643
trial_0,274,0.242594,0.405723
trial_0,275,0.009638,0.567466
trial_0,276,0.042466,1.810942
trial_0,277,0.008209,0.792705
trial_0,278,0.073835,0.250190
trial_0,279,0.155947,0.482356
trial_0,280,0.102441,0.932502
trial_0,281,0.052548,0.898996
trial_0,282,0.260093,2.018612
trial_0,283,0.064858,0.821408
trial_0,284,0.033787,0.661702
trial_0,285,0.033190,0.275553
trial_0,286,0.138488,0.802944
trial_0,287,0.252767,0.651634
trial_0,288,0.176597,1.313972
trial_0,289,0.079769,0.457355
trial_0,290,0.126258,0.662959
trial_0,291,0.078513,0.828816
trial_0,292,0.145729,0.953226
trial_0,293,0.090260,1.303789
trial_0,294,0.044933,0.247428
trial_0,295,0.057713,0.449311
trial_0,296,0.459096,1.378153
trial_0,297,0.206801,0.546416
trial_0,298,0.100235,0.722225
trial_0,299,0.199097,0.299301
trial_0,300,0.195280,0.454282
trial_0,301,0.071588,0.403971
trial_0,302,0.277847,0.675387
trial_0,303,0.342245,0.805317
trial_0,304,0.002987,0.416933
trial_0,305,0.161566,0.442606
trial_0,306,0.075683,0.567163
trial_0,307,0.109085,0.668805
trial_0,308,0.286494,1.058602
trial_0,309,0.049077,0.551705
trial_0,310,0.075725,1.171076
trial_0,311,0.222082,1.385832
trial_0,312,0.626276,2.564761
trial_0,313,0.141058,0.638403
trial_0,314,0.217540,0.948796
trial_0,315,0.045811,0.532177
trial_0,316,0.126786,0.715062
trial_0,317,0.081282,0.580858
trial_0,318,0.122482,0.571633
trial_0,319,0.085370,0.897405
trial_0,320,0.019182,1.624139
trial_0,321,0.229839,0.951611
trial_0,322,0.149192,0.572835
trial_0,323,0.293003,1.500419
trial_0,324,0.305951,0.526790
trial_0,325,0.020061,0.296674
trial_0,326,0.270824,0.654131
trial_0,327,0.022273,0.932023
trial_0,328,0.290588,0.738924
trial_0,329,0.075338,3.695825
trial_0,330,0.254664,0.859924
trial_0,331,0.054095,0.625913
trial_0,332,0.415936,0.739911
trial_0,333,0.070055,0.818466
trial_0,334,0.298857,0.502185
trial_0,335,0.141759,0.813481
trial_0,336,0.152116,0.632327
trial_0,337,0.148593,0.915884
trial_0,338,0.343370,1.882492
trial_0,339,0.154110,0.532179
trial_0,340,0.133137,0.313818
trial_0,341,0.437712,4.138063
trial_0,342,0.153455,0.605736
trial_0,343,0.111959,0.626802
trial_0,344,0.552931,1.404936
trial_0,345,1.488180,6.746360
trial_0,346,0.323237,2.015560
trial_0,347,0.193802,0.663593
trial_0,348,0.026118,1.209256
trial_0,349,0.081303,0.509920
trial_0,350,0.067267,0.991552
trial_0,351,0.039909,1.598132
trial_0,352,0.054261,0.663289
trial_0,353,0.026351,0.643145
trial_0,354,0.283815,1.038565
trial_0,355,0.094308,0.361136
trial_0,356,0.179122,0.385532
trial_0,357,0.042592,1.311128
trial_0,358,0.013460,0.364947
trial_0,359,0.115138,0.494434
trial_0,360,0.073328,0.371416
trial_0,361,0.019622,1.139589
trial_0,362,0.235371,3.683810
trial_0,363,0.032681,0.710420
trial_0,364,0.249841,0.553821
trial_0,365,0.023310,0.474822
trial_0,366,0.092368,0.720740
trial_0,367,0.118894,0.480436
trial_0,368,0.099386,0.487599
trial_0,369,0.030048,0.554536
trial_0,370,0.067170,0.789307
trial_0,371,0.078265,0.530950
trial_0,372,0.043905,0.530793
trial_0,373,0.247418,0.758702
trial_0,374,0.348045,1.555370
trial_0,375,0.321356,0.649467
trial_0,376,0.184493,0.561621
trial_0,377,0.248442,0.987391
trial_0,378,0.092921,0.429237
trial_0,379,0.186322,0.510558
trial_0,380,0.100947,0.737476
trial_0,381,0.005115,0.429376
trial_0,382,0.295803,0.554607
trial_0,383,0.411448,2.214385
trial_0,384,0.009742,0.364370
trial_0,385,0.195307,1.057281
trial_0,386,0.137454,1.710693
trial_0,387,0.058785,2.108057
trial_0,388,0.038175,0.492425
trial_0,389,0.105404,0.515361
trial_0,390,0.082425,0.707640
trial_0,391,0.302015,0.729066
trial_0,392,0.243823,0.729720
trial_0,393,0.231400,0.936390
trial_0,394,0.192189,0.578193
trial_0,395,0.245051,0.504759
trial_0,396,0.044453,0.374439
trial_0,397,0.008460,0.433518
trial_0,398,0.154967,0.508684
trial_0,399,0.004068,0.476351
trial_0,400,0.004465,0.704202
trial_0,401,0.137170,0.676193
trial_0,402,0.034584,1.018848
trial_0,403,0.073434,0.351156
trial_0,404,0.478009,0.566678
trial_0,405,0.033404,0.528411
trial_0,406,0.178120,0.606205
trial_0,407,0.165410,0.295230
trial_0,408,0.118238,0.366981
trial_0,409,0.167332,0.731047
trial_0,410,0.150567,0.700043
trial_0,411,0.576208,1.081772
trial_0,412,0.026650,0.289520
trial_0,413,0.153408,1.021822
trial_0,414,0.114256,0.491343
trial_0,415,0.042008,0.740324
trial_0,416,0.433729,2.118139
trial_0,417,0.164532,0.403998
trial_0,418,0.225606,0.375957
trial_0,419,0.197714,1.017357
trial_0,420,0.104018,0.522112
trial_0,421,0.144300,0.409807
trial_0,422,0.213737,0.815078
trial_0,423,0.125555,0.240178
trial_0,424,0.067221,0.227264
trial_0,425,0.120191,0.346339
trial_0,426,0.159110,0.310507
trial_0,427,0.169617,0.678359
trial_0,428,0.372522,0.869610
trial_0,429,0.090669,0.453443
trial_0,430,0.003980,0.317902
trial_0,431,0.073661,0.776945
trial_0,432,0.079521,0.652700
trial_0,433,0.011265,0.319554
trial_0,434,0.094888,0.801869
trial_0,435,0.391033,3.283809
trial_0,436,0.005839,0.392729
trial_0,437,0.133331,1.079996
trial_0,438,0.691278,1.381788
trial_0,439,0.028548,0.860835
trial_0,440,0.243992,0.971682
trial_0,441,0.222033,1.376327
trial_0,442,0.088377,0.387466
trial_0,443,0.015399,0.320520
trial_0,444,0.273424,0.527798
trial_0,445,0.208043,0.447326
trial_0,446,0.175627,0.876011
trial_0,447,0.005463,0.655422
trial_0,448,0.016269,0.326204
trial_0,449,0.241479,0.915777
trial_0,450,0.039714,0.551959
trial_0,451,0.096645,0.636143
trial_0,452,0.252480,0.584347
trial_0,453,0.103030,0.892404
trial_0,454,0.233946,0.389586
trial_0,455,0.042844,0.661774
trial_0,456,0.231744,0.766815
trial_0,457,0.108701,0.300637
trial_0,458,0.070202,0.596748
trial_0,459,0.115791,0.490255
trial_0,460,0.072246,0.562377
trial_0,461,0.205641,0.419498
trial_0,462,0.118921,0.872453
trial_0,463,0.002755,0.483469
trial_0,464,0.097158,0.470001
trial_0,465,0.033216,0.655262
trial_0,466,0.016471,0.450171
trial_0,467,0.132265,1.003109
trial_0,468,0.100302,0.452909
trial_0,469,0.053553,2.176819
trial_0,470,0.321390,0.669193
trial_0,471,0.261569,0.634122
trial_0,472,0.269817,0.901566
trial_0,473,0.032845,0.663435
trial_0,474,0.009522,1.778504
trial_0,475,0.463412,2.556072
trial_0,476,0.352423,2.666052
trial_0,477,0.094517,0.479467
trial_0,478,0.042610,0.420194
trial_0,479,0.090910,0.681690
trial_0,480,0.374203,0.834558
trial_0,481,0.005078,1.137858
trial_0,482,0.160142,0.865848
trial_0,483,0.174633,1.457815
trial_0,484,0.125083,0.800936
trial_0,485,0.040501,0.451646
trial_0,486,0.043590,0.697586
trial_0,487,0.288949,0.572179
trial_0,488,0.133181,0.387400
trial_0,489,0.075706,0.377455
trial_0,490,0.090914,0.888488
trial_0,491,0.108829,0.218905
trial_0,492,0.086403,0.492388
trial_0,493,0.317143,0.777304
trial_0,494,0.174403,0.584764
trial_0,495,0.092675,0.781903
trial_0,496,0.082133,0.485451
trial_0,497,0.196522,0.569854
trial_0,498,0.117291,0.336714
trial_0,499,0.113064,0.744294
trial_0,500,0.284209,1.159608
trial_0,501,0.104536,0.244827
trial_0,502,0.262358,0.466015
trial_0,503,0.128053,0.385619
trial_0,504,0.078477,0.528036
trial_0,505,0.013902,0.780189
trial_0,506,0.066676,0.399987
trial_0,507,0.191662,1.087608
trial_0,508,0.058079,0.513750
trial_0,509,0.068559,0.786584
trial_0,510,0.032112,0.383004
trial_0,511,0.105603,0.394199
trial_0,512,0.336433,3.038774
trial_0,513,0.037339,0.778555
trial_0,514,0.054054,0.733688
trial_0,515,0.180193,1.962571
trial_0,516,0.156702,0.594092
trial_0,517,0.296150,2.021246
trial_0,518,0.186550,0.488303
trial_0,519,0.217858,0.506359
trial_0,520,0.107402,0.273077
trial_0,521,0.019973,0.360266
trial_0,522,0.021013,0.435532
trial_0,523,0.151509,1.049386
trial_0,524,0.092051,0.540484
trial_0,525,0.177842,0.899081
trial_0,526,0.011635,0.411826
trial_0,527,0.145259,0.395161
trial_0,528,0.296237,0.514148
trial_0,529,0.042643,0.560768
trial_0,530,0.135464,0.605540
trial_0,531,0.173889,0.725860
trial_0,532,0.137829,0.391592
trial_0,533,0.094823,0.424045
trial_0,534,0.047228,0.175680
trial_0,535,0.188453,0.700272
trial_0,536,0.491793,1.148224
trial_0,537,0.237180,1.275925
trial_0,538,0.088383,0.295375
trial_0,539,0.167693,0.848846
trial_0,540,0.036086,0.365961
trial_0,541,0.220884,0.476103
trial_0,542,0.058505,1.676750
trial_0,543,0.215428,0.416661
trial_0,544,0.097325,0.270333
trial_0,545,0.146601,0.627925
trial_0,546,0.204296,0.748016
trial_0,547,0.066177,0.384697
trial_0,548,0.114707,0.512577
trial_0,549,0.117483,0.539566
trial_0,550,0.162824,0.505046
trial_0,551,0.018612,0.343900
trial_0,552,0.205382,0.883868
trial_0,553,0.041228,0.445118
trial_0,554,0.172312,1.517769
trial_0,555,0.013855,0.279398
trial_0,556,0.413397,0.653800
trial_0,557,0.147555,0.409261
trial_0,558,0.017871,0.323998
trial_0,559,0.125935,0.485927
trial_0,560,0.264316,0.555968
trial_0,561,0.079528,0.729273
trial_0,562,0.364058,0.901452
trial_0,563,0.258642,0.674701
trial_0,564,0.025710,0.481368
trial_0,565,0.062063,1.061523
trial_0,566,0.004066,0.502709
trial_0,567,0.037639,0.617356
trial_0,568,0.233003,0.490185
trial_0,569,0.220200,0.444204
trial_0,570,0.017297,0.820040
trial_0,571,0.104289,0.253386
trial_0,572,0.040838,0.214559
trial_0,573,0.292151,0.407014
trial_0,574,0.053979,0.305614
trial_0,575,0.039493,1.506573
trial_0,576,0.060891,2.485548
trial_0,577,0.103187,0.270156
trial_0,578,0.148589,1.620111
trial_0,579,0.136064,0.422586
trial_0,580,0.204854,0.337816
trial_0,581,0.327208,0.814603
trial_0,582,0.058961,0.405860
trial_0,583,0.222114,0.862526
trial_0,584,0.109441,0.338237
trial_0,585,0.292149,0.729186
trial_0,586,0.075677,0.294624
trial_0,587,0.058689,0.609533
trial_0,588,0.255214,0.397057
trial_0,589,1.517787,13.947058
trial_0,590,0.064909,0.804671
trial_0,591,0.117667,0.645992
trial_0,592,0.220825,0.680356
trial_0,593,0.003646,0.301356
trial_0,594,0.091865,0.314672
trial_0,595,0.457407,1.401515
trial_0,596,0.007149,0.640506
trial_0,597,0.089593,0.543356
trial_0,598,0.031953,0.479584
trial_0,599,0.151443,0.647725
trial_0,600,0.115913,0.395055
trial_0,601,0.282938,2.648663
trial_0,602,0.015263,0.706818
trial_0,603,0.172440,0.742389
trial_0,604,0.108424,0.592623
trial_0,605,0.034996,0.634383
trial_0,606,0.081936,0.850845
trial_0,607,0.151858,0.702816
trial_0,608,0.074909,0.625917
trial_0,609,0.002907,0.897849
trial_0,610,0.334796,0.792308
trial_0,611,0.213266,0.637715
trial_0,612,0.177846,0.632909
trial_0,613,0.321779,0.816641
trial_0,614,0.063659,1.126964
trial_0,615,0.057617,0.442460
trial_0,616,0.020016,0.678521
trial_0,617,0.160847,0.699821
trial_0,618,0.055760,0.465227
trial_0,619,0.581807,3.544889
trial_0,620,0.137492,0.591634
trial_0,621,0.217932,0.392195
trial_0,622,0.349228,3.365726
trial_0,623,0.151967,0.370200
trial_0,624,0.054515,1.251489
trial_0,625,0.329166,0.925839
trial_0,626,0.265946,0.858395
trial_0,627,0.117791,1.270475
trial_0,628,0.457398,1.128969
trial_0,629,0.202494,0.542836
trial_0,630,0.116578,0.687721
trial_0,631,0.047611,1.165260
trial_0,632,0.288212,1.029045
trial_0,633,0.091847,0.747471
trial_0,634,0.404243,1.694675
trial_0,635,0.444569,1.172653
trial_0,636,0.352526,0.926865
trial_0,637,0.011001,1.963507
trial_0,638,0.006084,0.660435
trial_0,639,0.215880,0.725871
trial_0,640,0.241986,0.530710
trial_0,641,0.427879,0.757517
trial_0,642,0.016626,0.508269
trial_0,643,0.260213,1.636261
trial_0,644,0.098784,0.804424
trial_0,645,0.132883,1.041265
trial_0,646,0.282285,1.969808
trial_0,647,0.190545,2.658786
trial_0,648,0.094081,4.204043
trial_0,649,0.153529,0.754413
trial_0,650,0.408889,1.309289
trial_0,651,0.442497,1.229994
trial_0,652,1.306799,4.447984
trial_0,653,0.165463,0.775877
trial_0,654,0.061329,0.682536
trial_0,655,0.084591,0.553540
trial_0,656,0.059222,1.496132
trial_0,657,0.087513,2.436902
trial_0,658,0.393774,1.372449
trial_0,659,0.507894,1.618873
trial_0,660,0.094376,0.937723
trial_0,661,0.028545,0.940786
trial_0,662,0.232715,0.894145
trial_0,663,0.181605,0.729387
trial_0,664,0.317966,0.556980
trial_0,665,0.042327,1.747859
trial_0,666,0.130435,1.727168
trial_0,667,0.038294,0.897351
trial_0,668,0.129326,0.562989
trial_0,669,0.158967,0.541097
trial_0,670,0.097731,0.452101
trial_0,671,0.122756,0.791912
trial_0,672,0.224181,0.614557
trial_0,673,0.816795,6.919574
trial_0,674,0.216648,0.782249
trial_0,675,0.260962,1.008798
trial_0,676,0.090090,1.415408
trial_0,677,0.044832,1.000380
trial_0,678,0.150959,1.059236
trial_0,679,0.097220,1.981032
trial_0,680,0.090231,0.516408
trial_0,681,0.052524,0.440965
trial_0,682,0.166269,1.906676
trial_0,683,0.272850,0.607649
trial_0,684,0.394757,3.301616
trial_0,685,0.211192,2.062544
trial_0,686,0.055344,0.702188
trial_0,687,0.004950,0.778796
trial_0,688,0.171652,0.517248
trial_0,689,0.231789,0.861708
trial_0,690,0.166856,0.991398
trial_0,691,0.399445,0.645853
trial_0,692,0.008342,0.411789
trial_0,693,0.160985,0.641401
trial_0,694,0.198927,0.822929
trial_0,695,0.131147,0.664510
trial_0,696,0.006824,1.759757
trial_0,697,0.215152,1.692427
trial_0,698,0.096665,0.451169
trial_0,699,0.051640,0.544312
trial_0,700,0.267670,0.695649
trial_0,701,0.027766,1.102548
trial_0,702,0.008064,0.730567
trial_0,703,0.529193,2.010107
trial_0,704,0.149909,0.588977
trial_0,705,0.194938,0.533032
trial_0,706,0.108853,0.843449
trial_0,707,0.070343,0.754485
trial_0,708,0.149071,0.679844
trial_0,709,0.042578,1.852369
trial_0,710,0.140677,1.308427
trial_0,711,0.506526,1.019353
trial_0,712,0.342100,0.671693
trial_0,713,0.252032,1.775031
trial_0,714,0.098873,0.554761
trial_0,715,0.011553,0.575748
trial_0,716,0.129871,1.434643
trial_0,717,0.086858,0.552878
trial_0,718,0.288940,0.869363
trial_0,719,0.044408,0.478398
trial_0,720,0.178072,1.177842
trial_0,721,0.277810,0.592013
trial_0,722,0.197280,0.561286
trial_0,723,0.064425,0.536976
trial_0,724,0.372491,2.687323
trial_0,725,0.011695,0.955169
trial_0,726,0.197558,1.324076
trial_0,727,0.208551,0.932971
trial_0,728,0.060727,0.633723
trial_0,729,0.441287,0.681640
trial_0,730,0.229919,0.592132
trial_0,731,0.190901,0.790129
trial_0,732,0.001736,0.608021
trial_0,733,0.107943,0.561104
trial_0,734,0.009071,0.613636
trial_0,735,0.106532,1.060011
trial_0,736,0.029500,0.764388
trial_0,737,0.132752,0.782402
trial_0,738,0.189098,1.685891
trial_0,739,0.154985,0.735237
trial_0,740,0.048924,0.529942
trial_0,741,0.217153,0.642944
trial_0,742,0.094306,0.561795
trial_0,743,0.494073,2.192679
trial_0,744,0.080713,0.462205
trial_0,745,0.003280,0.549878
trial_0,746,0.093859,0.400224
trial_0,747,0.105582,0.454501
trial_0,748,0.049284,0.748458
trial_0,749,0.123559,0.922229
trial_0,750,0.079762,0.414568
trial_0,751,0.032307,0.876417
trial_0,752,0.277424,0.494268
trial_0,753,0.102409,0.882148
trial_0,754,0.027383,0.436221
trial_0,755,0.120207,0.648608
trial_0,756,0.275722,0.533786
trial_0,757,0.093960,0.747558
trial_0,758,0.355718,0.859663
trial_0,759,0.204965,1.109933
trial_0,760,0.212344,0.777920
trial_0,761,0.263135,0.996288
trial_0,762,0.348530,0.816611
trial_0,763,0.018677,0.696083
trial_0,764,0.069781,0.891776
trial_0,765,0.053091,0.940372
trial_0,766,0.043020,1.482033
trial_0,767,0.015895,0.801031
trial_0,768,0.132728,0.497966
trial_0,769,0.122470,0.687755
trial_0,770,0.760749,4.053480
trial_0,771,0.070156,0.584637
trial_0,772,0.256146,10.618982
trial_0,773,0.254955,0.737545
trial_0,774,0.022419,1.036660
trial_0,775,0.031155,0.473414
trial_0,776,0.251571,0.870962
trial_0,777,0.260366,0.552702
trial_0,778,0.179764,0.451636
trial_0,779,0.109566,0.559307
trial_0,780,0.145296,0.327348
trial_0,781,0.197627,0.711082
trial_0,782,0.015952,0.470233
trial_0,783,0.047241,0.577916
trial_0,784,0.034163,0.194277
trial_0,785,0.138113,0.322999
trial_0,786,0.045859,0.820730
trial_0,787,0.108335,0.447964
trial_0,788,0.044223,1.265523
trial_0,789,0.080927,0.478869
trial_0,790,0.160427,0.439187
trial_0,791,0.301591,0.507451
trial_0,792,0.034911,0.280767
trial_0,793,0.325664,0.620621
trial_0,794,0.258603,1.138917
trial_0,795,0.063210,1.224057
trial_0,796,0.092212,0.446611
trial_0,797,0.044584,0.394560
trial_0,798,0.253400,0.473411
trial_0,799,0.111381,0.560159
trial_0,800,0.127739,0.468211
trial_0,801,0.029280,0.509223
trial_0,802,0.160571,0.633777
trial_0,803,0.045600,0.254036
trial_0,804,0.011143,0.319198
trial_0,805,0.074289,0.858043
trial_0,806,0.311764,0.992770
trial_0,807,0.072149,0.249555
trial_0,808,0.287209,0.389098
trial_0,809,0.005485,0.238854
trial_0,810,0.034338,0.335017
trial_0,811,0.022280,0.531935
trial_0,812,0.026125,0.769287
trial_0,813,0.045209,1.178370
trial_0,814,0.003080,1.716323
trial_0,815,0.304393,0.522554
trial_0,816,0.253488,0.545303
trial_0,817,0.103623,0.340229
trial_0,818,0.010576,1.027687
trial_0,819,0.075256,0.858796
trial_0,820,0.171880,2.248647
trial_0,821,0.012565,0.397054
trial_0,822,0.113895,0.676340
trial_0,823,0.011135,0.415785
trial_0,824,0.160885,0.287434
trial_0,825,0.081160,0.493213
trial_0,826,0.363692,4.357250
trial_0,827,0.289243,0.939020
trial_0,828,0.004933,0.566391
trial_0,829,0.076833,0.665925
trial_0,830,0.186312,0.430855
trial_0,831,0.235575,0.989091
trial_0,832,0.204363,0.481532
trial_0,833,0.145359,0.563316
trial_0,834,0.283395,0.624622
trial_0,835,0.227637,0.413875
trial_0,836,0.015295,0.251621
trial_0,837,0.298817,1.035326
trial_0,838,0.130401,0.612418
trial_0,839,0.018986,0.596738
trial_0,840,0.073642,0.706895
trial_0,841,0.033979,1.316019
trial_0,842,0.061192,0.414090
trial_0,843,0.039569,0.512935
trial_0,844,0.123515,0.317962
trial_0,845,0.067608,0.400055
trial_0,846,0.058267,0.423636
trial_0,847,0.139795,0.398349
trial_0,848,0.043059,1.111519
trial_0,849,0.156327,0.307234
trial_0,850,0.051584,0.700613
trial_0,851,0.238213,0.379803
trial_0,852,0.413405,0.885008
trial_0,853,0.128271,0.308626
trial_0,854,0.034753,0.332649
trial_0,855,0.063372,0.554795
trial_0,856,0.419936,1.029437
trial_0,857,0.102931,0.600803
trial_0,858,0.007983,0.559851
trial_0,859,0.073841,0.473676
trial_0,860,0.300456,0.583767
trial_0,861,0.131800,0.440253
trial_0,862,0.081661,0.366900
trial_0,863,0.147624,0.406051
trial_0,864,0.080158,0.370283
trial_0,865,0.066488,0.386750
trial_0,866,0.069058,0.861276
trial_0,867,0.002401,0.365059
trial_0,868,0.231575,0.724889
trial_0,869,0.112128,1.467866
trial_0,870,0.047590,0.448276
trial_0,871,0.126141,0.690221
trial_0,872,0.112389,1.428320
trial_0,873,0.126086,0.417429
trial_0,874,0.159078,0.489411
trial_0,875,0.003191,0.628198
trial_0,876,0.257614,0.542366
trial_0,877,0.250997,0.569169
trial_0,878,0.011726,0.520426
trial_0,879,0.022971,0.377582
trial_0,880,0.151723,0.734815
trial_0,881,0.004628,0.380680
trial_0,882,0.256424,0.543166
trial_0,883,0.175874,0.330117
trial_0,884,0.044147,0.845575
trial_0,885,0.151624,0.403014
trial_0,886,0.014002,0.442190
trial_0,887,0.709846,2.870425
trial_0,888,0.142622,0.526731
trial_0,889,0.231687,0.407870
trial_0,890,0.261808,0.600305
trial_0,891,0.127588,0.435414
trial_0,892,0.109889,0.530343
trial_0,893,0.084348,0.503818
trial_0,894,0.025919,0.612042
trial_0,895,0.279527,0.660800
trial_0,896,0.240107,0.870542
trial_0,897,0.298271,0.522754
trial_0,898,0.001793,0.464065
trial_0,899,0.056043,0.535121
trial_0,900,0.075845,0.421080
trial_0,901,0.138625,0.372402
trial_0,902,0.026323,0.800528
trial_0,903,0.297015,0.472645
trial_0,904,0.098954,0.388656
trial_0,905,0.131262,0.587924
trial_0,906,0.071383,0.437213
trial_0,907,0.216246,0.511531
trial_0,908,0.033735,0.281734
trial_0,909,0.044596,1.658133
trial_0,910,0.090016,0.450896
trial_0,911,0.107425,0.362716
trial_0,912,0.166017,0.347837
trial_0,913,0.015982,0.521879
trial_0,914,0.138425,0.833672
trial_0,915,0.319778,0.592946
trial_0,916,0.077870,0.434300
trial_0,917,0.099900,0.464461
trial_0,918,0.321657,0.636547
trial_0,919,0.240586,0.717820
trial_0,920,0.258886,0.649779
trial_0,921,0.131627,0.370016
trial_0,922,0.058991,0.544879
trial_0,923,0.180838,0.712387
trial_0,924,0.216050,1.896654
trial_0,925,0.171768,1.963879
trial_0,926,0.180035,0.530609
trial_0,927,0.066650,0.505344
trial_0,928,0.102004,0.582679
trial_0,929,0.045594,0.465122
trial_0,930,0.126576,0.551203
trial_0,931,0.012032,1.874801
trial_0,932,0.151179,0.509015
trial_0,933,0.010676,0.805799
trial_0,934,0.179342,0.628390
trial_0,935,0.203458,0.441767
trial_0,936,0.255231,1.193793
trial_0,937,0.111781,0.774833
trial_0,938,0.156682,0.439036
trial_0,939,0.021900,0.725215
trial_0,940,0.004985,0.561831
trial_0,941,0.064947,0.538768
trial_0,942,0.032746,0.436671
trial_0,943,0.060961,0.518348
trial_0,944,0.065054,0.428073
trial_0,945,0.025570,0.459073
trial_0,946,0.032733,0.473167
trial_0,947,0.033471,0.487111
trial_0,948,0.293262,0.736402
trial_0,949,0.018415,1.366428
trial_0,950,0.026176,0.414411
trial_0,951,0.228241,0.394706
trial_0,952,0.002062,0.521894
trial_0,953,0.009324,0.501593
trial_0,954,0.081931,0.434441
trial_0,955,0.020910,0.658617
trial_0,956,0.183335,0.569502
trial_0,957,0.041682,1.033855
trial_0,958,0.059760,0.642100
trial_0,959,0.040705,0.760207
trial_0,960,0.141373,1.100306
trial_0,961,0.067601,0.707775
trial_0,962,0.934557,8.430576
trial_0,963,0.020777,0.736462
trial_0,964,0.097075,0.313337
trial_0,965,0.086641,0.580273
trial_0,966,0.012864,0.688594
trial_0,967,0.193922,0.849326
trial_0,968,0.018966,0.356324
trial_0,969,0.242192,0.441278
trial_0,970,0.018264,0.521429
trial_0,971,0.076058,0.256400
trial_0,972,0.127982,0.770084
trial_0,973,0.124866,0.478674
trial_0,974,0.057658,0.942939
trial_0,975,0.316920,0.722596
trial_0,976,0.076221,0.475925
trial_0,977,0.203743,0.492929
trial_0,978,0.035123,0.605002
trial_0,979,0.220647,0.344439
trial_0,980,0.076547,0.419869
trial_0,981,0.181050,0.830523
trial_0,982,0.317437,0.808572
trial_0,983,0.160604,0.316794
trial_0,984,0.080733,0.409502
trial_0,985,0.118884,0.616694
trial_0,986,0.186324,0.438434
trial_0,987,0.067400,0.384573
trial_0,988,0.344291,1.573278
trial_0,989,0.012081,0.367948
trial_0,990,0.118211,0.507422
trial_0,991,0.035916,0.548836
trial_0,992,0.135527,0.596170
trial_0,993,0.006825,0.505007
trial_0,994,0.085903,0.563792
trial_0,995,0.022440,0.505077
trial_0,996,0.076748,0.417257
trial_0,997,0.853837,5.778322
trial_0,998,0.229404,0.442085
trial_0,999,0.244790,0.328070
trial_0,1000,0.070404,0.653957
trial_1,1,0.256684,0.397258
trial_1,2,0.004379,0.456819
trial_1,3,0.281195,0.534400
trial_1,4,0.176085,0.511063
trial_1,5,0.072925,0.544199
trial_1,6,0.142841,0.344276
trial_1,7,0.150433,0.425025
trial_1,8,0.005919,0.465781
trial_1,9,0.316472,1.626057
trial_1,10,0.283180,0.648049
trial_1,11,0.077244,0.400697
trial_1,12,0.054043,0.483636
trial_1,13,0.066539,2.119358
trial_1,14,0.060780,0.404780
trial_1,15,0.060555,0.454662
trial_1,16,0.304362,0.574195
trial_1,17,0.305749,0.706356
trial_1,18,0.155616,0.666365
trial_1,19,0.204881,0.621471
trial_1,20,0.060816,0.447035
trial_1,21,0.114476,1.046986
trial_1,22,0.149755,0.501431
trial_1,23,0.029140,0.640021
trial_1,24,0.143106,0.696284
trial_1,25,0.100823,0.428809
trial_1,26,0.148061,1.218616
trial_1,27,0.039007,0.532903
trial_1,28,0.340431,2.714335
trial_1,29,0.162293,0.538517
trial_1,30,0.081359,0.653574
trial_1,31,0.007855,0.453515
trial_1,32,0.098749,0.560021
trial_1,33,0.093340,0.669401
trial_1,34,0.239945,2.718664
trial_1,35,0.116431,0.655173
trial_1,36,0.026837,0.995651
trial_1,37,0.152728,0.958870
trial_1,38,0.096735,0.543784
trial_1,39,0.160300,0.818596
trial_1,40,0.223678,0.699427
trial_1,41,0.073563,0.435841
trial_1,42,0.109869,0.553518
trial_1,43,0.104815,0.545102
trial_1,44,0.147099,0.703103
trial_1,45,0.247778,0.854021
trial_1,46,0.267461,0.611020
trial_1,47,0.058899,0.671667
trial_1,48,0.202535,0.662973
trial_1,49,0.096142,0.865698
trial_1,50,0.382346,0.658211
trial_1,51,0.214181,0.548280
trial_1,52,0.367285,0.798167
trial_1,53,0.035819,1.511950
trial_1,54,0.157396,0.756551
trial_1,55,0.084688,0.521980
trial_1,56,0.188465,0.559036
trial_1,57,0.080508,0.411677
trial_1,58,0.173235,0.729621
trial_1,59,0.005392,0.386548
trial_1,60,0.092310,2.745359
trial_1,61,0.119456,0.416806
trial_1,62,0.177075,0.520071
trial_1,63,0.186766,0.646672
trial_1,64,0.037254,0.648843
trial_1,65,0.318649,0.959656
trial_1,66,0.035997,0.530958
trial_1,67,0.067228,0.535658
trial_1,68,0.167508,2.238706
trial_1,69,0.030470,0.402426
trial_1,70,0.072404,0.355403
trial_1,71,0.079817,1.008795
trial_1,72,0.043261,0.446096
trial_1,73,0.134666,0.482454
trial_1,74,0.056284,0.416813
trial_1,75,0.229553,0.482052
trial_1,76,0.207918,0.807263
trial_1,77,0.130461,0.507548
trial_1,78,0.047356,0.596947
trial_1,79,0.065745,0.287955
trial_1,80,0.109404,0.518851
trial_1,81,0.549781,1.937674
trial_1,82,0.189399,1.310167
trial_1,83,0.083657,0.610377
trial_1,84,0.543138,3.591015
trial_1,85,0.209538,1.833159
trial_1,86,0.138018,1.307664
trial_1,87,0.093719,0.575989
trial_1,88,0.318327,0.513119
trial_1,89,0.248894,0.775464
trial_1,90,0.103134,0.652905
trial_1,91,0.065166,0.567504
trial_1,92,0.474376,0.758260
trial_1,93,0.101531,1.509791
trial_1,94,0.132796,0.421627
trial_1,95,0.017278,0.655927
trial_1,96,0.104462,0.613943
trial_1,97,0.404253,0.824302
trial_1,98,0.306488,1.410193
trial_1,99,0.008111,0.665111
trial_1,100,0.083957,0.563367
trial_1,101,0.225839,0.645794
trial_1,102,0.138607,0.722113
trial_1,103,0.136928,0.727990
trial_1,104,0.031499,0.670049
trial_1,105,0.104678,0.701972
trial_1,106,0.030965,0.433612
trial_1,107,0.100470,0.614291
trial_1,108,0.205993,3.036209
trial_1,109,0.256132,0.800117
trial_1,110,0.060526,1.031691
trial_1,111,0.345071,0.667516
trial_1,112,0.379351,0.954644
trial_1,113,0.174770,0.716374
trial_1,114,0.196437,0.459729
trial_1,115,0.066314,0.838718
trial_1,116,0.482743,0.647219
trial_1,117,0.266465,0.757658
trial_1,118,0.076204,0.550104
trial_1,119,0.071436,2.280071
trial_1,120,0.277993,1.275397
trial_1,121,0.276158,0.721711
trial_1,122,0.061396,0.592032
trial_1,123,0.328503,0.722328
trial_1,124,0.135247,1.211063
trial_1,125,0.181059,0.583525
trial_1,126,0.113778,1.496635
trial_1,127,0.225728,0.937036
trial_1,128,0.366511,0.654111
trial_1,129,0.154218,1.001778
trial_1,130,0.030810,2.508627
trial_1,131,0.282322,0.557820
trial_1,132,0.019965,1.030948
trial_1,133,0.857344,2.282694
trial_1,134,0.143222,0.604963
trial_1,135,0.071162,0.619508
trial_1,136,0.021831,0.736645
trial_1,137,0.001592,1.148208
trial_1,138,0.078897,0.489228
trial_1,139,0.044916,0.316167
trial_1,140,0.118812,0.575946
trial_1,141,0.104019,0.707715
trial_1,142,0.054951,0.682382
trial_1,143,0.063507,1.347523
trial_1,144,0.073924,0.370684
trial_1,145,0.154585,0.551107
trial_1,146,0.199321,1.178582
trial_1,147,0.040533,1.155530
trial_1,148,0.068957,0.473120
trial_1,149,0.012118,1.316110
trial_1,150,0.062595,0.388275
trial_1,151,0.070235,0.642996
trial_1,152,0.252180,0.784418
trial_1,153,0.335516,0.758909
trial_1,154,0.169065,0.691423
trial_1,155,0.212437,0.737062
trial_1,156,0.238772,0.667142
trial_1,157,0.050748,0.991937
trial_1,158,0.078279,0.806829
trial_1,159,0.112348,0.372717
trial_1,160,0.517910,0.962607
trial_1,161,0.062437,0.558094
trial_1,162,0.316496,0.480192
trial_1,163,0.158213,0.625894
trial_1,164,0.011429,0.278166
trial_1,165,0.084928,0.743284
trial_1,166,0.136880,0.658030
trial_1,167,0.026924,0.367496
trial_1,168,0.076622,0.404509
trial_1,169,0.111122,0.410022
trial_1,170,0.138928,0.811223
trial_1,171,0.001107,0.729643
trial_1,172,0.142449,0.484910
trial_1,173,0.010078,0.506096
trial_1,174,0.078235,0.559146
trial_1,175,0.097077,0.425004
trial_1,176,0.047719,0.703137
trial_1,177,0.061167,0.961004
trial_1,178,0.332066,0.607201
trial_1,179,0.177088,0.608397
trial_1,180,0.134049,1.664492
trial_1,181,0.166266,1.765120
trial_1,182,0.271846,0.582508
trial_1,183,0.015386,0.599694
trial_1,184,0.255299,0.907988
trial_1,185,0.176047,0.353958
trial_1,186,0.246178,0.687985
trial_1,187,0.003968,0.965322
trial_1,188,0.505793,0.787024
trial_1,189,0.194407,0.677417
trial_1,190,0.204429,0.393005
trial_1,191,0.027701,0.430307
trial_1,192,0.187299,0.705025
trial_1,193,0.097948,0.586548
trial_1,194,0.186334,0.670707
trial_1,195,0.086586,0.577774
trial_1,196,0.144594,0.738194
trial_1,197,0.224203,0.662178
trial_1,198,0.011037,0.594122
trial_1,199,0.194137,0.934300
trial_1,200,0.373075,0.559261
trial_1,201,0.009643,0.396944
trial_1,202,0.104296,0.350184
trial_1,203,0.245709,0.396657
trial_1,204,0.022723,0.589898
trial_1,205,0.251744,0.669623
trial_1,206,0.260939,0.475883
trial_1,207,0.105938,0.423056
trial_1,208,0.177355,0.677055
trial_1,209,0.570315,1.738472
trial_1,210,0.206127,1.674745
trial_1,211,0.129344,0.735043
trial_1,212,0.165960,0.483224
trial_1,213,0.120232,0.705730
trial_1,214,0.038213,0.552623
trial_1,215,0.075975,0.647067
trial_1,216,0.019338,0.480672
trial_1,217,0.186829,0.640137
trial_1,218,0.114484,1.533944
trial_1,219,1.088950,5.290658
trial_1,220,0.018454,1.006002
trial_1,221,0.268204,0.615336
trial_1,222,0.355876,0.566911
trial_1,223,0.226747,0.601886
trial_1,224,0.086087,0.538365
trial_1,225,0.132506,0.898440
trial_1,226,0.122059,0.917729
trial_1,227,0.101825,0.486906
trial_1,228,0.048528,0.744961
trial_1,229,0.052744,0.956093
trial_1,230,0.053074,0.809742
trial_1,231,0.288411,0.848284
trial_1,232,0.171976,0.517851
trial_1,233,0.072271,0.828863
trial_1,234,0.031350,0.492080
trial_1,235,0.023221,1.055390
trial_1,236,0.133106,0.427641
trial_1,237,0.110950,0.656121
trial_1,238,0.056230,0.580174
trial_1,239,0.147687,0.629007
trial_1,240,0.195700,0.756231
trial_1,241,0.032732,0.395195
trial_1,242,0.150179,0.506772
trial_1,243,0.167773,1.060363
trial_1,244,0.144440,0.986596
trial_1,245,0.349130,2.190036
trial_1,246,0.129141,0.724524
trial_1,247,0.081738,0.506016
trial_1,248,0.150550,0.553942
trial_1,249,0.404953,0.920214
trial_1,250,0.294401,0.827508
trial_1,251,0.080680,0.540357
trial_1,252,0.096603,0.617833
trial_1,253,0.007327,0.428288
trial_1,254,0.078414,1.540639
trial_1,255,0.248200,2.680259
trial_1,256,0.100912,0.624650
trial_1,257,0.194101,1.382053
trial_1,258,0.255626,0.581452
trial_1,259,0.050982,0.471030
trial_1,260,0.084618,0.341888
trial_1,261,0.213306,0.548102
trial_1,262,0.034597,0.764598
trial_1,263,0.024120,0.476352
trial_1,264,0.108665,0.579048
trial_1,265,0.043351,0.527317
trial_1,266,0.205194,0.706544
trial_1,267,0.176435,1.181390
trial_1,268,0.046694,0.471980
trial_1,269,0.024802,0.590001
trial_1,270,0.050266,0.360952
trial_1,271,0.163804,0.728130
trial_1,272,0.241632,0.534899
trial_1,273,0.061500,0.440324
trial_1,274,0.264401,0.521815
trial_1,275,0.213261,0.697029
trial_1,276,0.163904,1.591816
trial_1,277,0.195477,0.549549
trial_1,278,0.009801,0.550543
trial_1,279,0.237101,0.581400
trial_1,280,0.017037,0.958922
trial_1,281,0.019428,1.041974
trial_1,282,0.610316,1.739816
trial_1,283,0.048735,0.682396
trial_1,284,0.021884,0.673825
trial_1,285,0.071388,0.406097
trial_1,286,0.178009,0.710025
trial_1,287,0.204970,0.642594
trial_1,288,0.165408,1.131560
trial_1,289,0.019991,0.594400
trial_1,290,0.066702,0.607986
trial_1,291,0.110207,0.747586
trial_1,292,0.017741,0.878549
trial_1,293,0.040973,0.733581
trial_1,294,0.106229,0.398339
trial_1,295,0.177554,0.459309
trial_1,296,0.006497,1.216220
trial_1,297,0.116067,0.504141
trial_1,298,0.041439,0.728391
trial_1,299,0.219772,0.407409
trial_1,300,0.304439,0.557943
trial_1,301,0.085616,0.409989
trial_1,302,0.227853,0.699699
trial_1,303,0.336214,0.706080
trial_1,304,0.027647,0.353482
trial_1,305,0.363663,0.582807
trial_1,306,0.139009,0.528118
trial_1,307,0.066599,0.686445
trial_1,308,0.101492,1.055552
trial_1,309,0.224004,0.583830
trial_1,310,0.204017,1.298539
trial_1,311,0.217937,0.947717
trial_1,312,0.046575,1.919896
trial_1,313,0.032364,0.513874
trial_1,314,0.120555,0.735655
trial_1,315,0.048951,0.713301
trial_1,316,0.140674,0.840686
trial_1,317,0.079408,0.484498
trial_1,318,0.288694,0.630283
trial_1,319,0.116385,0.767569
trial_1,320,0.306824,1.883792
trial_1,321,0.285106,0.862736
trial_1,322,0.292078,0.581887
trial_1,323,0.243026,1.326320
trial_1,324,0.372152,0.629363
trial_1,325,0.084682,0.386247
trial_1,326,0.364853,0.671950
trial_1,327,0.021683,0.768222
trial_1,328,0.269937,0.809268
trial_1,329,0.284950,3.036692
trial_1,330,0.247380,0.820845
trial_1,331,0.178850,0.601710
trial_1,332,0.273692,0.781140
trial_1,333,0.138986,1.063351
trial_1,334,0.521386,0.841533
trial_1,335,0.284799,0.751177
trial_1,336,0.103932,0.571678
trial_1,337,0.066492,0.905658
trial_1,338,0.342217,1.407240
trial_1,339,0.137050,0.556334
trial_1,340,0.127347,0.326769
trial_1,341,0.268344,3.842083
trial_1,342,0.182492,0.452254
trial_1,343,0.220469,0.718767
trial_1,344,0.028211,1.349895
trial_1,345,1.323176,6.780446
trial_1,346,0.159071,1.534478
trial_1,347,0.245337,0.858879
trial_1,348,0.332518,1.196012
trial_1,349,0.054363,0.546132
trial_1,350,0.161532,0.867906
trial_1,351,0.225910,1.469737
trial_1,352,0.103371,0.592862
trial_1,353,0.131385,0.444119
trial_1,354,0.255910,0.807701
trial_1,355,0.019223,0.347739
trial_1,356,0.155375,0.416028
trial_1,357,0.288466,1.257094
trial_1,358,0.293097,0.468616
trial_1,359,0.203429,0.447584
trial_1,360,0.006762,0.366170
trial_1,361,0.115977,0.984831
trial_1,362,0.052708,3.283007
trial_1,363,0.049292,0.626893
trial_1,364,0.221949,0.462507
trial_1,365,0.049186,0.366282
trial_1,366,0.262699,0.777097
trial_1,367,0.088165,0.390117
trial_1,368,0.004899,0.417022
trial_1,369,0.022378,0.351128
trial_1,370,0.042700,0.945050
trial_1,371,0.135708,0.473525
trial_1,372,0.015161,0.569563
trial_1,373,0.256625,0.575972
trial_1,374,0.145951,1.156242
trial_1,375,0.123648,0.441551
trial_1,376,0.201871,0.567199
trial_1,377,0.104850,0.615540
trial_1,378,0.141282,0.436642
trial_1,379,0.188685,0.503797
trial_1,380,0.038904,0.541737
trial_1,381,0.043674,0.373292
trial_1,382,0.175031,0.507097
trial_1,383,0.225298,1.618234
trial_1,384,0.052891,0.339541
trial_1,385,0.234837,1.119226
trial_1,386,0.013902,1.383766
trial_1,387,0.023418,1.666152
trial_1,388,0.197909,0.361573
trial_1,389,0.203186,0.580995
trial_1,390,0.004205,0.571905
trial_1,391,0.209306,0.633302
trial_1,392,0.068745,0.750594
trial_1,393,0.078883,0.628830
trial_1,394,0.384345,0.675517
trial_1,395,0.210008,0.616907
trial_1,396,0.094941,0.380368
trial_1,397,0.128433,0.472544
trial_1,398,0.022604,0.432519
trial_1,399,0.142195,0.462610
trial_1,400,0.230551,0.672707
trial_1,401,0.221500,0.552346
trial_1,402,0.160316,0.826616
trial_1,403,0.154710,0.388741
trial_1,404,0.219701,0.401483
trial_1,405,0.143422,0.376628
trial_1,406,0.009728,0.411722
trial_1,407,0.060439,0.221099
trial_1,408,0.032706,0.421414
trial_1,409,0.114926,0.567684
trial_1,410,0.123956,0.567363
trial_1,411,0.366789,0.931721
trial_1,412,0.062067,0.340222
trial_1,413,0.264936,0.834846
trial_1,414,0.281767,0.542628
trial_1,415,0.124128,0.589160
trial_1,416,0.426800,2.905714
trial_1,417,0.062648,0.384728
trial_1,418,0.179984,0.549524
trial_1,419,0.153601,0.758136
trial_1,420,0.003811,0.563221
trial_1,421,0.053900,0.447665
trial_1,422,0.061777,0.716371
trial_1,423,0.098284,0.385465
trial_1,424,0.181381,0.378495
trial_1,425,0.020486,0.394410
trial_1,426,0.025240,0.247586
trial_1,427,0.040549,0.644937
trial_1,428,0.012354,0.824397
trial_1,429,0.070803,0.409529
trial_1,430,0.094702,0.370143
trial_1,431,0.147298,0.727677
trial_1,432,0.047801,0.615626
trial_1,433,0.102472,0.520249
trial_1,434,0.472921,0.908895
trial_1,435,0.641921,3.301774
trial_1,436,0.005401,0.243276
trial_1,437,0.309457,1.107892
trial_1,438,0.634919,1.048562
trial_1,439,0.071401,0.722664
trial_1,440,0.277437,0.971935
trial_1,441,0.420888,1.318160
trial_1,442,0.042547,0.427308
trial_1,443,0.040289,0.438601
trial_1,444,0.305754,0.532790
trial_1,445,0.265580,0.559399
trial_1,446,0.073986,0.614658
trial_1,447,0.095517,0.938588
trial_1,448,0.134440,0.374784
trial_1,449,0.096104,0.871622
trial_1,450,0.188873,0.642391
trial_1,451,0.125929,0.561909
trial_1,452,0.040954,0.474133
trial_1,453,0.003551,0.766261
trial_1,454,0.167238,0.480320
trial_1,455,0.000153,0.453539
trial_1,456,0.146480,0.683535
trial_1,457,0.153720,0.389099
trial_1,458,0.089845,0.686676
trial_1,459,0.229989,0.580981
trial_1,460,0.149039,0.558064
trial_1,461,0.127714,0.425857
trial_1,462,0.081689,1.009889
trial_1,463,0.067383,0.397260
trial_1,464,0.050465,0.489321
trial_1,465,0.247401,0.838467
trial_1,466,0.004067,0.422879
trial_1,467,0.186066,0.584185
trial_1,468,0.319408,0.484207
trial_1,469,0.404654,1.918906
trial_1,470,0.167070,0.564702
trial_1,471,0.240635,0.586154
trial_1,472,0.435029,1.031702
trial_1,473,0.011176,0.619947
trial_1,474,0.181569,1.689233
trial_1,475,0.226794,1.756126
trial_1,476,0.928530,3.954784
trial_1,477,0.141483,0.476466
trial_1,478,0.176764,0.422995
trial_1,479,0.018520,0.632580
trial_1,480,0.230793,0.533498
trial_1,481,0.140512,1.160014
trial_1,482,0.104951,0.658053
trial_1,483,0.033910,1.055705
trial_1,484,0.106969,0.735031
trial_1,485,0.108060,0.306240
trial_1,486,0.014033,0.468805
trial_1,487,0.313166,0.606276
trial_1,488,0.190862,0.720053
trial_1,489,0.177341,0.644293
trial_1,490,0.096137,0.769228
trial_1,491,0.255653,0.495062
trial_1,492,0.088508,0.503238
trial_1,493,0.038147,0.688614
trial_1,494,0.209863,0.583642
trial_1,495,0.072280,0.664976
trial_1,496,0.022093,0.436758
trial_1,497,0.174149,0.649069
trial_1,498,0.030580,0.349139
trial_1,499,0.065908,0.812038
trial_1,500,0.447818,1.006353
trial_1,501,0.155692,0.395926
trial_1,502,0.079297,0.367438
trial_1,503,0.060291,0.386184
trial_1,504,0.047372,0.456772
trial_1,505,0.127074,0.771246
trial_1,506,0.009404,0.496711
trial_1,507,0.056439,0.639884
trial_1,508,0.138385,0.510299
trial_1,509,0.297709,0.795544
trial_1,510,0.090111,0.504089
trial_1,511,0.046565,0.389241
trial_1,512,0.448105,2.866722
trial_1,513,0.193128,0.680719
trial_1,514,0.183033,0.697412
trial_1,515,0.493131,2.470533
trial_1,516,0.068619,0.499496
trial_1,517,0.264089,1.611670
trial_1,518,0.159356,0.491846
trial_1,519,0.130443,0.554752
trial_1,520,0.276145,0.442959
trial_1,521,0.048258,0.384140
trial_1,522,0.134900,0.480864
trial_1,523,0.274183,0.826143
trial_1,524,0.123252,0.477634
trial_1,525,0.072476,0.968348
trial_1,526,0.101112,0.353026
trial_1,527,0.057734,0.429322
trial_1,528,0.310939,0.518165
trial_1,529,0.143123,0.609166
trial_1,530,0.093646,0.604542
trial_1,531,0.183738,0.577497
trial_1,532,0.149042,0.432713
trial_1,533,0.079649,0.421618
trial_1,534,0.097797,0.242714
trial_1,535,0.305077,0.712373
trial_1,536,0.624204,1.043548
trial_1,537,0.224324,1.249229
trial_1,538,0.014432,0.272783
trial_1,539,0.063683,0.681574
trial_1,540,0.025538,0.358572
trial_1,541,0.201833,0.418401
trial_1,542,0.177488,1.518945
trial_1,543,0.129283,0.258865
trial_1,544,0.084311,0.190867
trial_1,545,0.034042,0.512990
trial_1,546,0.311779,0.833212
trial_1,547,0.074244,0.389349
trial_1,548,0.083056,0.585983
trial_1,549,0.025819,0.532097
trial_1,550,0.014643,0.352167
trial_1,551,0.031132,0.433006
trial_1,552,0.099047,0.943946
trial_1,553,0.066357,0.395793
trial_1,554,0.451323,1.144207
trial_1,555,0.057384,0.214705
trial_1,556,0.307897,0.570219
trial_1,557,0.112804,0.273905
trial_1,558,0.041638,0.231885
trial_1,559,0.145951,0.444164
trial_1,560,0.122139,0.411749
trial_1,561,0.114537,0.724390
trial_1,562,0.259787,0.594660
trial_1,563,0.072603,0.618995
trial_1,564,0.002456,0.454753
trial_1,565,0.461803,0.939818
trial_1,566,0.139135,0.605217
trial_1,567,0.041267,0.818472
trial_1,568,0.331722,0.516080
trial_1,569,0.111742,0.454742
trial_1,570,0.111992,0.746250
trial_1,571,0.212369,0.322830
trial_1,572,0.023110,0.238062
trial_1,573,0.220665,0.493758
trial_1,574,0.055685,0.375657
trial_1,575,0.421024,1.698501
trial_1,576,0.512922,2.152350
trial_1,577,0.187724,0.407873
trial_1,578,0.477285,1.062767
trial_1,579,0.207549,0.416293
trial_1,580,0.109707,0.303181
trial_1,581,0.238556,0.718581
trial_1,582,0.082957,0.455534
trial_1,583,0.153222,0.770612
trial_1,584,0.017737,0.375388
trial_1,585,0.079282,0.810915
trial_1,586,0.200236,0.366083
trial_1,587,0.223814,0.640677
trial_1,588,0.082553,0.303031
trial_1,589,1.782024,14.112650
trial_1,590,0.030147,0.620858
trial_1,591,0.222368,0.672131
trial_1,592,0.193356,0.610232
trial_1,593,0.068738,0.408735
trial_1,594,0.049943,0.347621
trial_1,595,0.099946,0.877950
trial_1,596,0.014518,0.425390
trial_1,597,0.047412,0.441517
trial_1,598,0.140278,0.537817
trial_1,599,0.052396,0.472233
trial_1,600,0.010624,0.277219
trial_1,601,0.066427,1.034550
trial_1,602,0.116641,0.519968
trial_1,603,0.103790,0.657281
trial_1,604,0.090978,0.421177
trial_1,605,0.178398,0.480630
trial_1,606,0.083021,0.366480
trial_1,607,0.160298,0.422421
trial_1,608,0.175360,0.345311
trial_1,609,0.112087,0.701250
trial_1,610,0.017024,0.460068
trial_1,611,0.022615,0.497791
trial_1,612,0.146216,0.374551
trial_1,613,0.276093,0.727240
trial_1,614,0.028223,0.887144
trial_1,615,0.059391,0.289581
trial_1,616,0.086704,0.403544
trial_1,617,0.152243,0.461668
trial_1,618,0.194535,0.283864
trial_1,619,1.350507,6.516952
trial_1,620,0.128553,0.392298
trial_1,621,0.115755,0.337422
trial_1,622,0.675450,4.297803
trial_1,623,0.064083,0.292865
trial_1,624,0.180844,0.765603
trial_1,625,0.247905,0.610649
trial_1,626,0.250135,0.669976
trial_1,627,0.275890,1.247849
trial_1,628,0.353320,0.714608
trial_1,629,0.025377,0.308873
trial_1,630,0.119130,0.516840
trial_1,631,0.078753,0.915675
trial_1,632,0.076802,0.481261
trial_1,633,0.037950,0.362444
trial_1,634,0.301176,1.349244
trial_1,635,0.021340,0.624060
trial_1,636,0.141655,0.510629
trial_1,637,0.011659,0.947875
trial_1,638,0.017457,0.538806
trial_1,639,0.074649,0.477834
trial_1,640,0.153384,0.404030
trial_1,641,0.328355,0.570828
trial_1,642,0.018388,0.375601
trial_1,643,0.127316,1.047385
trial_1,644,0.082913,0.958613
trial_1,645,0.119859,0.634565
trial_1,646,0.262837,1.647123
trial_1,647,0.058734,1.774845
trial_1,648,0.059417,1.740952
trial_1,649,0.092652,0.573790
trial_1,650,0.021282,1.422780
trial_1,651,0.066970,0.828653
trial_1,652,0.539132,1.935671
trial_1,653,0.023066,0.582150
trial_1,654,0.291746,0.563479
trial_1,655,0.049793,0.342796
trial_1,656,0.066077,0.964203
trial_1,657,0.397324,1.336674
trial_1,658,0.508128,0.890182
trial_1,659,0.422580,0.708134
trial_1,660,0.036445,0.650975
trial_1,661,0.138750,0.762512
trial_1,662,0.233480,0.535001
trial_1,663,0.032643,0.514639
trial_1,664,0.038601,0.366296
trial_1,665,0.177415,1.085567
trial_1,666,0.305674,0.874057
trial_1,667,0.038937,0.532255
trial_1,668,0.250908,0.508400
trial_1,669,0.033237,0.371788
trial_1,670,0.005613,0.289834
trial_1,671,0.194124,0.608718
trial_1,672,0.126275,0.330194
trial_1,673,0.973389,5.406931
trial_1,674,0.291856,0.710158
trial_1,675,0.162114,0.645675
trial_1,676,0.080960,1.040886
trial_1,677,0.089610,0.589762
trial_1,678,0.066533,0.694735
trial_1,679,0.093308,1.075745
trial_1,680,0.114619,0.395369
trial_1,681,0.066886,0.323154
trial_1,682,0.043661,0.907027
trial_1,683,0.168189,0.505148
trial_1,684,0.436458,1.712030
trial_1,685,0.000097,1.080872
trial_1,686,0.137912,0.384806
trial_1,687,0.237584,0.556892
trial_1,688,0.123821,0.430148
trial_1,689,0.293287,0.732030
trial_1,690,0.086172,0.569108
trial_1,691,0.201130,0.396069
trial_1,692,0.033843,0.296115
trial_1,693,0.130271,0.507690
trial_1,694,0.404915,0.723429
trial_1,695,0.112669,0.498518
trial_1,696,0.048797,0.993232
trial_1,697,0.005438,0.750307
trial_1,698,0.199449,0.359304
trial_1,699,0.183700,0.423724
trial_1,700,0.091544,0.450925
trial_1,701,0.247789,0.813959
trial_1,702,0.027301,0.433237
trial_1,703,0.133397,0.753008
trial_1,704,0.152009,0.354509
trial_1,705,0.064106,0.340366
trial_1,706,0.193160,0.683634
trial_1,707,0.061581,0.515882
trial_1,708,0.152430,0.421340
trial_1,709,0.096686,1.189100
trial_1,710,0.241561,0.688060
trial_1,711,0.109133,0.490047
trial_1,712,0.157093,0.420565
trial_1,713,0.019672,1.080517
trial_1,714,0.144068,0.411353
trial_1,715,0.096185,0.346051
trial_1,716,0.152339,0.784639
trial_1,717,0.233702,0.365119
trial_1,718,0.166804,0.565225
trial_1,719,0.224348,0.322912
trial_1,720,0.298511,0.976790
trial_1,721,0.138321,0.470355
trial_1,722,0.120125,0.491208
trial_1,723,0.102046,0.226557
trial_1,724,0.226667,2.233461
trial_1,725,0.173522,0.687792
trial_1,726,0.045384,1.131344
trial_1,727,0.389895,0.907456
trial_1,728,0.056132,0.490098
trial_1,729,0.379794,0.722014
trial_1,730,0.160053,0.548376
trial_1,731,0.003444,0.897933
trial_1,732,0.088659,0.530276
trial_1,733,0.024856,0.520792
trial_1,734,0.163217,0.637796
trial_1,735,0.000567,1.133133
trial_1,736,0.325270,0.733203
trial_1,737,0.019587,0.724184
trial_1,738,0.068233,1.317806
trial_1,739,0.010719,0.499790
trial_1,740,0.317724,0.514587
trial_1,741,0.111164,0.544061
trial_1,742,0.068576,0.515391
trial_1,743,0.347774,2.136218
trial_1,744,0.044830,0.476360
trial_1,745,0.324807,0.638966
trial_1,746,0.154540,0.325709
trial_1,747,0.014458,0.331424
trial_1,748,0.060335,0.761546
trial_1,749,0.159091,0.488788
trial_1,750,0.088088,0.439969
trial_1,751,0.180087,0.830923
trial_1,752,0.027402,0.385896
trial_1,753,0.356319,0.824967
trial_1,754,0.184530,0.353039
trial_1,755,0.211781,0.511685
trial_1,756,0.002243,0.413551
trial_1,757,0.048654,0.617837
trial_1,758,0.339413,0.830277
trial_1,759,0.093001,0.951253
trial_1,760,0.019205,0.658390
trial_1,761,0.170090,0.800637
trial_1,762,0.170475,0.755636
trial_1,763,0.023079,0.615765
trial_1,764,0.210443,1.039203
trial_1,765,0.065727,0.661937
trial_1,766,0.194002,1.075140
trial_1,767,0.082911,0.596348
trial_1,768,0.222390,0.541271
trial_1,769,0.057834,0.466556
trial_1,770,0.568115,2.709465
trial_1,771,0.009344,0.370927
trial_1,772,0.109676,4.714841
trial_1,773,0.280300,0.415393
trial_1,774,0.012543,0.853728
trial_1,775,0.055173,0.405030
trial_1,776,0.106639,0.787455
trial_1,777,0.096627,0.438275
trial_1,778,0.083087,0.337803
trial_1,779,0.070790,0.465595
trial_1,780,0.065901,0.270217
trial_1,781,0.276837,0.620243
trial_1,782,0.032906,0.404692
trial_1,783,0.046704,0.527781
trial_1,784,0.240195,0.435449
trial_1,785,0.007129,0.509191
trial_1,786,0.206443,0.740527
trial_1,787,0.117003,0.321627
trial_1,788,0.194916,1.736731
trial_1,789,0.021502,0.379078
trial_1,790,0.198478,0.473845
trial_1,791,0.392126,0.508603
trial_1,792,0.015100,0.254241
trial_1,793,0.230972,0.587727
trial_1,794,0.164598,1.328342
trial_1,795,0.063858,1.055616
trial_1,796,0.137214,0.513207
trial_1,797,0.054866,0.342069
trial_1,798,0.168340,0.483575
trial_1,799,0.146957,0.605035
trial_1,800,0.029075,0.706601
trial_1,801,0.117260,0.764686
trial_1,802,0.060660,0.739414
trial_1,803,0.043943,0.242938
trial_1,804,0.012458,0.385397
trial_1,805,0.065700,1.022798
trial_1,806,0.262031,1.148964
trial_1,807,0.151205,0.258274
trial_1,808,0.194437,0.281398
trial_1,809,0.147705,0.477856
trial_1,810,0.080025,0.540290
trial_1,811,0.214938,0.734026
trial_1,812,0.130006,0.842529
trial_1,813,0.112752,1.878173
trial_1,814,0.039687,1.655878
trial_1,815,0.122836,0.453869
trial_1,816,0.224950,0.563492
trial_1,817,0.246005,0.471783
trial_1,818,0.029868,1.014743
trial_1,819,0.016108,1.337936
trial_1,820,0.442429,2.788395
trial_1,821,0.159235,0.341095
trial_1,822,0.200710,0.832717
trial_1,823,0.122197,0.457168
trial_1,824,0.167237,0.343917
trial_1,825,0.000932,0.729546
trial_1,826,0.321941,4.061570
trial_1,827,0.395687,1.041861
trial_1,828,0.128576,0.663468
trial_1,829,0.266354,0.606084
trial_1,830,0.180291,0.430337
trial_1,831,0.303402,1.168598
trial_1,832,0.048998,0.480894
trial_1,833,0.067491,0.632971
trial_1,834,0.171608,0.615627
trial_1,835,0.190610,0.450385
trial_1,836,0.119180,0.336903
trial_1,837,0.293530,1.303587
trial_1,838,0.032250,0.601945
trial_1,839,0.031618,0.455550
trial_1,840,0.001669,0.544067
trial_1,841,0.285361,1.247246
trial_1,842,0.110448,0.417233
trial_1,843,0.094772,0.580192
trial_1,844,0.218360,0.425440
trial_1,845,0.030183,0.306363
trial_1,846,0.107530,0.487831
trial_1,847,0.053121,0.425697
trial_1,848,0.157193,1.345780
trial_1,849,0.032561,0.198228
trial_1,850,0.318196,0.882284
trial_1,851,0.015084,0.530696
trial_1,852,0.262789,0.732767
trial_1,853,0.132175,0.472668
trial_1,854,0.099450,0.251519
trial_1,855,0.268893,0.845966
trial_1,856,0.075230,1.150553
trial_1,857,0.086886,0.848881
trial_1,858,0.090822,0.385711
trial_1,859,0.052788,0.615861
trial_1,860,0.307975,0.620491
trial_1,861,0.043944,0.460388
trial_1,862,0.186209,0.439949
trial_1,863,0.175478,0.430734
trial_1,864,0.053102,0.445354
trial_1,865,0.069409,0.602169
trial_1,866,0.153028,0.828349
trial_1,867,0.011597,0.491293
trial_1,868,0.171251,0.753276
trial_1,869,0.260173,1.624923
trial_1,870,0.135388,0.648273
trial_1,871,0.028724,0.914052
trial_1,872,0.361205,1.161690
trial_1,873,0.077700,0.429286
trial_1,874,0.096940,0.338942
trial_1,875,0.250460,0.684259
trial_1,876,0.143760,0.628810
trial_1,877,0.207680,0.557362
trial_1,878,0.075828,0.640752
trial_1,879,0.086829,0.456060
trial_1,880,0.424314,1.075900
trial_1,881,0.109524,0.485347
trial_1,882,0.187806,0.713466
trial_1,883,0.095289,0.426880
trial_1,884,0.374252,1.162647
trial_1,885,0.186331,0.373342
trial_1,886,0.105020,0.415896
trial_1,887,0.757575,3.609046
trial_1,888,0.109636,0.681807
trial_1,889,0.296535,0.506403
trial_1,890,0.268835,0.691388
trial_1,891,0.213197,0.578640
trial_1,892,0.005753,0.530755
trial_1,893,0.024664,0.760658
trial_1,894,0.102806,0.670683
trial_1,895,0.040536,0.732816
trial_1,896,0.119102,0.639449
trial_1,897,0.184640,0.484550
trial_1,898,0.047844,0.436626
trial_1,899,0.141543,0.646512
trial_1,900,0.038413,0.373431
trial_1,901,0.060010,0.604825
trial_1,902,0.139677,0.824277
trial_1,903,0.208275,0.468289
trial_1,904,0.110164,0.332893
trial_1,905,0.201820,0.648942
trial_1,906,0.015793,0.616414
trial_1,907,0.154508,0.437285
trial_1,908,0.090168,0.257231
trial_1,909,0.133512,0.990410
trial_1,910,0.098169,0.466039
trial_1,911,0.076665,0.463226
trial_1,912,0.044405,0.532500
trial_1,913,0.010742,0.732520
trial_1,914,0.021191,0.669624
trial_1,915,0.259674,0.588726
trial_1,916,0.037033,0.381718
trial_1,917,0.095042,0.488223
trial_1,918,0.135058,0.803583
trial_1,919,0.289788,1.394809
trial_1,920,0.073601,0.688380
trial_1,921,0.064829,0.335080
trial_1,922,0.033049,0.371151
trial_1,923,0.293440,0.804922
trial_1,924,0.550891,2.845104
trial_1,925,0.194102,1.555017
trial_1,926,0.134997,0.506563
trial_1,927,0.150121,0.563499
trial_1,928,0.178275,0.702231
trial_1,929,0.146353,0.445322
trial_1,930,0.283374,0.569345
trial_1,931,0.127906,2.508171
trial_1,932,0.070719,0.472540
trial_1,933,0.067738,1.141593
trial_1,934,0.208369,0.698584
trial_1,935,0.083083,0.438240
trial_1,936,0.161151,1.353188
trial_1,937,0.112818,0.610219
trial_1,938,0.145077,0.421564
trial_1,939,0.006024,0.820935
trial_1,940,0.272899,0.722133
trial_1,941,0.238540,0.562664
trial_1,942,0.232093,0.509899
trial_1,943,0.087722,0.659350
trial_1,944,0.066573,0.525886
trial_1,945,0.011410,0.624913
trial_1,946,0.088739,0.540158
trial_1,947,0.060965,0.640322
trial_1,948,0.329747,1.096429
trial_1,949,0.337767,2.020027
trial_1,950,0.070100,0.484417
trial_1,951,0.050825,0.372639
trial_1,952,0.146709,0.596210
trial_1,953,0.027079,0.556379
trial_1,954,0.036173,0.480478
trial_1,955,0.111074,0.796574
trial_1,956,0.206391,0.676775
trial_1,957,0.663523,1.545811
trial_1,958,0.066540,0.904808
trial_1,959,0.241302,0.793804
trial_1,960,0.475411,1.031855
trial_1,961,0.184991,0.735434
trial_1,962,0.623387,7.693239
trial_1,963,0.211513,0.859610
trial_1,964,0.050259,0.353404
trial_1,965,0.076773,0.714159
trial_1,966,0.012302,0.757389
trial_1,967,0.079208,0.809662
trial_1,968,0.108032,0.354366
trial_1,969,0.139615,0.387545
trial_1,970,0.154823,0.771625
trial_1,971,0.155822,0.357414
trial_1,972,0.040725,0.954238
trial_1,973,0.078388,0.536153
trial_1,974,0.028604,0.978803
trial_1,975,0.039863,0.891254
trial_1,976,0.235992,0.621605
trial_1,977,0.386237,0.634251
trial_1,978,0.295553,0.687772
trial_1,979,0.151379,0.434053
trial_1,980,0.061483,0.562186
trial_1,981,0.091158,0.740333
trial_1,982,0.167893,0.841977
trial_1,983,0.085821,0.409919
trial_1,984,0.013758,0.427882
trial_1,985,0.088259,0.780497
trial_1,986,0.093568,0.846881
trial_1,987,0.150712,0.473819
trial_1,988,0.386041,2.050789
trial_1,989,0.032977,0.446991
trial_1,990,0.041424,0.748799
trial_1,991,0.100905,0.489802
trial_1,992,0.094368,0.839363
trial_1,993,0.109702,0.652286
trial_1,994,0.104941,0.766945
trial_1,995,0.044845,0.695565
trial_1,996,0.102849,0.445819
trial_1,997,0.628261,2.456620
trial_1,998,0.192036,0.475197
trial_1,999,0.058957,0.303107
trial_1,1000,0.075701,0.680956
trial_2,1,0.056264,0.272724
trial_2,2,0.040512,0.392548
trial_2,3,0.023043,0.373340
trial_2,4,0.216634,0.593799
trial_2,5,0.075412,0.553094
trial_2,6,0.111654,0.370482
trial_2,7,0.096517,0.279334
trial_2,8,0.175068,0.455889
trial_2,9,0.418027,1.693772
trial_2,10,0.170357,0.717464
trial_2,11,0.084711,0.440801
trial_2,12,0.212584,0.437283
trial_2,13,0.010519,2.368466
trial_2,14,0.053870,0.450258
trial_2,15,0.030100,0.361766
trial_2,16,0.045997,0.444211
trial_2,17,0.204507,0.731711
trial_2,18,0.264162,0.644743
trial_2,19,0.026610,0.508787
trial_2,20,0.143900,0.364391
trial_2,21,0.055455,0.816240
trial_2,22,0.059548,0.421726
trial_2,23,0.017136,0.625388
trial_2,24,0.110257,0.525408
trial_2,25,0.153939,0.546936
trial_2,26,0.457304,1.273297
trial_2,27,0.156554,0.385040
trial_2,28,0.484994,2.812867
trial_2,29,0.026990,0.410321
trial_2,30,0.140472,0.516833
trial_2,31,0.079799,0.428498
trial_2,32,0.088738,0.424189
trial_2,33,0.103519,0.505798
trial_2,34,0.017515,2.652866
trial_2,35,0.258872,0.577282
trial_2,36,0.340590,0.651592
trial_2,37,0.071049,0.776399
trial_2,38,0.066578,0.358100
trial_2,39,0.010213,0.629029
trial_2,40,0.044595,0.518297
trial_2,41,0.019147,0.291392
trial_2,42,0.038778,0.377865
trial_2,43,0.134932,0.393429
trial_2,44,0.377207,0.666836
trial_2,45,0.086417,0.532788
trial_2,46,0.098960,0.537510
trial_2,47,0.027893,0.524492
trial_2,48,0.265916,0.497899
trial_2,49,0.021640,0.591453
trial_2,50,0.303856,0.544862
trial_2,51,0.140669,0.394015
trial_2,52,0.333893,0.621625
trial_2,53,0.286528,1.014463
trial_2,54,0.108058,0.638861
trial_2,55,0.183879,0.491192
trial_2,56,0.077256,0.378747
trial_2,57,0.226889,0.350179
trial_2,58,0.187456,0.514333
trial_2,59,0.035833,0.358386
trial_2,60,0.044394,2.752355
trial_2,61,0.079389,0.302994
trial_2,62,0.077021,0.346583
trial_2,63,0.053301,0.429707
trial_2,64,0.013493,0.394388
trial_2,65,0.300860,0.873908
trial_2,66,0.012909,0.370098
trial_2,67,0.141398,0.439742
trial_2,68,0.143399,1.621686
trial_2,69,0.114124,0.344897
trial_2,70,0.017361,0.415198
trial_2,71,0.090401,0.753880
trial_2,72,0.197655,0.371957
trial_2,73,0.036553,0.338903
trial_2,74,0.113081,0.377844
trial_2,75,0.158789,0.418569
trial_2,76,0.192829,0.682572
trial_2,77,0.127233,0.336861
trial_2,78,0.044841,0.277406
trial_2,79,0.094360,0.278989
trial_2,80,0.006476,0.336613
trial_2,81,0.196325,1.120957
trial_2,82,0.193436,0.738947
trial_2,83,0.138544,0.468095
trial_2,84,0.410883,3.390806
trial_2,85,0.324714,0.967206
trial_2,86,0.059814,1.080100
trial_2,87,0.170086,0.405571
trial_2,88,0.161470,0.335027
trial_2,89,0.138806,0.455787
trial_2,90,0.052206,0.428630
trial_2,91,0.054463,0.613658
trial_2,92,0.159682,0.607125
trial_2,93,0.173808,0.980467
trial_2,94,0.209071,0.367237
trial_2,95,0.100356,0.388294
trial_2,96,0.068964,0.466487
trial_2,97,0.073002,0.661832
trial_2,98,0.118348,0.887872
trial_2,99,0.101433,0.476970
trial_2,100,0.080256,0.392206
trial_2,101,0.172786,0.512927
trial_2,102,0.109501,0.506398
trial_2,103,0.074808,0.478060
trial_2,104,0.084500,0.565243
trial_2,105,0.073971,0.735615
trial_2,106,0.030176,0.483254
trial_2,107,0.168504,0.477588
trial_2,108,0.472285,2.261689
trial_2,109,0.091001,0.552991
trial_2,110,0.035229,0.534757
trial_2,111,0.335463,0.592447
trial_2,112,0.068412,0.492012
trial_2,113,0.009016,0.579924
trial_2,114,0.211040,0.390346
trial_2,115,0.162295,0.619843
trial_2,116,0.444491,0.573233
trial_2,117,0.040627,0.588164
trial_2,118,0.039688,0.457494
trial_2,119,0.048893,1.364861
trial_2,120,0.172354,1.137138
trial_2,121,0.299510,0.537938
trial_2,122,0.029537,0.392885
trial_2,123,0.278058,0.555578
trial_2,124,0.329886,0.954982
trial_2,125,0.004009,0.505753
trial_2,126,0.078953,0.954915
trial_2,127,0.393646,0.763368
trial_2,128,0.178742,0.357187
trial_2,129,0.096375,0.779839
trial_2,130,0.289981,1.846402
trial_2,131,0.598090,0.765115
trial_2,132,0.172805,0.776008
trial_2,133,0.446522,2.167173
trial_2,134,0.207991,0.602461
trial_2,135,0.157672,0.358747
trial_2,136,0.018960,0.439429
trial_2,137,0.021621,0.963033
trial_2,138,0.035747,0.415180
trial_2,139,0.035070,0.372850
trial_2,140,0.054525,0.385154
trial_2,141,0.047322,0.650609
trial_2,142,0.090997,0.587321
trial_2,143,0.349559,1.512712
trial_2,144,0.130839,0.401882
trial_2,145,0.116451,0.437526
trial_2,146,0.115039,1.060933
trial_2,147,0.062734,0.738651
trial_2,148,0.068592,0.379371
trial_2,149,0.195534,1.115283
trial_2,150,0.010135,0.281937
trial_2,151,0.245233,0.560660
trial_2,152,0.261904,0.758123
trial_2,153,0.382329,0.586637
trial_2,154,0.132201,0.438754
trial_2,155,0.041227,0.531017
trial_2,156,0.131999,0.612971
trial_2,157,0.030046,0.856119
trial_2,158,0.042251,0.688861
trial_2,159,0.322373,0.455743
trial_2,160,0.364177,0.793216
trial_2,161,0.156613,0.533893
trial_2,162,0.262071,0.417130
trial_2,163,0.215081,0.601449
trial_2,164,0.234653,0.369548
trial_2,165,0.055884,0.500238
trial_2,166,0.178348,0.494564
trial_2,167,0.138452,0.329375
trial_2,168,0.017268,0.411176
trial_2,169,0.135980,0.332063
trial_2,170,0.055912,0.549869
trial_2,171,0.057171,0.483171
trial_2,172,0.030279,0.354148
trial_2,173,0.012884,0.453830
trial_2,174,0.115817,0.536471
trial_2,175,0.122260,0.391827
trial_2,176,0.039107,0.549805
trial_2,177,0.274192,0.816706
trial_2,178,0.288300,0.484099
trial_2,179,0.129930,0.485649
trial_2,180,0.095803,0.954665
trial_2,181,0.204279,1.217919
trial_2,182,0.239489,0.453820
trial_2,183,0.004073,0.407528
trial_2,184,0.132616,0.884202
trial_2,185,0.082728,0.315229
trial_2,186,0.100059,0.441622
trial_2,187,0.165894,0.770338
trial_2,188,0.298141,0.575734
trial_2,189,0.026994,0.570520
trial_2,190,0.070539,0.472384
trial_2,191,0.102415,0.405313
trial_2,192,0.139485,0.699051
trial_2,193,0.129577,0.434775
trial_2,194,0.126975,0.440909
trial_2,195,0.092306,0.463847
trial_2,196,0.105223,0.578065
trial_2,197,0.021936,0.480696
trial_2,198,0.163385,0.472822
trial_2,199,0.190532,0.857321
trial_2,200,0.281392,0.525356
trial_2,201,0.097669,0.491503
trial_2,202,0.123366,0.323784
trial_2,203,0.058103,0.238183
trial_2,204,0.247356,0.728206
trial_2,205,0.049212,0.586529
trial_2,206,0.066800,0.309221
trial_2,207,0.088552,0.328459
trial_2,208,0.157797,0.524942
trial_2,209,0.170638,1.761209
trial_2,210,0.189728,1.355912
trial_2,211,0.041713,0.549523
trial_2,212,0.235350,0.340621
trial_2,213,0.350610,0.723114
trial_2,214,0.258805,0.495694
trial_2,215,0.080084,0.322285
trial_2,216,0.020373,0.297304
trial_2,217,0.263990,0.521830
trial_2,218,0.174710,1.504462
trial_2,219,0.679230,4.660122
trial_2,220,0.093501,0.706851
trial_2,221,0.356100,0.459983
trial_2,222,0.284914,0.424164
trial_2,223,0.096000,0.361691
trial_2,224,0.320539,0.446640
trial_2,225,0.130705,0.615046
trial_2,226,0.243417,0.598206
trial_2,227,0.079865,0.345482
trial_2,228,0.236677,0.534613
trial_2,229,0.169110,0.697414
trial_2,230,0.151485,0.570631
trial_2,231,0.324644,0.749493
trial_2,232,0.158106,0.430191
trial_2,233,0.004802,0.583641
trial_2,234,0.050587,0.245758
trial_2,235,0.103777,0.726475
trial_2,236,0.122378,0.270538
trial_2,237,0.162935,0.543494
trial_2,238,0.141809,0.407688
trial_2,239,0.107018,0.546218
trial_2,240,0.131998,0.628928
trial_2,241,0.150393,0.385101
trial_2,242,0.168242,0.367913
trial_2,243,0.157777,0.569570
trial_2,244,0.030662,0.720863
trial_2,245,0.395592,2.072829
trial_2,246,0.114423,0.682792
trial_2,247,0.123169,0.466123
trial_2,248,0.140301,0.470806
trial_2,249,0.247072,0.567847
trial_2,250,0.029378,0.458822
trial_2,251,0.037164,0.347637
trial_2,252,0.130469,0.507409
trial_2,253,0.149375,0.382697
trial_2,254,0.012471,1.216699
trial_2,255,0.320955,2.520606
trial_2,256,0.219280,0.508737
trial_2,257,0.194597,0.865862
trial_2,258,0.196520,0.412711
trial_2,259,0.035979,0.341252
trial_2,260,0.090124,0.206685
trial_2,261,0.241319,0.443526
trial_2,262,0.055294,0.445457
trial_2,263,0.201853,0.421078
trial_2,264,0.142330,0.472885
trial_2,265,0.046664,0.469452
trial_2,266,0.084079,0.393208
trial_2,267,0.326067,1.486159
trial_2,268,0.046214,0.316731
trial_2,269,0.133500,0.400068
trial_2,270,0.066034,0.253199
trial_2,271,0.159288,0.520532
trial_2,272,0.196385,0.403374
trial_2,273,0.002863,0.398964
trial_2,274,0.202039,0.429494
trial_2,275,0.081829,0.611743
trial_2,276,0.389818,1.536705
trial_2,277,0.027317,0.471471
trial_2,278,0.066306,0.351101
trial_2,279,0.173837,0.383136
trial_2,280,0.209732,0.692092
trial_2,281,0.089897,0.908889
trial_2,282,0.711398,1.627854
trial_2,283,0.132785,0.655678
trial_2,284,0.130684,0.414149
trial_2,285,0.170642,0.301088
trial_2,286,0.095851,0.576875
trial_2,287,0.065963,0.489803
trial_2,288,0.020537,0.815913
trial_2,289,0.209589,0.452656
trial_2,290,0.062132,0.447728
trial_2,291,0.145004,0.745510
trial_2,292,0.056929,0.540621
trial_2,293,0.060245,0.803045
trial_2,294,0.000154,0.203809
trial_2,295,0.033541,0.340496
trial_2,296,0.209918,1.023931
trial_2,297,0.066592,0.416605
trial_2,298,0.087512,0.605328
trial_2,299,0.175624,0.274705
trial_2,300,0.234414,0.524881
trial_2,301,0.047491,0.358340
trial_2,302,0.090779,0.511257
trial_2,303,0.229907,0.525408
trial_2,304,0.094299,0.265448
trial_2,305,0.094124,0.555345
trial_2,306,0.032541,0.356257
trial_2,307,0.176144,0.594187
trial_2,308,0.103903,0.767864
trial_2,309,0.235997,0.551154
trial_2,310,0.048859,1.039614
trial_2,311,0.345141,0.993481
trial_2,312,0.211144,1.363090
trial_2,313,0.130573,0.475029
trial_2,314,0.006492,0.593060
trial_2,315,0.064596,0.772114
trial_2,316,0.220275,0.578658
trial_2,317,0.058863,0.441256
trial_2,318,0.138435,0.392454
trial_2,319,0.289149,0.887991
trial_2,320,0.229573,0.920504
trial_2,321,0.370576,0.892551
trial_2,322,0.111303,0.460706
trial_2,323,0.080672,0.742934
trial_2,324,0.307621,0.540634
trial_2,325,0.162542,0.385889
trial_2,326,0.221139,0.472786
trial_2,327,0.017778,0.586593
trial_2,328,0.383198,0.674657
trial_2,329,0.062922,2.648820
trial_2,330,0.223073,0.753028
trial_2,331,0.159819,0.516739
trial_2,332,0.215203,0.480409
trial_2,333,0.094722,0.582880
trial_2,334,0.481092,0.645624
trial_2,335,0.046212,0.483942
trial_2,336,0.097202,0.383986
trial_2,337,0.168961,0.708611
trial_2,338,0.176090,1.360275
trial_2,339,0.108481,0.450962
trial_2,340,0.169254,0.376702
trial_2,341,0.182780,3.342986
trial_2,342,0.309950,0.492456
trial_2,343,0.205290,0.410844
trial_2,344,0.048180,0.895644
trial_2,345,0.568977,3.351887
trial_2,346,0.232571,1.192147
trial_2,347,0.220643,0.765844
trial_2,348,0.319117,0.708242
trial_2,349,0.060750,0.410232
trial_2,350,0.132639,0.618809
trial_2,351,0.107458,0.848299
trial_2,352,0.061258,0.480913
trial_2,353,0.081104,0.323521
trial_2,354,0.214793,0.617333
trial_2,355,0.120358,0.261658
trial_2,356,0.167339,0.341422
trial_2,357,0.087101,0.832737
trial_2,358,0.050412,0.283529
trial_2,359,0.284569,0.455586
trial_2,360,0.084394,0.315843
trial_2,361,0.051348,0.644344
trial_2,362,0.083178,1.956322
trial_2,363,0.029489,0.517134
trial_2,364,0.164879,0.326274
trial_2,365,0.041582,0.339586
trial_2,366,0.138100,0.547012
trial_2,367,0.275586,0.416340
trial_2,368,0.029630,0.391739
trial_2,369,0.044304,0.277023
trial_2,370,0.189530,0.632688
trial_2,371,0.169584,0.431264
trial_2,372,0.039903,0.490229
trial_2,373,0.162513,0.451724
trial_2,374,0.079097,0.752210
trial_2,375,0.041208,0.275242
trial_2,376,0.269773,0.425717
trial_2,377,0.041389,0.469718
trial_2,378,0.153678,0.301005
trial_2,379,0.176831,0.380636
trial_2,380,0.186951,0.419907
trial_2,381,0.040000,0.305344
trial_2,382,0.192146,0.453076
trial_2,383,0.414164,1.836910
trial_2,384,0.044162,0.302286
trial_2,385,0.347508,0.830867
trial_2,386,0.092811,0.882445
trial_2,387,0.150538,1.000621
trial_2,388,0.145827,0.354445
trial_2,389,0.075106,0.298439
trial_2,390,0.107675,0.495816
trial_2,391,0.125685,0.442030
trial_2,392,0.040335,0.467386
trial_2,393,0.007555,0.549099
trial_2,394,0.200177,0.448673
trial_2,395,0.239983,0.480904
trial_2,396,0.068951,0.271808
trial_2,397,0.143817,0.353611
trial_2,398,0.048122,0.345901
trial_2,399,0.052149,0.478650
trial_2,400,0.308076,0.539482
trial_2,401,0.110719,0.430809
trial_2,402,0.077928,0.637943
trial_2,403,0.089530,0.361661
trial_2,404,0.142372,0.360434
trial_2,405,0.033439,0.385448
trial_2,406,0.316650,0.596892
trial_2,407,0.171487,0.305768
trial_2,408,0.103522,0.403900
trial_2,409,0.040934,0.519987
trial_2,410,0.194480,0.566128
trial_2,411,0.058465,0.743434
trial_2,412,0.067863,0.231438
trial_2,413,0.187703,0.687663
trial_2,414,0.196934,0.400937
trial_2,415,0.155511,0.485032
trial_2,416,0.118643,1.382590
trial_2,417,0.032469,0.300090
trial_2,418,0.202837,0.346013
trial_2,419,0.080999,0.920308
trial_2,420,0.045911,0.445871
trial_2,421,0.191904,0.380515
trial_2,422,0.102030,0.588673
trial_2,423,0.124007,0.283997
trial_2,424,0.096335,0.213907
trial_2,425,0.156799,0.354293
trial_2,426,0.106944,0.227098
trial_2,427,0.115895,0.458242
trial_2,428,0.080798,0.641701
trial_2,429,0.051801,0.462544
trial_2,430,0.165913,0.417160
trial_2,431,0.103393,0.530435
trial_2,432,0.050063,0.548968
trial_2,433,0.079511,0.451072
trial_2,434,0.361853,0.796313
trial_2,435,0.371080,2.444370
trial_2,436,0.007770,0.291515
trial_2,437,0.103473,1.039710
trial_2,438,0.444728,0.870430
trial_2,439,0.007155,0.527085
trial_2,440,0.139170,0.731361
trial_2,441,0.357733,1.298339
trial_2,442,0.044189,0.433340
trial_2,443,0.177204,0.368054
trial_2,444,0.162245,0.452256
trial_2,445,0.200629,0.470875
trial_2,446,0.208800,0.529018
trial_2,447,0.005637,0.767278
trial_2,448,0.023154,0.420896
trial_2,449,0.002811,0.812984
trial_2,450,0.070574,0.510138
trial_2,451,0.169881,0.578196
trial_2,452,0.048705,0.466466
trial_2,453,0.042702,0.549743
trial_2,454,0.140123,0.266798
trial_2,455,0.006538,0.410477
trial_2,456,0.125350,0.640581
trial_2,457,0.064862,0.258614
trial_2,458,0.095366,0.523250
trial_2,459,0.252114,0.521650
trial_2,460,0.132791,0.434743
trial_2,461,0.047657,0.350879
trial_2,462,0.443090,0.915923
trial_2,463,0.013561,0.538964
trial_2,464,0.086623,0.467242
trial_2,465,0.062231,0.553514
trial_2,466,0.005470,0.370845
trial_2,467,0.278636,0.702127
trial_2,468,0.178269,0.384401
trial_2,469,0.183737,1.674537
trial_2,470,0.263979,0.537606
trial_2,471,0.192121,0.440115
trial_2,472,0.333788,0.709292
trial_2,473,0.030804,0.592835
trial_2,474,0.158626,1.764472
trial_2,475,0.770929,2.439388
trial_2,476,0.280498,2.362665
trial_2,477,0.051698,0.377868
trial_2,478,0.070246,0.377912
trial_2,479,0.113630,0.462005
trial_2,480,0.352620,0.668027
trial_2,481,0.123128,1.253933
trial_2,482,0.118756,0.633692
trial_2,483,0.167746,1.027623
trial_2,484,0.085881,0.576973
trial_2,485,0.124895,0.336203
trial_2,486,0.091183,0.434083
trial_2,487,0.395934,0.557407
trial_2,488,0.060359,0.417544
trial_2,489,0.031186,0.303301
trial_2,490,0.283763,0.750541
trial_2,491,0.151218,0.432147
trial_2,492,0.106089,0.425879
trial_2,493,0.190690,0.649585
trial_2,494,0.126015,0.346890
trial_2,495,0.072547,0.430083
trial_2,496,0.141686,0.374866
trial_2,497,0.232605,0.571076
trial_2,498,0.111003,0.299157
trial_2,499,0.022152,0.605172
trial_2,500,0.346253,0.861452
trial_2,501,0.000008,0.456958
trial_2,502,0.115955,0.328433
trial_2,503,0.054165,0.352687
trial_2,504,0.117246,0.530421
trial_2,505,0.009052,0.743409
trial_2,506,0.006496,0.391667
trial_2,507,0.203580,0.794891
trial_2,508,0.106084,0.397391
trial_2,509,0.122440,0.675350
trial_2,510,0.032803,0.430470
trial_2,511,0.016836,0.327069
trial_2,512,0.502623,2.616135
trial_2,513,0.124652,0.440987
trial_2,514,0.101657,0.446416
trial_2,515,0.140448,1.561740
trial_2,516,0.067136,0.587610
trial_2,517,0.017980,1.478054
trial_2,518,0.272094,0.531736
trial_2,519,0.101957,0.412744
trial_2,520,0.029774,0.406108
trial_2,521,0.113696,0.421801
trial_2,522,0.021019,0.372956
trial_2,523,0.053179,0.641211
trial_2,524,0.157352,0.497829
trial_2,525,0.117674,1.073001
trial_2,526,0.037001,0.414785
trial_2,527,0.048353,0.345718
trial_2,528,0.255099,0.508471
trial_2,529,0.140658,0.435373
trial_2,530,0.047668,0.482832
trial_2,531,0.228073,0.546236
trial_2,532,0.257220,0.481169
trial_2,533,0.082647,0.401961
trial_2,534,0.146355,0.355849
trial_2,535,0.277209,0.477894
trial_2,536,0.261125,1.062160
trial_2,537,0.143448,1.076162
trial_2,538,0.043919,0.288357
trial_2,539,0.003589,0.668764
trial_2,540,0.079943,0.406154
trial_2,541,0.263170,0.549438
trial_2,542,0.223288,1.460825
trial_2,543,0.167261,0.367872
trial_2,544,0.023968,0.315140
trial_2,545,0.135385,0.442426
trial_2,546,0.028732,0.649416
trial_2,547,0.057721,0.369018
trial_2,548,0.005916,0.491230
trial_2,549,0.013113,0.452740
trial_2,550,0.043909,0.391440
trial_2,551,0.171418,0.357598
trial_2,552,0.070300,0.561544
trial_2,553,0.080013,0.499729
trial_2,554,0.124448,0.893075
trial_2,555,0.028766,0.397483
trial_2,556,0.366459,0.515562
trial_2,557,0.050571,0.336538
trial_2,558,0.022093,0.264769
trial_2,559,0.120837,0.437713
trial_2,560,0.205003,0.435918
trial_2,561,0.366845,0.695587
trial_2,562,0.209052,0.565024
trial_2,563,0.199122,0.577514
trial_2,564,0.074575,0.530054
trial_2,565,0.294432,0.792590
trial_2,566,0.223804,0.596456
trial_2,567,0.071939,0.528836
trial_2,568,0.220619,0.459408
trial_2,569,0.016387,0.351944
trial_2,570,0.052806,0.536847
trial_2,571,0.180170,0.319512
trial_2,572,0.082548,0.273630
trial_2,573,0.301195,0.499550
trial_2,574,0.022973,0.289439
trial_2,575,0.382638,1.118014
trial_2,576,0.307239,1.738105
trial_2,577,0.014118,0.456471
trial_2,578,0.255233,0.952063
trial_2,579,0.109795,0.371901
trial_2,580,0.248078,0.413389
trial_2,581,0.205311,0.521184
trial_2,582,0.087309,0.377663
trial_2,583,0.112476,0.475525
trial_2,584,0.036677,0.284631
trial_2,585,0.018444,0.574345
trial_2,586,0.105409,0.364113
trial_2,587,0.001329,0.558639
trial_2,588,0.097128,0.322206
trial_2,589,1.946086,14.141453
trial_2,590,0.073533,0.550476
trial_2,591,0.153184,0.498393
trial_2,592,0.166845,0.519601
trial_2,593,0.063990,0.409342
trial_2,594,0.189918,0.304869
trial_2,595,0.054222,0.619409
trial_2,596,0.029401,0.428599
trial_2,597,0.012038,0.383285
trial_2,598,0.093028,0.420983
trial_2,599,0.121739,0.398969
trial_2,600,0.004136,0.274785
trial_2,601,0.186175,0.794448
trial_2,602,0.025384,0.507371
trial_2,603,0.028419,0.485812
trial_2,604,0.120255,0.359911
trial_2,605,0.116002,0.470351
trial_2,606,0.024005,0.442309
trial_2,607,0.176577,0.366934
trial_2,608,0.062519,0.256120
trial_2,609,0.111734,0.739017
trial_2,610,0.146769,0.482903
trial_2,611,0.077083,0.423698
trial_2,612,0.071720,0.322251
trial_2,613,0.142656,0.541410
trial_2,614,0.050849,0.680934
trial_2,615,0.013990,0.285851
trial_2,616,0.035657,0.339556
trial_2,617,0.004429,0.415797
trial_2,618,0.282245,0.354734
trial_2,619,1.467440,6.254066
trial_2,620,0.120247,0.343423
trial_2,621,0.081702,0.342621
trial_2,622,0.616199,4.099209
trial_2,623,0.012694,0.284383
trial_2,624,0.030874,0.693486
trial_2,625,0.324287,0.676581
trial_2,626,0.227648,0.559146
trial_2,627,0.246232,1.226106
trial_2,628,0.069601,0.611520
trial_2,629,0.057356,0.322823
trial_2,630,0.071911,0.429564
trial_2,631,0.002794,0.787292
trial_2,632,0.339241,0.704832
trial_2,633,0.019427,0.389284
trial_2,634,0.071716,0.852837
trial_2,635,0.064358,0.547288
trial_2,636,0.268214,0.486189
trial_2,637,0.027569,0.864094
trial_2,638,0.282521,0.700865
trial_2,639,0.086023,0.464461
trial_2,640,0.208589,0.384667
trial_2,641,0.269167,0.541906
trial_2,642,0.009767,0.327903
trial_2,643,0.083286,0.979134
trial_2,644,0.095353,0.743432
trial_2,645,0.073973,0.536555
trial_2,646,0.270629,1.466574
trial_2,647,0.134208,1.798376
trial_2,648,0.363413,2.597180
trial_2,649,0.129693,0.452508
trial_2,650,0.137859,0.915395
trial_2,651,0.144812,0.742503
trial_2,652,0.408881,1.435134
trial_2,653,0.062323,0.432767
trial_2,654,0.130701,0.416007
trial_2,655,0.055600,0.306305
trial_2,656,0.169795,0.775296
trial_2,657,0.063599,0.832841
trial_2,658,0.341951,0.760078
trial_2,659,0.314314,0.668002
trial_2,660,0.020949,0.561738
trial_2,661,0.203787,0.632750
trial_2,662,0.314195,0.651886
trial_2,663,0.139964,0.454515
trial_2,664,0.103558,0.293002
trial_2,665,0.002737,0.825783
trial_2,666,0.068932,0.799235
trial_2,667,0.178821,0.431306
trial_2,668,0.114546,0.255551
trial_2,669,0.008517,0.291594
trial_2,670,0.099379,0.187596
trial_2,671,0.030094,0.378378
trial_2,672,0.199034,0.374318
trial_2,673,0.499373,4.174247
trial_2,674,0.154385,0.520074
trial_2,675,0.209194,0.527837
trial_2,676,0.161673,0.927387
trial_2,677,0.014396,0.514072
trial_2,678,0.118181,0.546027
trial_2,679,0.039104,1.018680
trial_2,680,0.083183,0.325500
trial_2,681,0.057450,0.288148
trial_2,682,0.101340,0.644207
trial_2,683,0.185028,0.337064
trial_2,684,0.019174,1.205114
trial_2,685,0.225549,1.086445
trial_2,686,0.068975,0.329204
trial_2,687,0.248565,0.479224
trial_2,688,0.208670,0.355530
trial_2,689,0.171408,0.557202
trial_2,690,0.177597,0.662252
trial_2,691,0.154984,0.321911
trial_2,692,0.119832,0.343805
trial_2,693,0.195915,0.482704
trial_2,694,0.283128,0.627296
trial_2,695,0.013756,0.386590
trial_2,696,0.070769,0.618868
trial_2,697,0.193829,0.928420
trial_2,698,0.206672,0.359898
trial_2,699,0.010192,0.307251
trial_2,700,0.018008,0.335782
trial_2,701,0.198484,0.688034
trial_2,702,0.040508,0.436308
trial_2,703,0.282734,0.898749
trial_2,704,0.019761,0.286191
trial_2,705,0.230331,0.309704
trial_2,706,0.227014,0.474143
trial_2,707,0.028880,0.364518
trial_2,708,0.118653,0.363759
trial_2,709,0.095906,1.014364
trial_2,710,0.381507,0.689168
trial_2,711,0.187169,0.502798
trial_2,712,0.165564,0.425634
trial_2,713,0.025692,0.945345
trial_2,714,0.011511,0.313576
trial_2,715,0.146084,0.317539
trial_2,716,0.105030,0.728771
trial_2,717,0.271847,0.384149
trial_2,718,0.027358,0.578820
trial_2,719,0.254363,0.335311
trial_2,720,0.102288,0.820835
trial_2,721,0.180524,0.455840
trial_2,722,0.178645,0.440467
trial_2,723,0.013034,0.199960
trial_2,724,0.181827,2.073249
trial_2,725,0.154186,0.625742
trial_2,726,0.081143,0.794462
trial_2,727,0.129009,0.699210
trial_2,728,0.131894,0.468866
trial_2,729,0.219679,0.414132
trial_2,730,0.106278,0.428610
trial_2,731,0.042115,0.540974
trial_2,732,0.166731,0.491054
trial_2,733,0.023508,0.349503
trial_2,734,0.010652,0.247769
trial_2,735,0.030684,0.771212
trial_2,736,0.098432,0.414658
trial_2,737,0.256931,0.710602
trial_2,738,0.102564,0.891155
trial_2,739,0.030391,0.310640
trial_2,740,0.169196,0.354817
trial_2,741,0.002182,0.457512
trial_2,742,0.064231,0.432684
trial_2,743,0.764076,1.876140
trial_2,744,0.042907,0.379178
trial_2,745,0.147786,0.467130
trial_2,746,0.058123,0.250509
trial_2,747,0.178420,0.379298
trial_2,748,0.063297,0.547017
trial_2,749,0.083064,0.507552
trial_2,750,0.055863,0.453627
trial_2,751,0.150640,0.587765
trial_2,752,0.366440,0.670283
trial_2,753,0.282932,0.621941
trial_2,754,0.072501,0.303109
trial_2,755,0.148137,0.436155
trial_2,756,0.161583,0.383058
trial_2,757,0.040341,0.431684
trial_2,758,0.391701,0.656340
trial_2,759,0.211755,0.822672
trial_2,760,0.051007,0.532809
trial_2,761,0.175519,0.613380
trial_2,762,0.139535,0.596347
trial_2,763,0.050100,0.503641
trial_2,764,0.000811,0.796381
trial_2,765,0.042631,0.617733
trial_2,766,0.080141,1.120658
trial_2,767,0.165047,0.564547
trial_2,768,0.172254,0.432294
trial_2,769,0.165417,0.433917
trial_2,770,0.271570,2.904466
trial_2,771,0.003769,0.350913
trial_2,772,0.111151,4.924358
trial_2,773,0.256088,0.556522
trial_2,774,0.102949,0.613148
trial_2,775,0.041696,0.476070
trial_2,776,0.234873,0.687551
trial_2,777,0.182754,0.505382
trial_2,778,0.034257,0.341420
trial_2,779,0.027589,0.534181
trial_2,780,0.060197,0.245875
trial_2,781,0.384228,0.654481
trial_2,782,0.097154,0.495474
trial_2,783,0.067139,0.426331
trial_2,784,0.113109,0.368425
trial_2,785,0.037416,0.386514
trial_2,786,0.324402,0.893273
trial_2,787,0.135468,0.374702
trial_2,788,0.208512,1.256782
trial_2,789,0.009883,0.412196
trial_2,790,0.094548,0.435052
trial_2,791,0.382773,0.644515
trial_2,792,0.114605,0.329215
trial_2,793,0.394150,0.946959
trial_2,794,0.009181,0.802542
trial_2,795,0.196915,0.935399
trial_2,796,0.004165,0.438969
trial_2,797,0.021594,0.363991
trial_2,798,0.172577,0.454222
trial_2,799,0.053184,0.420560
trial_2,800,0.091256,0.541077
trial_2,801,0.195876,0.639560
trial_2,802,0.081906,0.643777
trial_2,803,0.025520,0.299731
trial_2,804,0.023493,0.377044
trial_2,805,0.125274,0.821700
trial_2,806,0.369785,1.136100
trial_2,807,0.104583,0.289069
trial_2,808,0.222264,0.330530
trial_2,809,0.035278,0.403059
trial_2,810,0.078931,0.378176
trial_2,811,0.017367,0.450348
trial_2,812,0.157391,0.538276
trial_2,813,0.147759,1.341580
trial_2,814,0.043966,1.352234
trial_2,815,0.427392,0.669760
trial_2,816,0.048876,0.373715
trial_2,817,0.228267,0.437684
trial_2,818,0.003586,0.722725
trial_2,819,0.149255,0.954746
trial_2,820,0.058259,1.878998
trial_2,821,0.033609,0.337671
trial_2,822,0.197470,0.565394
trial_2,823,0.193592,0.536040
trial_2,824,0.046580,0.206504
trial_2,825,0.050343,0.438793
trial_2,826,0.329634,2.938558
trial_2,827,0.178487,0.657443
trial_2,828,0.042450,0.548642
trial_2,829,0.089355,0.549596
trial_2,830,0.176693,0.395185
trial_2,831,0.201470,0.866582
trial_2,832,0.078876,0.481661
trial_2,833,0.180118,0.572619
trial_2,834,0.102152,0.523353
trial_2,835,0.217857,0.430675
trial_2,836,0.116394,0.286621
trial_2,837,0.407122,0.989314
trial_2,838,0.173679,0.483782
trial_2,839,0.065237,0.390600
trial_2,840,0.187886,0.554174
trial_2,841,0.116966,0.761180
trial_2,842,0.249556,0.490217
trial_2,843,0.198337,0.511133
trial_2,844,0.039380,0.368483
trial_2,845,0.107907,0.282571
trial_2,846,0.093583,0.449898
trial_2,847,0.211933,0.438298
trial_2,848,0.037501,1.058621
trial_2,849,0.185290,0.279088
trial_2,850,0.001918,0.739860
trial_2,851,0.157370,0.456631
trial_2,852,0.339338,0.688806
trial_2,853,0.353513,0.510879
trial_2,854,0.024602,0.209638
trial_2,855,0.132053,0.522721
trial_2,856,0.377324,0.815998
trial_2,857,0.112987,0.549075
trial_2,858,0.103936,0.508147
trial_2,859,0.075492,0.435531
trial_2,860,0.420368,0.650306
trial_2,861,0.120093,0.427303
trial_2,862,0.227211,0.380339
trial_2,863,0.205686,0.416546
trial_2,864,0.021127,0.356926
trial_2,865,0.030184,0.334062
trial_2,866,0.408915,0.699761
trial_2,867,0.107841,0.415221
trial_2,868,0.183151,0.548047
trial_2,869,0.274220,0.939454
trial_2,870,0.008946,0.494110
trial_2,871,0.129533,0.670150
trial_2,872,0.117634,1.117778
trial_2,873,0.114299,0.277756
trial_2,874,0.157325,0.351585
trial_2,875,0.026304,0.455963
trial_2,876,0.189134,0.549371
trial_2,877,0.216387,0.492422
trial_2,878,0.052907,0.431269
trial_2,879,0.050790,0.396277
trial_2,880,0.148806,0.615374
trial_2,881,0.163783,0.345468
trial_2,882,0.099609,0.428937
trial_2,883,0.058243,0.366006
trial_2,884,0.148299,0.763502
trial_2,885,0.141524,0.287779
trial_2,886,0.038077,0.316753
trial_2,887,0.589196,2.161365
trial_2,888,0.196679,0.536187
trial_2,889,0.231020,0.408787
trial_2,890,0.486069,0.712699
trial_2,891,0.283843,0.517680
trial_2,892,0.067923,0.472411
trial_2,893,0.110699,0.535127
trial_2,894,0.079352,0.487829
trial_2,895,0.162370,0.562702
trial_2,896,0.211145,0.820659
trial_2,897,0.089272,0.383576
trial_2,898,0.055647,0.425710
trial_2,899,0.053217,0.507985
trial_2,900,0.031789,0.444539
trial_2,901,0.041676,0.306196
trial_2,902,0.046477,0.684768
trial_2,903,0.130278,0.321207
trial_2,904,0.105544,0.365614
trial_2,905,0.080077,0.565488
trial_2,906,0.013012,0.313836
trial_2,907,0.054641,0.367638
trial_2,908,0.021496,0.209412
trial_2,909,0.203231,1.166327
trial_2,910,0.029290,0.421504
trial_2,911,0.061303,0.317536
trial_2,912,0.033451,0.377942
trial_2,913,0.041945,0.530086
trial_2,914,0.179035,0.494715
trial_2,915,0.238667,0.520725
trial_2,916,0.117106,0.418836
trial_2,917,0.009110,0.260921
trial_2,918,0.068991,0.311713
trial_2,919,0.301148,0.768487
trial_2,920,0.076963,0.623718
trial_2,921,0.052526,0.382370
trial_2,922,0.024706,0.480039
trial_2,923,0.235169,0.636723
trial_2,924,0.119100,1.697306
trial_2,925,0.379966,1.213793
trial_2,926,0.128599,0.442313
trial_2,927,0.018741,0.493602
trial_2,928,0.042969,0.531993
trial_2,929,0.148324,0.423697
trial_2,930,0.092140,0.487070
trial_2,931,0.199835,1.354102
trial_2,932,0.124615,0.460779
trial_2,933,0.100283,0.875202
trial_2,934,0.351077,0.487025
trial_2,935,0.035233,0.342839
trial_2,936,0.170781,1.318631
trial_2,937,0.098051,0.476634
trial_2,938,0.134748,0.351131
trial_2,939,0.183748,0.645466
trial_2,940,0.100737,0.526517
trial_2,941,0.034819,0.415271
trial_2,942,0.101539,0.370455
trial_2,943,0.042603,0.580038
trial_2,944,0.182334,0.380600
trial_2,945,0.066025,0.462094
trial_2,946,0.198741,0.481967
trial_2,947,0.068477,0.515348
trial_2,948,0.409681,0.725793
trial_2,949,0.073780,0.948815
trial_2,950,0.034394,0.419661
trial_2,951,0.248374,0.398040
trial_2,952,0.010507,0.454284
trial_2,953,0.050424,0.502060
trial_2,954,0.081561,0.356798
trial_2,955,0.073530,0.540872
trial_2,956,0.060272,0.543991
trial_2,957,0.062231,0.888034
trial_2,958,0.093043,0.671036
trial_2,959,0.015451,0.611480
trial_2,960,0.173114,0.683738
trial_2,961,0.051254,0.525408
trial_2,962,0.600330,8.095270
trial_2,963,0.167191,0.849039
trial_2,964,0.087042,0.223948
trial_2,965,0.004590,0.502554
trial_2,966,0.129377,0.577847
trial_2,967,0.101914,0.770571
trial_2,968,0.008201,0.264633
trial_2,969,0.096016,0.397325
trial_2,970,0.076066,0.439992
trial_2,971,0.074405,0.228066
trial_2,972,0.065986,0.743111
trial_2,973,0.018453,0.399623
trial_2,974,0.096415,0.793221
trial_2,975,0.353857,0.693499
trial_2,976,0.027526,0.416582
trial_2,977,0.199485,0.553004
trial_2,978,0.312748,0.672095
trial_2,979,0.227936,0.325465
trial_2,980,0.032828,0.399131
trial_2,981,0.124792,0.540706
trial_2,982,0.278621,0.638985
trial_2,983,0.146670,0.320701
trial_2,984,0.030276,0.454068
trial_2,985,0.047999,0.633880
trial_2,986,0.078643,0.449593
trial_2,987,0.008735,0.420085
trial_2,988,0.294161,1.356666
trial_2,989,0.024550,0.350749
trial_2,990,0.005818,0.387216
trial_2,991,0.236952,0.541806
trial_2,992,0.343980,0.845734
trial_2,993,0.045192,0.568268
trial_2,994,0.035021,0.573025
trial_2,995,0.031219,0.478363
trial_2,996,0.024263,0.323432
trial_2,997,0.044187,1.249521
trial_2,998,0.166345,0.394062
trial_2,999,0.068413,0.230775
trial_2,1000,0.236426,0.510872
trial_3,1,0.214668,0.433426
trial_3,2,0.076141,0.342624
trial_3,3,0.096710,0.325571
trial_3,4,0.107395,0.413257
trial_3,5,0.025586,0.486594
trial_3,6,0.006215,0.221712
trial_3,7,0.254160,0.373553
trial_3,8,0.039701,0.358020
trial_3,9,0.605179,1.145166
trial_3,10,0.330522,0.609739
trial_3,11,0.044081,0.478565
trial_3,12,0.265830,0.440263
trial_3,13,0.045645,2.220036
trial_3,14,0.081023,0.230931
trial_3,15,0.140795,0.323472
trial_3,16,0.100840,0.396070
trial_3,17,0.230551,0.626287
trial_3,18,0.128359,0.510814
trial_3,19,0.040238,0.348823
trial_3,20,0.055826,0.235947
trial_3,21,0.067019,0.584552
trial_3,22,0.055215,0.387095
trial_3,23,0.012811,0.358152
trial_3,24,0.034155,0.555708
trial_3,25,0.144795,0.424081
trial_3,26,0.201081,0.711677
trial_3,27,0.005286,0.343953
trial_3,28,0.055367,1.216940
trial_3,29,0.010221,0.328795
trial_3,30,0.064079,0.358620
trial_3,31,0.061819,0.358619
trial_3,32,0.039688,0.322576
trial_3,33,0.039793,0.473450
trial_3,34,0.144814,1.852420
trial_3,35,0.090577,0.501416
trial_3,36,0.124065,0.460697
trial_3,37,0.034359,0.737897
trial_3,38,0.040670,0.374290
trial_3,39,0.126586,0.642746
trial_3,40,0.025517,0.485810
trial_3,41,0.140781,0.273340
trial_3,42,0.017392,0.346298
trial_3,43,0.163554,0.364018
trial_3,44,0.340851,0.511153
trial_3,45,0.042745,0.450724
trial_3,46,0.054623,0.439692
trial_3,47,0.055564,0.371244
trial_3,48,0.082928,0.401951
trial_3,49,0.021984,0.532895
trial_3,50,0.198856,0.447429
trial_3,51,0.235257,0.416245
trial_3,52,0.144669,0.473758
trial_3,53,0.120216,0.703962
trial_3,54,0.039351,0.514248
trial_3,55,0.123230,0.432699
trial_3,56,0.117023,0.277142
trial_3,57,0.148434,0.320426
trial_3,58,0.096699,0.587053
trial_3,59,0.056437,0.319628
trial_3,60,0.216106,2.356141
trial_3,61,0.102744,0.301822
trial_3,62,0.088740,0.312902
trial_3,63,0.084663,0.499198
trial_3,64,0.029613,0.411126
trial_3,65,0.264719,0.642724
trial_3,66,0.090712,0.315413
trial_3,67,0.048535,0.285577
trial_3,68,0.315451,1.029201
trial_3,69,0.212740,0.448576
trial_3,70,0.032449,0.214820
trial_3,71,0.142832,0.573627
trial_3,72,0.112015,0.414961
trial_3,73,0.078602,0.312335
trial_3,74,0.007523,0.310509
trial_3,75,0.094195,0.353836
trial_3,76,0.166122,0.481427
trial_3,77,0.018540,0.258927
trial_3,78,0.224304,0.344044
trial_3,79,0.141539,0.261740
trial_3,80,0.089218,0.304500
trial_3,81,0.276819,0.894838
trial_3,82,0.206706,0.667935
trial_3,83,0.309316,0.503787
trial_3,84,0.317687,2.295258
trial_3,85,0.359449,0.827446
trial_3,86,0.185119,0.867009
trial_3,87,0.099082,0.326628
trial_3,88,0.101311,0.335183
trial_3,89,0.017580,0.317242
trial_3,90,0.026116,0.385596
trial_3,91,0.044457,0.581136
trial_3,92,0.258237,0.496320
trial_3,93,0.047541,0.822382
trial_3,94,0.143970,0.424563
trial_3,95,0.164631,0.381422
trial_3,96,0.024248,0.513739
trial_3,97,0.233326,0.617108
trial_3,98,0.130589,0.611315
trial_3,99,0.008317,0.473992
trial_3,100,0.199541,0.370107
trial_3,101,0.124520,0.407260
trial_3,102,0.153250,0.464033
trial_3,103,0.032152,0.482888
trial_3,104,0.194390,0.500895
trial_3,105,0.058074,0.509844
trial_3,106,0.048845,0.400322
trial_3,107,0.146874,0.380603
trial_3,108,0.018568,2.125800
trial_3,109,0.170923,0.652655
trial_3,110,0.086274,0.561070
trial_3,111,0.276822,0.601880
trial_3,112,0.215786,0.525806
trial_3,113,0.072054,0.626970
trial_3,114,0.001803,0.231778
trial_3,115,0.083378,0.940343
trial_3,116,0.487920,0.613405
trial_3,117,0.070877,0.423280
trial_3,118,0.050076,0.472335
trial_3,119,0.054354,1.414001
trial_3,120,0.339310,0.629561
trial_3,121,0.216020,0.458961
trial_3,122,0.016462,0.320825
trial_3,123,0.357706,0.524538
trial_3,124,0.013626,0.710793
trial_3,125,0.115095,0.479531
trial_3,126,0.023545,0.878153
trial_3,127,0.088951,0.506730
trial_3,128,0.179226,0.356758
trial_3,129,0.001499,0.694910
trial_3,130,0.026560,0.968972
trial_3,131,0.216776,0.549324
trial_3,132,0.147703,0.663221
trial_3,133,0.431077,1.377877
trial_3,134,0.118711,0.475015
trial_3,135,0.122792,0.444340
trial_3,136,0.053907,0.405792
trial_3,137,0.162846,0.593382
trial_3,138,0.029214,0.349381
trial_3,139,0.006232,0.223321
trial_3,140,0.128791,0.315155
trial_3,141,0.083856,0.621143
trial_3,142,0.019474,0.527706
trial_3,143,0.202147,1.021390
trial_3,144,0.167848,0.386835
trial_3,145,0.251277,0.425914
trial_3,146,0.183602,0.958361
trial_3,147,0.008130,0.672477
trial_3,148,0.204481,0.430003
trial_3,149,0.001231,0.709984
trial_3,150,0.031348,0.285972
trial_3,151,0.020486,0.374951
trial_3,152,0.237410,0.670805
trial_3,153,0.154819,0.454445
trial_3,154,0.067585,0.394954
trial_3,155,0.053504,0.503833
trial_3,156,0.172641,0.366803
trial_3,157,0.022383,0.715912
trial_3,158,0.175597,0.692706
trial_3,159,0.119165,0.268190
trial_3,160,0.234014,0.636258
trial_3,161,0.262354,0.464529
trial_3,162,0.124304,0.264580
trial_3,163,0.084165,0.420594
trial_3,164,0.139759,0.290960
trial_3,165,0.095509,0.425055
trial_3,166,0.096543,0.508563
trial_3,167,0.048533,0.254465
trial_3,168,0.061465,0.306884
trial_3,169,0.142634,0.282759
trial_3,170,0.189137,0.396289
trial_3,171,0.038784,0.355455
trial_3,172,0.044492,0.333387
trial_3,173,0.064317,0.358576
trial_3,174,0.139760,0.430606
trial_3,175,0.047650,0.230599
trial_3,176,0.080018,0.364873
trial_3,177,0.077441,0.581656
trial_3,178,0.285943,0.366785
trial_3,179,0.030938,0.395008
trial_3,180,0.079770,0.777834
trial_3,181,0.122371,0.914224
trial_3,182,0.225177,0.414636
trial_3,183,0.026753,0.356725
trial_3,184,0.108861,0.650151
trial_3,185,0.187927,0.360968
trial_3,186,0.034579,0.352628
trial_3,187,0.360831,0.741679
trial_3,188,0.278649,0.506907
trial_3,189,0.070512,0.434646
trial_3,190,0.019762,0.332741
trial_3,191,0.082315,0.360112
trial_3,192,0.142248,0.521931
trial_3,193,0.380950,0.545548
trial_3,194,0.088367,0.373176
trial_3,195,0.103542,0.357901
trial_3,196,0.027953,0.505352
trial_3,197,0.138456,0.381796
trial_3,198,0.225374,0.424483
trial_3,199,0.051406,0.589229
trial_3,200,0.252202,0.461296
trial_3,201,0.064207,0.452612
trial_3,202,0.103604,0.232353
trial_3,203,0.019255,0.226184
trial_3,204,0.085837,0.364534
trial_3,205,0.150078,0.464195
trial_3,206,0.102222,0.282730
trial_3,207,0.025279,0.308789
trial_3,208,0.056928,0.406254
trial_3,209,0.198758,1.754456
trial_3,210,0.540157,1.109024
trial_3,211,0.112712,0.424396
trial_3,212,0.063656,0.239760
trial_3,213,0.089993,0.636756
trial_3,214,0.130208,0.392809
trial_3,215,0.080084,0.287830
trial_3,216,0.027491,0.321818
trial_3,217,0.117759,0.418721
trial_3,218,0.075584,1.251038
trial_3,219,0.655824,3.512763
trial_3,220,0.010950,0.743996
trial_3,221,0.088935,0.485623
trial_3,222,0.364463,0.503333
trial_3,223,0.241360,0.553111
trial_3,224,0.376161,0.463723
trial_3,225,0.218955,0.650740
trial_3,226,0.107496,0.514566
trial_3,227,0.119238,0.455856
trial_3,228,0.291294,0.581490
trial_3,229,0.122367,0.648388
trial_3,230,0.020983,0.501999
trial_3,231,0.188303,0.760045
trial_3,232,0.195835,0.429988
trial_3,233,0.078872,0.455708
trial_3,234,0.164733,0.332152
trial_3,235,0.012015,0.679709
trial_3,236,0.094641,0.266302
trial_3,237,0.247086,0.701139
trial_3,238,0.158136,0.416523
trial_3,239,0.159432,0.548152
trial_3,240,0.026111,0.675282
trial_3,241,0.127109,0.413243
trial_3,242,0.058526,0.366011
trial_3,243,0.208886,0.532487
trial_3,244,0.059085,0.637514
trial_3,245,0.449744,1.762650
trial_3,246,0.123810,0.639717
trial_3,247,0.201266,0.451745
trial_3,248,0.020854,0.404669
trial_3,249,0.331542,0.654939
trial_3,250,0.043579,0.569287
trial_3,251,0.134526,0.336343
trial_3,252,0.124549,0.397924
trial_3,253,0.160817,0.355143
trial_3,254,0.107125,1.034418
trial_3,255,0.200494,1.772417
trial_3,256,0.205756,0.509226
trial_3,257,0.059446,0.820791
trial_3,258,0.206604,0.383086
trial_3,259,0.090810,0.354988
trial_3,260,0.084732,0.227028
trial_3,261,0.156237,0.438685
trial_3,262,0.061667,0.500824
trial_3,263,0.018054,0.397829
trial_3,264,0.040690,0.373224
trial_3,265,0.100585,0.415289
trial_3,266,0.188385,0.433848
trial_3,267,0.143633,0.996305
trial_3,268,0.034143,0.266418
trial_3,269,0.171457,0.353711
trial_3,270,0.037971,0.184326
trial_3,271,0.180906,0.518174
trial_3,272,0.079987,0.366886
trial_3,273,0.229157,0.478677
trial_3,274,0.168185,0.501254
trial_3,275,0.098269,0.473552
trial_3,276,0.096206,0.949459
trial_3,277,0.141414,0.447796
trial_3,278,0.134443,0.385114
trial_3,279,0.136084,0.330029
trial_3,280,0.076964,0.575870
trial_3,281,0.258850,0.631681
trial_3,282,0.303199,1.103807
trial_3,283,0.086150,0.659604
trial_3,284,0.144653,0.381439
trial_3,285,0.196267,0.449743
trial_3,286,0.132719,0.520406
trial_3,287,0.192042,0.436736
trial_3,288,0.008775,0.756760
trial_3,289,0.151367,0.589403
trial_3,290,0.007230,0.426882
trial_3,291,0.055311,0.488347
trial_3,292,0.045402,0.445099
trial_3,293,0.122294,0.615801
trial_3,294,0.051692,0.268947
trial_3,295,0.103515,0.355903
trial_3,296,0.194779,0.734315
trial_3,297,0.156412,0.340960
trial_3,298,0.020252,0.596471
trial_3,299,0.203394,0.356570
trial_3,300,0.206607,0.409707
trial_3,301,0.022857,0.329494
trial_3,302,0.248381,0.440847
trial_3,303,0.199412,0.543205
trial_3,304,0.072041,0.244088
trial_3,305,0.023863,0.380309
trial_3,306,0.012411,0.442277
trial_3,307,0.000358,0.418162
trial_3,308,0.014673,0.615082
trial_3,309,0.172957,0.555447
trial_3,310,0.008030,0.844976
trial_3,311,0.121191,0.595027
trial_3,312,0.248182,1.446701
trial_3,313,0.130247,0.433487
trial_3,314,0.068054,0.485979
trial_3,315,0.075483,0.498582
trial_3,316,0.004624,0.521888
trial_3,317,0.089933,0.412762
trial_3,318,0.048407,0.431580
trial_3,319,0.096474,0.589691
trial_3,320,0.133215,0.973321
trial_3,321,0.276102,0.665129
trial_3,322,0.255493,0.451890
trial_3,323,0.386416,0.949832
trial_3,324,0.336205,0.559319
trial_3,325,0.079078,0.307453
trial_3,326,0.164176,0.524623
trial_3,327,0.240842,0.656557
trial_3,328,0.243496,0.572541
trial_3,329,0.429681,2.823711
trial_3,330,0.285550,0.812297
trial_3,331,0.030317,0.394840
trial_3,332,0.263382,0.570003
trial_3,333,0.068379,0.790360
trial_3,334,0.350920,0.519672
trial_3,335,0.180523,0.486720
trial_3,336,0.065430,0.452098
trial_3,337,0.051744,0.593835
trial_3,338,0.222704,1.581067
trial_3,339,0.108109,0.449383
trial_3,340,0.173190,0.347426
trial_3,341,0.177462,3.322735
trial_3,342,0.332839,0.599189
trial_3,343,0.027084,0.407108
trial_3,344,0.115561,1.095090
trial_3,345,0.697299,4.068851
trial_3,346,0.031019,1.224052
trial_3,347,0.201927,0.689318
trial_3,348,0.242306,0.751693
trial_3,349,0.116462,0.437621
trial_3,350,0.014971,0.646202
trial_3,351,0.096744,0.797176
trial_3,352,0.037899,0.464641
trial_3,353,0.096876,0.385194
trial_3,354,0.157200,0.767063
trial_3,355,0.032143,0.281240
trial_3,356,0.345100,0.483246
trial_3,357,0.007426,0.675462
trial_3,358,0.149248,0.331389
trial_3,359,0.310450,0.511871
trial_3,360,0.044991,0.355000
trial_3,361,0.007478,0.661897
trial_3,362,0.164778,1.564390
trial_3,363,0.082059,0.561137
trial_3,364,0.160981,0.363560
trial_3,365,0.103377,0.355277
trial_3,366,0.042196,0.485102
trial_3,367,0.044927,0.382426
trial_3,368,0.023260,0.357884
trial_3,369,0.082240,0.352062
trial_3,370,0.111774,0.412372
trial_3,371,0.019580,0.341278
trial_3,372,0.066989,0.448633
trial_3,373,0.201460,0.480272
trial_3,374,0.101435,0.928998
trial_3,375,0.076044,0.299156
trial_3,376,0.135367,0.392434
trial_3,377,0.245905,0.773184
trial_3,378,0.020725,0.350615
trial_3,379,0.158584,0.434225
trial_3,380,0.049964,0.451569
trial_3,381,0.087740,0.333218
trial_3,382,0.144512,0.439131
trial_3,383,0.378140,1.519793
trial_3,384,0.011014,0.292867
trial_3,385,0.359354,1.021167
trial_3,386,0.249003,1.094398
trial_3,387,0.013591,0.818082
trial_3,388,0.126354,0.347609
trial_3,389,0.142062,0.362951
trial_3,390,0.057668,0.525626
trial_3,391,0.235103,0.561059
trial_3,392,0.162185,0.530828
trial_3,393,0.011019,0.464348
trial_3,394,0.134957,0.483693
trial_3,395,0.155848,0.473923
trial_3,396,0.000922,0.220170
trial_3,397,0.139569,0.386473
trial_3,398,0.151363,0.344433
trial_3,399,0.043446,0.601391
trial_3,400,0.172207,0.527085
trial_3,401,0.106091,0.443823
trial_3,402,0.408362,0.855185
trial_3,403,0.022312,0.514678
trial_3,404,0.291985,0.390842
trial_3,405,0.112647,0.364621
trial_3,406,0.157444,0.606301
trial_3,407,0.063496,0.232672
trial_3,408,0.025642,0.307633
trial_3,409,0.025242,0.463877
trial_3,410,0.204727,0.510112
trial_3,411,0.426537,0.862814
trial_3,412,0.107338,0.278444
trial_3,413,0.214001,0.658657
trial_3,414,0.166720,0.438203
trial_3,415,0.010522,0.474074
trial_3,416,0.128966,1.525066
trial_3,417,0.067102,0.404006
trial_3,418,0.221160,0.483911
trial_3,419,0.048850,0.669207
trial_3,420,0.095351,0.475236
trial_3,421,0.020114,0.352194
trial_3,422,0.111034,0.663604
trial_3,423,0.046590,0.227259
trial_3,424,0.002453,0.222067
trial_3,425,0.026413,0.289824
trial_3,426,0.008453,0.190869
trial_3,427,0.106647,0.421579
trial_3,428,0.059937,0.522220
trial_3,429,0.222562,0.445706
trial_3,430,0.042427,0.285468
trial_3,431,0.038565,0.502969
trial_3,432,0.113889,0.520510
trial_3,433,0.194545,0.518279
trial_3,434,0.170765,0.575294
trial_3,435,0.507650,2.134550
trial_3,436,0.166111,0.312263
trial_3,437,0.152272,0.945160
trial_3,438,0.427408,0.843312
trial_3,439,0.044121,0.538395
trial_3,440,0.025769,0.610940
trial_3,441,0.210089,1.165270
trial_3,442,0.138429,0.456744
trial_3,443,0.011885,0.310904
trial_3,444,0.133851,0.431618
trial_3,445,0.116607,0.365540
trial_3,446,0.042507,0.506541
trial_3,447,0.042804,0.560081
trial_3,448,0.037511,0.407926
trial_3,449,0.161279,0.756067
trial_3,450,0.171594,0.445186
trial_3,451,0.045863,0.497145
trial_3,452,0.129269,0.438407
trial_3,453,0.058251,0.617061
trial_3,454,0.049584,0.349525
trial_3,455,0.002072,0.371985
trial_3,456,0.267236,0.475648
trial_3,457,0.340662,0.409785
trial_3,458,0.106934,0.495530
trial_3,459,0.184798,0.494979
trial_3,460,0.154619,0.425471
trial_3,461,0.080528,0.277967
trial_3,462,0.315278,0.659270
trial_3,463,0.096836,0.396645
trial_3,464,0.109085,0.324315
trial_3,465,0.017533,0.501711
trial_3,466,0.002054,0.342135
trial_3,467,0.205123,0.507477
trial_3,468,0.214962,0.346626
trial_3,469,0.007824,1.324759
trial_3,470,0.211635,0.461492
trial_3,471,0.167225,0.515287
trial_3,472,0.224017,0.542108
trial_3,473,0.027756,0.572412
trial_3,474,0.258752,1.056427
trial_3,475,0.523296,1.998965
trial_3,476,0.135897,1.950165
trial_3,477,0.016100,0.345763
trial_3,478,0.070380,0.290630
trial_3,479,0.023780,0.400540
trial_3,480,0.100580,0.448242
trial_3,481,0.050334,0.760927
trial_3,482,0.076838,0.461960
trial_3,483,0.064852,0.757199
trial_3,484,0.213404,0.510912
trial_3,485,0.001533,0.245220
trial_3,486,0.258665,0.438596
trial_3,487,0.161887,0.391692
trial_3,488,0.051114,0.357445
trial_3,489,0.139056,0.453695
trial_3,490,0.069703,0.469662
trial_3,491,0.310850,0.501626
trial_3,492,0.017284,0.366530
trial_3,493,0.206365,0.463805
trial_3,494,0.178133,0.391723
trial_3,495,0.066102,0.387848
trial_3,496,0.251904,0.369575
trial_3,497,0.268340,0.584343
trial_3,498,0.062266,0.303479
trial_3,499,0.129863,0.541217
trial_3,500,0.291470,0.894042
trial_3,501,0.072300,0.410680
trial_3,502,0.058523,0.324880
trial_3,503,0.123476,0.273462
trial_3,504,0.018658,0.391879
trial_3,505,0.030514,0.656222
trial_3,506,0.040643,0.295059
trial_3,507,0.162136,0.709216
trial_3,508,0.159790,0.449133
trial_3,509,0.051038,0.670618
trial_3,510,0.027121,0.368562
trial_3,511,0.000946,0.323404
trial_3,512,0.143696,2.158998
trial_3,513,0.112512,0.473832
trial_3,514,0.102460,0.533078
trial_3,515,0.146789,1.635916
trial_3,516,0.220218,0.514193
trial_3,517,0.188724,1.144876
trial_3,518,0.081343,0.438841
trial_3,519,0.154410,0.455500
trial_3,520,0.351396,0.489315
trial_3,521,0.008891,0.377769
trial_3,522,0.049164,0.346753
trial_3,523,0.105490,0.574085
trial_3,524,0.137140,0.407017
trial_3,525,0.084605,0.683720
trial_3,526,0.021714,0.356533
trial_3,527,0.008650,0.316267
trial_3,528,0.196545,0.350106
trial_3,529,0.101920,0.389684
trial_3,530,0.000686,0.424728
trial_3,531,0.062149,0.307614
trial_3,532,0.173117,0.410887
trial_3,533,0.095770,0.322385
trial_3,534,0.218064,0.394341
trial_3,535,0.217316,0.497080
trial_3,536,0.289231,0.911236
trial_3,537,0.092188,0.745775
trial_3,538,0.009494,0.272475
trial_3,539,0.004161,0.530606
trial_3,540,0.069911,0.323765
trial_3,541,0.249843,0.392175
trial_3,542,0.047902,0.879733
trial_3,543,0.147747,0.398873
trial_3,544,0.217307,0.294181
trial_3,545,0.209793,0.456530
trial_3,546,0.101972,0.696202
trial_3,547,0.016911,0.373363
trial_3,548,0.031929,0.412008
trial_3,549,0.023724,0.393651
trial_3,550,0.090177,0.357506
trial_3,551,0.110009,0.320860
trial_3,552,0.026531,0.463485
trial_3,553,0.131701,0.381048
trial_3,554,0.064257,0.805082
trial_3,555,0.059450,0.269085
trial_3,556,0.451883,0.566147
trial_3,557,0.062053,0.318570
trial_3,558,0.075288,0.235851
trial_3,559,0.118873,0.330421
trial_3,560,0.212779,0.399684
trial_3,561,0.055286,0.430708
trial_3,562,0.293110,0.657934
trial_3,563,0.142562,0.444748
trial_3,564,0.070938,0.424152
trial_3,565,0.324082,0.655285
trial_3,566,0.206152,0.400710
trial_3,567,0.168662,0.667716
trial_3,568,0.222479,0.404227
trial_3,569,0.138992,0.426141
trial_3,570,0.100538,0.531437
trial_3,571,0.243974,0.340527
trial_3,572,0.158374,0.253992
trial_3,573,0.309434,0.456115
trial_3,574,0.139352,0.252859
trial_3,575,0.152618,0.964365
trial_3,576,0.039618,1.092053
trial_3,577,0.028256,0.450193
trial_3,578,0.254789,0.716204
trial_3,579,0.108023,0.339427
trial_3,580,0.296222,0.423703
trial_3,581,0.226284,0.544681
trial_3,582,0.137601,0.358117
trial_3,583,0.015812,0.462710
trial_3,584,0.083368,0.298957
trial_3,585,0.122639,0.612417
trial_3,586,0.310227,0.475096
trial_3,587,0.107159,0.536420
trial_3,588,0.127346,0.331421
trial_3,589,1.358496,13.537056
trial_3,590,0.220097,0.541741
trial_3,591,0.146924,0.532268
trial_3,592,0.180894,0.451449
trial_3,593,0.120224,0.380586
trial_3,594,0.184955,0.319315
trial_3,595,0.259163,0.712244
trial_3,596,0.056358,0.362083
trial_3,597,0.100973,0.301222
trial_3,598,0.120880,0.415374
trial_3,599,0.018631,0.511237
trial_3,600,0.162875,0.317108
trial_3,601,0.136445,0.873985
trial_3,602,0.093868,0.534730
trial_3,603,0.001487,0.531476
trial_3,604,0.044687,0.325265
trial_3,605,0.010939,0.483757
trial_3,606,0.021674,0.338422
trial_3,607,0.123856,0.424416
trial_3,608,0.047000,0.212205
trial_3,609,0.230039,0.682575
trial_3,610,0.181176,0.474889
trial_3,611,0.094856,0.403897
trial_3,612,0.038498,0.238548
trial_3,613,0.095210,0.520305
trial_3,614,0.129388,0.698681
trial_3,615,0.018409,0.253834
trial_3,616,0.028614,0.347941
trial_3,617,0.036010,0.479495
trial_3,618,0.160285,0.276255
trial_3,619,1.076602,5.240473
trial_3,620,0.007815,0.303246
trial_3,621,0.185116,0.322761
trial_3,622,0.238189,3.140453
trial_3,623,0.068221,0.267038
trial_3,624,0.155450,0.769405
trial_3,625,0.370290,0.631815
trial_3,626,0.176565,0.603423
trial_3,627,0.211052,1.075460
trial_3,628,0.230060,0.544693
trial_3,629,0.043528,0.280767
trial_3,630,0.111446,0.486774
trial_3,631,0.047448,0.642452
trial_3,632,0.169006,0.423849
trial_3,633,0.078700,0.327130
trial_3,634,0.257741,0.894334
trial_3,635,0.119207,0.597591
trial_3,636,0.109879,0.450274
trial_3,637,0.152710,0.882670
trial_3,638,0.038325,0.613051
trial_3,639,0.047751,0.363136
trial_3,640,0.323979,0.424748
trial_3,641,0.159380,0.493753
trial_3,642,0.015677,0.364305
trial_3,643,0.016194,0.759603
trial_3,644,0.138680,0.688745
trial_3,645,0.013773,0.529206
trial_3,646,0.184767,0.825231
trial_3,647,0.114521,1.838393
trial_3,648,0.135066,2.444267
trial_3,649,0.009951,0.560040
trial_3,650,0.105425,0.508187
trial_3,651,0.039679,0.580869
trial_3,652,0.289719,1.163390
trial_3,653,0.157160,0.577188
trial_3,654,0.174882,0.414900
trial_3,655,0.058561,0.242392
trial_3,656,0.145928,0.685578
trial_3,657,0.001917,0.844418
trial_3,658,0.491081,0.806143
trial_3,659,0.313179,0.614927
trial_3,660,0.025743,0.511404
trial_3,661,0.171775,0.809991
trial_3,662,0.264608,0.664980
trial_3,663,0.009831,0.507442
trial_3,664,0.133641,0.316878
trial_3,665,0.023494,0.931205
trial_3,666,0.335809,0.924719
trial_3,667,0.017983,0.403083
trial_3,668,0.163011,0.304415
trial_3,669,0.103886,0.301062
trial_3,670,0.084152,0.214621
trial_3,671,0.074206,0.343945
trial_3,672,0.230389,0.403756
trial_3,673,0.471780,3.665783
trial_3,674,0.128837,0.735059
trial_3,675,0.089471,0.363202
trial_3,676,0.153992,1.035489
trial_3,677,0.066034,0.523520
trial_3,678,0.089279,0.515066
trial_3,679,0.214843,0.964788
trial_3,680,0.173756,0.381756
trial_3,681,0.114052,0.330307
trial_3,682,0.022738,0.764135
trial_3,683,0.135099,0.335941
trial_3,684,0.237731,1.619715
trial_3,685,0.147238,0.956604
trial_3,686,0.178316,0.427599
trial_3,687,0.219458,0.480919
trial_3,688,0.221496,0.357558
trial_3,689,0.422907,0.688070
trial_3,690,0.107800,0.759272
trial_3,691,0.158029,0.309460
trial_3,692,0.178461,0.270497
trial_3,693,0.184313,0.466202
trial_3,694,0.318295,0.562019
trial_3,695,0.011429,0.370186
trial_3,696,0.058251,0.684252
trial_3,697,0.034350,0.882587
trial_3,698,0.131867,0.267004
trial_3,699,0.110122,0.355457
trial_3,700,0.093709,0.357998
trial_3,701,0.268284,0.625006
trial_3,702,0.011216,0.426322
trial_3,703,0.432330,0.936158
trial_3,704,0.019975,0.341999
trial_3,705,0.131927,0.285749
trial_3,706,0.011463,0.462353
trial_3,707,0.036248,0.395296
trial_3,708,0.203266,0.519617
trial_3,709,0.029146,0.798391
trial_3,710,0.039944,0.513795
trial_3,711,0.038483,0.473864
trial_3,712,0.182840,0.436156
trial_3,713,0.013988,1.152953
trial_3,714,0.062364,0.306159
trial_3,715,0.018029,0.266440
trial_3,716,0.115193,0.803309
trial_3,717,0.038702,0.237317
trial_3,718,0.006420,0.486764
trial_3,719,0.089822,0.236548
trial_3,720,0.094583,1.017268
trial_3,721,0.173741,0.445927
trial_3,722,0.203969,0.526441
trial_3,723,0.087707,0.222706
trial_3,724,0.027426,1.469838
trial_3,725,0.243320,0.623413
trial_3,726,0.371182,0.659744
trial_3,727,0.170033,0.723945
trial_3,728,0.178322,0.525482
trial_3,729,0.449029,0.608922
trial_3,730,0.268549,0.428481
trial_3,731,0.076119,0.463423
trial_3,732,0.160655,0.425973
trial_3,733,0.023652,0.404487
trial_3,734,0.090294,0.245499
trial_3,735,0.026088,0.638631
trial_3,736,0.235605,0.494109
trial_3,737,0.028461,0.575550
trial_3,738,0.313298,0.749764
trial_3,739,0.011550,0.294910
trial_3,740,0.218886,0.387881
trial_3,741,0.090454,0.441422
trial_3,742,0.001963,0.473423
trial_3,743,0.435506,1.432335
trial_3,744,0.108672,0.404605
trial_3,745,0.083156,0.366525
trial_3,746,0.202722,0.362099
trial_3,747,0.083137,0.271718
trial_3,748,0.095567,0.542012
trial_3,749,0.043538,0.369353
trial_3,750,0.251866,0.556912
trial_3,751,0.043086,0.783637
trial_3,752,0.451652,0.741508
trial_3,753,0.333829,0.687363
trial_3,754,0.024953,0.385155
trial_3,755,0.113290,0.366651
trial_3,756,0.141842,0.468155
trial_3,757,0.105771,0.472122
trial_3,758,0.342293,0.564334
trial_3,759,0.105000,0.824492
trial_3,760,0.032619,0.466407
trial_3,761,0.189911,0.663451
trial_3,762,0.189162,0.588080
trial_3,763,0.071020,0.332040
trial_3,764,0.133057,0.665155
trial_3,765,0.121949,0.507950
trial_3,766,0.047626,0.803929
trial_3,767,0.096987,0.547698
trial_3,768,0.096327,0.377491
trial_3,769,0.036904,0.360405
trial_3,770,0.480162,2.484426
trial_3,771,0.148495,0.534046
trial_3,772,0.118106,4.345517
trial_3,773,0.275043,0.505023
trial_3,774,0.027129,0.489419
trial_3,775,0.058367,0.536864
trial_3,776,0.432705,0.707128
trial_3,777,0.232712,0.559646
trial_3,778,0.159076,0.488293
trial_3,779,0.043197,0.344000
trial_3,780,0.255429,0.335375
trial_3,781,0.124823,0.419863
trial_3,782,0.082060,0.751846
trial_3,783,0.105892,0.448478
trial_3,784,0.032287,0.406123
trial_3,785,0.014693,0.290188
trial_3,786,0.092481,0.844631
trial_3,787,0.052971,0.332361
trial_3,788,0.085918,0.758847
trial_3,789,0.105361,0.373226
trial_3,790,0.273970,0.432269
trial_3,791,0.366469,0.556889
trial_3,792,0.067474,0.209481
trial_3,793,0.306874,0.569707
trial_3,794,0.194242,0.936961
trial_3,795,0.106074,0.606194
trial_3,796,0.224741,0.410594
trial_3,797,0.022711,0.399643
trial_3,798,0.002460,0.308993
trial_3,799,0.085929,0.343354
trial_3,800,0.086179,0.427251
trial_3,801,0.015761,0.534766
trial_3,802,0.159966,0.594443
trial_3,803,0.027978,0.345057
trial_3,804,0.070938,0.318706
trial_3,805,0.079363,0.571779
trial_3,806,0.114763,0.676016
trial_3,807,0.156424,0.328222
trial_3,808,0.102820,0.218660
trial_3,809,0.112434,0.294384
trial_3,810,0.232656,0.447855
trial_3,811,0.149043,0.399139
trial_3,812,0.040974,0.561999
trial_3,813,0.224394,0.968824
trial_3,814,0.019095,0.921335
trial_3,815,0.713545,0.883155
trial_3,816,0.114443,0.423691
trial_3,817,0.057032,0.372094
trial_3,818,0.189359,0.496001
trial_3,819,0.123689,0.622448
trial_3,820,0.163006,1.496150
trial_3,821,0.163628,0.451426
trial_3,822,0.145348,0.424759
trial_3,823,0.006853,0.529086
trial_3,824,0.230299,0.315166
trial_3,825,0.130941,0.415012
trial_3,826,0.305094,2.691185
trial_3,827,0.211681,0.608735
trial_3,828,0.076316,0.522618
trial_3,829,0.116300,0.426411
trial_3,830,0.065381,0.291431
trial_3,831,0.101571,0.745013
trial_3,832,0.049873,0.390520
trial_3,833,0.073108,0.521332
trial_3,834,0.170234,0.551265
trial_3,835,0.052622,0.304044
trial_3,836,0.035010,0.205548
trial_3,837,0.350265,0.784395
trial_3,838,0.044550,0.448290
trial_3,839,0.051617,0.413504
trial_3,840,0.005639,0.541421
trial_3,841,0.160448,0.782166
trial_3,842,0.083244,0.400707
trial_3,843,0.174272,0.758662
trial_3,844,0.041447,0.314021
trial_3,845,0.021598,0.313177
trial_3,846,0.116113,0.432661
trial_3,847,0.103481,0.715057
trial_3,848,0.009228,0.992974
trial_3,849,0.128474,0.411079
trial_3,850,0.039621,0.595428
trial_3,851,0.238131,0.406406
trial_3,852,0.255785,0.618098
trial_3,853,0.148853,0.379479
trial_3,854,0.049722,0.426721
trial_3,855,0.009315,0.486358
trial_3,856,0.372031,0.784620
trial_3,857,0.036371,0.536975
trial_3,858,0.063930,0.580923
trial_3,859,0.060458,0.329423
trial_3,860,0.436158,0.605719
trial_3,861,0.195415,0.395324
trial_3,862,0.128130,0.378731
trial_3,863,0.108250,0.427658
trial_3,864,0.191427,0.340927
trial_3,865,0.187835,0.400048
trial_3,866,0.083388,0.663493
trial_3,867,0.328273,0.556951
trial_3,868,0.281620,0.642995
trial_3,869,0.201553,0.977878
trial_3,870,0.181817,0.464260
trial_3,871,0.025368,0.498680
trial_3,872,0.211396,1.043951
trial_3,873,0.031548,0.358594
trial_3,874,0.204938,0.384350
trial_3,875,0.022686,0.447155
trial_3,876,0.131365,0.405508
trial_3,877,0.235717,0.507668
trial_3,878,0.140526,0.482239
trial_3,879,0.004019,0.334180
trial_3,880,0.205922,0.653378
trial_3,881,0.040886,0.366553
trial_3,882,0.054537,0.462141
trial_3,883,0.054495,0.376297
trial_3,884,0.302896,0.926389
trial_3,885,0.132701,0.313752
trial_3,886,0.102674,0.311405
trial_3,887,0.508587,2.177593
trial_3,888,0.012337,0.564292
trial_3,889,0.159853,0.378577
trial_3,890,0.327310,0.647322
trial_3,891,0.044276,0.461773
trial_3,892,0.243434,0.605589
trial_3,893,0.010884,0.443420
trial_3,894,0.162443,0.718529
trial_3,895,0.200498,0.630346
trial_3,896,0.280379,0.885628
trial_3,897,0.074791,0.397727
trial_3,898,0.099208,0.398071
trial_3,899,0.042160,0.481387
trial_3,900,0.062379,0.506246
trial_3,901,0.123766,0.315208
trial_3,902,0.020471,0.679646
trial_3,903,0.194139,0.355878
trial_3,904,0.349356,0.491407
trial_3,905,0.139324,0.565978
trial_3,906,0.014923,0.375112
trial_3,907,0.165293,0.433434
trial_3,908,0.283812,0.354754
trial_3,909,0.077349,0.865830
trial_3,910,0.190793,0.632409
trial_3,911,0.093650,0.264118
trial_3,912,0.051448,0.403121
trial_3,913,0.062196,0.530644
trial_3,914,0.037730,0.466201
trial_3,915,0.096984,0.437528
trial_3,916,0.045622,0.251663
trial_3,917,0.011652,0.305115
trial_3,918,0.021912,0.523387
trial_3,919,0.339926,0.883560
trial_3,920,0.024219,0.638142
trial_3,921,0.094672,0.245648
trial_3,922,0.141566,0.453722
trial_3,923,0.141187,0.579252
trial_3,924,0.215838,2.130580
trial_3,925,0.118183,1.112600
trial_3,926,0.197351,0.345928
trial_3,927,0.069136,0.401936
trial_3,928,0.224283,0.472441
trial_3,929,0.108146,0.438531
trial_3,930,0.218168,0.616203
trial_3,931,0.126362,1.208998
trial_3,932,0.047177,0.376025
trial_3,933,0.335077,0.688547
trial_3,934,0.050959,0.347965
trial_3,935,0.127434,0.328747
trial_3,936,0.162511,1.010292
trial_3,937,0.057429,0.507497
trial_3,938,0.157358,0.344240
trial_3,939,0.144695,0.490428
trial_3,940,0.081732,0.469790
trial_3,941,0.051960,0.655463
trial_3,942,0.101076,0.395429
trial_3,943,0.017770,0.527173
trial_3,944,0.089715,0.368002
trial_3,945,0.029399,0.376945
trial_3,946,0.184873,0.383776
trial_3,947,0.022163,0.402268
trial_3,948,0.275568,0.624736
trial_3,949,0.341523,0.996868
trial_3,950,0.079443,0.319510
trial_3,951,0.064424,0.269599
trial_3,952,0.072208,0.360873
trial_3,953,0.129204,0.446333
trial_3,954,0.096479,0.406125
trial_3,955,0.029268,0.490411
trial_3,956,0.032414,0.303065
trial_3,957,0.486761,0.951140
trial_3,958,0.158783,0.556591
trial_3,959,0.158779,0.497885
trial_3,960,0.000518,0.523950
trial_3,961,0.176285,0.618073
trial_3,962,0.589316,6.457519
trial_3,963,0.012357,0.428092
trial_3,964,0.082049,0.274110
trial_3,965,0.091985,0.436366
trial_3,966,0.144993,0.549603
trial_3,967,0.072259,0.629329
trial_3,968,0.052684,0.241732
trial_3,969,0.118045,0.417608
trial_3,970,0.054095,0.402907
trial_3,971,0.208200,0.351346
trial_3,972,0.140669,0.757482
trial_3,973,0.265303,0.650263
trial_3,974,0.037919,0.663807
trial_3,975,0.352205,0.668591
trial_3,976,0.000956,0.584758
trial_3,977,0.290088,0.427904
trial_3,978,0.230658,0.503009
trial_3,979,0.227390,0.381055
trial_3,980,0.036897,0.371392
trial_3,981,0.107754,0.509489
trial_3,982,0.299062,0.658404
trial_3,983,0.124902,0.308750
trial_3,984,0.025984,0.319284
trial_3,985,0.072201,0.573510
trial_3,986,0.123681,0.386680
trial_3,987,0.118472,0.369660
trial_3,988,0.699828,1.642718
trial_3,989,0.012275,0.387725
trial_3,990,0.157545,0.479336
trial_3,991,0.073920,0.459138
trial_3,992,0.137619,0.702529
trial_3,993,0.083527,0.663354
trial_3,994,0.011226,0.440787
trial_3,995,0.038443,0.366354
trial_3,996,0.055279,0.320054
trial_3,997,0.038168,1.776526
trial_3,998,0.223861,0.379792
trial_3,999,0.095647,0.270114
trial_3,1000,0.039167,0.420653
trial_4,1,0.040654,0.506960
trial_4,2,0.078506,0.531620
trial_4,3,0.221936,0.324514
trial_4,4,0.133962,0.383769
trial_4,5,0.175894,0.490889
trial_4,6,0.048923,0.283989
trial_4,7,0.010250,0.368242
trial_4,8,0.062275,0.339683
trial_4,9,0.291516,0.911170
trial_4,10,0.195595,0.531774
trial_4,11,0.085407,0.462773
trial_4,12,0.033540,0.325597
trial_4,13,0.201822,2.146173
trial_4,14,0.164177,0.532303
trial_4,15,0.165544,0.510622
trial_4,16,0.072762,0.406315
trial_4,17,0.180526,0.593294
trial_4,18,0.003828,0.565013
trial_4,19,0.200760,0.580251
trial_4,20,0.001996,0.289089
trial_4,21,0.146862,0.576273
trial_4,22,0.360299,0.519960
trial_4,23,0.013688,0.337134
trial_4,24,0.093662,0.621832
trial_4,25,0.123764,0.335811
trial_4,26,0.118439,0.733649
trial_4,27,0.099513,0.423491
trial_4,28,0.067861,0.863245
trial_4,29,0.050582,0.424717
trial_4,30,0.173958,0.363096
trial_4,31,0.069305,0.399382
trial_4,32,0.094201,0.497419
trial_4,33,0.252505,0.505113
trial_4,34,0.328933,3.025705
trial_4,35,0.075765,0.590936
trial_4,36,0.122149,0.937604
trial_4,37,0.295186,0.761655
trial_4,38,0.027035,0.413979
trial_4,39,0.120878,0.590549
trial_4,40,0.169575,0.449230
trial_4,41,0.019068,0.404702
trial_4,42,0.086020,0.262075
trial_4,43,0.041368,0.306081
trial_4,44,0.159188,0.362932
trial_4,45,0.013937,0.588857
trial_4,46,0.093455,0.393430
trial_4,47,0.105245,0.496387
trial_4,48,0.189541,0.392839
trial_4,49,0.091383,0.607281
trial_4,50,0.295093,0.489015
trial_4,51,0.037019,0.357372
trial_4,52,0.100579,0.464995
trial_4,53,0.166107,0.769524
trial_4,54,0.002367,0.448283
trial_4,55,0.112746,0.349161
trial_4,56,0.043428,0.429648
trial_4,57,0.224201,0.353636
trial_4,58,0.233276,0.601855
trial_4,59,0.045881,0.299704
trial_4,60,0.296778,1.802006
trial_4,61,0.092305,0.423162
trial_4,62,0.068663,0.391691
trial_4,63,0.052267,0.430852
trial_4,64,0.034227,0.362767
trial_4,65,0.193832,0.587673
trial_4,66,0.001857,0.279692
trial_4,67,0.070953,0.315229
trial_4,68,0.874457,2.061102
trial_4,69,0.029469,0.466374
trial_4,70,0.104796,0.335479
trial_4,71,0.010642,0.624406
trial_4,72,0.119371,0.380150
trial_4,73,0.064877,0.281758
trial_4,74,0.059680,0.345552
trial_4,75,0.176765,0.274874
trial_4,76,0.099374,0.606670
trial_4,77,0.141331,0.302068
trial_4,78,0.266713,0.370216
trial_4,79,0.111920,0.199214
trial_4,80,0.056321,0.318070
trial_4,81,0.245416,1.311166
trial_4,82,0.220749,0.779603
trial_4,83,0.263148,0.509828
trial_4,84,0.256241,2.432842
trial_4,85,0.348476,0.766886
trial_4,86,0.050394,0.630057
trial_4,87,0.259236,0.393480
trial_4,88,0.138499,0.322659
trial_4,89,0.003157,0.311881
trial_4,90,0.201390,0.479464
trial_4,91,0.072072,0.528226
trial_4,92,0.131138,0.465927
trial_4,93,0.012257,1.237382
trial_4,94,0.248115,0.877373
trial_4,95,0.029477,0.247365
trial_4,96,0.044272,0.681058
trial_4,97,0.199907,0.567573
trial_4,98,0.252616,0.694713
trial_4,99,0.045362,0.528771
trial_4,100,0.178006,0.330480
trial_4,101,0.151362,0.371781
trial_4,102,0.071430,0.466247
trial_4,103,0.097544,0.432900
trial_4,104,0.054849,0.437818
trial_4,105,0.001079,0.491563
trial_4,106,0.064373,0.333906
trial_4,107,0.068651,0.265451
trial_4,108,0.048483,1.214146
trial_4,109,0.216383,0.611389
trial_4,110,0.104531,0.501236
trial_4,111,0.276391,0.457071
trial_4,112,0.225994,0.514332
trial_4,113,0.090895,0.531170
trial_4,114,0.159995,0.335779
trial_4,115,0.117250,0.509554
trial_4,116,0.280196,0.485582
trial_4,117,0.273939,0.417153
trial_4,118,0.079647,0.425160
trial_4,119,0.186753,1.336773
trial_4,120,0.061496,0.601042
trial_4,121,0.318515,0.543492
trial_4,122,0.156814,0.247580
trial_4,123,0.185382,0.359938
trial_4,124,0.034918,0.453078
trial_4,125,0.218789,0.523767
trial_4,126,0.066630,0.526058
trial_4,127,0.303372,0.598807
trial_4,128,0.173989,0.331503
trial_4,129,0.343897,0.674532
trial_4,130,0.363144,1.469797
trial_4,131,0.040608,0.210515
trial_4,132,0.064814,0.465427
trial_4,133,0.057516,1.638731
trial_4,134,0.050639,0.440630
trial_4,135,0.026052,0.231362
trial_4,136,0.093448,0.398455
trial_4,137,0.119890,0.496065
trial_4,138,0.112643,0.370974
trial_4,139,0.045489,0.208544
trial_4,140,0.081877,0.230341
trial_4,141,0.102405,0.500690
trial_4,142,0.004545,0.494017
trial_4,143,0.175324,0.736715
trial_4,144,0.108936,0.500417
trial_4,145,0.086292,0.400973
trial_4,146,0.174583,1.124972
trial_4,147,0.091966,0.537803
trial_4,148,0.256870,0.462525
trial_4,149,0.033122,0.742141
trial_4,150,0.060430,0.290059
trial_4,151,0.011869,0.380078
trial_4,152,0.012262,0.331680
trial_4,153,0.011070,0.320700
trial_4,154,0.048374,0.381176
trial_4,155,0.010657,0.414632
trial_4,156,0.120444,0.444647
trial_4,157,0.115237,0.823207
trial_4,158,0.201156,0.455855
trial_4,159,0.064228,0.212981
trial_4,160,0.151819,0.500190
trial_4,161,0.297998,0.505877
trial_4,162,0.127661,0.280614
trial_4,163,0.110974,0.416105
trial_4,164,0.044992,0.277520
trial_4,165,0.030662,0.354522
trial_4,166,0.027166,0.589160
trial_4,167,0.096062,0.388702
trial_4,168,0.001312,0.315168
trial_4,169,0.024298,0.251264
trial_4,170,0.102005,0.395834
trial_4,171,0.040211,0.359643
trial_4,172,0.155907,0.430120
trial_4,173,0.030936,0.369629
trial_4,174,0.111983,0.369219
trial_4,175,0.020759,0.244505
trial_4,176,0.004281,0.396925
trial_4,177,0.060369,0.580051
trial_4,178,0.230699,0.323067
trial_4,179,0.125976,0.338190
trial_4,180,0.115214,0.578412
trial_4,181,0.093077,0.914263
trial_4,182,0.051565,0.428579
trial_4,183,0.008743,0.352095
trial_4,184,0.065026,0.584915
trial_4,185,0.172202,0.384102
trial_4,186,0.041485,0.350484
trial_4,187,0.014206,0.474380
trial_4,188,0.121257,0.366169
trial_4,189,0.082886,0.405799
trial_4,190,0.139298,0.312657
trial_4,191,0.057181,0.347430
trial_4,192,0.219198,0.516991
trial_4,193,0.098362,0.298152
trial_4,194,0.149671,0.367012
trial_4,195,0.002375,0.291270
trial_4,196,0.141878,0.546582
trial_4,197,0.075431,0.283058
trial_4,198,0.305852,0.468793
trial_4,199,0.117758,0.429759
trial_4,200,0.275217,0.430498
trial_4,201,0.093603,0.279804
trial_4,202,0.177622,0.241531
trial_4,203,0.086446,0.217589
trial_4,204,0.065619,0.385975
trial_4,205,0.198618,0.371111
trial_4,206,0.072235,0.332348
trial_4,207,0.261846,0.367905
trial_4,208,0.089888,0.301406
trial_4,209,0.111625,1.615823
trial_4,210,0.115084,0.967154
trial_4,211,0.064773,0.302078
trial_4,212,0.253063,0.408230
trial_4,213,0.010663,0.285700
trial_4,214,0.014514,0.365408
trial_4,215,0.142556,0.351041
trial_4,216,0.088202,0.302050
trial_4,217,0.124786,0.353763
trial_4,218,0.125551,1.483067
trial_4,219,0.646026,3.772105
trial_4,220,0.142176,0.760513
trial_4,221,0.179467,0.338210
trial_4,222,0.194323,0.351900
trial_4,223,0.076207,0.321301
trial_4,224,0.400431,0.465609
trial_4,225,0.091878,0.680744
trial_4,226,0.012810,0.449259
trial_4,227,0.094888,0.347643
trial_4,228,0.095497,0.375162
trial_4,229,0.000959,0.597148
trial_4,230,0.125129,0.336125
trial_4,231,0.205104,0.722682
trial_4,232,0.039380,0.365635
trial_4,233,0.096149,0.396511
trial_4,234,0.008838,0.210430
trial_4,235,0.143640,0.581725
trial_4,236,0.120193,0.285671
trial_4,237,0.159981,0.436055
trial_4,238,0.125706,0.353406
trial_4,239,0.193697,0.376676
trial_4,240,0.113579,0.429092
trial_4,241,0.035781,0.262336
trial_4,242,0.027543,0.193972
trial_4,243,0.124753,0.593699
trial_4,244,0.072839,0.522200
trial_4,245,0.143502,1.464664
trial_4,246,0.124703,0.576760
trial_4,247,0.176575,0.398442
trial_4,248,0.194823,0.432236
trial_4,249,0.277562,0.492285
trial_4,250,0.077732,0.578992
trial_4,251,0.157094,0.303432
trial_4,252,0.214216,0.437633
trial_4,253,0.165182,0.301120
trial_4,254,0.160718,0.849757
trial_4,255,0.025056,0.694457
trial_4,256,0.144628,0.421561
trial_4,257,0.066389,0.606163
trial_4,258,0.092659,0.461421
trial_4,259,0.096618,0.478242
trial_4,260,0.078651,0.185817
trial_4,261,0.170520,0.376873
trial_4,262,0.028925,0.582796
trial_4,263,0.083789,0.395315
trial_4,264,0.082503,0.376324
trial_4,265,0.042139,0.437283
trial_4,266,0.246363,0.426720
trial_4,267,0.077792,1.177468
trial_4,268,0.015435,0.313614
trial_4,269,0.024244,0.256176
trial_4,270,0.002448,0.218134
trial_4,271,0.279172,0.400132
trial_4,272,0.185713,0.298754
trial_4,273,0.186898,0.380905
trial_4,274,0.166580,0.322590
trial_4,275,0.073060,0.332811
trial_4,276,0.059328,0.702841
trial_4,277,0.080650,0.471673
trial_4,278,0.003948,0.171999
trial_4,279,0.166846,0.308431
trial_4,280,0.110253,0.598419
trial_4,281,0.112947,0.560951
trial_4,282,0.390930,1.321516
trial_4,283,0.007483,0.394237
trial_4,284,0.108159,0.387980
trial_4,285,0.070791,0.261472
trial_4,286,0.034638,0.413585
trial_4,287,0.232684,0.404835
trial_4,288,0.054920,0.698779
trial_4,289,0.229991,0.368717
trial_4,290,0.048538,0.455860
trial_4,291,0.019838,0.519297
trial_4,292,0.155311,0.503099
trial_4,293,0.016130,0.511845
trial_4,294,0.108313,0.260109
trial_4,295,0.158641,0.282213
trial_4,296,0.103839,0.828838
trial_4,297,0.169001,0.359071
trial_4,298,0.168841,0.557891
trial_4,299,0.414819,0.447568
trial_4,300,0.271846,0.473839
trial_4,301,0.087922,0.323758
trial_4,302,0.209935,0.489230
trial_4,303,0.254589,0.611299
trial_4,304,0.057877,0.342667
trial_4,305,0.211945,0.442833
trial_4,306,0.115558,0.316028
trial_4,307,0.087323,0.294571
trial_4,308,0.066146,0.671109
trial_4,309,0.022542,0.470598
trial_4,310,0.210608,0.784824
trial_4,311,0.044748,0.485379
trial_4,312,0.184744,0.792795
trial_4,313,0.033273,0.308270
trial_4,314,0.124587,0.544612
trial_4,315,0.022144,0.457354
trial_4,316,0.048836,0.327314
trial_4,317,0.119271,0.327183
trial_4,318,0.086459,0.443141
trial_4,319,0.106836,0.588949
trial_4,320,0.071332,0.561941
trial_4,321,0.007044,0.693510
trial_4,322,0.092377,0.261442
trial_4,323,0.065304,0.499910
trial_4,324,0.296315,0.502504
trial_4,325,0.132812,0.357520
trial_4,326,0.320411,0.490543
trial_4,327,0.176372,0.531706
trial_4,328,0.489120,0.625495
trial_4,329,0.310013,3.161089
trial_4,330,0.165292,0.600377
trial_4,331,0.052769,0.473779
trial_4,332,0.218474,0.508446
trial_4,333,0.105640,0.631893
trial_4,334,0.175233,0.377430
trial_4,335,0.005539,0.400283
trial_4,336,0.086845,0.373160
trial_4,337,0.281871,0.595258
trial_4,338,0.068106,1.647439
trial_4,339,0.265060,0.525280
trial_4,340,0.326502,0.427633
trial_4,341,0.457393,6.569565
trial_4,342,0.325968,0.583175
trial_4,343,0.068435,0.537211
trial_4,344,0.419215,1.719621
trial_4,345,1.473246,7.920557
trial_4,346,0.012966,1.877518
trial_4,347,0.141763,0.986833
trial_4,348,0.289197,0.747127
trial_4,349,0.055904,0.553874
trial_4,350,0.018251,0.587843
trial_4,351,0.057919,0.909265
trial_4,352,0.098325,0.521678
trial_4,353,0.028775,0.397834
trial_4,354,0.112428,0.456098
trial_4,355,0.077422,0.352156
trial_4,356,0.280758,0.484517
trial_4,357,0.201589,0.903059
trial_4,358,0.099430,0.626484
trial_4,359,0.120038,0.336854
trial_4,360,0.199100,0.564032
trial_4,361,0.014409,1.148778
trial_4,362,0.105949,1.911262
trial_4,363,0.245599,0.710364
trial_4,364,0.194100,0.442065
trial_4,365,0.066882,0.415324
trial_4,366,0.026510,0.489408
trial_4,367,0.164164,0.656048
trial_4,368,0.098376,0.560055
trial_4,369,0.007362,0.543038
trial_4,370,0.213465,0.956973
trial_4,371,0.030743,0.830960
trial_4,372,0.081154,0.779634
trial_4,373,0.233284,1.532954
trial_4,374,0.070623,6.255266
trial_4,375,0.034181,0.378531
trial_4,376,0.141072,0.580508
trial_4,377,0.320821,0.687145
trial_4,378,0.086316,0.326688
trial_4,379,0.157569,0.332852
trial_4,380,0.103861,0.593278
trial_4,381,0.019261,0.333643
trial_4,382,0.269748,0.445252
trial_4,383,0.520627,2.130706
trial_4,384,0.044479,0.312774
trial_4,385,0.276082,1.268053
trial_4,386,0.125364,0.814524
trial_4,387,0.528603,2.176721
trial_4,388,0.086378,0.436458
trial_4,389,0.211024,0.387808
trial_4,390,0.187743,0.519927
trial_4,391,0.250565,0.448353
trial_4,392,0.057121,0.451144
trial_4,393,0.188676,0.489618
trial_4,394,0.036233,0.478277
trial_4,395,0.307376,0.599263
trial_4,396,0.003105,0.256877
trial_4,397,0.210652,0.485860
trial_4,398,0.033484,0.365884
trial_4,399,0.167108,0.540458
trial_4,400,0.012978,0.376560
trial_4,401,0.255351,0.443569
trial_4,402,0.284266,0.990928
trial_4,403,0.003983,0.382987
trial_4,404,0.262778,0.372479
trial_4,405,0.007621,0.361080
trial_4,406,0.087226,0.452460
trial_4,407,0.031520,0.219307
trial_4,408,0.080973,0.338622
trial_4,409,0.174930,0.399765
trial_4,410,0.163756,0.619940
trial_4,411,0.241221,0.692983
trial_4,412,0.048362,0.245102
trial_4,413,0.106392,0.470957
trial_4,414,0.250215,0.446567
trial_4,415,0.212578,0.508782
trial_4,416,0.236168,3.064492
trial_4,417,0.122292,0.512232
trial_4,418,0.243794,0.606466
trial_4,419,0.255807,0.804466
trial_4,420,0.019094,0.375880
trial_4,421,0.099239,0.321506
trial_4,422,0.129308,0.518553
trial_4,423,0.103221,0.248505
trial_4,424,0.030681,0.221760
trial_4,425,0.028415,0.306575
trial_4,426,0.162171,0.294391
trial_4,427,0.053032,0.409132
trial_4,428,0.324112,0.826992
trial_4,429,0.031268,0.425806
trial_4,430,0.030762,0.297959
trial_4,431,0.151531,0.577288
trial_4,432,0.208700,0.643417
trial_4,433,0.063974,0.246524
trial_4,434,0.040045,0.508325
trial_4,435,0.391707,1.558853
trial_4,436,0.026934,0.444080
trial_4,437,0.167426,0.927256
trial_4,438,0.155135,0.554025
trial_4,439,0.046169,0.804871
trial_4,440,0.128509,0.505673
trial_4,441,0.409753,1.413819
trial_4,442,0.194017,0.418341
trial_4,443,0.067769,0.346452
trial_4,444,0.181751,0.419221
trial_4,445,0.199899,0.390126
trial_4,446,0.116871,0.410814
trial_4,447,0.205178,0.706458
trial_4,448,0.026136,0.409591
trial_4,449,0.105882,0.566540
trial_4,450,0.216565,0.460192
trial_4,451,0.165612,0.496957
trial_4,452,0.031433,0.479821
trial_4,453,0.037483,0.452092
trial_4,454,0.142462,0.219544
trial_4,455,0.148209,0.475712
trial_4,456,0.049183,0.484392
trial_4,457,0.121760,0.251478
trial_4,458,0.167006,0.665327
trial_4,459,0.149606,0.493635
trial_4,460,0.284368,0.412906
trial_4,461,0.062386,0.267753
trial_4,462,0.053382,0.376427
trial_4,463,0.064893,0.456545
trial_4,464,0.029796,0.233937
trial_4,465,0.029620,0.467766
trial_4,466,0.071997,0.460405
trial_4,467,0.158224,0.473479
trial_4,468,0.033890,0.261772
trial_4,469,0.281224,1.336819
trial_4,470,0.018700,0.496718
trial_4,471,0.037708,0.440699
trial_4,472,0.318468,0.501756
trial_4,473,0.084390,0.449122
trial_4,474,0.526684,1.625730
trial_4,475,0.366582,1.110907
trial_4,476,0.503404,1.479186
trial_4,477,0.170640,0.573095
trial_4,478,0.269125,0.514892
trial_4,479,0.107220,0.372024
trial_4,480,0.122443,0.428092
trial_4,481,0.257338,0.897852
trial_4,482,0.058240,0.701501
trial_4,483,0.060949,0.627057
trial_4,484,0.276948,0.970212
trial_4,485,0.027880,0.336524
trial_4,486,0.067981,0.480892
trial_4,487,0.347318,0.572997
trial_4,488,0.104389,0.465060
trial_4,489,0.092131,0.419370
trial_4,490,0.099683,0.843596
trial_4,491,0.233930,0.428155
trial_4,492,0.097558,0.722909
trial_4,493,0.033448,1.143549
trial_4,494,0.146314,0.749066
trial_4,495,0.021965,0.389420
trial_4,496,0.174917,0.535548
trial_4,497,0.261980,0.549496
trial_4,498,0.122833,0.433645
trial_4,499,0.040008,0.689469
trial_4,500,0.205742,1.162522
trial_4,501,0.106900,0.272592
trial_4,502,0.226874,0.510335
trial_4,503,0.268968,0.377758
trial_4,504,0.063861,0.456880
trial_4,505,0.079645,0.696326
trial_4,506,0.145024,0.418335
trial_4,507,0.089051,1.203553
trial_4,508,0.070220,0.566366
trial_4,509,0.028131,0.663073
trial_4,510,0.347966,1.012525
trial_4,511,0.081753,0.483803
trial_4,512,0.485657,3.328129
trial_4,513,0.190360,0.925513
trial_4,514,0.065878,0.842218
trial_4,515,1.156720,9.484268
trial_4,516,0.226326,1.110311
trial_4,517,0.377773,2.585093
trial_4,518,0.090915,0.932565
trial_4,519,0.081778,0.647195
trial_4,520,0.084912,0.391048
trial_4,521,0.048696,0.431348
trial_4,522,0.034334,0.574033
trial_4,523,0.315353,0.988842
trial_4,524,0.090791,0.691755
trial_4,525,0.148718,0.752336
trial_4,526,0.073940,0.705491
trial_4,527,0.013499,0.659194
trial_4,528,0.268648,0.655352
trial_4,529,0.000396,0.643158
trial_4,530,0.077418,0.613071
trial_4,531,0.094105,1.340443
trial_4,532,0.178752,0.606652
trial_4,533,0.180313,0.591026
trial_4,534,0.383533,0.687626
trial_4,535,0.073325,1.318609
trial_4,536,0.172948,2.077070
trial_4,537,0.366458,1.944076
trial_4,538,0.066761,0.968424
trial_4,539,0.104375,1.105549
trial_4,540,0.270385,0.708983
trial_4,541,0.216066,0.621240
trial_4,542,0.105770,1.444546
trial_4,543,0.080455,0.761946
trial_4,544,0.067058,0.456235
trial_4,545,0.040609,1.377635
trial_4,546,0.332450,1.193544
trial_4,547,0.240377,0.751104
trial_4,548,0.016559,0.807589
trial_4,549,0.064290,0.689886
trial_4,550,0.420448,1.045835
trial_4,551,0.278330,0.665251
trial_4,552,0.151510,1.450715
trial_4,553,0.450097,1.228327
trial_4,554,1.079257,4.070787
trial_4,555,0.271205,0.554570
trial_4,556,0.194116,0.635835
trial_4,557,0.098983,1.461524
trial_4,558,0.048040,0.493202
trial_4,559,0.052460,0.750537
trial_4,560,0.139468,1.046895
trial_4,561,0.155059,1.823832
trial_4,562,0.622044,1.394751
trial_4,563,0.230121,1.234506
trial_4,564,0.457903,1.228203
trial_4,565,0.174817,1.728811
trial_4,566,0.003347,0.852920
trial_4,567,0.103127,1.928752
trial_4,568,0.416970,0.948351
trial_4,569,0.000856,0.651626
trial_4,570,0.162500,1.468324
trial_4,571,0.144642,0.780980
trial_4,572,0.444915,0.768876
trial_4,573,0.345613,0.665455
trial_4,574,0.081811,0.384464
trial_4,575,0.666219,3.378310
trial_4,576,0.158261,5.565530
trial_4,577,0.034650,0.607137
trial_4,578,0.078032,2.405127
trial_4,579,0.513467,0.957047
trial_4,580,0.173141,0.735725
trial_4,581,0.243189,1.063224
trial_4,582,0.079932,0.745666
trial_4,583,0.194425,1.962360
trial_4,584,0.053411,0.497420
trial_4,585,0.257168,0.909756
trial_4,586,0.103159,0.729100
trial_4,587,0.162594,0.837828
trial_4,588,0.488279,0.697868
trial_4,589,3.407558,24.418474
trial_4,590,0.004732,1.657620
trial_4,591,0.090498,1.326949
trial_4,592,0.079798,1.978671
trial_4,593,0.177617,0.786435
trial_4,594,0.210209,0.592097
trial_4,595,0.333151,1.760094
trial_4,596,0.094639,1.136743
trial_4,597,0.449926,1.405526
trial_4,598,0.051185,0.556964
trial_4,599,0.398504,0.914061
trial_4,600,0.082864,0.414270
trial_4,601,0.311421,1.718851
trial_4,602,0.074867,1.032614
trial_4,603,0.082208,1.052818
trial_4,604,0.194597,0.525841
trial_4,605,0.187834,0.834385
trial_4,606,0.017177,0.746058
trial_4,607,0.239219,0.880462
trial_4,608,0.183596,0.631835
trial_4,609,0.116368,1.597670
trial_4,610,0.397681,0.908760
trial_4,611,0.130435,0.476847
trial_4,612,0.052902,0.515386
trial_4,613,0.084352,1.188232
trial_4,614,0.117384,2.254333
trial_4,615,0.095633,0.452245
trial_4,616,0.198609,0.672382
trial_4,617,0.265012,0.820884
trial_4,618,0.510042,0.628921
trial_4,619,2.934224,11.209026
trial_4,620,0.192945,0.769125
trial_4,621,0.095252,0.582296
trial_4,622,0.600215,4.697649
trial_4,623,0.214786,0.540074
trial_4,624,0.111732,1.565048
trial_4,625,0.287243,1.412465
trial_4,626,0.128696,0.867455
trial_4,627,0.375539,1.924175
trial_4,628,0.436656,1.221813
trial_4,629,0.030627,0.561833
trial_4,630,0.049343,0.753667
trial_4,631,0.232474,1.701391
trial_4,632,0.560048,1.465134
trial_4,633,0.098282,0.792068
trial_4,634,0.073885,2.208953
trial_4,635,0.098640,1.365763
trial_4,636,0.030512,1.098348
trial_4,637,0.308451,1.471634
trial_4,638,0.014442,0.754767
trial_4,639,0.144984,1.129260
trial_4,640,0.129962,0.580009
trial_4,641,0.590605,1.201790
trial_4,642,0.318598,0.632510
trial_4,643,0.576953,2.648323
trial_4,644,0.282805,1.959565
trial_4,645,0.033665,1.565918
trial_4,646,0.398475,2.015275
trial_4,647,0.579134,5.976093
trial_4,648,0.601664,12.343463
trial_4,649,0.117618,0.681074
trial_4,650,0.917924,3.964196
trial_4,651,0.391070,1.669783
trial_4,652,0.897683,3.370716
trial_4,653,0.029662,0.812953
trial_4,654,0.364820,0.958018
trial_4,655,0.258311,0.541532
trial_4,656,0.163634,2.108573
trial_4,657,0.057631,2.420632
trial_4,658,0.517936,2.043232
trial_4,659,0.185483,1.704025
trial_4,660,0.114412,1.496048
trial_4,661,0.063656,2.318471
trial_4,662,0.497991,1.246704
trial_4,663,0.233710,1.345208
trial_4,664,0.405479,1.012892
trial_4,665,0.137528,1.475871
trial_4,666,0.539972,2.064878
trial_4,667,0.025818,1.102553
trial_4,668,0.089535,0.621240
trial_4,669,0.070015,0.536015
trial_4,670,0.074491,0.584428
trial_4,671,0.016842,1.281868
trial_4,672,0.193949,0.752652
trial_4,673,3.286314,10.532072
trial_4,674,0.662787,1.002475
trial_4,675,0.131021,0.992706
trial_4,676,0.079413,3.146545
trial_4,677,0.129110,0.876056
trial_4,678,0.064899,0.789411
trial_4,679,0.160784,2.076411
trial_4,680,0.221518,0.718679
trial_4,681,0.013563,0.442617
trial_4,682,0.151948,2.043681
trial_4,683,0.211833,0.723914
trial_4,684,0.680674,4.786429
trial_4,685,0.305165,2.453897
trial_4,686,0.372228,0.992574
trial_4,687,0.000881,0.849968
trial_4,688,0.081924,0.676541
trial_4,689,0.435968,1.445907
trial_4,690,0.185910,1.465821
trial_4,691,0.320840,0.740280
trial_4,692,0.179358,0.507174
trial_4,693,0.164496,0.919318
trial_4,694,0.356123,1.041675
trial_4,695,0.213230,0.608357
trial_4,696,0.703193,2.983000
trial_4,697,0.509414,3.693324
trial_4,698,0.181261,0.626727
trial_4,699,0.285799,0.698930
trial_4,700,0.010644,0.671261
trial_4,701,0.209284,1.398045
trial_4,702,0.202700,0.695953
trial_4,703,0.742546,2.531052
trial_4,704,0.065178,0.597150
trial_4,705,0.185687,0.413770
trial_4,706,0.109216,1.304398
trial_4,707,0.253344,0.898699
trial_4,708,0.171823,0.762718
trial_4,709,0.659900,3.923610
trial_4,710,0.090831,2.743789
trial_4,711,0.304880,1.430608
trial_4,712,0.067849,0.597963
trial_4,713,0.525218,4.414027
trial_4,714,0.024059,0.553471
trial_4,715,0.188240,0.576769
trial_4,716,0.199579,2.396617
trial_4,717,0.026744,0.637817
trial_4,718,0.326499,0.968363
trial_4,719,0.135913,0.493687
trial_4,720,0.385403,2.341379
trial_4,721,0.172101,0.633589
trial_4,722,0.063880,0.658187
trial_4,723,0.176043,0.432574
trial_4,724,1.146000,8.157831
trial_4,725,0.364279,2.418596
trial_4,726,0.261583,3.563001
trial_4,727,0.052914,1.539521
trial_4,728,0.059134,0.584602
trial_4,729,0.031546,0.542192
trial_4,730,0.076408,0.682110
trial_4,731,0.016790,0.892132
trial_4,732,0.000339,0.827110
trial_4,733,0.059164,0.630076
trial_4,734,0.115959,0.446763
trial_4,735,0.117532,1.364253
trial_4,736,0.074222,1.308816
trial_4,737,0.360432,1.032185
trial_4,738,0.121783,2.726839
trial_4,739,0.151583,1.011799
trial_4,740,0.037098,0.575972
trial_4,741,0.014122,0.854749
trial_4,742,0.030880,0.615401
trial_4,743,1.636316,4.877210
trial_4,744,0.488290,0.922315
trial_4,745,0.204781,0.713731
trial_4,746,0.178488,0.602932
trial_4,747,0.129240,0.512503
trial_4,748,0.127557,0.972619
trial_4,749,0.224884,1.479792
trial_4,750,0.186408,0.624037
trial_4,751,0.384781,1.845148
trial_4,752,0.173787,0.581396
trial_4,753,0.760142,3.133738
trial_4,754,0.121572,0.525440
trial_4,755,0.011391,0.919519
trial_4,756,0.072413,0.602388
trial_4,757,0.166984,1.219241
trial_4,758,0.042966,1.107523
trial_4,759,0.272631,2.213663
trial_4,760,0.777631,1.991594
trial_4,761,0.622844,1.778636
trial_4,762,0.392405,1.551254
trial_4,763,0.031659,0.722244
trial_4,764,0.068675,1.661315
trial_4,765,0.172612,1.334092
trial_4,766,0.277903,2.256751
trial_4,767,0.154539,1.584408
trial_4,768,0.160243,0.761856
trial_4,769,0.059603,0.853132
trial_4,770,1.111319,11.851443
trial_4,771,0.065868,0.718506
trial_4,772,2.318395,16.481820
trial_4,773,0.323109,1.131802
trial_4,774,0.230762,1.854646
trial_4,775,0.029643,0.581595
trial_4,776,0.372755,2.110396
trial_4,777,0.516414,1.502964
trial_4,778,0.197733,0.784038
trial_4,779,0.046408,0.900915
trial_4,780,0.142542,0.594667
trial_4,781,0.210995,1.066060
trial_4,782,0.052084,0.898274
trial_4,783,0.083030,1.383042
trial_4,784,0.099301,0.557581
trial_4,785,0.093962,0.633850
trial_4,786,0.198677,2.377937
trial_4,787,0.215539,0.642267
trial_4,788,0.531706,6.654149
trial_4,789,0.065026,0.549944
trial_4,790,0.100444,0.946579
trial_4,791,0.452847,1.052243
trial_4,792,0.008867,0.337896
trial_4,793,0.529121,1.310826
trial_4,794,1.293302,3.333799
trial_4,795,0.092822,2.571771
trial_4,796,0.026316,1.193420
trial_4,797,0.077571,0.779726
trial_4,798,0.332428,0.774197
trial_4,799,0.097119,0.515205
trial_4,800,0.189448,0.895118
trial_4,801,0.326713,1.573090
trial_4,802,0.117265,0.939335
trial_4,803,0.211875,0.510954
trial_4,804,0.360769,0.763279
trial_4,805,0.022453,0.936932
trial_4,806,0.500541,3.989817
trial_4,807,0.333949,0.717096
trial_4,808,0.293017,0.565366
trial_4,809,0.136362,0.534970
trial_4,810,0.176791,0.701296
trial_4,811,0.007455,1.032258
trial_4,812,0.244117,3.138161
trial_4,813,0.369206,3.134948
trial_4,814,0.242726,8.342390
trial_4,815,0.059872,0.717375
trial_4,816,0.594142,1.165016
trial_4,817,0.132923,0.833197
trial_4,818,0.083159,3.141368
trial_4,819,0.117979,3.217912
trial_4,820,3.399882,11.634322
trial_4,821,0.223178,1.058560
trial_4,822,0.297586,1.476371
trial_4,823,0.247868,1.211856
trial_4,824,0.139684,0.539225
trial_4,825,0.214896,1.810856
trial_4,826,0.659680,6.670418
trial_4,827,0.173116,2.214629
trial_4,828,0.080259,1.109902
trial_4,829,0.213150,1.286809
trial_4,830,0.151185,0.788043
trial_4,831,0.099932,2.319894
trial_4,832,0.203941,1.058481
trial_4,833,0.764641,1.989665
trial_4,834,0.245159,1.481533
trial_4,835,0.154063,0.855078
trial_4,836,0.013798,0.497974
trial_4,837,0.112486,3.299117
trial_4,838,0.098491,1.366792
trial_4,839,0.117942,1.250956
trial_4,840,0.080734,1.125028
trial_4,841,0.574779,2.678697
trial_4,842,0.002997,0.600889
trial_4,843,0.266920,1.978591
trial_4,844,0.180606,0.440292
trial_4,845,0.150875,0.731048
trial_4,846,0.050020,0.569956
trial_4,847,0.048944,1.284485
trial_4,848,0.139872,2.480268
trial_4,849,0.214045,0.530804
trial_4,850,0.013705,1.331835
trial_4,851,0.379561,1.038215
trial_4,852,0.101265,1.225077
trial_4,853,0.190601,0.502900
trial_4,854,0.042253,0.510747
trial_4,855,0.178820,0.764528
trial_4,856,0.315114,3.135505
trial_4,857,0.069504,2.363034
trial_4,858,0.153120,0.588132
trial_4,859,0.156313,0.713548
trial_4,860,0.641990,1.081219
trial_4,861,0.161300,0.539507
trial_4,862,0.133793,0.689442
trial_4,863,0.112975,0.814468
trial_4,864,0.362716,0.846830
trial_4,865,0.300437,0.681771
trial_4,866,0.350634,1.271603
trial_4,867,0.159401,0.704119
trial_4,868,0.133594,1.769823
trial_4,869,0.089409,3.297436
trial_4,870,0.021369,0.895780
trial_4,871,0.506324,1.516907
trial_4,872,0.296863,2.351728
trial_4,873,0.139467,0.543443
trial_4,874,0.105583,0.559287
trial_4,875,0.029203,0.769422
trial_4,876,0.194634,1.098011
trial_4,877,0.156388,0.521058
trial_4,878,0.416421,0.795780
trial_4,879,0.152605,0.446514
trial_4,880,0.236562,1.630535
trial_4,881,0.029725,0.796283
trial_4,882,0.049579,0.719289
trial_4,883,0.228512,0.659967
trial_4,884,0.297775,2.041165
trial_4,885,0.172551,0.608951
trial_4,886,0.128783,0.603761
trial_4,887,0.144159,5.385200
trial_4,888,0.108322,1.302299
trial_4,889,0.132588,0.828591
trial_4,890,0.555150,1.786418
trial_4,891,0.354043,1.269791
trial_4,892,0.077225,0.664476
trial_4,893,0.386764,2.350890
trial_4,894,0.616554,2.130282
trial_4,895,0.463979,1.039731
trial_4,896,0.058508,1.380698
trial_4,897,0.024021,0.775520
trial_4,898,0.038454,1.122953
trial_4,899,0.010267,1.274090
trial_4,900,0.152450,0.849679
trial_4,901,0.052629,0.487533
trial_4,902,0.393794,1.975328
trial_4,903,0.225840,0.521440
trial_4,904,0.384447,0.731304
trial_4,905,0.285788,1.233663
trial_4,906,0.159865,0.766007
trial_4,907,0.104664,0.613628
trial_4,908,0.043634,0.511479
trial_4,909,0.178956,3.692692
trial_4,910,0.228672,0.588483
trial_4,911,0.385904,0.663226
trial_4,912,0.074068,0.896715
trial_4,913,0.112352,1.529733
trial_4,914,0.061214,0.791987
trial_4,915,0.294499,0.838818
trial_4,916,0.114815,0.846484
trial_4,917,0.031877,0.968988
trial_4,918,0.480460,1.079612
trial_4,919,0.378043,2.771544
trial_4,920,0.306984,1.253927
trial_4,921,0.249637,0.599015
trial_4,922,0.019540,0.615304
trial_4,923,0.199156,0.963377
trial_4,924,0.122207,3.465347
trial_4,925,0.548677,2.132978
trial_4,926,0.007734,1.247779
trial_4,927,0.078991,1.180963
trial_4,928,0.168562,1.608059
trial_4,929,0.004089,1.028956
trial_4,930,0.216169,0.951062
trial_4,931,0.132631,2.928061
trial_4,932,0.000726,1.046270
trial_4,933,0.549409,2.585151
trial_4,934,0.476439,1.851433
trial_4,935,0.203270,0.770443
trial_4,936,0.290412,1.891233
trial_4,937,0.230011,1.572621
trial_4,938,0.170470,0.532514
trial_4,939,0.332943,1.059243
trial_4,940,0.585735,1.241638
trial_4,941,0.028421,0.713803
trial_4,942,0.157473,0.715063
trial_4,943,0.003286,0.978115
trial_4,944,0.220262,0.612749
trial_4,945,0.142740,0.645211
trial_4,946,0.117080,0.821235
trial_4,947,0.090414,0.692859
trial_4,948,0.099690,1.375143
trial_4,949,0.111681,2.090284
trial_4,950,0.261110,0.793587
trial_4,951,0.182942,0.604982
trial_4,952,0.291789,0.900432
trial_4,953,0.209814,0.893805
trial_4,954,0.038160,0.851784
trial_4,955,0.082141,1.443253
trial_4,956,0.150217,0.876583
trial_4,957,1.150095,5.946480
trial_4,958,0.017044,1.186836
trial_4,959,0.242747,2.033319
trial_4,960,0.007711,1.603396
trial_4,961,0.012650,2.002870
trial_4,962,0.051912,9.706632
trial_4,963,0.043853,2.154052
trial_4,964,0.036758,0.584955
trial_4,965,0.025320,0.808490
trial_4,966,0.079981,0.879885
trial_4,967,0.136353,1.577449
trial_4,968,0.206723,0.883512
trial_4,969,0.028266,0.823588
trial_4,970,0.012725,0.961169
trial_4,971,0.146928,0.501682
trial_4,972,0.204053,1.623366
trial_4,973,0.026955,0.730055
trial_4,974,0.051004,1.329372
trial_4,975,0.237175,1.098491
trial_4,976,0.175361,1.233084
trial_4,977,0.080718,0.790097
trial_4,978,0.368452,1.040602
trial_4,979,0.254883,0.582698
trial_4,980,0.117656,0.654694
trial_4,981,0.099646,1.643420
trial_4,982,0.207151,0.748587
trial_4,983,0.082234,0.753185
trial_4,984,0.042608,1.177194
trial_4,985,0.118150,1.335737
trial_4,986,0.006781,1.093340
trial_4,987,0.065655,0.802916
trial_4,988,0.642985,4.778521
trial_4,989,0.106231,0.929179
trial_4,990,0.204480,1.226701
trial_4,991,0.483573,1.323102
trial_4,992,0.294020,2.353203
trial_4,993,0.313278,1.337846
trial_4,994,0.024667,1.086991
trial_4,995,0.235322,0.765990
trial_4,996,0.227027,0.547008
trial_4,997,0.681826,6.074657
trial_4,998,0.254221,0.673363
trial_4,999,0.282950,0.565268
trial_4,1000,0.244225,1.209666
trial_5,1,0.024218,0.442727
trial_5,2,0.006021,0.465027
trial_5,3,0.268422,0.644430
trial_6,1,0.018759,0.425709
trial_6,2,0.065823,0.508603
trial_6,3,0.087011,0.573943
trial_7,1,0.231879,0.621521
trial_7,2,0.097331,0.492922
trial_8,1,0.363723,0.629104
trial_8,2,0.157252,0.537794
trial_9,1,0.128632,0.627583
trial_9,2,0.120384,0.553270
trial_10,1,0.096120,0.640243
trial_10,2,0.044411,0.592400
trial_11,1,0.167933,0.666962
trial_11,2,0.001239,0.676851
trial_12,1,0.129269,0.668244
trial_12,2,0.038400,0.802364
trial_13,1,0.219060,0.628962
trial_13,2,0.012524,0.776796
trial_14,1,0.007258,0.668330
trial_14,2,0.083585,0.788146
trial_15,1,0.290657,0.719380
trial_15,2,0.397145,0.894527
trial_16,1,0.187103,0.708234
trial_16,2,0.080560,0.911398
trial_17,1,0.143284,0.771457
trial_17,2,0.158239,0.905935
trial_18,1,0.256302,0.830905
trial_18,2,0.150795,0.984470
trial_19,1,0.219441,0.876073
trial_19,2,0.008155,0.957194
trial_20,1,0.257693,0.904311
trial_20,2,0.088304,1.036649
trial_21,1,0.120601,0.893490
trial_21,2,0.139426,0.973588
trial_22,1,0.151791,0.921741
trial_22,2,0.365352,1.022708
trial_23,1,0.147492,0.977560
trial_23,2,0.220318,1.063688
trial_24,1,0.228250,1.048705
trial_24,2,0.246498,1.119850
trial_25,1,0.290119,1.091829
trial_25,2,0.019981,1.103535
trial_26,1,0.297181,1.183381
trial_26,2,0.077961,1.115616
trial_27,1,0.051847,1.222907
trial_27,2,0.119223,1.180136
trial_28,1,0.339336,1.255781
trial_28,2,0.261078,1.153154
trial_29,1,0.153219,1.261126
trial_29,2,0.099052,1.201281
